nombre_hotel,ciudad,tipo_alojamiento,precio_clp,puntuacion,prediction
Apart Hotel Andino Antofagasta,Antofagasta,apartamento,82822.0,7.0,1
Apart Hotel Andino Antofagasta,Antofagasta,apartamento,79329.0,7.1,1
Apart Hotel Astore,Antofagasta,apartamento,158700.0,7.1,2
Apart Hotel Central Antofagasta,Antofagasta,apartamento,80781.0,9.5,0
Apart Hotel Central Antofagasta,Antofagasta,apartamento,118247.0,7.3,1
Apart Hotel Costanera Antofagasta,Antofagasta,apartamento,63625.0,9.6,0
Apart Hotel Costanera Antofagasta,Antofagasta,apartamento,97591.0,7.5,1
Apart Hotel Del Mar Antofagasta,Antofagasta,apartamento,78879.0,7.3,1
Apart Hotel Del Mar Antofagasta,Antofagasta,apartamento,106047.0,7.4,1
Apart Hotel Norte Antofagasta,Antofagasta,apartamento,96889.0,8.7,0
Apart Hotel Plaza Antofagasta,Antofagasta,apartamento,58781.0,7.0,1
Apart Hotel Plaza Antofagasta,Antofagasta,apartamento,85473.0,9.0,0
Apart Hotel Primavera Antofagasta,Antofagasta,apartamento,63145.0,8.9,0
Apart Hotel Primavera Antofagasta,Antofagasta,apartamento,124407.0,9.2,0
Apart Hotel Sur Antofagasta,Antofagasta,apartamento,67434.0,9.6,0
Apart Hotel Sur Antofagasta,Antofagasta,apartamento,107164.0,7.8,1
Apart Hotel Vista Hermosa Antofagasta,Antofagasta,apartamento,51456.0,6.8,1
Avg. per night,Antofagasta,apartamento,63650.0,8.6,0
Diego de Almagro,Antofagasta,apartamento,52723.0,7.7,1
Hotel Antofagasta Inn,Antofagasta,apartamento,51220.0,7.7,1
Hotel Diego de Almagro,Antofagasta,apartamento,64190.0,6.8,1
Hotel Florencia Suites & Apartments,Antofagasta,apartamento,214500.0,7.8,2
Tempora Apart Hotel,Antofagasta,apartamento,90000.0,7.8,1
ibis Antofagasta,Antofagasta,apartamento,50879.0,7.5,1
Apart Hotel Andino Arica,Arica,apartamento,49019.0,8.0,1
Apart Hotel Central Arica,Arica,apartamento,47378.0,8.2,1
Apart Hotel Central Arica,Arica,apartamento,53475.0,8.3,0
Apart Hotel Costanera Arica,Arica,apartamento,81385.0,9.3,0
Apart Hotel Costanera Arica,Arica,apartamento,81935.0,7.3,1
Apart Hotel Del Mar Arica,Arica,apartamento,61754.0,7.4,1
Apart Hotel Norte Arica,Arica,apartamento,65014.0,9.6,0
Apart Hotel Norte Arica,Arica,apartamento,54286.0,8.8,0
Apart Hotel Plaza Arica,Arica,apartamento,66181.0,7.0,1
Apart Hotel Plaza Arica,Arica,apartamento,88815.0,9.2,0
Apart Hotel Primavera Arica,Arica,apartamento,101406.0,9.3,0
Apart Hotel Sur Arica,Arica,apartamento,98223.0,8.3,0
Apart Hotel Viscachani,Arica,apartamento,118109.0,8.0,1
Apart Hotel Vista Hermosa Arica,Arica,apartamento,108110.0,8.9,0
Avg. per night,Arica,apartamento,104500.0,8.3,0
Hotel Arica Suites,Arica,apartamento,48639.0,7.0,1
La Casa del Sol,Arica,apartamento,44082.0,8.5,0
Apart Hotel Andino Calama,Calama,apartamento,48605.0,7.9,1
Apart Hotel Andino Calama,Calama,apartamento,63805.0,9.2,0
Apart Hotel Central Calama,Calama,apartamento,46809.0,7.2,1
Apart Hotel Central Calama,Calama,apartamento,101954.0,8.9,0
Apart Hotel Costanera Calama,Calama,apartamento,97559.0,7.8,1
Apart Hotel Costanera Calama,Calama,apartamento,121109.0,8.5,2
Apart Hotel Del Mar Calama,Calama,apartamento,67754.0,6.8,1
Apart Hotel Del Mar Calama,Calama,apartamento,92091.0,8.4,0
Apart Hotel Norte Calama,Calama,apartamento,59433.0,7.7,1
Apart Hotel Norte Calama,Calama,apartamento,49154.0,9.1,0
Apart Hotel Plaza Calama,Calama,apartamento,95795.0,9.6,0
Apart Hotel Plaza Calama,Calama,apartamento,83660.0,7.0,1
Apart Hotel Primavera Calama,Calama,apartamento,78166.0,7.0,1
Apart Hotel Sur Calama,Calama,apartamento,80667.0,8.5,0
Apart Hotel Sur Calama,Calama,apartamento,70296.0,9.8,0
Apart Hotel Vista Hermosa Calama,Calama,apartamento,81760.0,6.8,1
Apart Hotel Vista Hermosa Calama,Calama,apartamento,106562.0,9.6,0
Ayelen Apart Hotel,Calama,apartamento,121689.0,8.1,2
Departamento Central Ejecutivo- Apart Hotel,Calama,apartamento,170839.0,8.6,2
Hotel Calama,Calama,apartamento,47773.0,7.9,1
Apart Hotel Andino Chillan,Chillan,apartamento,101587.0,7.0,1
Apart Hotel Andino Chillan,Chillan,apartamento,88404.0,7.3,1
Apart Hotel Central Chillan,Chillan,apartamento,49237.0,6.9,1
Apart Hotel Central Chillan,Chillan,apartamento,56698.0,9.3,0
Apart Hotel Costanera Chillan,Chillan,apartamento,45387.0,9.0,0
Apart Hotel Costanera Chillan,Chillan,apartamento,55095.0,8.2,1
Apart Hotel Del Mar Chillan,Chillan,apartamento,60442.0,8.8,0
Apart Hotel Las Terrazas Suite,Chillan,apartamento,60840.0,8.9,0
Apart Hotel Norte Chillan,Chillan,apartamento,108101.0,7.4,1
Apart Hotel Plaza Chillan,Chillan,apartamento,64652.0,7.9,1
Apart Hotel Plaza Chillan,Chillan,apartamento,119977.0,9.3,0
Apart Hotel Primavera Chillan,Chillan,apartamento,71472.0,7.7,1
Apart Hotel Primavera Chillan,Chillan,apartamento,57208.0,7.7,1
Apart Hotel Sur Chillan,Chillan,apartamento,63114.0,8.1,1
Apart Hotel Vista Hermosa Chillan,Chillan,apartamento,118255.0,8.3,2
Apart Hotel Vista Hermosa Chillan,Chillan,apartamento,83599.0,9.6,0
Apart hotel Chillan - Full house - Ohiggins - Empresas- Factura - Parking,Chillan,apartamento,45067.0,8.1,1
Hotel Chillan Plaza,Chillan,apartamento,57396.0,6.9,1
Hotel Nevados,Chillan,apartamento,51284.0,7.1,1
Pewma Apart Hotel,Chillan,apartamento,55162.0,9.3,0
Apart Hotel Andino Concepcion,Concepcion,apartamento,52581.0,7.6,1
Apart Hotel Andino Concepcion,Concepcion,apartamento,78619.0,7.8,1
Apart Hotel Castellon 176,Concepcion,apartamento,102942.0,8.3,0
Apart Hotel Central Concepcion,Concepcion,apartamento,51012.0,6.9,1
Apart Hotel Costanera Concepcion,Concepcion,apartamento,45699.0,8.4,0
Apart Hotel Costanera Concepcion,Concepcion,apartamento,91304.0,7.7,1
Apart Hotel Del Mar Concepcion,Concepcion,apartamento,101765.0,8.8,0
Apart Hotel Del Mar Concepcion,Concepcion,apartamento,49131.0,8.0,1
Apart Hotel Norte Concepcion,Concepcion,apartamento,87996.0,9.5,0
Apart Hotel Plaza Concepcion,Concepcion,apartamento,69701.0,7.9,1
Apart Hotel Plaza Concepcion,Concepcion,apartamento,94361.0,9.4,0
Apart Hotel Primavera Concepcion,Concepcion,apartamento,102447.0,7.6,1
Apart Hotel Sur Concepcion,Concepcion,apartamento,110924.0,7.9,1
Apart Hotel Sur Concepcion,Concepcion,apartamento,54081.0,7.1,1
Apart Hotel Uman,Concepcion,apartamento,74000.0,8.6,0
Apart Hotel Vista Hermosa Concepcion,Concepcion,apartamento,45647.0,8.1,1
Apart Hotel Vista Hermosa Concepcion,Concepcion,apartamento,116515.0,7.9,1
Apart Lomas de San Andres 2H,Concepcion,apartamento,174480.0,9.4,2
Apart Lomas de San Andres CENTRO,Concepcion,apartamento,193418.0,9.7,2
Apartamento en Concepción con estacionamiento privado,Concepcion,apartamento,157410.0,9.8,2
Apartamentos Concepción Centro,Concepcion,apartamento,137904.0,9.6,2
Apartamentos Concepción Centro,Concepcion,apartamento,47500.0,9.6,0
"Céntrico,acogedor, con gran vista y estacionamiento",Concepcion,apartamento,95000.0,9.8,0
EcoApart Concepción,Concepcion,apartamento,106358.0,8.4,0
Hotel Diego de Almagro,Concepcion,apartamento,41061.0,7.4,1
Hotel El Araucano,Concepcion,apartamento,59769.0,7.0,1
TinyApartments - estudio pleno centro Concepción,Concepcion,apartamento,68502.0,9.3,0
Apart Hotel Andino Copiapo,Copiapo,apartamento,78571.0,7.9,1
Apart Hotel Central Copiapo,Copiapo,apartamento,76965.0,7.0,1
Apart Hotel Central Copiapo,Copiapo,apartamento,56747.0,8.7,0
Apart Hotel Costanera Copiapo,Copiapo,apartamento,65373.0,9.1,0
Apart Hotel Del Mar Copiapo,Copiapo,apartamento,80630.0,6.6,1
Apart Hotel Del Mar Copiapo,Copiapo,apartamento,72987.0,9.2,0
Apart Hotel Norte Copiapo,Copiapo,apartamento,111081.0,9.1,0
Apart Hotel Plaza Copiapo,Copiapo,apartamento,106407.0,8.7,0
Apart Hotel Plaza Copiapo,Copiapo,apartamento,74878.0,7.1,1
Apart Hotel Primavera Copiapo,Copiapo,apartamento,65801.0,8.3,0
Apart Hotel Primavera Copiapo,Copiapo,apartamento,71404.0,9.2,0
Apart Hotel Sur Copiapo,Copiapo,apartamento,88059.0,8.8,0
Apart Hotel Sur Copiapo,Copiapo,apartamento,86732.0,9.7,0
Apart Hotel Vista Hermosa Copiapo,Copiapo,apartamento,85942.0,7.4,1
DUNA Apart Hotel,Copiapo,apartamento,135664.0,9.0,2
Apart Hotel Andino Coyhaique,Coyhaique,apartamento,81158.0,7.5,1
Apart Hotel Central Coyhaique,Coyhaique,apartamento,60312.0,9.4,0
Apart Hotel Central Coyhaique,Coyhaique,apartamento,95138.0,7.9,1
Apart Hotel Costanera Coyhaique,Coyhaique,apartamento,60109.0,8.8,0
Apart Hotel Del Mar Coyhaique,Coyhaique,apartamento,79868.0,7.4,1
Apart Hotel Del Mar Coyhaique,Coyhaique,apartamento,80935.0,7.8,1
Apart Hotel Norte Coyhaique,Coyhaique,apartamento,84904.0,9.2,0
Apart Hotel Norte Coyhaique,Coyhaique,apartamento,108830.0,7.0,1
Apart Hotel Plaza Coyhaique,Coyhaique,apartamento,79922.0,6.8,1
Apart Hotel Plaza Coyhaique,Coyhaique,apartamento,103998.0,7.4,1
Apart Hotel Primavera Coyhaique,Coyhaique,apartamento,74487.0,9.3,0
Apart Hotel Primavera Coyhaique,Coyhaique,apartamento,66589.0,9.7,0
Apart Hotel Sur Coyhaique,Coyhaique,apartamento,113919.0,9.3,0
Apart Hotel Sur Coyhaique,Coyhaique,apartamento,121037.0,9.4,0
Apart Hotel Vista Hermosa Coyhaique,Coyhaique,apartamento,107847.0,9.2,0
Apart Hotel Vista Hermosa Coyhaique,Coyhaique,apartamento,63782.0,8.5,0
Entre Cumbres Apart Hotel,Coyhaique,apartamento,108737.0,9.4,0
Madero Aysen ApartHotel,Coyhaique,apartamento,88106.0,8.7,0
Nomade Balmaceda,Coyhaique,apartamento,44650.0,8.3,0
Apart Hotel Andino Iquique,Iquique,apartamento,114741.0,8.6,0
Apart Hotel Andino Iquique,Iquique,apartamento,72674.0,7.4,1
Apart Hotel Central Iquique,Iquique,apartamento,106207.0,9.4,0
Apart Hotel Central Iquique,Iquique,apartamento,59493.0,9.0,0
Apart Hotel Costanera Iquique,Iquique,apartamento,59885.0,8.8,0
Apart Hotel Costanera Iquique,Iquique,apartamento,61193.0,8.4,0
Apart Hotel Del Mar Iquique,Iquique,apartamento,73014.0,7.1,1
Apart Hotel Norte Iquique,Iquique,apartamento,56006.0,8.4,0
Apart Hotel Norte Iquique,Iquique,apartamento,98591.0,8.1,1
Apart Hotel Plaza Iquique,Iquique,apartamento,93108.0,9.7,0
Apart Hotel Primavera Iquique,Iquique,apartamento,92661.0,9.7,0
Apart Hotel Primavera Iquique,Iquique,apartamento,88903.0,8.4,0
Apart Hotel Sur Iquique,Iquique,apartamento,81872.0,7.4,1
Apart Hotel Sur Iquique,Iquique,apartamento,94991.0,8.3,0
Apart Hotel Vista Hermosa Iquique,Iquique,apartamento,85322.0,9.4,0
Gran Cavancha Hotel & Apartment,Iquique,apartamento,144952.0,8.4,2
Hotel Gavina,Iquique,apartamento,49043.0,8.5,0
Hotel Iquique Plaza,Iquique,apartamento,48709.0,6.8,1
Opens in new window,Iquique,apartamento,53200.0,8.0,1
Studio 56 Apart Hotel by Terrado Iquique,Iquique,apartamento,120794.0,8.0,2
Terrado Cavancha,Iquique,apartamento,110938.0,6.7,1
apartamento con vista al mar y piscina.,Iquique,apartamento,200000.0,9.9,2
Apart Hotel Andino La Serena,La Serena,apartamento,105987.0,7.7,1
Apart Hotel Central La Serena,La Serena,apartamento,73481.0,7.3,1
Apart Hotel Central La Serena,La Serena,apartamento,116852.0,8.2,2
Apart Hotel Costanera La Serena,La Serena,apartamento,47627.0,8.3,0
Apart Hotel Costanera La Serena,La Serena,apartamento,49052.0,9.2,0
Apart Hotel Del Mar La Serena,La Serena,apartamento,96371.0,9.6,0
Apart Hotel Del Mar La Serena,La Serena,apartamento,91275.0,9.7,0
Apart Hotel Gran Pacifico,La Serena,apartamento,66463.0,8.8,0
Apart Hotel Norte La Serena,La Serena,apartamento,51955.0,8.4,0
Apart Hotel Norte La Serena,La Serena,apartamento,84099.0,8.5,0
Apart Hotel Plaza La Serena,La Serena,apartamento,74726.0,9.4,0
Apart Hotel Primavera La Serena,La Serena,apartamento,83654.0,9.4,0
Apart Hotel Sur La Serena,La Serena,apartamento,108461.0,6.6,1
Apart Hotel Sur La Serena,La Serena,apartamento,57999.0,7.3,1
Apart Hotel Vista Hermosa La Serena,La Serena,apartamento,107437.0,9.1,0
Aparthotel Serena Dream,La Serena,apartamento,59759.0,8.8,0
Apartment for rent near the beach,La Serena,apartamento,189000.0,8.5,2
Hotel El Coihue,Pucon,apartamento,107187.0,8.3,0
Hotel Pucon Lodge,Pucon,apartamento,88178.0,7.2,1
201/ Precioso apartamento 1D+1B Centro + Jumbo 5 min,Puerto Montt,apartamento,45000.0,8.7,0
Apart Hotel Andino Puerto Montt,Puerto Montt,apartamento,55345.0,7.3,1
Apart Hotel Andino Puerto Montt,Puerto Montt,apartamento,52862.0,8.0,1
Apart Hotel Central Puerto Montt,Puerto Montt,apartamento,45816.0,7.0,1
Apart Hotel Central Puerto Montt,Puerto Montt,apartamento,65037.0,9.4,0
Apart Hotel Costanera Puerto Montt,Puerto Montt,apartamento,46266.0,7.5,1
Apart Hotel Costanera Puerto Montt,Puerto Montt,apartamento,90106.0,8.6,0
Apart Hotel Del Mar Puerto Montt,Puerto Montt,apartamento,114693.0,7.1,1
Apart Hotel Del Mar Puerto Montt,Puerto Montt,apartamento,111582.0,7.9,1
Apart Hotel Norte Puerto Montt,Puerto Montt,apartamento,99860.0,8.5,0
Apart Hotel Norte Puerto Montt,Puerto Montt,apartamento,77488.0,8.0,1
Apart Hotel Plaza Puerto Montt,Puerto Montt,apartamento,68567.0,9.7,0
Apart Hotel Plaza Puerto Montt,Puerto Montt,apartamento,64616.0,9.5,0
Apart Hotel Primavera Puerto Montt,Puerto Montt,apartamento,61938.0,7.4,1
Apart Hotel Primavera Puerto Montt,Puerto Montt,apartamento,65300.0,8.2,1
Apart Hotel Sur Puerto Montt,Puerto Montt,apartamento,95350.0,9.6,0
Apart Hotel Sur Puerto Montt,Puerto Montt,apartamento,50613.0,8.8,0
Apart Hotel Vista Hermosa Puerto Montt,Puerto Montt,apartamento,112514.0,7.5,1
Apartamento central en Puerto Montt - 1MIN JUMBO - 3 MIN CENTRO,Puerto Montt,apartamento,49500.0,9.4,0
Apartamentos Villafrea,Puerto Montt,apartamento,198000.0,9.4,2
Aparthotel Departamentos Madan,Puerto Montt,apartamento,37815.0,8.0,1
Cabañas el Farolito,Puerto Montt,apartamento,22800.0,9.0,0
Hotel Apart Colón,Puerto Montt,apartamento,80219.0,8.5,0
Hotel Puerto Montt Lodge,Puerto Montt,apartamento,54458.0,7.8,1
Puerto Montt apartamento 1 en playa Pelluco,Puerto Montt,apartamento,186300.0,9.2,2
Apart Hotel Andino Puerto Natales,Puerto Natales,apartamento,67311.0,6.9,1
Apart Hotel Andino Puerto Natales,Puerto Natales,apartamento,50636.0,7.7,1
Apart Hotel Central Puerto Natales,Puerto Natales,apartamento,57881.0,7.0,1
Apart Hotel Central Puerto Natales,Puerto Natales,apartamento,103291.0,9.2,0
Apart Hotel Costanera Puerto Natales,Puerto Natales,apartamento,71796.0,8.2,1
Apart Hotel Costanera Puerto Natales,Puerto Natales,apartamento,92622.0,8.2,1
Apart Hotel Del Mar Puerto Natales,Puerto Natales,apartamento,53878.0,8.4,0
Apart Hotel Del Mar Puerto Natales,Puerto Natales,apartamento,82665.0,7.5,1
Apart Hotel Norte Puerto Natales,Puerto Natales,apartamento,79465.0,9.3,0
Apart Hotel Norte Puerto Natales,Puerto Natales,apartamento,56749.0,9.1,0
Apart Hotel Plaza Puerto Natales,Puerto Natales,apartamento,48924.0,7.5,1
Apart Hotel Primavera Puerto Natales,Puerto Natales,apartamento,96050.0,7.1,1
Apart Hotel Sur Puerto Natales,Puerto Natales,apartamento,77714.0,6.7,1
Apart Hotel Sur Puerto Natales,Puerto Natales,apartamento,120352.0,7.9,1
Apart Hotel Vista Hermosa Puerto Natales,Puerto Natales,apartamento,55861.0,9.2,0
Apartment By Toore Patagonia,Puerto Natales,apartamento,130960.0,9.4,2
Cumbres Apart,Puerto Natales,apartamento,225000.0,9.2,2
Apart Hotel Andino Puerto Varas,Puerto Varas,apartamento,79019.0,9.5,0
Apart Hotel Andino Puerto Varas,Puerto Varas,apartamento,100441.0,7.6,1
Apart Hotel Central Puerto Varas,Puerto Varas,apartamento,94299.0,8.2,1
Apart Hotel Central Puerto Varas,Puerto Varas,apartamento,107794.0,7.6,1
Apart Hotel Costanera Puerto Varas,Puerto Varas,apartamento,78250.0,9.6,0
Apart Hotel Costanera Puerto Varas,Puerto Varas,apartamento,100696.0,8.3,0
Apart Hotel Del Mar Puerto Varas,Puerto Varas,apartamento,63720.0,9.0,0
Apart Hotel Del Mar Puerto Varas,Puerto Varas,apartamento,124011.0,8.8,2
Apart Hotel Norte Puerto Varas,Puerto Varas,apartamento,95458.0,9.6,0
Apart Hotel Norte Puerto Varas,Puerto Varas,apartamento,123953.0,9.1,0
Apart Hotel Plaza Puerto Varas,Puerto Varas,apartamento,116188.0,8.3,2
Apart Hotel Plaza Puerto Varas,Puerto Varas,apartamento,92594.0,7.5,1
Apart Hotel Primavera Puerto Varas,Puerto Varas,apartamento,93055.0,9.7,0
Apart Hotel Primavera Puerto Varas,Puerto Varas,apartamento,53923.0,8.1,1
Apart Hotel Sur Puerto Varas,Puerto Varas,apartamento,109019.0,9.8,0
Apart Hotel Vista Hermosa Puerto Varas,Puerto Varas,apartamento,62899.0,6.7,1
Cabañas Puerto Varas,Puerto Varas,apartamento,83958.0,7.6,1
Agathas Apartment - departamento céntrico,Punta Arenas,apartamento,190000.0,9.6,2
Apart Hotel Andino Punta Arenas,Punta Arenas,apartamento,117394.0,9.0,0
Apart Hotel Andino Punta Arenas,Punta Arenas,apartamento,101418.0,9.0,0
Apart Hotel Central Punta Arenas,Punta Arenas,apartamento,113930.0,9.8,0
Apart Hotel Central Punta Arenas,Punta Arenas,apartamento,104698.0,8.8,0
Apart Hotel Costanera Punta Arenas,Punta Arenas,apartamento,69979.0,6.6,1
Apart Hotel Del Mar Punta Arenas,Punta Arenas,apartamento,71897.0,9.5,0
Apart Hotel Del Mar Punta Arenas,Punta Arenas,apartamento,61436.0,7.4,1
Apart Hotel Endurance,Punta Arenas,apartamento,94640.0,9.2,0
Apart Hotel Norte Punta Arenas,Punta Arenas,apartamento,53108.0,6.6,1
Apart Hotel Norte Punta Arenas,Punta Arenas,apartamento,64160.0,8.4,0
Apart Hotel Plaza Punta Arenas,Punta Arenas,apartamento,52872.0,7.7,1
Apart Hotel Primavera Punta Arenas,Punta Arenas,apartamento,70554.0,9.3,0
Apart Hotel Sur Punta Arenas,Punta Arenas,apartamento,101901.0,9.5,0
Apart Hotel Vista Hermosa Punta Arenas,Punta Arenas,apartamento,112107.0,9.4,0
Apart Hotel Vista Hermosa Punta Arenas,Punta Arenas,apartamento,69509.0,8.6,0
Apartamentos Entre Fronteras,Punta Arenas,apartamento,72107.0,9.3,0
Apartasuite Altos del Bosque,Punta Arenas,apartamento,119183.0,9.3,0
Hotel Punta Arenas Lodge,Punta Arenas,apartamento,43110.0,7.4,1
Matic Apartments,Punta Arenas,apartamento,43444.0,9.0,0
Patagonia Hotel & Apart Suite,Punta Arenas,apartamento,94640.0,8.5,0
Apart Hotel Andino Rancagua,Rancagua,apartamento,81089.0,6.7,1
Apart Hotel Andino Rancagua,Rancagua,apartamento,105018.0,9.0,0
Apart Hotel Campos Rancagua,Rancagua,apartamento,124925.0,9.2,0
Apart Hotel Central Rancagua,Rancagua,apartamento,93009.0,9.1,0
Apart Hotel Costanera Rancagua,Rancagua,apartamento,84023.0,8.1,1
Apart Hotel Costanera Rancagua,Rancagua,apartamento,91517.0,9.0,0
Apart Hotel Del Mar Rancagua,Rancagua,apartamento,83054.0,8.9,0
Apart Hotel Del Mar Rancagua,Rancagua,apartamento,107314.0,8.6,0
Apart Hotel Norte Rancagua,Rancagua,apartamento,99449.0,7.5,1
Apart Hotel Norte Rancagua,Rancagua,apartamento,57345.0,7.2,1
Apart Hotel Plaza Rancagua,Rancagua,apartamento,63642.0,6.7,1
Apart Hotel Plaza Rancagua,Rancagua,apartamento,100845.0,8.6,0
Apart Hotel Primavera Rancagua,Rancagua,apartamento,79092.0,6.9,1
Apart Hotel Sur Rancagua,Rancagua,apartamento,49367.0,8.7,0
Apart Hotel Sur Rancagua,Rancagua,apartamento,81613.0,7.9,1
Apart Hotel Vista Hermosa Rancagua,Rancagua,apartamento,56477.0,9.0,0
Apart Hotel Vista Hermosa Rancagua,Rancagua,apartamento,107679.0,7.2,1
Hotel Diego de Almagro,Rancagua,apartamento,42255.0,7.4,1
Vista Apartments - Aire Acondicionado y Estacionamiento,Rancagua,apartamento,135200.0,8.8,2
Aconcagua Apartments,Santiago,apartamento,136542.0,8.3,2
Apart Hotel Andino Santiago,Santiago,apartamento,48152.0,8.5,0
Apart Hotel Andino Santiago,Santiago,apartamento,61807.0,8.6,0
Apart Hotel Central Santiago,Santiago,apartamento,54555.0,8.1,1
Apart Hotel Central Santiago,Santiago,apartamento,49966.0,8.7,0
Apart Hotel Costanera Santiago,Santiago,apartamento,62655.0,8.2,1
Apart Hotel Costanera Santiago,Santiago,apartamento,97998.0,7.8,1
Apart Hotel Del Mar Santiago,Santiago,apartamento,93105.0,7.9,1
Apart Hotel Del Mar Santiago,Santiago,apartamento,83127.0,7.7,1
Apart Hotel Norte Santiago,Santiago,apartamento,83349.0,8.4,0
Apart Hotel Plaza Santiago,Santiago,apartamento,54493.0,8.1,1
Apart Hotel Primavera Santiago,Santiago,apartamento,86000.0,8.0,1
Apart Hotel Primavera Santiago,Santiago,apartamento,103873.0,9.1,0
Apart Hotel Sur Santiago,Santiago,apartamento,106380.0,9.2,0
Apart Hotel Sur Santiago,Santiago,apartamento,124970.0,9.7,0
Apart Hotel Vista Hermosa Santiago,Santiago,apartamento,48794.0,6.8,1
Apart Hotel Vista Hermosa Santiago,Santiago,apartamento,67060.0,9.1,0
Apartamentos Costanera Centre,Santiago,apartamento,98207.0,8.0,1
Avg. per night,Santiago,apartamento,69350.0,8.2,1
Diego de Almagro,Santiago,apartamento,70939.0,7.4,1
Hotel Santiago Inn,Santiago,apartamento,47837.0,7.2,1
Park Plaza Apart Hotel,Santiago,apartamento,41800.0,8.7,0
Personal Aparts Downtown,Santiago,apartamento,39424.0,7.7,1
The Singular Santiago,Santiago,apartamento,196675.0,7.4,2
VIP Apartments Chile,Santiago,apartamento,152281.0,8.2,2
W Santiago,Santiago,apartamento,160981.0,8.6,2
Zenteno Apartments,Santiago,apartamento,109577.0,8.8,0
Apart Hotel Andino Talca,Talca,apartamento,100852.0,6.9,1
Apart Hotel Andino Talca,Talca,apartamento,49432.0,9.7,0
Apart Hotel Central Talca,Talca,apartamento,57438.0,9.6,0
Apart Hotel Central Talca,Talca,apartamento,74198.0,7.4,1
Apart Hotel Costanera Talca,Talca,apartamento,64352.0,8.0,1
Apart Hotel Del Mar Talca,Talca,apartamento,95763.0,7.6,1
Apart Hotel Del Mar Talca,Talca,apartamento,112456.0,7.8,1
Apart Hotel Norte Talca,Talca,apartamento,61399.0,9.5,0
Apart Hotel Norte Talca,Talca,apartamento,60568.0,7.7,1
Apart Hotel Plaza Talca,Talca,apartamento,79861.0,9.8,0
Apart Hotel Plaza Talca,Talca,apartamento,66124.0,7.1,1
Apart Hotel Primavera Talca,Talca,apartamento,78982.0,7.2,1
Apart Hotel Primavera Talca,Talca,apartamento,107871.0,8.3,0
Apart Hotel Sur Talca,Talca,apartamento,56927.0,7.6,1
Apart Hotel Vista Hermosa Talca,Talca,apartamento,70773.0,7.4,1
Apart las Rastras talca,Talca,apartamento,45067.0,8.9,0
Apartamentos Terrazas de Talca,Talca,apartamento,54080.0,8.3,0
Hotel Del Valle,Talca,apartamento,63080.0,7.5,1
Hotel Diego de Almagro,Talca,apartamento,60453.0,7.4,1
Hotel Talca Boutique,Talca,apartamento,35839.0,7.3,1
Hotel Talca Lodge,Talca,apartamento,41972.0,7.8,1
Hotel Talca Resort,Talca,apartamento,62064.0,7.5,1
Talca-Mall Plaza Maule Apartment,Talca,apartamento,50000.0,9.2,0
Apart Hotel Andino Temuco,Temuco,apartamento,119132.0,9.2,0
Apart Hotel Andino Temuco,Temuco,apartamento,101741.0,8.3,0
Apart Hotel Aragon Portal,Temuco,apartamento,64763.0,8.7,0
Apart Hotel Central Temuco,Temuco,apartamento,74076.0,7.0,1
Apart Hotel Costanera Temuco,Temuco,apartamento,106463.0,9.5,0
Apart Hotel Costanera Temuco,Temuco,apartamento,70822.0,9.3,0
Apart Hotel Del Mar Temuco,Temuco,apartamento,81072.0,9.5,0
Apart Hotel Del Mar Temuco,Temuco,apartamento,96800.0,9.7,0
Apart Hotel Norte Temuco,Temuco,apartamento,69501.0,7.3,1
Apart Hotel Plaza Temuco,Temuco,apartamento,85206.0,7.0,1
Apart Hotel Plaza Temuco,Temuco,apartamento,114395.0,8.7,0
Apart Hotel Primavera Temuco,Temuco,apartamento,105662.0,9.3,0
Apart Hotel Sur Temuco,Temuco,apartamento,75825.0,8.5,0
Apart Hotel Sur Temuco,Temuco,apartamento,68482.0,8.7,0
Apart Hotel Vista Hermosa Temuco,Temuco,apartamento,92036.0,8.9,0
Hotel Diego de Almagro,Temuco,apartamento,39987.0,7.5,1
Acogedor Apartamento Valdiviano,Valdivia,apartamento,106855.0,9.4,0
Apart Hotel Altos del Molino Valdivia con estacionamiento,Valdivia,apartamento,214744.0,8.8,2
Apart Hotel Andino Valdivia,Valdivia,apartamento,56890.0,7.0,1
Apart Hotel Andino Valdivia,Valdivia,apartamento,79826.0,9.5,0
Apart Hotel Casablanca,Valdivia,apartamento,72107.0,8.9,0
Apart Hotel Central Valdivia,Valdivia,apartamento,114347.0,8.2,2
Apart Hotel Central Valdivia,Valdivia,apartamento,117641.0,9.3,0
Apart Hotel Costanera Valdivia,Valdivia,apartamento,100490.0,7.0,1
Apart Hotel Costanera Valdivia,Valdivia,apartamento,53142.0,9.5,0
Apart Hotel Del Mar Valdivia,Valdivia,apartamento,64565.0,7.8,1
Apart Hotel Estación,Valdivia,apartamento,44411.0,7.3,1
Apart Hotel Norte Valdivia,Valdivia,apartamento,55734.0,8.6,0
Apart Hotel Norte Valdivia,Valdivia,apartamento,54141.0,8.5,0
Apart Hotel Plaza Valdivia,Valdivia,apartamento,81749.0,7.6,1
Apart Hotel Primavera Valdivia,Valdivia,apartamento,85946.0,9.0,0
Apart Hotel Primavera Valdivia,Valdivia,apartamento,50849.0,9.6,0
Apart Hotel Sur Valdivia,Valdivia,apartamento,116241.0,8.3,2
Apart Hotel Vista Hermosa Valdivia,Valdivia,apartamento,53501.0,7.6,1
Apart Hotel Vista Hermosa Valdivia,Valdivia,apartamento,120158.0,8.7,2
Apartamento Estocolmo II,Valdivia,apartamento,25789.0,9.0,0
Apartamento Estocolmo III,Valdivia,apartamento,23640.0,8.9,0
Epicentro Suites Apart Hotel - Valdivia,Valdivia,apartamento,70304.0,9.0,0
Hotel Diego de Almagro,Valdivia,apartamento,62348.0,7.1,1
Hotel Naguilan,Valdivia,apartamento,68326.0,6.8,1
Hotel Posada,Valdivia,apartamento,56669.0,7.0,1
Hotel Valdivia Lodge,Valdivia,apartamento,36438.0,7.8,1
Hotel Valdivia Resort,Valdivia,apartamento,56546.0,6.8,1
Apart Hotel Andino Valparaiso,Valparaiso,apartamento,59868.0,7.5,1
Apart Hotel Andino Valparaiso,Valparaiso,apartamento,88644.0,8.7,0
Apart Hotel Central Valparaiso,Valparaiso,apartamento,101342.0,7.7,1
Apart Hotel Central Valparaiso,Valparaiso,apartamento,81205.0,7.4,1
Apart Hotel Costanera Valparaiso,Valparaiso,apartamento,91905.0,6.9,1
Apart Hotel Costanera Valparaiso,Valparaiso,apartamento,105188.0,9.3,0
Apart Hotel Del Mar Valparaiso,Valparaiso,apartamento,71945.0,9.1,0
Apart Hotel Del Mar Valparaiso,Valparaiso,apartamento,106549.0,9.7,0
Apart Hotel Jagui Haus Departamentos tipo Loft y Hermosa Terraza con vista al Mar,Valparaiso,apartamento,77000.0,9.4,0
Apart Hotel Norte Valparaiso,Valparaiso,apartamento,100597.0,8.8,0
Apart Hotel Norte Valparaiso,Valparaiso,apartamento,119799.0,8.8,2
Apart Hotel Plaza Valparaiso,Valparaiso,apartamento,85302.0,6.9,1
Apart Hotel Primavera Valparaiso,Valparaiso,apartamento,84072.0,7.1,1
Apart Hotel Primavera Valparaiso,Valparaiso,apartamento,101146.0,9.1,0
Apart Hotel Sur Valparaiso,Valparaiso,apartamento,76136.0,8.7,0
Apart Hotel Sur Valparaiso,Valparaiso,apartamento,81455.0,9.7,0
Apart Hotel Vista Hermosa Valparaiso,Valparaiso,apartamento,48173.0,9.3,0
Casa Somerscales,Valparaiso,apartamento,76320.0,9.6,0
Fauna Hotel,Valparaiso,apartamento,57349.0,9.7,0
Hotel Valparaiso Plaza,Valparaiso,apartamento,45416.0,7.9,1
Winery Boutique Hotel,Valparaiso,apartamento,88730.0,8.3,0
ibis Valparaiso,Valparaiso,apartamento,66968.0,7.6,1
Apart Hotel Andino Vina del Mar,Vina del Mar,apartamento,63695.0,9.2,0
Apart Hotel Andino Vina del Mar,Vina del Mar,apartamento,53839.0,8.5,0
Apart Hotel Central Vina del Mar,Vina del Mar,apartamento,93565.0,9.7,0
Apart Hotel Costanera Vina del Mar,Vina del Mar,apartamento,45868.0,7.5,1
Apart Hotel Costanera Vina del Mar,Vina del Mar,apartamento,50900.0,8.8,0
Apart Hotel Del Mar Vina del Mar,Vina del Mar,apartamento,115456.0,9.6,0
Apart Hotel Norte Vina del Mar,Vina del Mar,apartamento,105385.0,7.1,1
Apart Hotel Plaza Vina del Mar,Vina del Mar,apartamento,109964.0,7.4,1
Apart Hotel Plaza Vina del Mar,Vina del Mar,apartamento,117866.0,7.4,1
Apart Hotel Primavera Vina del Mar,Vina del Mar,apartamento,88279.0,6.6,1
Apart Hotel Primavera Vina del Mar,Vina del Mar,apartamento,99964.0,9.6,0
Apart Hotel Sur Vina del Mar,Vina del Mar,apartamento,117824.0,8.4,2
Apart Hotel Sur Vina del Mar,Vina del Mar,apartamento,86869.0,8.2,1
Apart Hotel Vista Hermosa Vina del Mar,Vina del Mar,apartamento,69174.0,9.4,0
Apart Hotel Vista Hermosa Vina del Mar,Vina del Mar,apartamento,103498.0,7.2,1
Dei Templi Apart Hotel,Vina del Mar,apartamento,226672.0,9.0,2
Hotel O'Higgins,Vina del Mar,apartamento,126250.0,6.7,1
Hotel Vina del Mar Boutique,Vina del Mar,apartamento,64717.0,7.9,1
Hotel Vina del Mar Resort,Vina del Mar,apartamento,64141.0,7.7,1
Cabañas Andino Antofagasta,Antofagasta,casa/cabana,59187.0,8.0,1
Cabañas Andino Antofagasta,Antofagasta,casa/cabana,68068.0,8.2,1
Cabañas Central Antofagasta,Antofagasta,casa/cabana,76415.0,8.8,0
Cabañas Costanera Antofagasta,Antofagasta,casa/cabana,95229.0,7.4,1
Cabañas Costanera Antofagasta,Antofagasta,casa/cabana,103718.0,8.6,0
Cabañas Del Mar Antofagasta,Antofagasta,casa/cabana,53271.0,7.4,1
Cabañas Del Mar Antofagasta,Antofagasta,casa/cabana,109229.0,7.9,1
Cabañas Norte Antofagasta,Antofagasta,casa/cabana,92875.0,8.5,0
Cabañas Norte Antofagasta,Antofagasta,casa/cabana,79885.0,8.0,1
Cabañas Plaza Antofagasta,Antofagasta,casa/cabana,81187.0,8.4,0
Cabañas Plaza Antofagasta,Antofagasta,casa/cabana,79490.0,8.2,1
Cabañas Primavera Antofagasta,Antofagasta,casa/cabana,69127.0,8.6,0
Cabañas Sur Antofagasta,Antofagasta,casa/cabana,94961.0,8.2,1
Cabañas Sur Antofagasta,Antofagasta,casa/cabana,106526.0,7.5,1
Cabañas Vista Hermosa Antofagasta,Antofagasta,casa/cabana,109072.0,9.6,0
Cabañas Vista Hermosa Antofagasta,Antofagasta,casa/cabana,67280.0,7.9,1
Experiencia Vista Horizonte 2Hab-2Baño-1Estac,Antofagasta,casa/cabana,199176.0,9.5,2
HOM I Frente al Mall y al Mar I Equipado y Parking PNM 1113,Antofagasta,casa/cabana,144160.0,8.6,2
RQ Antofagasta,Antofagasta,casa/cabana,183873.0,8.4,2
ibis Antofagasta,Antofagasta,casa/cabana,146775.0,8.1,2
ibis Styles Antofagasta,Antofagasta,casa/cabana,163875.0,8.4,2
Cabañas Andino Arica,Arica,casa/cabana,113581.0,7.9,1
Cabañas Andino Arica,Arica,casa/cabana,90674.0,7.8,1
Cabañas Central Arica,Arica,casa/cabana,117051.0,9.0,0
Cabañas Central Arica,Arica,casa/cabana,91665.0,7.2,1
Cabañas Costanera Arica,Arica,casa/cabana,80966.0,8.2,1
Cabañas Costanera Arica,Arica,casa/cabana,65531.0,8.7,0
Cabañas Del Mar Arica,Arica,casa/cabana,56882.0,6.8,1
Cabañas Del Mar Arica,Arica,casa/cabana,102105.0,7.4,1
Cabañas Norte Arica,Arica,casa/cabana,53715.0,6.8,1
Cabañas Norte Arica,Arica,casa/cabana,72685.0,8.7,0
Cabañas Plaza Arica,Arica,casa/cabana,107279.0,9.8,0
Cabañas Plaza Arica,Arica,casa/cabana,75709.0,8.6,0
Cabañas Primavera Arica,Arica,casa/cabana,103322.0,6.8,1
Cabañas Primavera Arica,Arica,casa/cabana,51408.0,9.0,0
Cabañas Sur Arica,Arica,casa/cabana,51720.0,8.2,1
Cabañas Vista Hermosa Arica,Arica,casa/cabana,49616.0,7.9,1
Cabañas Vista Hermosa Arica,Arica,casa/cabana,66862.0,7.3,1
Cabañas del cerro sombrero,Arica,casa/cabana,60000.0,10.0,0
Departamento frente al mar en Arica,Arica,casa/cabana,134215.0,9.6,2
Le Prince Arica,Arica,casa/cabana,105493.0,6.8,1
2 Torres Calama,Calama,casa/cabana,129792.0,9.1,2
Cabañas Andino Calama,Calama,casa/cabana,118581.0,7.6,1
Cabañas Andino Calama,Calama,casa/cabana,81560.0,9.5,0
Cabañas Central Calama,Calama,casa/cabana,65352.0,6.7,1
Cabañas Central Calama,Calama,casa/cabana,77767.0,7.8,1
Cabañas Costanera Calama,Calama,casa/cabana,114771.0,7.2,1
Cabañas Costanera Calama,Calama,casa/cabana,98331.0,9.0,0
Cabañas Del Mar Calama,Calama,casa/cabana,100403.0,7.3,1
Cabañas Norte Calama,Calama,casa/cabana,48188.0,9.2,0
Cabañas Norte Calama,Calama,casa/cabana,99848.0,8.0,1
Cabañas Plaza Calama,Calama,casa/cabana,99797.0,8.5,0
Cabañas Plaza Calama,Calama,casa/cabana,117568.0,8.0,1
Cabañas Primavera Calama,Calama,casa/cabana,114979.0,9.0,0
Cabañas Primavera Calama,Calama,casa/cabana,84226.0,9.3,0
Cabañas Sur Calama,Calama,casa/cabana,58284.0,7.2,1
Cabañas Sur Calama,Calama,casa/cabana,98462.0,7.4,1
Cabañas Vista Hermosa Calama,Calama,casa/cabana,81185.0,7.6,1
Cabañas Vista Hermosa Calama,Calama,casa/cabana,72468.0,7.7,1
Departamento Calama,Calama,casa/cabana,168300.0,8.2,2
Oasis Mini Deptos,Calama,casa/cabana,61800.0,7.2,1
Cabañas Andino Chillan,Chillan,casa/cabana,82165.0,7.1,1
Cabañas Central Chillan,Chillan,casa/cabana,115020.0,8.0,1
Cabañas Central Chillan,Chillan,casa/cabana,52752.0,7.0,1
Cabañas Costanera Chillan,Chillan,casa/cabana,95662.0,8.8,0
Cabañas Del Mar Chillan,Chillan,casa/cabana,66459.0,8.6,0
Cabañas Lemupewen Chillán 6 Factura,Chillan,casa/cabana,40749.0,8.3,0
Cabañas Norte Chillan,Chillan,casa/cabana,83171.0,9.7,0
Cabañas Plaza Chillan,Chillan,casa/cabana,109163.0,6.8,1
Cabañas Plaza Chillan,Chillan,casa/cabana,55289.0,9.3,0
Cabañas Primavera Chillan,Chillan,casa/cabana,110281.0,8.8,0
Cabañas Sur Chillan,Chillan,casa/cabana,87618.0,7.2,1
Cabañas Sur Chillan,Chillan,casa/cabana,97987.0,8.8,0
Cabañas Vista Hermosa Chillan,Chillan,casa/cabana,56515.0,9.0,0
Cabañas Vista Hermosa Chillan,Chillan,casa/cabana,56792.0,7.5,1
Departamento Centro Chillan,Chillan,casa/cabana,44325.0,7.5,1
Parque Cordillera 1,Chillan,casa/cabana,37400.0,10.0,0
Amplio departamento en zona céntrica de Concepción,Concepcion,casa/cabana,225000.0,9.9,2
Cabañas Andino Concepcion,Concepcion,casa/cabana,70624.0,7.9,1
Cabañas Central Concepcion,Concepcion,casa/cabana,111682.0,8.5,0
Cabañas Costanera Concepcion,Concepcion,casa/cabana,60068.0,7.3,1
Cabañas Costanera Concepcion,Concepcion,casa/cabana,48454.0,9.6,0
Cabañas Del Mar Concepcion,Concepcion,casa/cabana,100620.0,8.6,0
Cabañas Del Mar Concepcion,Concepcion,casa/cabana,48920.0,9.8,0
Cabañas Norte Concepcion,Concepcion,casa/cabana,97079.0,9.3,0
Cabañas Norte Concepcion,Concepcion,casa/cabana,70735.0,7.7,1
Cabañas Plaza Concepcion,Concepcion,casa/cabana,94673.0,7.3,1
Cabañas Primavera Concepcion,Concepcion,casa/cabana,70448.0,6.9,1
Cabañas Sur Concepcion,Concepcion,casa/cabana,69681.0,9.7,0
Cabañas Sur Concepcion,Concepcion,casa/cabana,110743.0,7.8,1
Cabañas Vista Hermosa Concepcion,Concepcion,casa/cabana,66544.0,8.2,1
Cabañas Vista Hermosa Concepcion,Concepcion,casa/cabana,60822.0,9.7,0
Departamento Parque Urbano 1710,Concepcion,casa/cabana,146742.0,9.8,2
Hermoso Departamento Central en Concepción - hasta 4 camas - 2 Dormitorios - 1 Baño - 1 Estacionamiento - Mejor Evaluado en Chile 2023-2025 - Incluye Consola de Juegos Retro - Te ayudo con panoramas,Concepcion,casa/cabana,161058.0,9.8,2
Maravilloso Depto. Estudio 1D1B,Concepcion,casa/cabana,81120.0,9.4,0
Vista Premium Laguna Centro Concepción,Concepcion,casa/cabana,144000.0,8.8,2
Cabañas Andino Copiapo,Copiapo,casa/cabana,87100.0,8.8,0
Cabañas Central Copiapo,Copiapo,casa/cabana,116842.0,8.1,2
Cabañas Central Copiapo,Copiapo,casa/cabana,119860.0,7.1,1
Cabañas Costanera Copiapo,Copiapo,casa/cabana,93021.0,7.8,1
Cabañas Costanera Copiapo,Copiapo,casa/cabana,98120.0,7.5,1
Cabañas Del Mar Copiapo,Copiapo,casa/cabana,68147.0,7.7,1
Cabañas Del Mar Copiapo,Copiapo,casa/cabana,103358.0,9.8,0
Cabañas Norte Copiapo,Copiapo,casa/cabana,110508.0,7.5,1
Cabañas Norte Copiapo,Copiapo,casa/cabana,100211.0,8.8,0
Cabañas Plaza Copiapo,Copiapo,casa/cabana,66608.0,7.2,1
Cabañas Plaza Copiapo,Copiapo,casa/cabana,66928.0,7.1,1
Cabañas Primavera Copiapo,Copiapo,casa/cabana,115438.0,8.3,2
Cabañas Sur Copiapo,Copiapo,casa/cabana,55751.0,9.5,0
Cabañas Vista Hermosa Copiapo,Copiapo,casa/cabana,102996.0,6.8,1
Cabañas Vista Hermosa Copiapo,Copiapo,casa/cabana,78741.0,8.7,0
Departamento AMOBLADO Y EQUIPADO Copayapu,Copiapo,casa/cabana,106000.0,7.3,1
CABAÑA CON ACCESO A RIO,Coyhaique,casa/cabana,146675.0,8.3,2
CABAÑAS TRAPAGONIA,Coyhaique,casa/cabana,51917.0,9.3,0
Cabaña independiente,Coyhaique,casa/cabana,91800.0,8.5,0
Cabañas Andino Coyhaique,Coyhaique,casa/cabana,61075.0,9.2,0
Cabañas Central Coyhaique,Coyhaique,casa/cabana,107271.0,7.8,1
Cabañas Central Coyhaique,Coyhaique,casa/cabana,73463.0,7.9,1
Cabañas Costanera Coyhaique,Coyhaique,casa/cabana,94466.0,8.9,0
Cabañas Costanera Coyhaique,Coyhaique,casa/cabana,87569.0,7.2,1
Cabañas Del Mar Coyhaique,Coyhaique,casa/cabana,49530.0,7.8,1
Cabañas El jardín de Jacinta,Coyhaique,casa/cabana,68952.0,8.8,0
Cabañas Español Coyhaique,Coyhaique,casa/cabana,80399.0,9.2,0
Cabañas Las antenas,Coyhaique,casa/cabana,54080.0,9.4,0
Cabañas Norte Coyhaique,Coyhaique,casa/cabana,62582.0,6.8,1
Cabañas Patagonia Indómita,Coyhaique,casa/cabana,99147.0,9.7,0
Cabañas Plaza Coyhaique,Coyhaique,casa/cabana,106593.0,9.7,0
Cabañas Plaza Coyhaique,Coyhaique,casa/cabana,100708.0,8.1,1
Cabañas Primavera Coyhaique,Coyhaique,casa/cabana,54857.0,7.6,1
Cabañas Primavera Coyhaique,Coyhaique,casa/cabana,91496.0,8.3,0
Cabañas Sur Coyhaique,Coyhaique,casa/cabana,68519.0,9.6,0
Cabañas Sur Coyhaique,Coyhaique,casa/cabana,94896.0,9.3,0
Cabañas Vista Hermosa Coyhaique,Coyhaique,casa/cabana,72831.0,8.0,1
Cabañas Andino Iquique,Iquique,casa/cabana,74007.0,9.8,0
Cabañas Andino Iquique,Iquique,casa/cabana,113026.0,7.8,1
Cabañas Central Iquique,Iquique,casa/cabana,70301.0,6.7,1
Cabañas Costanera Iquique,Iquique,casa/cabana,104349.0,8.0,1
Cabañas Costanera Iquique,Iquique,casa/cabana,122071.0,7.9,1
Cabañas Del Mar Iquique,Iquique,casa/cabana,106997.0,9.4,0
Cabañas Del Mar Iquique,Iquique,casa/cabana,96034.0,8.2,1
Cabañas Norte Iquique,Iquique,casa/cabana,62061.0,8.9,0
Cabañas Norte Iquique,Iquique,casa/cabana,99360.0,9.3,0
Cabañas Plaza Iquique,Iquique,casa/cabana,118398.0,6.9,1
Cabañas Primavera Iquique,Iquique,casa/cabana,46007.0,8.9,0
Cabañas Primavera Iquique,Iquique,casa/cabana,108076.0,8.2,1
Cabañas Sur Iquique,Iquique,casa/cabana,70987.0,9.4,0
Cabañas Vista Hermosa Iquique,Iquique,casa/cabana,108624.0,8.4,0
Departamentos Alpro Cavancha Vista a la Playa,Iquique,casa/cabana,71457.0,9.2,0
Depto frente a playa Cavancha Iquique,Iquique,casa/cabana,89545.0,8.7,0
Gran Cavancha Suite,Iquique,casa/cabana,142268.0,8.4,2
Cabañas Andino La Serena,La Serena,casa/cabana,59087.0,8.6,0
Cabañas Central La Serena,La Serena,casa/cabana,118346.0,6.6,1
Cabañas Central La Serena,La Serena,casa/cabana,90633.0,7.0,1
Cabañas Costanera La Serena,La Serena,casa/cabana,109349.0,6.6,1
Cabañas Costanera La Serena,La Serena,casa/cabana,121850.0,9.7,0
Cabañas Del Mar La Serena,La Serena,casa/cabana,65729.0,7.0,1
Cabañas Florencia La Serena,La Serena,casa/cabana,54396.0,9.0,0
Cabañas Las Añañucas II,La Serena,casa/cabana,51300.0,8.1,1
Cabañas Norte La Serena,La Serena,casa/cabana,55913.0,8.0,1
Cabañas Plaza La Serena,La Serena,casa/cabana,62449.0,7.4,1
Cabañas Plaza La Serena,La Serena,casa/cabana,83125.0,7.5,1
Cabañas Primavera La Serena,La Serena,casa/cabana,104106.0,7.7,1
Cabañas Primavera La Serena,La Serena,casa/cabana,57425.0,9.8,0
Cabañas Sur La Serena,La Serena,casa/cabana,90672.0,8.2,1
Cabañas Sur La Serena,La Serena,casa/cabana,119667.0,7.1,1
Cabañas Vista Hermosa La Serena,La Serena,casa/cabana,63369.0,9.6,0
Cabañas Vista Hermosa La Serena,La Serena,casa/cabana,96131.0,9.1,0
Cosmopolita Rojo,La Serena,casa/cabana,171927.0,9.8,2
Hotel y Cabañas Campanario,La Serena,casa/cabana,205602.0,8.3,2
Cabaña Los Lagos,Puerto Montt,casa/cabana,50700.0,9.1,0
Cabaña Los Lagos,Puerto Montt,casa/cabana,21844.0,9.1,0
Cabaña aeropuerto puerto montt,Puerto Montt,casa/cabana,45900.0,9.5,0
Cabañas Andino Puerto Montt,Puerto Montt,casa/cabana,113082.0,9.4,0
Cabañas Central Puerto Montt,Puerto Montt,casa/cabana,101887.0,8.7,0
Cabañas Costanera Puerto Montt,Puerto Montt,casa/cabana,60634.0,8.3,0
Cabañas Del Mar Puerto Montt,Puerto Montt,casa/cabana,99020.0,7.5,1
Cabañas Del Mar Puerto Montt,Puerto Montt,casa/cabana,72950.0,7.8,1
Cabañas Norte Puerto Montt,Puerto Montt,casa/cabana,107675.0,7.4,1
Cabañas Norte Puerto Montt,Puerto Montt,casa/cabana,122243.0,9.4,0
Cabañas Plaza Puerto Montt,Puerto Montt,casa/cabana,62895.0,7.7,1
Cabañas Primavera Puerto Montt,Puerto Montt,casa/cabana,118576.0,8.5,2
Cabañas Primavera Puerto Montt,Puerto Montt,casa/cabana,111775.0,8.8,0
Cabañas Sol y Mar,Puerto Montt,casa/cabana,21844.0,10.0,0
Cabañas Sur Puerto Montt,Puerto Montt,casa/cabana,67435.0,7.0,1
Cabañas Vista Hermosa Puerto Montt,Puerto Montt,casa/cabana,62126.0,9.7,0
Cabañas del Puerto,Puerto Montt,casa/cabana,47271.0,7.7,1
Cabañas el Farolito,Puerto Montt,casa/cabana,44412.0,9.0,0
Courtyard by Marriott Puerto Montt,Puerto Montt,casa/cabana,109963.0,8.7,0
Hospedaje Valencia,Puerto Montt,casa/cabana,96709.0,9.0,0
Novotel Puerto Montt,Puerto Montt,casa/cabana,89340.0,8.4,0
Precioso departamento en Excelente Ubicación en Puerto Montt,Puerto Montt,casa/cabana,33613.0,8.3,0
Cabaña Doña Maria,Puerto Natales,casa/cabana,101544.0,9.6,0
Cabañas Andino Puerto Natales,Puerto Natales,casa/cabana,87657.0,7.3,1
Cabañas Andino Puerto Natales,Puerto Natales,casa/cabana,71164.0,9.1,0
Cabañas Central Puerto Natales,Puerto Natales,casa/cabana,71069.0,7.7,1
Cabañas Central Puerto Natales,Puerto Natales,casa/cabana,68114.0,7.2,1
Cabañas Costanera Puerto Natales,Puerto Natales,casa/cabana,110091.0,8.5,0
Cabañas Del Mar Puerto Natales,Puerto Natales,casa/cabana,59635.0,9.0,0
Cabañas Del Mar Puerto Natales,Puerto Natales,casa/cabana,92640.0,7.9,1
Cabañas Norte Puerto Natales,Puerto Natales,casa/cabana,73700.0,8.0,1
Cabañas Norte Puerto Natales,Puerto Natales,casa/cabana,57044.0,8.1,1
Cabañas Plaza Puerto Natales,Puerto Natales,casa/cabana,86003.0,8.2,1
Cabañas Plaza Puerto Natales,Puerto Natales,casa/cabana,118665.0,9.1,0
Cabañas Primavera Puerto Natales,Puerto Natales,casa/cabana,86740.0,7.2,1
Cabañas Sur Puerto Natales,Puerto Natales,casa/cabana,59210.0,9.7,0
Cabañas Sur Puerto Natales,Puerto Natales,casa/cabana,58032.0,7.9,1
Cabañas Terravento,Puerto Natales,casa/cabana,161708.0,8.9,2
Cabañas Vista Hermosa Puerto Natales,Puerto Natales,casa/cabana,86195.0,6.9,1
Cabañas Vista Hermosa Puerto Natales,Puerto Natales,casa/cabana,98908.0,7.5,1
Cabañas Última Esperanza,Puerto Natales,casa/cabana,102166.0,8.5,0
DT Loft,Puerto Natales,casa/cabana,202260.0,8.8,2
Xalpen B&B,Puerto Natales,casa/cabana,94560.0,8.8,0
Cabañas Andino Puerto Varas,Puerto Varas,casa/cabana,86981.0,7.4,1
Cabañas Andino Puerto Varas,Puerto Varas,casa/cabana,71780.0,7.9,1
Cabañas Bosque Sur,Puerto Varas,casa/cabana,64896.0,8.7,0
Cabañas Central Puerto Varas,Puerto Varas,casa/cabana,57860.0,8.1,1
Cabañas Costanera Puerto Varas,Puerto Varas,casa/cabana,94029.0,7.2,1
Cabañas Del Mar Puerto Varas,Puerto Varas,casa/cabana,59570.0,7.6,1
Cabañas Del Mar Puerto Varas,Puerto Varas,casa/cabana,49724.0,9.2,0
Cabañas Foráneo,Puerto Varas,casa/cabana,151735.0,9.7,2
Cabañas Lickanantay,Puerto Varas,casa/cabana,54080.0,9.5,0
Cabañas Norte Puerto Varas,Puerto Varas,casa/cabana,110859.0,8.3,2
Cabañas Plaza Puerto Varas,Puerto Varas,casa/cabana,103130.0,8.4,0
Cabañas Plaza Puerto Varas,Puerto Varas,casa/cabana,55226.0,8.2,1
Cabañas Primavera Puerto Varas,Puerto Varas,casa/cabana,78969.0,8.0,1
Cabañas Sur Puerto Varas,Puerto Varas,casa/cabana,94495.0,9.1,0
Cabañas Vista Hermosa Puerto Varas,Puerto Varas,casa/cabana,56810.0,9.7,0
Cabañas Vista Hermosa Puerto Varas,Puerto Varas,casa/cabana,66290.0,8.3,0
"Carpinterito cabaña, ensenada campestre",Puerto Varas,casa/cabana,33250.0,8.7,0
Casa Cabaña Oro Rayado Puerto Varas,Puerto Varas,casa/cabana,169111.0,7.1,2
Hotel Cabaña Del Lago Puerto Varas,Puerto Varas,casa/cabana,182340.0,8.9,2
Hotel y cabañas Terrazas del Lago,Puerto Varas,casa/cabana,76145.0,8.0,1
Cabañas Andino Punta Arenas,Punta Arenas,casa/cabana,94543.0,8.6,0
Cabañas Bosque Austral,Punta Arenas,casa/cabana,60390.0,9.8,0
Cabañas Central Punta Arenas,Punta Arenas,casa/cabana,88207.0,7.4,1
Cabañas Del Mar Punta Arenas,Punta Arenas,casa/cabana,114488.0,6.7,1
Cabañas Del Mar Punta Arenas,Punta Arenas,casa/cabana,102922.0,8.9,0
Cabañas Norte Punta Arenas,Punta Arenas,casa/cabana,48157.0,7.2,1
Cabañas Norte Punta Arenas,Punta Arenas,casa/cabana,81766.0,9.8,0
Cabañas Plaza Punta Arenas,Punta Arenas,casa/cabana,84224.0,9.8,0
Cabañas Primavera Punta Arenas,Punta Arenas,casa/cabana,74699.0,8.4,0
Cabañas Primavera Punta Arenas,Punta Arenas,casa/cabana,57844.0,9.4,0
Cabañas Sur Punta Arenas,Punta Arenas,casa/cabana,57216.0,9.7,0
Cabañas Sur Punta Arenas,Punta Arenas,casa/cabana,106157.0,8.2,1
Cabañas Vista Hermosa Punta Arenas,Punta Arenas,casa/cabana,109941.0,7.8,1
Cabañas Vista Hermosa Punta Arenas,Punta Arenas,casa/cabana,96505.0,7.9,1
cabaña atenea,Punta Arenas,casa/cabana,40560.0,9.1,0
Acogedor y confortable Departamento,Rancagua,casa/cabana,146016.0,9.3,2
Cabañas Andino Rancagua,Rancagua,casa/cabana,54675.0,8.1,1
Cabañas Andino Rancagua,Rancagua,casa/cabana,65113.0,7.4,1
Cabañas Central Rancagua,Rancagua,casa/cabana,52814.0,8.6,0
Cabañas Central Rancagua,Rancagua,casa/cabana,50664.0,7.2,1
Cabañas Costanera Rancagua,Rancagua,casa/cabana,83809.0,7.4,1
Cabañas Costanera Rancagua,Rancagua,casa/cabana,117968.0,9.8,0
Cabañas Del Mar Rancagua,Rancagua,casa/cabana,54316.0,8.2,1
Cabañas Del Mar Rancagua,Rancagua,casa/cabana,64063.0,8.5,0
Cabañas Norte Rancagua,Rancagua,casa/cabana,79778.0,9.7,0
Cabañas Plaza Rancagua,Rancagua,casa/cabana,104194.0,6.9,1
Cabañas Plaza Rancagua,Rancagua,casa/cabana,111011.0,7.8,1
Cabañas Primavera Rancagua,Rancagua,casa/cabana,64143.0,8.1,1
Cabañas Primavera Rancagua,Rancagua,casa/cabana,95683.0,9.6,0
Cabañas Sur Rancagua,Rancagua,casa/cabana,103183.0,7.0,1
Cabañas Sur Rancagua,Rancagua,casa/cabana,73206.0,9.6,0
Cabañas Vista Hermosa Rancagua,Rancagua,casa/cabana,60814.0,6.6,1
Cabañas Vista Hermosa Rancagua,Rancagua,casa/cabana,83510.0,8.2,1
Cabañas Andino Santiago,Santiago,casa/cabana,99497.0,9.1,0
Cabañas Central Santiago,Santiago,casa/cabana,91862.0,9.6,0
Cabañas Central Santiago,Santiago,casa/cabana,50446.0,8.7,0
Cabañas Costanera Santiago,Santiago,casa/cabana,103389.0,7.9,1
Cabañas Costanera Santiago,Santiago,casa/cabana,98283.0,8.0,1
Cabañas Del Mar Santiago,Santiago,casa/cabana,98868.0,8.3,0
Cabañas Norte Santiago,Santiago,casa/cabana,50446.0,9.0,0
Cabañas Norte Santiago,Santiago,casa/cabana,105603.0,7.3,1
Cabañas Plaza Santiago,Santiago,casa/cabana,49794.0,8.8,0
Cabañas Plaza Santiago,Santiago,casa/cabana,69710.0,7.7,1
Cabañas Primavera Santiago,Santiago,casa/cabana,117179.0,8.3,2
Cabañas Primavera Santiago,Santiago,casa/cabana,75275.0,7.6,1
Cabañas Sur Santiago,Santiago,casa/cabana,67889.0,8.9,0
Cabañas Vista Hermosa Santiago,Santiago,casa/cabana,114485.0,7.2,1
Cabañas Vista Hermosa Santiago,Santiago,casa/cabana,54884.0,8.7,0
Casona Italia B & B,Santiago,casa/cabana,85209.0,8.8,0
Monjitas Departamentos P.A 5,Santiago,casa/cabana,109604.0,7.8,1
Park Plaza Santiago,Santiago,casa/cabana,165485.0,8.2,2
ibis Santiago Las Condes,Santiago,casa/cabana,149150.0,7.8,2
Cabañas Andino Talca,Talca,casa/cabana,99659.0,9.0,0
Cabañas Central Talca,Talca,casa/cabana,48397.0,9.0,0
Cabañas Central Talca,Talca,casa/cabana,49842.0,7.1,1
Cabañas Costanera Talca,Talca,casa/cabana,112634.0,9.7,0
Cabañas Costanera Talca,Talca,casa/cabana,104169.0,8.3,0
Cabañas Del Mar Talca,Talca,casa/cabana,85377.0,8.6,0
Cabañas Del Mar Talca,Talca,casa/cabana,111393.0,8.3,2
Cabañas Norte Talca,Talca,casa/cabana,115807.0,6.8,1
Cabañas Norte Talca,Talca,casa/cabana,87857.0,8.2,1
Cabañas Plaza Talca,Talca,casa/cabana,55265.0,9.3,0
Cabañas Plaza Talca,Talca,casa/cabana,66688.0,9.2,0
Cabañas Primavera Talca,Talca,casa/cabana,51152.0,8.4,0
Cabañas Primavera Talca,Talca,casa/cabana,49543.0,8.0,1
Cabañas Sur Talca,Talca,casa/cabana,93696.0,7.9,1
Cabañas Sur Talca,Talca,casa/cabana,86314.0,9.8,0
Cabañas Vista Hermosa Talca,Talca,casa/cabana,112826.0,8.0,1
Cabañas Vista Hermosa Talca,Talca,casa/cabana,110655.0,7.9,1
Departamento 2 dormitorios a 2 cuadras de plaza de armas,Talca,casa/cabana,180000.0,9.6,2
"Depto Talca 3D 2B, cable, WiFi y estacionamiento",Talca,casa/cabana,158970.0,8.9,2
Residencial Don Santiago,Talca,casa/cabana,39749.0,8.0,1
Cabañas Andino Temuco,Temuco,casa/cabana,95282.0,7.5,1
Cabañas Andino Temuco,Temuco,casa/cabana,79435.0,7.5,1
Cabañas Central Temuco,Temuco,casa/cabana,57748.0,7.9,1
Cabañas Costanera Temuco,Temuco,casa/cabana,119538.0,8.3,2
Cabañas Costanera Temuco,Temuco,casa/cabana,111572.0,8.6,0
Cabañas Del Mar Temuco,Temuco,casa/cabana,110599.0,8.6,0
Cabañas Norte Temuco,Temuco,casa/cabana,54902.0,7.7,1
Cabañas Norte Temuco,Temuco,casa/cabana,81046.0,9.3,0
Cabañas Plaza Temuco,Temuco,casa/cabana,106458.0,9.7,0
Cabañas Primavera Temuco,Temuco,casa/cabana,60505.0,7.2,1
Cabañas Sur Temuco,Temuco,casa/cabana,106444.0,8.8,0
Cabañas Vista Hermosa Temuco,Temuco,casa/cabana,115799.0,6.7,1
Cabañas Vista Hermosa Temuco,Temuco,casa/cabana,79267.0,7.3,1
"Departamento 1 dormitorio, con balcón y estacionamiento",Temuco,casa/cabana,42000.0,9.4,0
CABAÑA 2 TINAJA-PISCINA-QUINCHO,Valdivia,casa/cabana,128945.0,8.6,2
Cabaña VIDA en Oncol,Valdivia,casa/cabana,146000.0,9.9,2
Cabaña central a pasos del terminal,Valdivia,casa/cabana,204000.0,9.5,2
Cabaña con vista al mar y bosque nativo,Valdivia,casa/cabana,49000.0,10.0,0
Cabaña del Chucao,Valdivia,casa/cabana,50350.0,9.3,0
Cabaña-RIO Calle Calle,Valdivia,casa/cabana,147390.0,9.4,2
Cabañas Andino Valdivia,Valdivia,casa/cabana,84436.0,8.2,1
Cabañas Andino Valdivia,Valdivia,casa/cabana,124901.0,9.2,0
Cabañas Central Valdivia,Valdivia,casa/cabana,88003.0,7.8,1
Cabañas Costa Valdiviana,Valdivia,casa/cabana,98500.0,8.3,0
Cabañas Costanera Valdivia,Valdivia,casa/cabana,61092.0,6.6,1
Cabañas Costanera Valdivia,Valdivia,casa/cabana,115373.0,9.8,0
Cabañas Cutipay N2,Valdivia,casa/cabana,153356.0,8.9,2
Cabañas Del Mar Valdivia,Valdivia,casa/cabana,91361.0,6.6,1
Cabañas Diarias,Valdivia,casa/cabana,31000.0,7.2,1
Cabañas Holtheuer,Valdivia,casa/cabana,35482.0,8.9,0
Cabañas Laguna Magica,Valdivia,casa/cabana,133650.0,9.1,2
Cabañas Norte Valdivia,Valdivia,casa/cabana,82378.0,8.6,0
Cabañas Norte Valdivia,Valdivia,casa/cabana,98885.0,7.4,1
Cabañas Perlas del Sur,Valdivia,casa/cabana,200000.0,9.8,2
Cabañas Plaza Valdivia,Valdivia,casa/cabana,79725.0,9.6,0
Cabañas Plaza Valdivia,Valdivia,casa/cabana,105923.0,9.5,0
Cabañas Primavera Valdivia,Valdivia,casa/cabana,115140.0,7.2,1
Cabañas Primavera Valdivia,Valdivia,casa/cabana,116719.0,7.7,1
Cabañas Rosner,Valdivia,casa/cabana,42075.0,8.9,0
Cabañas Sur Valdivia,Valdivia,casa/cabana,103196.0,7.2,1
Cabañas Vista Hermosa Valdivia,Valdivia,casa/cabana,63677.0,7.9,1
Cabañas Vista Hermosa Valdivia,Valdivia,casa/cabana,97818.0,8.5,0
Casa de la Ribera Pelantaro,Valdivia,casa/cabana,179091.0,9.0,2
Departamento nuevo full equipado,Valdivia,casa/cabana,120794.0,7.7,1
Departamentos y Cabañas tres espinos altos,Valdivia,casa/cabana,21844.0,8.7,0
Cabañas Andino Valparaiso,Valparaiso,casa/cabana,81797.0,8.2,1
Cabañas Andino Valparaiso,Valparaiso,casa/cabana,91359.0,9.5,0
Cabañas Central Valparaiso,Valparaiso,casa/cabana,91711.0,7.0,1
Cabañas Central Valparaiso,Valparaiso,casa/cabana,76962.0,7.4,1
Cabañas Costanera Valparaiso,Valparaiso,casa/cabana,107849.0,9.3,0
Cabañas Del Mar Valparaiso,Valparaiso,casa/cabana,54447.0,7.0,1
Cabañas Del Mar Valparaiso,Valparaiso,casa/cabana,86613.0,9.7,0
Cabañas El Mediterráneo,Valparaiso,casa/cabana,89545.0,8.7,0
Cabañas Norte Valparaiso,Valparaiso,casa/cabana,79112.0,8.7,0
Cabañas Plaza Valparaiso,Valparaiso,casa/cabana,71780.0,9.7,0
Cabañas Primavera Valparaiso,Valparaiso,casa/cabana,119129.0,7.7,1
Cabañas Primavera Valparaiso,Valparaiso,casa/cabana,102666.0,7.9,1
Cabañas Sur Valparaiso,Valparaiso,casa/cabana,52993.0,8.5,0
Cabañas Sur Valparaiso,Valparaiso,casa/cabana,70275.0,8.7,0
Cabañas Vista Hermosa Valparaiso,Valparaiso,casa/cabana,105427.0,8.7,0
Cabañas Vista Hermosa Valparaiso,Valparaiso,casa/cabana,68045.0,9.2,0
Departamentos Puerto Claro,Valparaiso,casa/cabana,229344.0,9.6,2
Muelle Barón - Terminal de Buses,Valparaiso,casa/cabana,96000.0,10.0,0
Cabañas Andino Vina del Mar,Vina del Mar,casa/cabana,116523.0,9.7,0
Cabañas Andino Vina del Mar,Vina del Mar,casa/cabana,102147.0,8.7,0
Cabañas Central Vina del Mar,Vina del Mar,casa/cabana,59973.0,8.4,0
Cabañas Central Vina del Mar,Vina del Mar,casa/cabana,56460.0,7.8,1
Cabañas Costanera Vina del Mar,Vina del Mar,casa/cabana,94753.0,7.3,1
Cabañas Del Mar Vina del Mar,Vina del Mar,casa/cabana,105665.0,6.7,1
Cabañas Del Mar Vina del Mar,Vina del Mar,casa/cabana,98527.0,8.7,0
Cabañas Norte Vina del Mar,Vina del Mar,casa/cabana,50404.0,8.4,0
Cabañas Norte Vina del Mar,Vina del Mar,casa/cabana,50712.0,9.4,0
Cabañas Plaza Vina del Mar,Vina del Mar,casa/cabana,90078.0,7.2,1
Cabañas Plaza Vina del Mar,Vina del Mar,casa/cabana,98440.0,8.3,0
Cabañas Primavera Vina del Mar,Vina del Mar,casa/cabana,46810.0,8.1,1
Cabañas Primavera Vina del Mar,Vina del Mar,casa/cabana,106977.0,8.6,0
Cabañas Sur Vina del Mar,Vina del Mar,casa/cabana,72037.0,7.9,1
Cabañas Sur Vina del Mar,Vina del Mar,casa/cabana,75199.0,7.3,1
Cabañas Vista Hermosa Vina del Mar,Vina del Mar,casa/cabana,84873.0,9.7,0
Cabañas Vista Hermosa Vina del Mar,Vina del Mar,casa/cabana,120712.0,8.9,2
Loft para 2 personas,Vina del Mar,casa/cabana,196000.0,9.0,2
Alto del Sol Costanera Antofagasta,Antofagasta,hostal,130694.0,8.6,2
Edificio Vista Horizonte,Antofagasta,hostal,132873.0,7.4,1
Enjoy Antofagasta,Antofagasta,hostal,119937.0,8.0,2
HOM I Ideal para viajes laborales I Parking I WiFi PNB 2017,Antofagasta,hostal,117985.0,9.1,0
Hampton By Hilton Antofagasta,Antofagasta,hostal,155535.0,8.2,2
Hostal Andino Antofagasta,Antofagasta,hostal,22305.0,9.1,0
Hostal Andino Antofagasta,Antofagasta,hostal,22452.0,7.9,1
Hostal Central Antofagasta,Antofagasta,hostal,42982.0,7.7,1
Hostal Central Antofagasta,Antofagasta,hostal,32695.0,9.4,0
Hostal Costanera Antofagasta,Antofagasta,hostal,33748.0,7.3,1
Hostal Costanera Antofagasta,Antofagasta,hostal,22455.0,8.1,1
Hostal Del Mar Antofagasta,Antofagasta,hostal,35839.0,7.5,1
Hostal Norte Antofagasta,Antofagasta,hostal,21993.0,9.7,0
Hostal Norte Antofagasta,Antofagasta,hostal,44990.0,7.2,1
Hostal Pampaloja Antof,Antofagasta,hostal,31511.0,7.8,1
Hostal Plaza Antofagasta,Antofagasta,hostal,39163.0,8.3,0
Hostal Plaza Antofagasta,Antofagasta,hostal,32140.0,8.6,0
Hostal Primavera Antofagasta,Antofagasta,hostal,39139.0,8.8,0
Hostal Primavera Antofagasta,Antofagasta,hostal,32983.0,7.0,1
Hostal Sur Antofagasta,Antofagasta,hostal,40599.0,6.7,1
Hostal Vista Hermosa Antofagasta,Antofagasta,hostal,31020.0,9.6,0
Hostal Vista Hermosa Antofagasta,Antofagasta,hostal,34879.0,7.5,1
"Moderno Depto Psicina, gym y parking",Antofagasta,hostal,204000.0,9.7,2
NORTHSUITE - Vista al Mar Centricos Dptos Frente al Mall,Antofagasta,hostal,202880.0,9.5,2
NORTHSUITE - Vista al Mar y Parking Frente Mall,Antofagasta,hostal,105276.0,9.5,0
Puerto Nuevo Antofagasta,Antofagasta,hostal,102211.0,8.4,0
Residencial Andino Antofagasta,Antofagasta,hostal,37958.0,9.2,0
Residencial Andino Antofagasta,Antofagasta,hostal,44648.0,7.4,1
Residencial Central Antofagasta,Antofagasta,hostal,21942.0,7.5,1
Residencial Central Antofagasta,Antofagasta,hostal,37641.0,7.3,1
Residencial Costanera Antofagasta,Antofagasta,hostal,21844.0,8.2,1
Residencial Costanera Antofagasta,Antofagasta,hostal,37313.0,7.1,1
Residencial Del Mar Antofagasta,Antofagasta,hostal,33073.0,7.6,1
Residencial Norte Antofagasta,Antofagasta,hostal,41934.0,7.0,1
Residencial Plaza Antofagasta,Antofagasta,hostal,32648.0,7.8,1
Residencial Plaza Antofagasta,Antofagasta,hostal,27616.0,7.9,1
Residencial Primavera Antofagasta,Antofagasta,hostal,36371.0,7.2,1
Residencial Primavera Antofagasta,Antofagasta,hostal,26569.0,7.6,1
Residencial Sur Antofagasta,Antofagasta,hostal,31709.0,9.4,0
Residencial Vista Hermosa Antofagasta,Antofagasta,hostal,30712.0,7.4,1
Residencial Vista Hermosa Antofagasta,Antofagasta,hostal,29876.0,9.8,0
Alto Chinchorro Hostel,Arica,hostal,53239.0,8.4,0
Departamento cerca del mar con 3 habitaciones,Arica,hostal,63000.0,9.1,0
Guesthouse Playa Chinchorro,Arica,hostal,25073.0,9.1,0
Hostal Andino Arica,Arica,hostal,25685.0,7.8,1
Hostal Andino Arica,Arica,hostal,24400.0,8.6,0
Hostal Arica 3,Arica,hostal,21844.0,7.9,1
Hostal Central Arica,Arica,hostal,24310.0,9.7,0
Hostal Central Arica,Arica,hostal,22374.0,7.2,1
Hostal Copa Arica,Arica,hostal,38028.0,7.1,1
Hostal Costanera Arica,Arica,hostal,32229.0,8.5,0
Hostal Costanera Arica,Arica,hostal,33628.0,7.7,1
Hostal Del Mar Arica,Arica,hostal,32466.0,7.9,1
Hostal Del Mar Arica,Arica,hostal,24842.0,8.0,1
Hostal Norte Arica,Arica,hostal,35992.0,8.7,0
Hostal Ostello Amadeus,Arica,hostal,56000.0,7.7,1
Hostal Plaza Arica,Arica,hostal,28962.0,9.0,0
Hostal Plaza Arica,Arica,hostal,29695.0,7.1,1
Hostal Primavera Arica,Arica,hostal,29932.0,8.7,0
Hostal Primavera Arica,Arica,hostal,24924.0,9.4,0
Hostal Sur Arica,Arica,hostal,34367.0,8.2,1
Hostal Sur Arica,Arica,hostal,41326.0,9.6,0
Hostal Venecia,Arica,hostal,25054.0,7.9,1
Hostal Vista Hermosa Arica,Arica,hostal,28113.0,9.1,0
Hostel Posada de Gallo,Arica,hostal,31496.0,8.2,1
Hostel Willka Kuti Backpackers,Arica,hostal,43736.0,8.0,1
Illariy Wasi Hostal,Arica,hostal,28688.0,8.5,0
Raymi House Hostel,Arica,hostal,38484.0,8.8,0
Residencial Andino Arica,Arica,hostal,28508.0,8.1,1
Residencial Andino Arica,Arica,hostal,43739.0,8.5,0
Residencial Central Arica,Arica,hostal,25581.0,6.8,1
Residencial Central Arica,Arica,hostal,34121.0,8.0,1
Residencial Costanera Arica,Arica,hostal,26901.0,7.1,1
Residencial Del Mar Arica,Arica,hostal,42519.0,7.8,1
Residencial Norte Arica,Arica,hostal,21844.0,8.6,0
Residencial Norte Arica,Arica,hostal,33418.0,7.9,1
Residencial Plaza Arica,Arica,hostal,22840.0,8.0,1
Residencial Primavera Arica,Arica,hostal,35254.0,7.7,1
Residencial Primavera Arica,Arica,hostal,23703.0,9.4,0
Residencial Sur Arica,Arica,hostal,36534.0,9.1,0
Residencial Vista Hermosa Arica,Arica,hostal,21844.0,6.7,1
Residencial Vista Hermosa Arica,Arica,hostal,45109.0,7.0,1
Anka Hostel,Calama,hostal,142500.0,9.1,2
Ayelen Express,Calama,hostal,173406.0,8.0,2
Ckayatar,Calama,hostal,86292.0,8.4,0
Departamento Calama Kamac Mayu,Calama,hostal,107820.0,9.0,0
Geotel Calama,Calama,hostal,144952.0,8.9,2
Hostal America,Calama,hostal,159536.0,6.8,1
Hostal Andino Calama,Calama,hostal,37149.0,8.5,0
Hostal Central Calama,Calama,hostal,42395.0,7.6,1
Hostal Central Calama,Calama,hostal,40334.0,7.6,1
Hostal Costanera Calama,Calama,hostal,38134.0,8.0,1
Hostal Costanera Calama,Calama,hostal,45947.0,8.8,0
Hostal Del Mar Calama,Calama,hostal,44949.0,6.8,1
Hostal Del Mar Calama,Calama,hostal,45078.0,8.0,1
Hostal Norte Calama,Calama,hostal,44763.0,7.1,1
Hostal Plaza Calama,Calama,hostal,31561.0,8.1,1
Hostal Plaza Calama,Calama,hostal,46809.0,9.1,0
Hostal Primavera Calama,Calama,hostal,39517.0,8.4,0
Hostal Primavera Calama,Calama,hostal,24702.0,8.5,0
Hostal Sur Calama,Calama,hostal,26978.0,8.8,0
Hostal Sur Calama,Calama,hostal,38463.0,7.3,1
Hostal Vista Hermosa Calama,Calama,hostal,26506.0,7.6,1
Hostal Vista Hermosa Calama,Calama,hostal,41262.0,9.2,0
Para negocios,Calama,hostal,210000.0,8.9,2
Residencial Andino Calama,Calama,hostal,42086.0,9.4,0
Residencial Andino Calama,Calama,hostal,36875.0,7.8,1
Residencial Central Calama,Calama,hostal,28901.0,8.0,1
Residencial Central Calama,Calama,hostal,27989.0,8.8,0
Residencial Costanera Calama,Calama,hostal,25321.0,7.1,1
Residencial Costanera Calama,Calama,hostal,28239.0,7.3,1
Residencial Del Mar Calama,Calama,hostal,25361.0,7.0,1
Residencial Del Mar Calama,Calama,hostal,38992.0,8.9,0
Residencial Norte Calama,Calama,hostal,21844.0,8.0,1
Residencial Norte Calama,Calama,hostal,24233.0,8.0,1
Residencial Plaza Calama,Calama,hostal,40060.0,7.9,1
Residencial Primavera Calama,Calama,hostal,29098.0,7.2,1
Residencial Sur Calama,Calama,hostal,41775.0,7.5,1
Residencial Sur Calama,Calama,hostal,31121.0,9.0,0
Residencial Vista Hermosa Calama,Calama,hostal,38360.0,7.4,1
Residencial Vista Hermosa Calama,Calama,hostal,22588.0,8.6,0
comodidad-seguridad-conectividad,Calama,hostal,211410.0,9.5,2
Departamento Chillan céntrico,Chillan,hostal,196104.0,9.3,2
Depto Cómodo 1908 y Equipado en el Centro de Chillan con Estacionamiento,Chillan,hostal,165000.0,9.6,2
Depto Nuevo Chillan Centro 2D-2B-E privado,Chillan,hostal,167400.0,9.6,2
Espectacular y cómodo departamento,Chillan,hostal,136500.0,9.1,2
Genesis,Chillan,hostal,114000.0,8.2,2
HOSTAL EL AROMO Chillán,Chillan,hostal,36000.0,8.5,0
Hostal Andino Chillan,Chillan,hostal,43883.0,8.0,1
Hostal Andino Chillan,Chillan,hostal,22000.0,9.5,0
Hostal Central Chillan,Chillan,hostal,34797.0,7.6,1
Hostal Central Chillan,Chillan,hostal,40702.0,7.0,1
Hostal Costanera Chillan,Chillan,hostal,34353.0,7.5,1
Hostal Costanera Chillan,Chillan,hostal,46701.0,7.6,1
Hostal Del Mar Chillan,Chillan,hostal,44198.0,6.9,1
Hostal Del Mar Chillan,Chillan,hostal,42635.0,8.0,1
Hostal Norte Chillan,Chillan,hostal,25958.0,8.0,1
Hostal Plaza Chillan,Chillan,hostal,33491.0,7.4,1
Hostal Plaza Chillan,Chillan,hostal,35234.0,9.4,0
Hostal Primavera Chillan,Chillan,hostal,40983.0,7.3,1
Hostal Sur Chillan,Chillan,hostal,31034.0,9.0,0
Hostal Sur Chillan,Chillan,hostal,41077.0,8.2,1
Hostal Vista Hermosa Chillan,Chillan,hostal,25910.0,9.5,0
Lindo y central departamento,Chillan,hostal,47000.0,9.4,0
Moderno 1704 Depto en el Centro de Chillan con estacionamiento,Chillan,hostal,157500.0,9.5,2
Residencial Andino Chillan,Chillan,hostal,35018.0,8.4,0
Residencial Andino Chillan,Chillan,hostal,27363.0,7.9,1
Residencial Central Chillan,Chillan,hostal,23835.0,7.4,1
Residencial Costanera Chillan,Chillan,hostal,23549.0,9.3,0
Residencial Costanera Chillan,Chillan,hostal,23157.0,7.8,1
Residencial Del Mar Chillan,Chillan,hostal,44804.0,6.7,1
Residencial Norte Chillan,Chillan,hostal,31432.0,7.4,1
Residencial Norte Chillan,Chillan,hostal,25629.0,8.9,0
Residencial Plaza Chillan,Chillan,hostal,38943.0,8.4,0
Residencial Plaza Chillan,Chillan,hostal,25488.0,8.9,0
Residencial Primavera Chillan,Chillan,hostal,21844.0,7.1,1
Residencial Sur Chillan,Chillan,hostal,31914.0,7.0,1
Residencial Vista Hermosa Chillan,Chillan,hostal,41957.0,8.4,0
Residencial Vista Hermosa Chillan,Chillan,hostal,27520.0,8.6,0
Amplio Departamento con terraza,Concepcion,hostal,214200.0,8.1,2
Concepción Suites,Concepcion,hostal,173943.0,9.1,2
Departamento Park Collao Suit - Empresas Factura - Parking - wifi,Concepcion,hostal,140000.0,8.3,2
Departamento amoblado en Parque Urbano,Concepcion,hostal,214744.0,8.6,2
Holiday Inn Express - Concepcion by IHG,Concepcion,hostal,198850.0,8.8,2
Hostal Ayiwün,Concepcion,hostal,203089.0,8.6,2
Hostal Central Concepcion,Concepcion,hostal,29582.0,6.6,1
Hostal Central Concepcion,Concepcion,hostal,25811.0,7.7,1
Hostal Concepcion,Concepcion,hostal,82680.0,8.1,1
Hostal Costanera Concepcion,Concepcion,hostal,27754.0,9.7,0
Hostal Costanera Concepcion,Concepcion,hostal,44573.0,7.4,1
Hostal Del Mar Concepcion,Concepcion,hostal,37683.0,7.3,1
Hostal Del Mar Concepcion,Concepcion,hostal,39835.0,9.6,0
Hostal Norte Concepcion,Concepcion,hostal,40264.0,7.3,1
Hostal Norte Concepcion,Concepcion,hostal,24244.0,9.7,0
Hostal Plaza Concepcion,Concepcion,hostal,36456.0,8.4,0
Hostal Plaza Concepcion,Concepcion,hostal,32245.0,9.0,0
Hostal Primavera Concepcion,Concepcion,hostal,30170.0,7.0,1
Hostal Sur Concepcion,Concepcion,hostal,39395.0,9.3,0
Hostal Sur Concepcion,Concepcion,hostal,38732.0,8.1,1
Hostal Vista Hermosa Concepcion,Concepcion,hostal,37154.0,7.5,1
Hostal Vista Hermosa Concepcion,Concepcion,hostal,44947.0,7.5,1
Hostal del Rio,Concepcion,hostal,65978.0,8.3,0
Mirador Plaza,Concepcion,hostal,213118.0,8.6,2
Residencial Andino Concepcion,Concepcion,hostal,24808.0,8.4,0
Residencial Andino Concepcion,Concepcion,hostal,46382.0,7.7,1
Residencial Central Concepcion,Concepcion,hostal,31205.0,9.6,0
Residencial Central Concepcion,Concepcion,hostal,36497.0,9.4,0
Residencial Costanera Concepcion,Concepcion,hostal,27274.0,7.7,1
Residencial Costanera Concepcion,Concepcion,hostal,41529.0,9.5,0
Residencial Del Mar Concepcion,Concepcion,hostal,28391.0,7.3,1
Residencial Del Mar Concepcion,Concepcion,hostal,37862.0,9.2,0
Residencial Norte Concepcion,Concepcion,hostal,33890.0,8.3,0
Residencial Norte Concepcion,Concepcion,hostal,45116.0,8.3,0
Residencial Plaza Concepcion,Concepcion,hostal,21844.0,9.5,0
Residencial Plaza Concepcion,Concepcion,hostal,30639.0,9.1,0
Residencial Primavera Concepcion,Concepcion,hostal,33081.0,6.9,1
Residencial Primavera Concepcion,Concepcion,hostal,38763.0,8.0,1
Residencial Sur Concepcion,Concepcion,hostal,35629.0,8.6,0
Residencial Sur Concepcion,Concepcion,hostal,45720.0,8.2,1
Residencial Vista Hermosa Concepcion,Concepcion,hostal,34324.0,7.0,1
Residencial Vista Hermosa Concepcion,Concepcion,hostal,47157.0,7.8,1
El valle,Copiapo,hostal,79318.0,7.0,1
Hostal Andino Copiapo,Copiapo,hostal,39157.0,7.1,1
Hostal Andino Copiapo,Copiapo,hostal,46512.0,7.7,1
Hostal Cactus Copiapo,Copiapo,hostal,29550.0,6.6,1
Hostal Central Copiapo,Copiapo,hostal,23148.0,9.2,0
Hostal Central Copiapo,Copiapo,hostal,31017.0,8.8,0
Hostal Costanera Copiapo,Copiapo,hostal,21844.0,9.5,0
Hostal Costanera Copiapo,Copiapo,hostal,36827.0,7.2,1
Hostal Del Mar Copiapo,Copiapo,hostal,42008.0,9.0,0
Hostal Norte Copiapo,Copiapo,hostal,42582.0,8.3,0
Hostal Plaza Copiapo,Copiapo,hostal,35580.0,6.7,1
Hostal Plaza Copiapo,Copiapo,hostal,39723.0,8.3,0
Hostal Primavera Copiapo,Copiapo,hostal,39915.0,7.9,1
Hostal Primavera Copiapo,Copiapo,hostal,41629.0,9.3,0
Hostal Sol de Atacama,Copiapo,hostal,128847.0,6.6,1
Hostal Sur Copiapo,Copiapo,hostal,41700.0,8.0,1
Hostal Sur Copiapo,Copiapo,hostal,25708.0,9.5,0
Hostal Vista Hermosa Copiapo,Copiapo,hostal,33040.0,9.1,0
Hostal Vista Hermosa Copiapo,Copiapo,hostal,25648.0,8.1,1
Lodge Atacama Hostal,Copiapo,hostal,81000.0,7.8,1
Residencial Andino Copiapo,Copiapo,hostal,41386.0,9.4,0
Residencial Andino Copiapo,Copiapo,hostal,28981.0,7.9,1
Residencial Central Copiapo,Copiapo,hostal,23809.0,8.2,1
Residencial Central Copiapo,Copiapo,hostal,40652.0,8.6,0
Residencial Costanera Copiapo,Copiapo,hostal,25441.0,8.3,0
Residencial Costanera Copiapo,Copiapo,hostal,22241.0,8.1,1
Residencial Del Mar Copiapo,Copiapo,hostal,34265.0,9.2,0
Residencial Del Mar Copiapo,Copiapo,hostal,33025.0,7.9,1
Residencial Norte Copiapo,Copiapo,hostal,31101.0,7.5,1
Residencial Norte Copiapo,Copiapo,hostal,38938.0,7.8,1
Residencial Plaza Copiapo,Copiapo,hostal,41105.0,7.9,1
Residencial Primavera Copiapo,Copiapo,hostal,39886.0,8.2,1
Residencial Primavera Copiapo,Copiapo,hostal,47561.0,8.9,0
Residencial Sur Copiapo,Copiapo,hostal,35375.0,8.4,0
Residencial Sur Copiapo,Copiapo,hostal,26031.0,8.5,0
Residencial Vista Hermosa Copiapo,Copiapo,hostal,39620.0,6.8,1
Residencial Vista Hermosa Copiapo,Copiapo,hostal,40002.0,7.9,1
Casa Balmaceda Backpackers,Coyhaique,hostal,36279.0,8.3,0
Cómodo y céntrico,Coyhaique,hostal,36504.0,8.4,0
Hostal Andino Coyhaique,Coyhaique,hostal,43869.0,9.2,0
Hostal Casa Arrayán,Coyhaique,hostal,63094.0,8.8,0
Hostal Central Coyhaique,Coyhaique,hostal,44417.0,7.1,1
Hostal Central Coyhaique,Coyhaique,hostal,35358.0,9.3,0
Hostal Costanera Coyhaique,Coyhaique,hostal,24959.0,8.0,1
Hostal Costanera Coyhaique,Coyhaique,hostal,38023.0,8.5,0
Hostal Del Mar Coyhaique,Coyhaique,hostal,39704.0,8.3,0
Hostal Del Mar Coyhaique,Coyhaique,hostal,29548.0,8.0,1
Hostal Español Coyhaique,Coyhaique,hostal,65545.0,9.0,0
Hostal Esquina Patagónica,Coyhaique,hostal,66699.0,9.7,0
Hostal Norte Coyhaique,Coyhaique,hostal,31255.0,7.9,1
Hostal Norte Coyhaique,Coyhaique,hostal,33721.0,7.7,1
Hostal Plaza Coyhaique,Coyhaique,hostal,41190.0,9.7,0
Hostal Primavera Coyhaique,Coyhaique,hostal,30744.0,9.7,0
Hostal Primavera Coyhaique,Coyhaique,hostal,39552.0,7.2,1
Hostal Sur Coyhaique,Coyhaique,hostal,39904.0,6.7,1
Hostal Uruz,Coyhaique,hostal,65437.0,9.1,0
Hostal Viento Sur,Coyhaique,hostal,63094.0,8.3,0
Hostal Vista Hermosa Coyhaique,Coyhaique,hostal,25092.0,9.7,0
Residencial Andino Coyhaique,Coyhaique,hostal,41655.0,8.9,0
Residencial Central Coyhaique,Coyhaique,hostal,31387.0,8.0,1
Residencial Central Coyhaique,Coyhaique,hostal,46002.0,7.1,1
Residencial Costanera Coyhaique,Coyhaique,hostal,24609.0,9.7,0
Residencial Costanera Coyhaique,Coyhaique,hostal,40517.0,8.2,1
Residencial Del Mar Coyhaique,Coyhaique,hostal,23503.0,7.3,1
Residencial Del Mar Coyhaique,Coyhaique,hostal,46117.0,9.1,0
Residencial Norte Coyhaique,Coyhaique,hostal,32833.0,7.6,1
Residencial Norte Coyhaique,Coyhaique,hostal,26536.0,9.0,0
Residencial Plaza Coyhaique,Coyhaique,hostal,41840.0,7.6,1
Residencial Plaza Coyhaique,Coyhaique,hostal,23435.0,8.4,0
Residencial Primavera Coyhaique,Coyhaique,hostal,27872.0,9.2,0
Residencial Primavera Coyhaique,Coyhaique,hostal,36613.0,9.7,0
Residencial Sur Coyhaique,Coyhaique,hostal,21844.0,6.6,1
Residencial Sur Coyhaique,Coyhaique,hostal,39976.0,8.3,0
Residencial Vista Hermosa Coyhaique,Coyhaique,hostal,37284.0,8.8,0
Alem Do Horizonte,Iquique,hostal,150321.0,9.2,2
Departamento céntrico y cómodo,Iquique,hostal,90000.0,10.0,0
Departamento vista al mar cerca de todo,Iquique,hostal,107454.0,9.8,0
Habitación Studio con baño privado,Iquique,hostal,40000.0,8.2,1
Hostal Andino Iquique,Iquique,hostal,34821.0,7.1,1
Hostal Andino Iquique,Iquique,hostal,29834.0,7.3,1
Hostal Central Iquique,Iquique,hostal,36489.0,8.7,0
Hostal Central Iquique,Iquique,hostal,25635.0,8.5,0
Hostal Costanera Iquique,Iquique,hostal,25089.0,6.8,1
Hostal Del Mar Iquique,Iquique,hostal,36333.0,6.6,1
Hostal Del Mar Iquique,Iquique,hostal,23662.0,9.6,0
Hostal Litoral,Iquique,hostal,200582.0,9.0,2
Hostal Norte Iquique,Iquique,hostal,32310.0,7.9,1
Hostal Norte Iquique,Iquique,hostal,36585.0,9.0,0
Hostal Plaza Iquique,Iquique,hostal,21844.0,9.2,0
Hostal Plaza Iquique,Iquique,hostal,29261.0,8.8,0
Hostal Primavera Iquique,Iquique,hostal,26744.0,8.9,0
Hostal Primavera Iquique,Iquique,hostal,45145.0,8.6,0
Hostal Sur Iquique,Iquique,hostal,42915.0,6.9,1
Hostal Vista Hermosa Iquique,Iquique,hostal,24704.0,7.9,1
Hostal Vista Hermosa Iquique,Iquique,hostal,34935.0,7.5,1
Hotel Diego de Almagro,Iquique,hostal,76156.0,7.6,1
Mini Departamentos ALPRO,Iquique,hostal,73953.0,8.3,0
NH Iquique Costa,Iquique,hostal,153685.0,8.4,2
Ocean Boulevard,Iquique,hostal,180000.0,9.0,2
Residencial Andino Iquique,Iquique,hostal,31262.0,7.7,1
Residencial Andino Iquique,Iquique,hostal,43708.0,8.4,0
Residencial Central Iquique,Iquique,hostal,21844.0,7.7,1
Residencial Central Iquique,Iquique,hostal,28440.0,9.6,0
Residencial Costanera Iquique,Iquique,hostal,23827.0,9.4,0
Residencial Costanera Iquique,Iquique,hostal,40344.0,9.0,0
Residencial Del Mar Iquique,Iquique,hostal,24992.0,7.7,1
Residencial Del Mar Iquique,Iquique,hostal,39680.0,8.9,0
Residencial Norte Iquique,Iquique,hostal,21844.0,8.3,0
Residencial Plaza Iquique,Iquique,hostal,31500.0,9.2,0
Residencial Plaza Iquique,Iquique,hostal,26549.0,8.8,0
Residencial Primavera Iquique,Iquique,hostal,43112.0,9.3,0
Residencial Primavera Iquique,Iquique,hostal,35474.0,7.1,1
Residencial Sur Iquique,Iquique,hostal,26584.0,7.2,1
Residencial Sur Iquique,Iquique,hostal,44594.0,7.9,1
Residencial Vista Hermosa Iquique,Iquique,hostal,39796.0,8.8,0
Residencial Vista Hermosa Iquique,Iquique,hostal,45187.0,7.9,1
Terrado Arturo Prat Iquique,Iquique,hostal,102675.0,8.6,0
Terrado Suites Iquique,Iquique,hostal,225482.0,8.4,2
departamento central costero,Iquique,hostal,115962.0,8.7,0
ibis Iquique,Iquique,hostal,148302.0,7.9,2
566 Hostel,La Serena,hostal,45000.0,8.3,0
Andes Hostal Serena,La Serena,hostal,45000.0,7.7,1
Arena y Mar,La Serena,hostal,84533.0,9.6,0
Arriendo dpto avenida del Mar.,La Serena,hostal,144505.0,9.6,2
Departamento La Serena sector Playa Peñuelas,La Serena,hostal,33750.0,9.7,0
Departamento en Peñuelas vista al mar cerca del casino de La Serena,La Serena,hostal,90250.0,7.9,1
Exclusivo Condominio con vista al mar,La Serena,hostal,207924.0,9.3,2
Hostal Andino La Serena,La Serena,hostal,27491.0,7.2,1
Hostal Andino La Serena,La Serena,hostal,24972.0,9.6,0
Hostal Central La Serena,La Serena,hostal,28347.0,8.5,0
Hostal Central La Serena,La Serena,hostal,37295.0,9.0,0
Hostal Costanera La Serena,La Serena,hostal,25824.0,6.7,1
Hostal Costanera La Serena,La Serena,hostal,45313.0,8.1,1
Hostal Del Mar La Serena,La Serena,hostal,41100.0,8.8,0
Hostal Del Mar La Serena,La Serena,hostal,22808.0,8.7,0
Hostal El Punto,La Serena,hostal,28644.0,8.6,0
Hostal Norte La Serena,La Serena,hostal,22408.0,7.0,1
Hostal Norte La Serena,La Serena,hostal,37463.0,8.8,0
Hostal Paso por La Serena,La Serena,hostal,44000.0,9.2,0
Hostal Plaza La Serena,La Serena,hostal,30963.0,8.7,0
Hostal Primavera La Serena,La Serena,hostal,33692.0,8.8,0
Hostal Primavera La Serena,La Serena,hostal,36356.0,8.0,1
Hostal Sur La Serena,La Serena,hostal,24271.0,7.6,1
Hostal Sur La Serena,La Serena,hostal,29002.0,9.6,0
Hostal Vista Hermosa La Serena,La Serena,hostal,38075.0,9.3,0
Hostal Vista Hermosa La Serena,La Serena,hostal,23602.0,7.5,1
Oceana Suites Distrito Verde,La Serena,hostal,158911.0,8.7,2
Pasos Playa 4 esquinas - amoblado,La Serena,hostal,227400.0,9.3,2
Residencial Andino La Serena,La Serena,hostal,43606.0,9.4,0
Residencial Andino La Serena,La Serena,hostal,33921.0,7.1,1
Residencial Campo Verde,La Serena,hostal,28392.0,8.3,0
Residencial Central La Serena,La Serena,hostal,43052.0,6.7,1
Residencial Central La Serena,La Serena,hostal,27751.0,7.0,1
Residencial Costanera La Serena,La Serena,hostal,21844.0,9.4,0
Residencial Costanera La Serena,La Serena,hostal,36844.0,9.7,0
Residencial Del Mar La Serena,La Serena,hostal,21844.0,9.6,0
Residencial Del Mar La Serena,La Serena,hostal,27837.0,7.7,1
Residencial Norte La Serena,La Serena,hostal,30556.0,7.1,1
Residencial Norte La Serena,La Serena,hostal,43235.0,9.5,0
Residencial Plaza La Serena,La Serena,hostal,30977.0,8.9,0
Residencial Primavera La Serena,La Serena,hostal,35876.0,9.3,0
Residencial Primavera La Serena,La Serena,hostal,40528.0,7.3,1
Residencial Sur La Serena,La Serena,hostal,38777.0,9.7,0
Residencial Sur La Serena,La Serena,hostal,45853.0,8.8,0
Residencial Vista Hermosa La Serena,La Serena,hostal,29361.0,7.0,1
Tu Jardín Secreto,La Serena,hostal,28843.0,9.1,0
Hostal Graciela,Pucon,hostal,142500.0,8.9,2
"Casa Terra, Tu Refugio en la Naturaleza del Sur de Chile",Puerto Montt,hostal,46900.0,8.1,1
Departamento centrico,Puerto Montt,hostal,225654.0,9.7,2
Departamentos Arrayán,Puerto Montt,hostal,35000.0,9.1,0
Hostal Andino Puerto Montt,Puerto Montt,hostal,38515.0,9.7,0
Hostal Central Puerto Montt,Puerto Montt,hostal,33668.0,8.2,1
Hostal Central Puerto Montt,Puerto Montt,hostal,36184.0,7.6,1
Hostal Costanera Puerto Montt,Puerto Montt,hostal,27938.0,7.5,1
Hostal Del Mar Puerto Montt,Puerto Montt,hostal,41011.0,8.3,0
Hostal Norte Puerto Montt,Puerto Montt,hostal,27907.0,8.6,0
Hostal Norte Puerto Montt,Puerto Montt,hostal,31001.0,8.8,0
Hostal Patrimonial Angelmó,Puerto Montt,hostal,35963.0,8.9,0
Hostal Plaza Puerto Montt,Puerto Montt,hostal,27049.0,7.4,1
Hostal Plaza Puerto Montt,Puerto Montt,hostal,26310.0,9.0,0
Hostal Primavera Puerto Montt,Puerto Montt,hostal,29920.0,9.4,0
Hostal Primavera Puerto Montt,Puerto Montt,hostal,30090.0,9.0,0
Hostal Sur Puerto Montt,Puerto Montt,hostal,39504.0,7.1,1
Hostal Sur Puerto Montt,Puerto Montt,hostal,39222.0,9.4,0
Hostal Vista Hermosa Puerto Montt,Puerto Montt,hostal,30149.0,6.9,1
Hostal Vista Hermosa Puerto Montt,Puerto Montt,hostal,30543.0,9.5,0
Hostal y Cabañas Mirando al Mar,Puerto Montt,hostal,34611.0,8.3,0
Hostal y Cabañas Mozart,Puerto Montt,hostal,21844.0,9.6,0
Hotel Vicente Costanera,Puerto Montt,hostal,89499.0,8.4,0
Islanet Hostel & Bar,Puerto Montt,hostal,38839.0,7.8,1
Residencial Andino Puerto Montt,Puerto Montt,hostal,31393.0,7.9,1
Residencial Andino Puerto Montt,Puerto Montt,hostal,46431.0,9.1,0
Residencial Central Puerto Montt,Puerto Montt,hostal,37827.0,8.5,0
Residencial Costanera Puerto Montt,Puerto Montt,hostal,34411.0,9.1,0
Residencial Costanera Puerto Montt,Puerto Montt,hostal,30003.0,8.8,0
Residencial Del Mar Puerto Montt,Puerto Montt,hostal,39179.0,7.6,1
Residencial Del Mar Puerto Montt,Puerto Montt,hostal,41551.0,7.2,1
Residencial Norte Puerto Montt,Puerto Montt,hostal,24451.0,9.2,0
Residencial Norte Puerto Montt,Puerto Montt,hostal,41164.0,7.4,1
Residencial Plaza Puerto Montt,Puerto Montt,hostal,36455.0,6.8,1
Residencial Plaza Puerto Montt,Puerto Montt,hostal,38523.0,7.7,1
Residencial Primavera Puerto Montt,Puerto Montt,hostal,26479.0,8.3,0
Residencial Sur Puerto Montt,Puerto Montt,hostal,34761.0,9.5,0
Residencial Sur Puerto Montt,Puerto Montt,hostal,46579.0,9.1,0
Residencial Vista Hermosa Puerto Montt,Puerto Montt,hostal,36910.0,6.8,1
Residencial Vista Hermosa Puerto Montt,Puerto Montt,hostal,47091.0,7.3,1
ibis Puerto Montt,Puerto Montt,hostal,70262.0,7.8,1
Barso Home Puerto Natales,Puerto Natales,hostal,127500.0,9.3,0
Casita del Huerto,Puerto Natales,hostal,80000.0,9.9,0
Corner Hostel Puerto Natales,Puerto Natales,hostal,21844.0,7.8,1
Hostal Alcázar,Puerto Natales,hostal,68450.0,8.6,0
Hostal Andino Puerto Natales,Puerto Natales,hostal,39193.0,9.1,0
Hostal Andino Puerto Natales,Puerto Natales,hostal,27300.0,8.6,0
Hostal B&B Coastal Natales,Puerto Natales,hostal,64000.0,8.8,0
Hostal Baquedano,Puerto Natales,hostal,125364.0,9.3,0
Hostal Central Puerto Natales,Puerto Natales,hostal,36268.0,9.4,0
Hostal Costanera Puerto Natales,Puerto Natales,hostal,35122.0,8.0,1
Hostal Costanera Puerto Natales,Puerto Natales,hostal,44605.0,7.5,1
Hostal Del Mar Puerto Natales,Puerto Natales,hostal,37611.0,8.1,1
Hostal Del Mar Puerto Natales,Puerto Natales,hostal,43607.0,8.5,0
Hostal Doble E Patagonia,Puerto Natales,hostal,51727.0,9.1,0
Hostal Don Guillermo,Puerto Natales,hostal,31136.0,8.0,1
Hostal Norte Puerto Natales,Puerto Natales,hostal,21844.0,8.3,0
Hostal Norte Puerto Natales,Puerto Natales,hostal,26705.0,9.2,0
Hostal Plaza Puerto Natales,Puerto Natales,hostal,42637.0,9.3,0
Hostal Plaza Puerto Natales,Puerto Natales,hostal,39055.0,7.8,1
Hostal Primavera Puerto Natales,Puerto Natales,hostal,39470.0,7.4,1
Hostal Reymar,Puerto Natales,hostal,53686.0,8.3,0
Hostal Sur Puerto Natales,Puerto Natales,hostal,24012.0,8.7,0
Hostal Sur Puerto Natales,Puerto Natales,hostal,25086.0,8.4,0
Hostal Turpial Patagonia,Puerto Natales,hostal,190000.0,8.8,2
Hostal Vista Hermosa Puerto Natales,Puerto Natales,hostal,27076.0,7.4,1
Hostal Vista Hermosa Puerto Natales,Puerto Natales,hostal,42951.0,7.0,1
Hostel 53 Sur,Puerto Natales,hostal,21844.0,8.4,0
Residencial Andino Puerto Natales,Puerto Natales,hostal,43732.0,9.2,0
Residencial Andino Puerto Natales,Puerto Natales,hostal,46493.0,8.8,0
Residencial Central Puerto Natales,Puerto Natales,hostal,34401.0,7.9,1
Residencial Central Puerto Natales,Puerto Natales,hostal,25239.0,8.0,1
Residencial Costanera Puerto Natales,Puerto Natales,hostal,42932.0,7.1,1
Residencial Del Mar Puerto Natales,Puerto Natales,hostal,41710.0,8.7,0
Residencial Del Mar Puerto Natales,Puerto Natales,hostal,35532.0,7.0,1
Residencial Norte Puerto Natales,Puerto Natales,hostal,21844.0,9.0,0
Residencial Norte Puerto Natales,Puerto Natales,hostal,46461.0,9.7,0
Residencial Plaza Puerto Natales,Puerto Natales,hostal,21844.0,9.5,0
Residencial Plaza Puerto Natales,Puerto Natales,hostal,41762.0,7.9,1
Residencial Primavera Puerto Natales,Puerto Natales,hostal,33271.0,7.4,1
Residencial Primavera Puerto Natales,Puerto Natales,hostal,35832.0,9.0,0
Residencial Sur Puerto Natales,Puerto Natales,hostal,31720.0,8.6,0
Residencial Sur Puerto Natales,Puerto Natales,hostal,39533.0,9.2,0
Residencial Vista Hermosa Puerto Natales,Puerto Natales,hostal,33287.0,7.6,1
Treehouse Patagonia,Puerto Natales,hostal,191806.0,9.0,2
Turismo FORTALEZA PATAGONIA,Puerto Natales,hostal,63094.0,9.0,0
"Depto céntrico, cálido y full equipado junto al lago",Puerto Varas,hostal,110500.0,9.5,0
"HOM I Piscina Temperada, WiFi, Estacionamiento, Calefacción Central, Vista parcial al lago",Puerto Varas,hostal,117215.0,10.0,0
Habitación Privada e Independiente con Baño Privado,Puerto Varas,hostal,26891.0,7.9,1
Habitación en Casa Cumbres del Lago,Puerto Varas,hostal,52026.0,9.7,0
Hostal Andino Puerto Varas,Puerto Varas,hostal,32522.0,8.5,0
Hostal Brisas del Sur,Puerto Varas,hostal,30645.0,8.6,0
Hostal Central Puerto Varas,Puerto Varas,hostal,21844.0,8.8,0
Hostal Climb House,Puerto Varas,hostal,83213.0,9.0,0
Hostal Compass del Sur,Puerto Varas,hostal,43535.0,9.0,0
Hostal Costanera Puerto Varas,Puerto Varas,hostal,35712.0,7.3,1
Hostal Costanera Puerto Varas,Puerto Varas,hostal,30058.0,9.8,0
Hostal Del Mar Puerto Varas,Puerto Varas,hostal,25291.0,9.5,0
Hostal Del Mar Puerto Varas,Puerto Varas,hostal,47079.0,8.5,0
Hostal Norte Puerto Varas,Puerto Varas,hostal,39309.0,6.8,1
Hostal Norte Puerto Varas,Puerto Varas,hostal,33738.0,8.1,1
Hostal Plaza Puerto Varas,Puerto Varas,hostal,32000.0,7.9,1
Hostal Plaza Puerto Varas,Puerto Varas,hostal,41005.0,7.1,1
Hostal Primavera Puerto Varas,Puerto Varas,hostal,24811.0,7.6,1
Hostal Primavera Puerto Varas,Puerto Varas,hostal,22094.0,9.8,0
Hostal Sur Puerto Varas,Puerto Varas,hostal,29057.0,7.3,1
Hostal Vista Hermosa Puerto Varas,Puerto Varas,hostal,43770.0,7.2,1
Hostal Vista Hermosa Puerto Varas,Puerto Varas,hostal,35893.0,8.5,0
MaPatagonia Hostel Casa Historica,Puerto Varas,hostal,26407.0,9.6,0
Park Inn by Radisson Puerto Varas,Puerto Varas,hostal,79318.0,8.0,1
Residencial Andino Puerto Varas,Puerto Varas,hostal,21904.0,8.9,0
Residencial Andino Puerto Varas,Puerto Varas,hostal,43743.0,7.1,1
Residencial Central Puerto Varas,Puerto Varas,hostal,41294.0,9.6,0
Residencial Central Puerto Varas,Puerto Varas,hostal,26493.0,8.2,1
Residencial Costanera Puerto Varas,Puerto Varas,hostal,24684.0,9.7,0
Residencial Costanera Puerto Varas,Puerto Varas,hostal,32682.0,8.0,1
Residencial Del Mar Puerto Varas,Puerto Varas,hostal,26668.0,8.3,0
Residencial Del Mar Puerto Varas,Puerto Varas,hostal,30771.0,8.8,0
Residencial Norte Puerto Varas,Puerto Varas,hostal,38755.0,8.3,0
Residencial Norte Puerto Varas,Puerto Varas,hostal,31303.0,9.3,0
Residencial Plaza Puerto Varas,Puerto Varas,hostal,41685.0,8.4,0
Residencial Plaza Puerto Varas,Puerto Varas,hostal,40401.0,7.4,1
Residencial Primavera Puerto Varas,Puerto Varas,hostal,38123.0,7.9,1
Residencial Sur Puerto Varas,Puerto Varas,hostal,35680.0,6.6,1
Residencial Sur Puerto Varas,Puerto Varas,hostal,41404.0,9.0,0
Residencial Vista Hermosa Puerto Varas,Puerto Varas,hostal,42554.0,9.5,0
Residencial Vista Hermosa Puerto Varas,Puerto Varas,hostal,37288.0,9.7,0
Weisserhaus,Puerto Varas,hostal,138545.0,8.9,2
HOSTAL BOUTIQUE TERRA ANTARCTICA,Punta Arenas,hostal,49573.0,8.8,0
Haiken Hostal,Punta Arenas,hostal,160602.0,8.6,2
Hostal Andino Punta Arenas,Punta Arenas,hostal,41598.0,9.4,0
Hostal Andino Punta Arenas,Punta Arenas,hostal,26080.0,8.4,0
Hostal Boutique Puerta Roja,Punta Arenas,hostal,74764.0,8.9,0
Hostal Central Punta Arenas,Punta Arenas,hostal,21844.0,9.3,0
Hostal Central Punta Arenas,Punta Arenas,hostal,33812.0,9.6,0
Hostal Costanera Punta Arenas,Punta Arenas,hostal,38843.0,8.5,0
Hostal Costanera Punta Arenas,Punta Arenas,hostal,39603.0,7.2,1
Hostal Del Mar Punta Arenas,Punta Arenas,hostal,35639.0,7.1,1
Hostal Del Mar Punta Arenas,Punta Arenas,hostal,25237.0,7.5,1
Hostal Host Patagonia,Punta Arenas,hostal,26815.0,9.8,0
Hostal Micalvi,Punta Arenas,hostal,22000.0,8.9,0
Hostal Norte Punta Arenas,Punta Arenas,hostal,21844.0,7.5,1
Hostal Norte Punta Arenas,Punta Arenas,hostal,25138.0,7.2,1
Hostal Plaza Punta Arenas,Punta Arenas,hostal,21844.0,7.7,1
Hostal Plaza Punta Arenas,Punta Arenas,hostal,39346.0,8.2,1
Hostal Primavera Punta Arenas,Punta Arenas,hostal,30182.0,8.8,0
Hostal Primavera Punta Arenas,Punta Arenas,hostal,28395.0,9.6,0
Hostal Sur Punta Arenas,Punta Arenas,hostal,26529.0,9.2,0
Hostal Ventisqueros,Punta Arenas,hostal,67132.0,9.0,0
Hostal Vista Hermosa Punta Arenas,Punta Arenas,hostal,44684.0,8.4,0
Hostal Vista Hermosa Punta Arenas,Punta Arenas,hostal,29408.0,8.3,0
Innata Casa Hostal,Punta Arenas,hostal,54756.0,9.1,0
Karol Hostal,Punta Arenas,hostal,126162.0,8.9,2
Refugio Austral,Punta Arenas,hostal,52000.0,9.8,0
Residencial Andino Punta Arenas,Punta Arenas,hostal,34848.0,7.8,1
Residencial Andino Punta Arenas,Punta Arenas,hostal,26488.0,8.7,0
Residencial Central Punta Arenas,Punta Arenas,hostal,42862.0,9.8,0
Residencial Central Punta Arenas,Punta Arenas,hostal,47690.0,8.7,0
Residencial Costanera Punta Arenas,Punta Arenas,hostal,35369.0,6.9,1
Residencial Del Mar Punta Arenas,Punta Arenas,hostal,41480.0,7.0,1
Residencial Del Mar Punta Arenas,Punta Arenas,hostal,33834.0,9.1,0
Residencial Norte Punta Arenas,Punta Arenas,hostal,29388.0,8.6,0
Residencial Plaza Punta Arenas,Punta Arenas,hostal,42665.0,9.2,0
Residencial Primavera Punta Arenas,Punta Arenas,hostal,28436.0,8.0,1
Residencial Primavera Punta Arenas,Punta Arenas,hostal,44473.0,8.8,0
Residencial Sur Punta Arenas,Punta Arenas,hostal,40307.0,7.9,1
Residencial Sur Punta Arenas,Punta Arenas,hostal,44136.0,9.2,0
Residencial Vista Hermosa Punta Arenas,Punta Arenas,hostal,38926.0,7.7,1
Residencial Vista Hermosa Punta Arenas,Punta Arenas,hostal,43650.0,8.9,0
hostal perez de arce,Punta Arenas,hostal,31680.0,9.1,0
Alojamiento san Francisco de Asis -Casa equipada con estacionamiento 2 dormitorios 2 baños,Rancagua,hostal,120336.0,10.0,0
Altavista Hostal,Rancagua,hostal,76500.0,9.2,0
Departamento Hospedaje Rancagua Centro,Rancagua,hostal,95073.0,8.0,1
Hermoso Depto Piscina,Rancagua,hostal,161058.0,8.4,2
Hostal Andino Rancagua,Rancagua,hostal,26775.0,6.7,1
Hostal Central Rancagua,Rancagua,hostal,22784.0,9.2,0
Hostal Costanera Rancagua,Rancagua,hostal,38007.0,7.5,1
Hostal Costanera Rancagua,Rancagua,hostal,26675.0,8.6,0
Hostal Del Mar Rancagua,Rancagua,hostal,26352.0,8.3,0
Hostal Del Mar Rancagua,Rancagua,hostal,38898.0,8.9,0
Hostal Nomade Renovado 2025,Rancagua,hostal,83300.0,7.7,1
Hostal Norte Rancagua,Rancagua,hostal,31957.0,8.0,1
Hostal Norte Rancagua,Rancagua,hostal,41928.0,7.5,1
Hostal Plaza Rancagua,Rancagua,hostal,43309.0,6.9,1
Hostal Plaza Rancagua,Rancagua,hostal,43350.0,7.8,1
Hostal Primavera Rancagua,Rancagua,hostal,26917.0,9.0,0
Hostal Sur Rancagua,Rancagua,hostal,24069.0,7.6,1
Hostal Sur Rancagua,Rancagua,hostal,35945.0,8.6,0
Hostal Vista Hermosa Rancagua,Rancagua,hostal,41617.0,7.0,1
Hostal Vista Hermosa Rancagua,Rancagua,hostal,24632.0,8.0,1
Hostal el Parrón,Rancagua,hostal,86400.0,7.7,1
Rancagua lindo Departamento Familiar y Empresas con Parking y Wifi,Rancagua,hostal,72476.0,9.5,0
Residencial Andino Rancagua,Rancagua,hostal,30041.0,7.2,1
Residencial Andino Rancagua,Rancagua,hostal,29750.0,7.9,1
Residencial Central Rancagua,Rancagua,hostal,34981.0,9.8,0
Residencial Central Rancagua,Rancagua,hostal,28337.0,8.5,0
Residencial Costanera Rancagua,Rancagua,hostal,36689.0,8.2,1
Residencial Del Mar Rancagua,Rancagua,hostal,32141.0,7.0,1
Residencial Norte Rancagua,Rancagua,hostal,31308.0,7.2,1
Residencial Norte Rancagua,Rancagua,hostal,29624.0,8.6,0
Residencial Plaza Rancagua,Rancagua,hostal,25916.0,6.8,1
Residencial Plaza Rancagua,Rancagua,hostal,26436.0,9.2,0
Residencial Primavera Rancagua,Rancagua,hostal,38560.0,8.4,0
Residencial Primavera Rancagua,Rancagua,hostal,32486.0,7.1,1
Residencial Sur Rancagua,Rancagua,hostal,24072.0,8.9,0
Residencial Vista Hermosa Rancagua,Rancagua,hostal,32844.0,9.2,0
Residencial Vista Hermosa Rancagua,Rancagua,hostal,31069.0,7.1,1
City Express by Marriott Santiago Aeropuerto,Santiago,hostal,81053.0,8.2,1
Courtyard by Marriott Santiago Airport,Santiago,hostal,85898.0,8.2,1
Edificio O2,Santiago,hostal,130200.0,9.5,0
Forest Hostel,Santiago,hostal,75240.0,9.9,0
Hostal Andino Santiago,Santiago,hostal,43563.0,7.0,1
Hostal Central Santiago,Santiago,hostal,24378.0,9.6,0
Hostal Central Santiago,Santiago,hostal,27694.0,7.1,1
Hostal Costanera Santiago,Santiago,hostal,30162.0,8.5,0
Hostal Costanera Santiago,Santiago,hostal,32925.0,8.2,1
Hostal Del Mar Santiago,Santiago,hostal,32091.0,8.8,0
Hostal Del Mar Santiago,Santiago,hostal,33271.0,8.3,0
Hostal Norte Santiago,Santiago,hostal,43280.0,7.3,1
Hostal Plaza Santiago,Santiago,hostal,35299.0,8.5,0
Hostal Plaza Santiago,Santiago,hostal,46969.0,9.1,0
Hostal Primavera Santiago,Santiago,hostal,30550.0,6.9,1
Hostal Primavera Santiago,Santiago,hostal,44072.0,9.3,0
Hostal Sur Santiago,Santiago,hostal,43291.0,7.3,1
Hostal Sur Santiago,Santiago,hostal,43504.0,8.6,0
Hostal Vista Hermosa Santiago,Santiago,hostal,43895.0,9.2,0
Hostal Vista Hermosa Santiago,Santiago,hostal,22866.0,7.4,1
NH Ciudad de Santiago,Santiago,hostal,148442.0,8.6,2
NOI Vitacura,Santiago,hostal,174086.0,7.8,2
Rentasuite Lyon,Santiago,hostal,102211.0,8.8,0
Residencial Andino Santiago,Santiago,hostal,27703.0,6.6,1
Residencial Andino Santiago,Santiago,hostal,25150.0,7.7,1
Residencial Central Santiago,Santiago,hostal,21844.0,7.1,1
Residencial Central Santiago,Santiago,hostal,31700.0,9.6,0
Residencial Costanera Santiago,Santiago,hostal,24145.0,6.7,1
Residencial Costanera Santiago,Santiago,hostal,28977.0,7.2,1
Residencial Del Mar Santiago,Santiago,hostal,30318.0,7.0,1
Residencial Del Mar Santiago,Santiago,hostal,30821.0,8.2,1
Residencial Norte Santiago,Santiago,hostal,36006.0,7.1,1
Residencial Norte Santiago,Santiago,hostal,26825.0,8.6,0
Residencial Plaza Santiago,Santiago,hostal,39593.0,7.7,1
Residencial Plaza Santiago,Santiago,hostal,38983.0,9.3,0
Residencial Primavera Santiago,Santiago,hostal,37450.0,8.2,1
Residencial Primavera Santiago,Santiago,hostal,38919.0,9.0,0
Residencial Sur Santiago,Santiago,hostal,35262.0,9.8,0
Residencial Sur Santiago,Santiago,hostal,24998.0,9.6,0
Residencial Vista Hermosa Santiago,Santiago,hostal,43564.0,7.5,1
Stylish Oasis for Five in Guardia Vieja,Santiago,hostal,154511.0,8.7,2
Wyndham Santiago Aeropuerto,Santiago,hostal,98425.0,8.9,0
ibis Santiago Providencia,Santiago,hostal,133000.0,7.6,1
A pasos de Ruta Cinco y Universidad,Talca,hostal,39420.0,8.9,0
Departamento amoblado,Talca,hostal,40560.0,8.8,0
Departamento en Talca con 2 dormitorios,Talca,hostal,64000.0,9.6,0
Hostal Andino Talca,Talca,hostal,28436.0,9.1,0
Hostal Andino Talca,Talca,hostal,23641.0,7.6,1
Hostal Casa Azul,Talca,hostal,68503.0,7.7,1
Hostal Central Talca,Talca,hostal,31289.0,8.1,1
Hostal Central Talca,Talca,hostal,38330.0,9.4,0
Hostal Costanera Talca,Talca,hostal,30209.0,9.4,0
Hostal Costanera Talca,Talca,hostal,27276.0,8.5,0
Hostal Del Mar Talca,Talca,hostal,41797.0,6.7,1
Hostal Ibiza Talca,Talca,hostal,40000.0,9.3,0
Hostal Norte Talca,Talca,hostal,38307.0,7.6,1
Hostal Norte Talca,Talca,hostal,30923.0,8.3,0
Hostal Pehuenche,Talca,hostal,49898.0,8.6,0
Hostal Plaza Maule,Talca,hostal,43399.0,8.2,1
Hostal Plaza Talca,Talca,hostal,43228.0,9.0,0
Hostal Primavera Talca,Talca,hostal,23649.0,8.2,1
Hostal Sur Talca,Talca,hostal,21844.0,7.1,1
Hostal Sur Talca,Talca,hostal,25755.0,7.5,1
Hostal Vista Hermosa Talca,Talca,hostal,39872.0,9.6,0
Hostal Vista Hermosa Talca,Talca,hostal,33539.0,9.1,0
Hostal terminal,Talca,hostal,30000.0,7.4,1
Hostel 1760,Talca,hostal,33349.0,8.2,1
Oriente Hostal,Talca,hostal,42000.0,7.6,1
Residencial Andino Talca,Talca,hostal,35222.0,9.0,0
Residencial Andino Talca,Talca,hostal,34487.0,9.0,0
Residencial Central Talca,Talca,hostal,22599.0,9.1,0
Residencial Costanera Talca,Talca,hostal,41016.0,8.8,0
Residencial Costanera Talca,Talca,hostal,31102.0,7.1,1
Residencial Del Mar Talca,Talca,hostal,21844.0,7.8,1
Residencial Del Mar Talca,Talca,hostal,24203.0,8.6,0
Residencial Norte Talca,Talca,hostal,29676.0,7.8,1
Residencial Norte Talca,Talca,hostal,24376.0,8.3,0
Residencial Plaza Talca,Talca,hostal,28141.0,9.5,0
Residencial Primavera Talca,Talca,hostal,30823.0,9.6,0
Residencial Primavera Talca,Talca,hostal,29182.0,9.6,0
Residencial Sur Talca,Talca,hostal,27519.0,7.0,1
Residencial Vista Hermosa Talca,Talca,hostal,24611.0,8.8,0
Residencial Vista Hermosa Talca,Talca,hostal,31608.0,7.8,1
Alojamiento el Arrayán,Temuco,hostal,50000.0,9.9,0
Centro Temuco,Temuco,hostal,38634.0,9.6,0
Excelente ubicación y acogedor,Temuco,hostal,27550.0,7.2,1
Hostal Andino Temuco,Temuco,hostal,35141.0,8.7,0
Hostal Central Temuco,Temuco,hostal,29440.0,7.7,1
Hostal Central Temuco,Temuco,hostal,32364.0,9.3,0
Hostal Costanera Temuco,Temuco,hostal,21844.0,6.6,1
Hostal Costanera Temuco,Temuco,hostal,34783.0,9.0,0
Hostal Del Mar Temuco,Temuco,hostal,31882.0,9.1,0
Hostal Edificio Kuramochi,Temuco,hostal,32000.0,9.3,0
Hostal La Cumbre,Temuco,hostal,43352.0,8.7,0
Hostal Mackay Temuco,Temuco,hostal,42054.0,8.2,1
Hostal Norte Temuco,Temuco,hostal,42146.0,8.2,1
Hostal Plaza Temuco,Temuco,hostal,25704.0,7.0,1
Hostal Plaza Temuco,Temuco,hostal,32822.0,9.1,0
Hostal Primavera Temuco,Temuco,hostal,37209.0,9.1,0
Hostal Sur Temuco,Temuco,hostal,22013.0,9.5,0
Hostal Sur Temuco,Temuco,hostal,47355.0,9.4,0
Hostal Vista Hermosa Temuco,Temuco,hostal,44656.0,9.5,0
Hostal Vista Hermosa Temuco,Temuco,hostal,43799.0,7.9,1
Residencial Andino Temuco,Temuco,hostal,25532.0,9.4,0
Residencial Andino Temuco,Temuco,hostal,28073.0,7.6,1
Residencial Central Temuco,Temuco,hostal,30479.0,8.6,0
Residencial Central Temuco,Temuco,hostal,22036.0,8.2,1
Residencial Costanera Temuco,Temuco,hostal,27979.0,8.2,1
Residencial Costanera Temuco,Temuco,hostal,35646.0,9.5,0
Residencial Del Mar Temuco,Temuco,hostal,33277.0,7.4,1
Residencial Del Mar Temuco,Temuco,hostal,37310.0,9.7,0
Residencial Norte Temuco,Temuco,hostal,28890.0,8.6,0
Residencial Plaza Temuco,Temuco,hostal,29797.0,8.1,1
Residencial Primavera Temuco,Temuco,hostal,21880.0,7.7,1
Residencial Primavera Temuco,Temuco,hostal,24957.0,7.1,1
Residencial Sur Temuco,Temuco,hostal,30111.0,8.4,0
Residencial Vista Hermosa Temuco,Temuco,hostal,22718.0,8.4,0
Bercy,Valdivia,hostal,35700.0,9.6,0
Casa de la Ribera Rengo,Valdivia,hostal,161182.0,8.5,2
Dpto central y remodelado,Valdivia,hostal,113400.0,8.8,0
Hostal 1009 Valdivia,Valdivia,hostal,45202.0,9.2,0
Hostal Andino Valdivia,Valdivia,hostal,31973.0,9.3,0
Hostal Andino Valdivia,Valdivia,hostal,39011.0,9.6,0
Hostal Central Valdivia,Valdivia,hostal,24534.0,9.3,0
Hostal Costanera Valdivia,Valdivia,hostal,43414.0,6.6,1
Hostal Costanera Valdivia,Valdivia,hostal,41196.0,7.0,1
Hostal Del Mar Valdivia,Valdivia,hostal,42389.0,6.7,1
Hostal Del Mar Valdivia,Valdivia,hostal,33273.0,8.6,0
Hostal Feliza,Valdivia,hostal,45265.0,8.9,0
Hostal Norte Valdivia,Valdivia,hostal,37687.0,8.0,1
Hostal Norte Valdivia,Valdivia,hostal,25888.0,9.5,0
Hostal Plaza Valdivia,Valdivia,hostal,41791.0,8.6,0
Hostal Primavera Valdivia,Valdivia,hostal,23750.0,7.3,1
Hostal Primavera Valdivia,Valdivia,hostal,31782.0,8.9,0
Hostal Sur Valdivia,Valdivia,hostal,21844.0,7.9,1
Hostal Sur Valdivia,Valdivia,hostal,47974.0,7.2,1
Hostal Vista Hermosa Valdivia,Valdivia,hostal,38725.0,8.9,0
Hostal Vista Hermosa Valdivia,Valdivia,hostal,42725.0,9.3,0
Hostal del Muelle,Valdivia,hostal,50000.0,8.8,0
Hostel Torobayo,Valdivia,hostal,61291.0,9.3,0
Kapai Departamentos de Turismo,Valdivia,hostal,52701.0,8.2,1
Kapai Hostel,Valdivia,hostal,31105.0,8.2,1
Precioso Departamento en Isla Teja Para 4 Personas con Estacionamiento Privado,Valdivia,hostal,165000.0,8.4,2
Residencial Andino Valdivia,Valdivia,hostal,21844.0,8.9,0
Residencial Andino Valdivia,Valdivia,hostal,23364.0,8.4,0
Residencial Central Valdivia,Valdivia,hostal,27479.0,7.8,1
Residencial Central Valdivia,Valdivia,hostal,29507.0,9.0,0
Residencial Costanera Valdivia,Valdivia,hostal,30027.0,8.1,1
Residencial Del Mar Valdivia,Valdivia,hostal,21844.0,9.7,0
Residencial Del Mar Valdivia,Valdivia,hostal,31513.0,7.2,1
Residencial Norte Valdivia,Valdivia,hostal,23142.0,7.3,1
Residencial Norte Valdivia,Valdivia,hostal,40546.0,8.8,0
Residencial Plaza Valdivia,Valdivia,hostal,23537.0,9.8,0
Residencial Primavera Valdivia,Valdivia,hostal,25899.0,6.7,1
Residencial Sur Valdivia,Valdivia,hostal,25912.0,7.0,1
Residencial Sur Valdivia,Valdivia,hostal,38964.0,7.8,1
Residencial Vista Hermosa Valdivia,Valdivia,hostal,21844.0,8.2,1
Alluring View at Valparaiso departamento,Valparaiso,hostal,150000.0,9.4,2
Art Hostel Casa Chaman,Valparaiso,hostal,30844.0,8.7,0
Avg. per night,Valparaiso,hostal,122550.0,9.4,0
B&B La Nona,Valparaiso,hostal,165000.0,9.8,2
Casa California Guesthouse,Valparaiso,hostal,185359.0,9.6,2
Casa Esmeralda,Valparaiso,hostal,46239.0,9.2,0
Casa Volante Hostal,Valparaiso,hostal,36900.0,8.2,1
Departamento Patty,Valparaiso,hostal,60000.0,10.0,0
Escarabajo Hostel,Valparaiso,hostal,56370.0,8.8,0
Hostal Andino Valparaiso,Valparaiso,hostal,28286.0,7.1,1
Hostal Andino Valparaiso,Valparaiso,hostal,47547.0,7.4,1
Hostal Central Valparaiso,Valparaiso,hostal,36049.0,9.2,0
Hostal Central Valparaiso,Valparaiso,hostal,46994.0,9.5,0
Hostal Costanera Valparaiso,Valparaiso,hostal,36349.0,8.5,0
Hostal Costanera Valparaiso,Valparaiso,hostal,42315.0,9.3,0
Hostal Del Mar Valparaiso,Valparaiso,hostal,37807.0,6.6,1
Hostal Dinamarca,Valparaiso,hostal,37856.0,8.9,0
Hostal Miramar,Valparaiso,hostal,42363.0,9.5,0
Hostal Norte Valparaiso,Valparaiso,hostal,26148.0,7.9,1
Hostal Norte Valparaiso,Valparaiso,hostal,29172.0,9.2,0
Hostal Perro Watón,Valparaiso,hostal,104000.0,8.0,1
Hostal Plaza Valparaiso,Valparaiso,hostal,32390.0,8.4,0
Hostal Plaza Valparaiso,Valparaiso,hostal,26814.0,7.1,1
Hostal Po,Valparaiso,hostal,86408.0,8.8,0
Hostal Primavera Valparaiso,Valparaiso,hostal,27678.0,9.1,0
Hostal Primavera Valparaiso,Valparaiso,hostal,25843.0,9.4,0
Hostal Sur Valparaiso,Valparaiso,hostal,42636.0,6.6,1
Hostal Sur Valparaiso,Valparaiso,hostal,23630.0,9.7,0
Hostal Tunquelen,Valparaiso,hostal,96635.0,9.2,0
Hostal Vista Hermosa Valparaiso,Valparaiso,hostal,33835.0,6.9,1
Hostal Vista Hermosa Valparaiso,Valparaiso,hostal,37282.0,7.8,1
La Joya Hostel,Valparaiso,hostal,45319.0,8.2,1
Maki Hostels & Suites Valparaiso,Valparaiso,hostal,67275.0,7.9,1
Meraki Hostel - Cerro Alegre - Valparaíso,Valparaiso,hostal,96903.0,8.5,0
Residencial Andino Valparaiso,Valparaiso,hostal,35579.0,7.1,1
Residencial Andino Valparaiso,Valparaiso,hostal,31127.0,9.3,0
Residencial Central Valparaiso,Valparaiso,hostal,30879.0,9.6,0
Residencial Central Valparaiso,Valparaiso,hostal,26946.0,7.7,1
Residencial Costanera Valparaiso,Valparaiso,hostal,23618.0,8.2,1
Residencial Del Mar Valparaiso,Valparaiso,hostal,39410.0,7.9,1
Residencial Del Mar Valparaiso,Valparaiso,hostal,47121.0,7.4,1
Residencial Norte Valparaiso,Valparaiso,hostal,39371.0,6.9,1
Residencial Plaza Valparaiso,Valparaiso,hostal,23649.0,8.9,0
Residencial Primavera Valparaiso,Valparaiso,hostal,42327.0,9.5,0
Residencial Primavera Valparaiso,Valparaiso,hostal,36892.0,7.4,1
Residencial Sur Valparaiso,Valparaiso,hostal,37359.0,8.4,0
Residencial Vista Hermosa Valparaiso,Valparaiso,hostal,21844.0,7.4,1
Zero Hotel,Valparaiso,hostal,56212.0,6.6,1
B&B Hostel CasaMoro,Vina del Mar,hostal,156549.0,9.1,2
Departamento 2D2B con estacionamiento en pleno centro de Viña,Vina del Mar,hostal,171000.0,9.2,2
Departamento con Vista al Mar,Vina del Mar,hostal,73840.0,9.1,0
"Departamento muy central, a pasos de playa, bares y terminal",Vina del Mar,hostal,129375.0,9.3,2
Eco Hostal Offenbacher-Hof,Vina del Mar,hostal,156576.0,9.0,2
Hostal Andino Vina del Mar,Vina del Mar,hostal,37663.0,9.7,0
Hostal Andino Vina del Mar,Vina del Mar,hostal,46345.0,7.0,1
Hostal Central Vina del Mar,Vina del Mar,hostal,32219.0,7.0,1
Hostal Costanera Vina del Mar,Vina del Mar,hostal,38662.0,8.8,0
Hostal Costanera Vina del Mar,Vina del Mar,hostal,34534.0,8.6,0
Hostal Del Mar Vina del Mar,Vina del Mar,hostal,28778.0,9.0,0
Hostal EntreOrientes,Vina del Mar,hostal,52000.0,9.0,0
Hostal Gloria 2 poniente 333 casa 14,Vina del Mar,hostal,40000.0,10.0,0
Hostal Norte Vina del Mar,Vina del Mar,hostal,44696.0,9.2,0
Hostal Plaza Vina del Mar,Vina del Mar,hostal,43321.0,7.4,1
Hostal Primavera Vina del Mar,Vina del Mar,hostal,21844.0,7.4,1
Hostal Ravello,Vina del Mar,hostal,63454.0,7.6,1
Hostal Residencia Blest Gana,Vina del Mar,hostal,61327.0,8.7,0
Hostal Sur Vina del Mar,Vina del Mar,hostal,42782.0,7.0,1
Hostal Tres casas,Vina del Mar,hostal,56784.0,8.4,0
Hostal Vista Hermosa Vina del Mar,Vina del Mar,hostal,40691.0,8.5,0
Hostal Vista Hermosa Vina del Mar,Vina del Mar,hostal,36637.0,9.6,0
Residencial Andino Vina del Mar,Vina del Mar,hostal,44248.0,7.5,1
Residencial Andino Vina del Mar,Vina del Mar,hostal,46399.0,9.8,0
Residencial Central Vina del Mar,Vina del Mar,hostal,21844.0,7.6,1
Residencial Costanera Vina del Mar,Vina del Mar,hostal,38224.0,9.2,0
Residencial Del Mar Vina del Mar,Vina del Mar,hostal,41337.0,9.7,0
Residencial Del Mar Vina del Mar,Vina del Mar,hostal,28515.0,8.8,0
Residencial Norte Vina del Mar,Vina del Mar,hostal,35821.0,8.6,0
Residencial Norte Vina del Mar,Vina del Mar,hostal,46784.0,9.3,0
Residencial Plaza Vina del Mar,Vina del Mar,hostal,42782.0,9.1,0
Residencial Plaza Vina del Mar,Vina del Mar,hostal,25897.0,7.9,1
Residencial Primavera Vina del Mar,Vina del Mar,hostal,30597.0,7.2,1
Residencial Sur Vina del Mar,Vina del Mar,hostal,21844.0,7.3,1
Residencial Vista Hermosa Vina del Mar,Vina del Mar,hostal,41271.0,9.2,0
Residencial Vista Hermosa Vina del Mar,Vina del Mar,hostal,22036.0,7.3,1
VOY Hostales - 4 Norte,Vina del Mar,hostal,45427.0,7.9,1
VOY Hostales - Oriente,Vina del Mar,hostal,43805.0,8.1,1
VOY Hostales - Poniente,Vina del Mar,hostal,48672.0,7.3,1
AH Hotel,Antofagasta,hotel,90756.0,8.4,0
Ah Hotel,Antofagasta,hotel,54000.0,8.1,1
Apart Antofagasta,Antofagasta,hotel,68416.0,7.8,1
Apart Hotel Astore,Antofagasta,hotel,46291.0,8.6,0
Apartamento Virgilio Arias,Antofagasta,hotel,69849.0,9.5,0
Apartamento de Lujo. Frente Mall Plaza,Antofagasta,hotel,69507.0,7.1,1
Departamento Centro Sur 1 Dormitorio 1 baño Full equipado,Antofagasta,hotel,189000.0,9.7,2
"Departamento costado mall plaza, Balmaceda Antofagasta",Antofagasta,hotel,72535.0,7.7,1
Departamento excelente ubicación,Antofagasta,hotel,180000.0,9.6,2
Departamento full equipado,Antofagasta,hotel,160380.0,9.2,2
"Disponibles Deptos Central, Uribe 305, Mall Plaza 1, 2 y 3 dormitorios. Parking, Wifi y Factura",Antofagasta,hotel,108701.0,9.2,0
Enjoy Antofagasta,Antofagasta,hotel,172071.0,9.3,2
Enjoy Antofagasta,Antofagasta,hotel,197420.0,8.5,2
Fragga Hospedaje Boutique,Antofagasta,hotel,99000.0,7.9,1
Geotel,Antofagasta,hotel,89268.0,7.1,1
Geotel Antofagasta,Antofagasta,hotel,100904.0,8.4,0
Geotel Calama,Antofagasta,hotel,59699.0,9.3,0
HOM I Frente al Mall I Confort total I Studio I Wifi PNB 1817,Antofagasta,hotel,106493.0,9.4,0
HOTEL ASTORE Matta 2537,Antofagasta,hotel,65900.0,7.3,1
Hampton by Hilton Antofagasta,Antofagasta,hotel,88471.0,8.9,0
Holiday Inn,Antofagasta,hotel,80665.0,7.3,1
Holiday Inn Antofagasta,Antofagasta,hotel,66668.0,8.4,0
Holiday Inn Antofagasta,Antofagasta,hotel,58362.0,7.3,1
Holiday Inn Express - Antofagasta by IHG,Antofagasta,hotel,155300.0,8.9,2
Holiday Inn Express Antofagasta By IHG,Antofagasta,hotel,92027.0,8.5,0
Hospedaje Nuevo Amanecer,Antofagasta,hotel,50201.0,7.6,1
Hostal Iria,Antofagasta,hotel,36482.0,8.4,0
Hostal Quinta Normal,Antofagasta,hotel,49252.0,8.6,0
Hotel Alto Antofagasta,Antofagasta,hotel,86709.0,7.9,1
Hotel Andino Antofagasta,Antofagasta,hotel,56328.0,7.3,1
Hotel Antofagasta,Antofagasta,hotel,94764.0,7.8,1
Hotel Antofagasta,Antofagasta,hotel,82923.0,8.4,0
Hotel Antofagasta,Antofagasta,hotel,78302.0,7.5,1
Hotel Antofagasta Apart Hotel,Antofagasta,hotel,113317.0,8.0,1
Hotel Antofagasta Boutique,Antofagasta,hotel,65954.0,8.4,0
Hotel Antofagasta Center,Antofagasta,hotel,132174.0,8.6,2
Hotel Antofagasta Lodge,Antofagasta,hotel,57564.0,7.4,1
Hotel Antofagasta Plaza,Antofagasta,hotel,161224.0,9.7,2
Hotel Astore Suites,Antofagasta,hotel,120000.0,8.1,2
Hotel Central Antofagasta,Antofagasta,hotel,215296.0,8.6,2
Hotel Central Antofagasta,Antofagasta,hotel,221163.0,9.8,2
Hotel Costa Pacifico - Express,Antofagasta,hotel,158635.0,8.0,2
Hotel Costa Pacifico - Suite,Antofagasta,hotel,191083.0,9.1,2
Hotel Costanera Antofagasta,Antofagasta,hotel,62778.0,7.5,1
Hotel Costanera Antofagasta,Antofagasta,hotel,146970.0,7.5,2
Hotel Del Mar Antofagasta,Antofagasta,hotel,102467.0,7.4,1
Hotel Del Mar Antofagasta,Antofagasta,hotel,156739.0,9.6,2
Hotel Diego De Almagro Costanera - Antofagasta,Antofagasta,hotel,118205.0,8.6,2
Hotel Diego de Almagro Antofagasta Express,Antofagasta,hotel,75938.0,8.0,1
Hotel Florencia Suites & Apartments,Antofagasta,hotel,85085.0,8.3,0
Hotel Marina,Antofagasta,hotel,140301.0,7.7,2
Hotel Marina,Antofagasta,hotel,75307.0,8.6,0
Hotel Ming Shen,Antofagasta,hotel,140000.0,8.3,2
Hotel Ming Shen,Antofagasta,hotel,83300.0,9.3,0
Hotel NIKYASAN,Antofagasta,hotel,190000.0,7.6,2
Hotel Nikyasan,Antofagasta,hotel,62340.0,8.0,1
Hotel Norte Antofagasta,Antofagasta,hotel,151821.0,7.1,1
Hotel Norte Antofagasta,Antofagasta,hotel,60572.0,8.9,0
Hotel Plaza Antofagasta,Antofagasta,hotel,159581.0,7.1,2
Hotel Primavera Antofagasta,Antofagasta,hotel,184069.0,7.0,2
Hotel Primavera Antofagasta,Antofagasta,hotel,92359.0,9.1,0
Hotel Sur Antofagasta,Antofagasta,hotel,88196.0,8.6,0
Hotel Sur Antofagasta,Antofagasta,hotel,223859.0,9.0,2
Hotel Veas,Antofagasta,hotel,82923.0,8.4,0
Hotel Vista Hermosa Antofagasta,Antofagasta,hotel,171657.0,9.0,2
Lodge Andino Antofagasta,Antofagasta,hotel,123431.0,6.6,1
Lodge Andino Antofagasta,Antofagasta,hotel,113854.0,8.9,0
Lodge Central Antofagasta,Antofagasta,hotel,208932.0,9.5,2
Lodge Costanera Antofagasta,Antofagasta,hotel,129614.0,7.9,2
Lodge Costanera Antofagasta,Antofagasta,hotel,136255.0,9.8,0
Lodge Del Mar Antofagasta,Antofagasta,hotel,81686.0,7.0,1
Lodge Del Mar Antofagasta,Antofagasta,hotel,73790.0,7.3,1
Lodge Norte Antofagasta,Antofagasta,hotel,78320.0,7.8,1
Lodge Norte Antofagasta,Antofagasta,hotel,123245.0,7.7,1
Lodge Plaza Antofagasta,Antofagasta,hotel,218799.0,7.5,2
Lodge Primavera Antofagasta,Antofagasta,hotel,151494.0,8.7,2
Lodge Sur Antofagasta,Antofagasta,hotel,189271.0,8.9,2
Lodge Sur Antofagasta,Antofagasta,hotel,75472.0,9.6,0
Lodge Vista Hermosa Antofagasta,Antofagasta,hotel,144917.0,9.1,2
Lodge Vista Hermosa Antofagasta,Antofagasta,hotel,72558.0,9.1,0
NH Antofagasta,Antofagasta,hotel,206694.0,7.0,2
NH Antofagasta,Antofagasta,hotel,118693.0,8.5,2
PRO HOME Plaza Tokio I,Antofagasta,hotel,137997.0,9.9,0
PRO HOME Plaza Tokio II,Antofagasta,hotel,191997.0,9.6,2
Park Inn,Antofagasta,hotel,89024.0,7.1,1
Park Inn by Radisson,Antofagasta,hotel,63738.0,8.0,1
Resimed,Antofagasta,hotel,35333.0,8.9,0
Resivic,Antofagasta,hotel,42984.0,7.7,1
Rq Antofagasta,Antofagasta,hotel,95281.0,8.5,0
Spark Hoteles,Antofagasta,hotel,98505.0,7.1,1
Studio 56 by Terrado,Antofagasta,hotel,63043.0,8.4,0
Tempora Apart Hotel,Antofagasta,hotel,53550.0,8.1,1
Terrado Suites,Antofagasta,hotel,102799.0,7.1,1
Terrado Suites,Antofagasta,hotel,90561.0,8.6,0
Terrado Suites Antofagasta,Antofagasta,hotel,100295.0,8.2,1
"ULTIMA HORA -35%. Deptos 1, 2 y 3 H. WiFi y Factura.",Antofagasta,hotel,53996.0,9.1,0
Wyndham Garden Antofagasta Pettra,Antofagasta,hotel,205505.0,8.5,2
Wyndham Garden Antofagasta Pettra,Antofagasta,hotel,116056.0,8.4,2
Zigal Hotel,Antofagasta,hotel,59103.0,8.8,0
ibis Antofagasta,Antofagasta,hotel,60000.0,7.0,1
ibis Styles Antofagasta,Antofagasta,hotel,56667.0,8.1,1
Alto Chinchorro Hostel,Arica,hotel,31969.0,8.9,0
Amaru Hotel,Arica,hotel,114083.0,8.4,2
Amaru Hotel,Arica,hotel,68505.0,8.8,0
Antay Hotel & Spa,Arica,hotel,223603.0,9.1,2
Antay Hotel & Spa,Arica,hotel,157965.0,8.2,2
Apart Hotel Viscachani,Arica,hotel,70923.0,8.5,0
Apartamento Terra Amata Arica,Arica,hotel,100111.0,8.0,1
Casa del Sol,Arica,hotel,92174.0,8.0,1
Cómoda casa con piscina,Arica,hotel,136900.0,9.0,2
Departamento Full 3D 2B Cerca de Playas en Arica,Arica,hotel,53910.0,9.1,0
Departamento Playero,Arica,hotel,76950.0,8.2,1
Departamento Vistamar 2 Puertas Pacifico,Arica,hotel,44291.0,8.1,1
Departamento por día 3 dormitorios y 2 baños,Arica,hotel,56370.0,7.5,1
Diego De Almagro Arica,Arica,hotel,102086.0,8.8,0
Dpto Completo Lomas de Miramar II Arica Carnaval Vacaciones,Arica,hotel,55000.0,9.0,0
Económicas Habitaciones a pasos de Playa Chinchorro,Arica,hotel,38235.0,8.4,0
Hostal Arica 3,Arica,hotel,35462.0,8.0,1
Hostal Chaka,Arica,hotel,99662.0,9.4,0
Hostal Copa Arica,Arica,hotel,22835.0,8.1,1
Hostal Ostello Amadeus,Arica,hotel,31654.0,8.0,1
Hostal Venecia,Arica,hotel,30089.0,8.4,0
Hostel Posada de Gallo,Arica,hotel,21844.0,8.4,0
Hostel Willka Kuti Backpackers,Arica,hotel,30304.0,8.2,1
Hotel & Spa Las Taguas,Arica,hotel,73072.0,8.4,0
Hotel Americano,Arica,hotel,59519.0,7.1,1
Hotel Americano,Arica,hotel,59103.0,7.3,1
Hotel Americano,Arica,hotel,45857.0,8.9,0
Hotel Andalucía,Arica,hotel,77845.0,8.3,0
Hotel Andalucía,Arica,hotel,45670.0,8.0,1
Hotel Andino Arica,Arica,hotel,148248.0,9.6,2
Hotel Apacheta,Arica,hotel,187007.0,8.9,2
Hotel Apacheta,Arica,hotel,94047.0,7.7,1
Hotel Apacheta,Arica,hotel,108892.0,8.0,1
Hotel Arica,Arica,hotel,168082.0,8.2,2
Hotel Arica,Arica,hotel,67980.0,8.8,0
Hotel Arica Apart Hotel,Arica,hotel,72205.0,8.3,0
Hotel Arica Boutique,Arica,hotel,85501.0,8.8,0
Hotel Arica Center,Arica,hotel,90907.0,8.7,0
Hotel Arica Inn,Arica,hotel,82193.0,8.5,0
Hotel Arica Lodge,Arica,hotel,87831.0,8.3,0
Hotel Arica Plaza,Arica,hotel,76652.0,8.7,0
Hotel Arica Resort,Arica,hotel,47289.0,6.9,1
Hotel Central Arica,Arica,hotel,212922.0,8.0,2
Hotel Central Arica,Arica,hotel,187748.0,7.7,2
Hotel Concorde,Arica,hotel,61202.0,7.3,1
Hotel Concorde,Arica,hotel,32668.0,8.2,1
Hotel Costa Pacifico,Arica,hotel,100214.0,8.2,1
Hotel Costa Pacifico,Arica,hotel,60177.0,7.1,1
Hotel Costanera Arica,Arica,hotel,100742.0,8.0,1
Hotel Costanera Arica,Arica,hotel,164256.0,9.1,2
Hotel Del Mar Arica,Arica,hotel,98672.0,8.2,1
Hotel Diego De Almagro Arica,Arica,hotel,170006.0,8.0,2
Hotel Gavina Express Arica,Arica,hotel,107372.0,8.2,1
Hotel Gavina Express Arica,Arica,hotel,64476.0,8.3,0
Hotel Norte Arica,Arica,hotel,183523.0,7.9,2
Hotel Norte Arica,Arica,hotel,223453.0,9.4,2
Hotel Plaza Arica,Arica,hotel,216143.0,8.9,2
Hotel Plaza Arica,Arica,hotel,61019.0,9.0,0
Hotel Plaza Colon,Arica,hotel,76950.0,8.0,1
Hotel Plaza Colon,Arica,hotel,95000.0,8.0,1
Hotel Plaza Colon,Arica,hotel,46208.0,8.4,0
Hotel Plaza Colon,Arica,hotel,87907.0,8.9,0
Hotel Primavera Arica,Arica,hotel,106416.0,8.8,0
Hotel Primavera Arica,Arica,hotel,124473.0,8.5,2
Hotel Puerto Chinchorro,Arica,hotel,127558.0,8.4,2
Hotel Puerto Chinchorro,Arica,hotel,76945.0,7.8,1
Hotel Qamiri,Arica,hotel,32200.0,7.8,1
Hotel Qamiri,Arica,hotel,38318.0,9.1,0
Hotel Samaña,Arica,hotel,88224.0,8.3,0
Hotel Samaña,Arica,hotel,52978.0,8.3,0
Hotel Samore,Arica,hotel,96584.0,8.2,1
Hotel Samore,Arica,hotel,40315.0,7.8,1
Hotel Savona,Arica,hotel,66356.0,8.4,0
Hotel Sur Arica,Arica,hotel,160202.0,9.2,2
Hotel Sur Arica,Arica,hotel,222861.0,8.4,2
Hotel Vista Hermosa Arica,Arica,hotel,162002.0,8.8,2
Hotel Y Restaurant Isidora,Arica,hotel,40835.0,7.3,1
Hotel del Valle,Arica,hotel,113569.0,8.8,0
Hotel del Valle Azapa,Arica,hotel,127505.0,7.8,2
Hotel y Restaurant ISIDORA,Arica,hotel,68002.0,8.3,0
Illariy Wasi Hostal,Arica,hotel,34138.0,7.5,1
Lodge Andino Arica,Arica,hotel,145759.0,8.2,2
Lodge Central Arica,Arica,hotel,101361.0,9.3,0
Lodge Central Arica,Arica,hotel,66643.0,9.6,0
Lodge Costanera Arica,Arica,hotel,212232.0,9.6,2
Lodge Costanera Arica,Arica,hotel,91202.0,8.8,0
Lodge Del Mar Arica,Arica,hotel,181604.0,6.8,2
Lodge Norte Arica,Arica,hotel,183816.0,8.1,2
Lodge Plaza Arica,Arica,hotel,203090.0,7.4,2
Lodge Plaza Arica,Arica,hotel,112536.0,8.0,1
Lodge Primavera Arica,Arica,hotel,96883.0,6.8,1
Lodge Sur Arica,Arica,hotel,176013.0,7.2,2
Lodge Vista Hermosa Arica,Arica,hotel,134523.0,9.4,2
Lodge Vista Hermosa Arica,Arica,hotel,199880.0,9.8,2
Novotel Arica,Arica,hotel,212955.0,8.8,2
Novotel Arica,Arica,hotel,105046.0,8.0,1
Panamericana,Arica,hotel,106289.0,8.3,0
Panamericana Hotel,Arica,hotel,54056.0,9.4,0
Plaza Colon,Arica,hotel,71886.0,7.9,1
Raymi House Hostel,Arica,hotel,23111.0,8.0,1
2 Torres Calama,Calama,hotel,51581.0,8.2,1
914 Hotel,Calama,hotel,143163.0,8.3,2
Atankalama Inn,Calama,hotel,77636.0,6.8,1
Ayelen Express,Calama,hotel,63025.0,8.6,0
Benval,Calama,hotel,75000.0,7.4,1
Ckayatar,Calama,hotel,31960.0,7.6,1
Céntrico Dpto Calama,Calama,hotel,186000.0,7.9,2
Céntrico Dpto Calama,Calama,hotel,73780.0,8.3,0
Céntrico y vista insuperable,Calama,hotel,80312.0,7.1,1
Cómodo Dpto Calama Centro,Calama,hotel,193800.0,8.3,2
Cómodo Dpto Calama Centro,Calama,hotel,76874.0,8.4,0
Departamento amoblado calama,Calama,hotel,140121.0,8.9,2
Diego De Almagro Calama,Calama,hotel,126444.0,7.8,1
Dpto 7 Calama,Calama,hotel,122400.0,9.4,0
Dpto Calama Centro,Calama,hotel,185250.0,7.1,2
Dpto Calama Centro,Calama,hotel,73483.0,9.1,0
Dpto completo en Calama Centro,Calama,hotel,198000.0,7.1,2
Dpto de 1 habitación Calama Centro,Calama,hotel,180000.0,8.7,2
Duval,Calama,hotel,46400.0,7.0,1
Espacio parque 1705,Calama,hotel,106208.0,8.3,0
Habitación Express Calama,Calama,hotel,81000.0,10.0,0
Holiday Inn Calama,Calama,hotel,93119.0,8.5,0
Hospedaje Oasis Modulares,Calama,hotel,67125.0,6.8,1
Hospedaje Oasis Modulares,Calama,hotel,32804.0,8.8,0
Hotel Agua Del Desierto,Calama,hotel,158503.0,7.8,2
Hotel Agua del Desierto,Calama,hotel,151466.0,8.2,2
Hotel Andino Calama,Calama,hotel,131511.0,7.6,1
Hotel Andino Calama,Calama,hotel,166083.0,7.6,2
Hotel Aymara,Calama,hotel,121680.0,6.9,1
Hotel Aymara,Calama,hotel,40636.0,8.0,1
Hotel Calama Apart Hotel,Calama,hotel,111474.0,9.6,0
Hotel Calama Boutique,Calama,hotel,141976.0,8.8,2
Hotel Calama Center,Calama,hotel,149091.0,9.1,2
Hotel Calama Plaza,Calama,hotel,37450.0,7.3,1
Hotel Calama Suites,Calama,hotel,79761.0,8.7,0
Hotel Central Calama,Calama,hotel,167743.0,8.3,2
Hotel Central Calama,Calama,hotel,94239.0,7.7,1
Hotel Costanera Calama,Calama,hotel,174471.0,7.0,2
Hotel Del Mar Calama,Calama,hotel,190733.0,8.9,2
Hotel Del Mar Calama,Calama,hotel,80064.0,7.4,1
Hotel Diego de Almagro Calama Express,Calama,hotel,111041.0,7.6,1
Hotel Diego de Almagro San Pedro De Atacama,Calama,hotel,190000.0,7.4,2
Hotel Don Alfredo,Calama,hotel,104916.0,8.6,0
Hotel Don Alfredo,Calama,hotel,48486.0,8.3,0
Hotel Doña Esperanza,Calama,hotel,112035.0,7.9,1
Hotel Geotel,Calama,hotel,67587.0,8.3,0
Hotel Jardin Atacama,Calama,hotel,190000.0,8.9,2
Hotel Modular Express Calama,Calama,hotel,70859.0,8.2,1
Hotel Norte Calama,Calama,hotel,91767.0,6.6,1
Hotel Plaza Calama,Calama,hotel,177196.0,6.9,2
Hotel Plaza Calama,Calama,hotel,227654.0,8.8,2
Hotel Primavera Calama,Calama,hotel,108510.0,9.7,0
Hotel Quitor,Calama,hotel,163743.0,7.2,2
Hotel Sur Calama,Calama,hotel,62661.0,7.3,1
Hotel Sur Calama,Calama,hotel,181537.0,8.5,2
Hotel Vista Hermosa Calama,Calama,hotel,100728.0,7.7,1
Hotel Vista Hermosa Calama,Calama,hotel,179060.0,7.2,2
Ibis Calama,Calama,hotel,69833.0,9.5,0
Jallalla,Calama,hotel,70304.0,8.3,0
Lodge Andino Calama,Calama,hotel,137200.0,8.6,2
Lodge Central Calama,Calama,hotel,166213.0,9.4,2
Lodge Central Calama,Calama,hotel,137113.0,8.4,2
Lodge Costanera Calama,Calama,hotel,116173.0,7.1,1
Lodge Costanera Calama,Calama,hotel,69070.0,9.0,0
Lodge Del Mar Calama,Calama,hotel,211843.0,9.5,2
Lodge Del Mar Calama,Calama,hotel,156047.0,8.6,2
Lodge Norte Calama,Calama,hotel,165116.0,9.4,2
Lodge Norte Calama,Calama,hotel,165434.0,8.1,2
Lodge Plaza Calama,Calama,hotel,103169.0,9.2,0
Lodge Plaza Calama,Calama,hotel,117472.0,7.5,1
Lodge Primavera Calama,Calama,hotel,100163.0,8.9,0
Lodge Sur Calama,Calama,hotel,206491.0,8.7,2
Lodge Sur Calama,Calama,hotel,127944.0,8.2,2
Lodge Vista Hermosa Calama,Calama,hotel,131711.0,8.6,2
Park Hotel Calama,Calama,hotel,141373.0,8.5,2
Park Inn,Calama,hotel,60870.0,8.9,0
ibis Calama,Calama,hotel,100000.0,7.6,1
A pasos de la plaza de armas-Factura a Empresas,Chillan,hotel,55000.0,9.4,0
Alojamiento RBOY Las Mariposas,Chillan,hotel,72107.0,9.4,0
Alojamiento Rboy Las Mariposas,Chillan,hotel,91341.0,8.4,0
Amplio departamento en pleno centro de Chillán con estacionamiento privado,Chillan,hotel,63288.0,9.9,0
Apart Hotel Cancura,Chillan,hotel,80595.0,8.7,0
Apart Hotel Las Terrazas Suite,Chillan,hotel,80595.0,9.3,0
Cabanas Lemupewen Chillan 2 Factura,Chillan,hotel,52807.0,8.2,1
Cabañas Lemupewen Chillán 1 Factura,Chillan,hotel,45165.0,9.3,0
Cabañas Lemupewen Chillán 6 Factura,Chillan,hotel,48582.0,8.5,0
"DEPARTAMENTO ACOGEDOR Y TRANQUILO en Chillán Centro, full equipado, ideal para descansar, Wifi y Estacionamiento",Chillan,hotel,40295.0,8.4,0
"DEPARTAMENTO SEGUR0, COMODO Y TRANQUILO en Chillán Centro, ideal para descansar, full equipado, Wifi y estacionamiento",Chillan,hotel,45000.0,8.5,0
Departamento 1D central,Chillan,hotel,144075.0,8.5,2
Departamento Centro de Chillán,Chillan,hotel,120794.0,9.6,0
Departamento Centro de Chillán,Chillan,hotel,48182.0,9.3,0
Departamento JC,Chillan,hotel,45000.0,10.0,0
Departamento moderno céntrico con piscina 2 Habitaciones 2 Baños,Chillan,hotel,135000.0,10.0,0
Departamento totalmente equipado en Chillán centro,Chillan,hotel,157032.0,9.6,2
Depto Cómodo y Equipado en el Centro de Chillan con Estacionamiento,Chillan,hotel,65450.0,9.1,0
Depto centro 610 de chillan con estacionamiento,Chillan,hotel,49500.0,9.5,0
Depto full 1710 y Equipado en Centro de Chillán con Estacionamiento 10,Chillan,hotel,55000.0,9.6,0
EL ROBLE 2 CHILLaN,Chillan,hotel,40000.0,10.0,0
Espectacular y cómodo departamento,Chillan,hotel,54145.0,8.4,0
Exquisito y central departamento,Chillan,hotel,47000.0,9.4,0
Gran Hotel Isabel Riquelme,Chillan,hotel,73008.0,7.9,1
Gran Hotel Isabel Riquelme,Chillan,hotel,95000.0,7.8,1
Gran Hotel Isabel Riquelme,Chillan,hotel,87042.0,8.8,0
HOTEL BOUTIQUE CASA BLANCA,Chillan,hotel,64446.0,9.3,0
Hermosa casa central en Chillán,Chillan,hotel,180000.0,9.0,2
Hermosa casa central en Chillán,Chillan,hotel,71400.0,8.2,1
Hostal El Aromo Chillán,Chillan,hotel,42840.0,9.0,0
Hotel Alicante,Chillan,hotel,58587.0,7.6,1
Hotel Alicante,Chillan,hotel,69849.0,8.9,0
Hotel Andino Chillan,Chillan,hotel,169077.0,8.5,2
Hotel Andino Chillan,Chillan,hotel,155513.0,8.4,2
Hotel Aranjuez,Chillan,hotel,83174.0,8.4,0
Hotel Boutique Anttuy,Chillan,hotel,57950.0,7.9,1
Hotel Boutique Casa Blanca,Chillan,hotel,76834.0,7.1,1
Hotel Central Chillan,Chillan,hotel,105347.0,6.9,1
Hotel Central Chillan,Chillan,hotel,101178.0,9.6,0
Hotel Chillan Apart Hotel,Chillan,hotel,36799.0,7.8,1
Hotel Chillan Boutique,Chillan,hotel,70282.0,8.2,1
Hotel Chillan Center,Chillan,hotel,109276.0,8.7,0
Hotel Chillan Inn,Chillan,hotel,44034.0,7.1,1
Hotel Chillan Resort,Chillan,hotel,92267.0,8.4,0
Hotel Chillan Suites,Chillan,hotel,95518.0,8.6,0
Hotel Costanera Chillan,Chillan,hotel,181905.0,9.0,2
Hotel Del Mar Chillan,Chillan,hotel,95111.0,7.8,1
Hotel Del Mar Chillan,Chillan,hotel,112167.0,8.9,0
Hotel Diego de Almagro,Chillan,hotel,65443.0,7.3,1
Hotel Diego de Almagro Chillan,Chillan,hotel,81120.0,8.8,0
Hotel Diego de Almagro Chillan,Chillan,hotel,102086.0,8.8,0
Hotel Herencia,Chillan,hotel,49573.0,8.4,0
Hotel Herencia,Chillan,hotel,59103.0,7.1,1
Hotel Iberia,Chillan,hotel,97488.0,8.0,1
Hotel Las Terrazas Business,Chillan,hotel,72017.0,8.4,0
Hotel Las Terrazas Business,Chillan,hotel,190000.0,8.4,2
Hotel Las Terrazas Business,Chillan,hotel,91341.0,7.9,1
Hotel Las Terrazas Express,Chillan,hotel,64896.0,8.4,0
Hotel Las Terrazas Express,Chillan,hotel,95000.0,8.4,0
Hotel Las Terrazas Express,Chillan,hotel,77371.0,8.7,0
Hotel Libertador Bernardo O´Higgins,Chillan,hotel,47167.0,8.6,0
Hotel Libertador Bernardo O´Higgins,Chillan,hotel,59579.0,8.5,0
Hotel Norte Chillan,Chillan,hotel,194984.0,6.8,2
Hotel Norte Chillan,Chillan,hotel,74698.0,9.0,0
Hotel Plaza Chillan,Chillan,hotel,178432.0,7.1,2
Hotel Primavera Chillan,Chillan,hotel,102854.0,7.9,1
Hotel Quinchamali,Chillan,hotel,193418.0,7.9,2
Hotel Quinchamali,Chillan,hotel,86408.0,9.2,0
Hotel Rukalaf,Chillan,hotel,56333.0,8.5,0
Hotel Rukalaf,Chillan,hotel,75813.0,8.4,0
Hotel Sur Chillan,Chillan,hotel,137873.0,8.1,2
Hotel Sur Chillan,Chillan,hotel,95259.0,9.5,0
Hotel Tierra de Parras,Chillan,hotel,60390.0,8.4,0
Hotel Tierra de Parras,Chillan,hotel,72714.0,7.1,1
Hotel Vista Hermosa Chillan,Chillan,hotel,180258.0,9.0,2
Hotel Vista Hermosa Chillan,Chillan,hotel,115619.0,9.5,0
Hotel de la Avenida,Chillan,hotel,62864.0,8.4,0
Lodge Andino Chillan,Chillan,hotel,100617.0,8.0,1
Lodge Andino Chillan,Chillan,hotel,203035.0,9.6,2
Lodge Central Chillan,Chillan,hotel,95886.0,8.6,0
Lodge Costanera Chillan,Chillan,hotel,142662.0,8.6,2
Lodge Costanera Chillan,Chillan,hotel,146308.0,8.2,2
Lodge Del Mar Chillan,Chillan,hotel,88116.0,8.7,0
Lodge Del Mar Chillan,Chillan,hotel,200327.0,9.1,2
Lodge Norte Chillan,Chillan,hotel,65652.0,9.7,0
Lodge Norte Chillan,Chillan,hotel,88023.0,7.6,1
Lodge Plaza Chillan,Chillan,hotel,98560.0,8.4,0
Lodge Plaza Chillan,Chillan,hotel,103006.0,8.7,0
Lodge Primavera Chillan,Chillan,hotel,106184.0,8.8,0
Lodge Sur Chillan,Chillan,hotel,145400.0,7.4,2
Lodge Vista Hermosa Chillan,Chillan,hotel,209021.0,9.2,2
MDS Hotel Chillan,Chillan,hotel,171029.0,8.8,2
Mds Hotel Chillan,Chillan,hotel,144480.0,8.6,2
Parque Chillan - Héroes Parques,Chillan,hotel,110913.0,8.7,0
Parque Chillan - Héroes Parques,Chillan,hotel,39956.0,7.7,1
Pewma Apart Hotel,Chillan,hotel,65765.0,8.8,0
Termas de Chillan,Chillan,hotel,86448.0,8.5,0
Tipico Hostel Chile,Chillan,hotel,43560.0,8.9,0
Tru By Hilton Chillan Ferrat,Chillan,hotel,71530.0,8.7,0
Tru By Hilton Chillan Ferrat,Chillan,hotel,142500.0,8.7,2
Tru by Hilton Chillan Ferrat,Chillan,hotel,86609.0,8.4,0
2D con estacionamiento Fantastico Depto - D'Home,Concepcion,hotel,147000.0,9.6,2
Alta vista Concepción,Concepcion,hotel,216573.0,9.0,2
Apart Hotel Castellon 176,Concepcion,hotel,67216.0,8.8,0
Apart Hotel Uman,Concepcion,hotel,44030.0,8.4,0
Cercano a Parques y Universidades,Concepcion,hotel,79903.0,9.7,0
Céntrico y cómodo departamento,Concepcion,hotel,80000.0,9.5,0
Céntrico y moderno,Concepcion,hotel,134400.0,8.8,2
Departamento Dual Prieto,Concepcion,hotel,54145.0,8.9,0
Departamento Full equipado Concepcion,Concepcion,hotel,186000.0,9.2,2
Departamento Mirador Camilo Henriquez,Concepcion,hotel,132706.0,9.7,0
Departamento Mirador Camilo Henriquez,Concepcion,hotel,43738.0,9.3,0
Departamento central elegante y acogedor,Concepcion,hotel,174420.0,8.4,2
Departamentos amoblados - Santa Sofia.,Concepcion,hotel,175571.0,9.3,2
Depto Central Factura Empresas,Concepcion,hotel,150000.0,10.0,2
Diego De Almagro Lomas Verdes,Concepcion,hotel,98863.0,8.0,1
HOTEL ALONSO DE ERCILLA,Concepcion,hotel,96000.0,7.4,1
HOTEL EL DORADO,Concepcion,hotel,118987.0,8.0,2
Hermoso departamento nuevo en Concepción 1,Concepcion,hotel,148500.0,9.6,2
Holiday Inn Concepcion,Concepcion,hotel,104218.0,8.4,0
Holiday Inn Express Concepcion By IHG,Concepcion,hotel,94407.0,8.8,0
"Homestay - Chile, Biobio, Cozy Family",Concepcion,hotel,40600.0,7.9,1
Homestay - Enthusiast food and wine,Concepcion,hotel,29000.0,8.4,0
Hostal Buró,Concepcion,hotel,42446.0,8.3,0
Hostal Hdq En Concepción Sector Collao,Concepcion,hotel,40000.0,9.3,0
Hotel Alborada,Concepcion,hotel,124384.0,8.3,2
Hotel Alborada,Concepcion,hotel,71998.0,8.8,0
Hotel Alonso de Ercilla,Concepcion,hotel,59208.0,7.0,1
Hotel Alonso de Ercilla,Concepcion,hotel,48552.0,8.9,0
Hotel Andino Concepcion,Concepcion,hotel,215047.0,9.6,2
Hotel Araucano,Concepcion,hotel,64097.0,8.8,0
Hotel Central Concepcion,Concepcion,hotel,62004.0,8.6,0
Hotel Clermont,Concepcion,hotel,166129.0,9.2,2
Hotel Con C,Concepcion,hotel,51222.0,8.0,1
Hotel Concepcion Apart Hotel,Concepcion,hotel,64663.0,6.9,1
Hotel Concepcion Boutique,Concepcion,hotel,154752.0,8.5,2
Hotel Concepcion Center,Concepcion,hotel,95404.0,8.1,1
Hotel Concepcion Inn,Concepcion,hotel,106477.0,9.1,0
Hotel Concepcion Lodge,Concepcion,hotel,63242.0,8.6,0
Hotel Concepcion Plaza,Concepcion,hotel,66320.0,7.4,1
Hotel Concepcion Resort,Concepcion,hotel,131330.0,8.5,2
Hotel Concepcion Suites,Concepcion,hotel,88234.0,8.1,1
Hotel Costanera Concepcion,Concepcion,hotel,163620.0,8.7,2
Hotel Costanera Concepcion,Concepcion,hotel,161791.0,9.8,2
Hotel Costanera Concepcion,Concepcion,hotel,133338.0,7.2,1
Hotel Costanera Concepcion,Concepcion,hotel,78480.0,8.8,0
Hotel Del Mar Concepcion,Concepcion,hotel,55342.0,9.6,0
Hotel Diego de Almagro Concepción,Concepcion,hotel,209110.0,8.8,2
Hotel Diego de Almagro Concepción,Concepcion,hotel,113191.0,8.2,2
Hotel Diego de Almagro Lomas Verdes,Concepcion,hotel,165846.0,8.3,2
Hotel Don Matias,Concepcion,hotel,50710.0,8.9,0
Hotel El Araucano,Concepcion,hotel,146016.0,8.0,2
Hotel El Araucano,Concepcion,hotel,86326.0,8.7,0
Hotel El Dorado,Concepcion,hotel,79181.0,8.8,0
Hotel Mosul,Concepcion,hotel,108160.0,7.6,1
Hotel Mosul,Concepcion,hotel,61030.0,8.6,0
Hotel Norte Concepcion,Concepcion,hotel,202198.0,8.1,2
Hotel Norte Concepcion,Concepcion,hotel,127828.0,9.1,2
Hotel Plaza Concepcion,Concepcion,hotel,62348.0,8.5,0
Hotel Primavera Concepcion,Concepcion,hotel,176033.0,7.5,2
Hotel Romano,Concepcion,hotel,77350.0,8.8,0
Hotel Santa Sofia,Concepcion,hotel,54402.0,8.4,0
Hotel Santa Sofia,Concepcion,hotel,47282.0,7.4,1
Hotel Sur Concepcion,Concepcion,hotel,149313.0,9.7,2
Hotel Sur Concepcion,Concepcion,hotel,218118.0,9.4,2
Hotel Terrano Concepción,Concepcion,hotel,149261.0,8.2,2
Hotel Terrano Concepción,Concepcion,hotel,88976.0,8.3,0
Hotel Umawue,Concepcion,hotel,152000.0,8.9,2
Hotel Umawue,Concepcion,hotel,69417.0,8.3,0
Hotel Vista Hermosa Concepcion,Concepcion,hotel,113838.0,7.5,1
Hotel Vista Hermosa Concepcion,Concepcion,hotel,221552.0,7.0,2
Hotel con C,Concepcion,hotel,81120.0,8.9,0
Lodge Andino Concepcion,Concepcion,hotel,154978.0,9.0,2
Lodge Andino Concepcion,Concepcion,hotel,204219.0,9.4,2
Lodge Central Concepcion,Concepcion,hotel,207001.0,7.8,2
Lodge Costanera Concepcion,Concepcion,hotel,99725.0,8.7,0
Lodge Costanera Concepcion,Concepcion,hotel,134619.0,9.3,2
Lodge Del Mar Concepcion,Concepcion,hotel,61622.0,7.0,1
Lodge Del Mar Concepcion,Concepcion,hotel,100084.0,7.3,1
Lodge Norte Concepcion,Concepcion,hotel,59222.0,6.8,1
Lodge Plaza Concepcion,Concepcion,hotel,194267.0,9.3,2
Lodge Plaza Concepcion,Concepcion,hotel,151066.0,9.6,2
Lodge Primavera Concepcion,Concepcion,hotel,101594.0,6.6,1
Lodge Sur Concepcion,Concepcion,hotel,62120.0,8.8,0
Lodge Vista Hermosa Concepcion,Concepcion,hotel,201485.0,8.6,2
Los Magnolios,Concepcion,hotel,209376.0,8.7,2
Mds Hotel Concepción,Concepcion,hotel,92558.0,7.8,1
Mercure Concepcion,Concepcion,hotel,116357.0,8.5,2
Mirador Parque,Concepcion,hotel,111036.0,8.0,1
Mirador Parque,Concepcion,hotel,53535.0,8.9,0
Modern studio in Concepción Central location,Concepcion,hotel,73549.0,9.0,0
Oceana Suites en Concepción,Concepcion,hotel,64896.0,8.5,0
Pura Lodge,Concepcion,hotel,182020.0,8.3,2
Wyndham Concepcion Pettra,Concepcion,hotel,135757.0,8.3,2
casa completa Balmaceda 77,Concepcion,hotel,147637.0,9.1,2
ibis Concepcion,Concepcion,hotel,134900.0,7.8,2
ibis Concepcion,Concepcion,hotel,51667.0,8.9,0
Alternativo Hostales,Copiapo,hotel,85968.0,8.0,1
Antay Casino Hotel,Copiapo,hotel,134324.0,8.7,2
Apart Hotel Caldera - Room,Copiapo,hotel,53535.0,9.7,0
Arriendo Departamento Diario en Copiapó,Copiapo,hotel,160000.0,8.9,2
Atacama Valley 6,Copiapo,hotel,141185.0,8.0,2
Atacama Valley 6,Copiapo,hotel,83858.0,8.2,1
Casa de Oro,Copiapo,hotel,82288.0,8.0,1
Departamento en condominio Los Carrera 2092 a pasos casino Antay,Copiapo,hotel,210000.0,9.8,2
Departamentos Innova,Copiapo,hotel,189000.0,9.5,2
Diego De Almagro Copiapo,Copiapo,hotel,120355.0,7.7,1
Disegni 07 - Departamento Céntrico Copiapó Cerca de Casino Antay,Copiapo,hotel,66319.0,9.1,0
Domo Camping,Copiapo,hotel,64242.0,8.6,0
Dpto full amoblado en copiapo 4,Copiapo,hotel,112000.0,9.5,0
El valle,Copiapo,hotel,39733.0,8.2,1
El valle 2,Copiapo,hotel,80000.0,8.0,1
El valle 2,Copiapo,hotel,47600.0,7.0,1
Hostal Cactus Copiapo,Copiapo,hotel,33689.0,8.6,0
Hostal El Ancla,Copiapo,hotel,40698.0,7.0,1
Hotel & Cabañas El Mirador Caldera,Copiapo,hotel,81658.0,7.7,1
Hotel Altos de Atacama,Copiapo,hotel,99147.0,8.6,0
Hotel Altos de Atacama,Copiapo,hotel,59103.0,7.2,1
Hotel Andino Copiapo,Copiapo,hotel,217304.0,9.2,2
Hotel Andino Copiapo,Copiapo,hotel,72339.0,9.1,0
Hotel Atacama Copiapo,Copiapo,hotel,89100.0,7.9,1
Hotel Atacama Suites,Copiapo,hotel,147219.0,8.1,2
Hotel Boutique Molzano,Copiapo,hotel,122582.0,9.1,0
Hotel Central Copiapo,Copiapo,hotel,59351.0,8.3,0
Hotel Chagall,Copiapo,hotel,217258.0,8.7,2
Hotel Chagall,Copiapo,hotel,190000.0,8.7,2
Hotel Chagall,Copiapo,hotel,129510.0,7.8,2
Hotel Copiapo Center,Copiapo,hotel,59178.0,8.5,0
Hotel Copiapo Inn,Copiapo,hotel,66963.0,8.0,1
Hotel Copiapo Lodge,Copiapo,hotel,40545.0,7.9,1
Hotel Copiapo Plaza,Copiapo,hotel,38758.0,7.1,1
Hotel Costanera Copiapo,Copiapo,hotel,204487.0,8.2,2
Hotel Cumbres de Atacama,Copiapo,hotel,144214.0,8.9,2
Hotel Cumbres de Atacama,Copiapo,hotel,85968.0,8.8,0
Hotel Del Mar Copiapo,Copiapo,hotel,204662.0,7.1,2
Hotel Del Mar Copiapo,Copiapo,hotel,91423.0,9.4,0
Hotel Diego de Almagro Copiapo,Copiapo,hotel,227137.0,8.1,2
Hotel Diego de Almagro Copiapo,Copiapo,hotel,47500.0,8.1,1
Hotel El Bramador,Copiapo,hotel,162240.0,8.7,2
Hotel El Bramador,Copiapo,hotel,96714.0,7.9,1
Hotel Glaciares de Atacama,Copiapo,hotel,99000.0,7.9,1
Hotel Glaciares de Atacama,Copiapo,hotel,58905.0,8.7,0
Hotel Minga,Copiapo,hotel,72000.0,7.9,1
Hotel Minga,Copiapo,hotel,34113.0,8.3,0
Hotel Montecarlo,Copiapo,hotel,57158.0,9.1,0
Hotel Montecatini SPA,Copiapo,hotel,100000.0,7.0,1
Hotel Montecatini Spa,Copiapo,hotel,56327.0,8.1,1
Hotel Norte Copiapo,Copiapo,hotel,64855.0,7.8,1
Hotel Plaza Copiapo,Copiapo,hotel,152042.0,8.9,2
Hotel Plaza Copiapo,Copiapo,hotel,203343.0,8.7,2
Hotel Primavera Copiapo,Copiapo,hotel,123419.0,6.8,1
Hotel Pulmahue,Copiapo,hotel,124763.0,7.9,2
Hotel Rocas de Bahía,Copiapo,hotel,222441.0,8.2,2
Hotel San Francisco,Copiapo,hotel,62965.0,8.6,0
Hotel San Francisco De la Selva,Copiapo,hotel,219308.0,7.2,2
Hotel San Francisco De la Selva,Copiapo,hotel,190000.0,7.3,2
Hotel San Francisco de la Selva,Copiapo,hotel,86917.0,7.9,1
Hotel Sur Copiapo,Copiapo,hotel,127448.0,7.5,1
Hotel Sur Copiapo,Copiapo,hotel,159493.0,8.4,2
Hotel Vento,Copiapo,hotel,144952.0,8.3,2
Hotel Vento,Copiapo,hotel,58028.0,8.9,0
Hotel Vista Hermosa Copiapo,Copiapo,hotel,207464.0,8.4,2
Hotel Vista Hermosa Copiapo,Copiapo,hotel,173895.0,7.2,2
Lodge Andino Copiapo,Copiapo,hotel,200640.0,7.2,2
Lodge Andino Copiapo,Copiapo,hotel,179066.0,8.7,2
Lodge Central Copiapo,Copiapo,hotel,101708.0,7.5,1
Lodge Costanera Copiapo,Copiapo,hotel,140041.0,9.1,2
Lodge Costanera Copiapo,Copiapo,hotel,187303.0,8.1,2
Lodge Del Mar Copiapo,Copiapo,hotel,202639.0,7.1,2
Lodge Del Mar Copiapo,Copiapo,hotel,182178.0,7.5,2
Lodge Norte Copiapo,Copiapo,hotel,79074.0,6.6,1
Lodge Norte Copiapo,Copiapo,hotel,99536.0,8.2,1
Lodge Plaza Copiapo,Copiapo,hotel,85946.0,6.7,1
Lodge Plaza Copiapo,Copiapo,hotel,164803.0,8.2,2
Lodge Primavera Copiapo,Copiapo,hotel,100698.0,9.1,0
Lodge Primavera Copiapo,Copiapo,hotel,85644.0,8.7,0
Lodge Sur Copiapo,Copiapo,hotel,218910.0,9.7,2
Lodge Vista Hermosa Copiapo,Copiapo,hotel,120801.0,6.8,1
Lodge Vista Hermosa Copiapo,Copiapo,hotel,161029.0,9.7,2
Terrabahia Residences,Copiapo,hotel,78607.0,8.9,0
Tikay Suite Hotel,Copiapo,hotel,113568.0,8.2,2
Tikay Suite Hotel,Copiapo,hotel,67699.0,8.8,0
ibis Copiapo,Copiapo,hotel,155000.0,7.7,2
ibis Copiapo,Copiapo,hotel,54833.0,8.7,0
ibis budget Copiapo,Copiapo,hotel,111150.0,7.8,1
ibis budget Copiapo,Copiapo,hotel,50575.0,8.8,0
Airen B&B,Coyhaique,hotel,148191.0,8.5,2
Cabañas Cerro Huemules,Coyhaique,hotel,118205.0,9.4,0
Cabañas Español Coyhaique,Coyhaique,hotel,95854.0,9.4,0
Cabañas Patagonia Indómita,Coyhaique,hotel,118205.0,9.2,0
Cabañas Trapagonia,Coyhaique,hotel,61673.0,8.2,1
Cal mate,Coyhaique,hotel,40000.0,7.0,1
Casa Balmaceda Backpackers,Coyhaique,hotel,43252.0,9.7,0
Casa Patagonia #1015,Coyhaique,hotel,40560.0,9.2,0
Diego De Almagro Coyhaique,Coyhaique,hotel,127519.0,8.6,2
Donde Lupe,Coyhaique,hotel,58028.0,8.3,0
El Reloj Hotel,Coyhaique,hotel,115209.0,9.2,0
El Reloj Hotel,Coyhaique,hotel,135109.0,8.8,2
Entre Cumbres Apart Hotel,Coyhaique,hotel,129636.0,8.7,2
Hospedaje Domiluis,Coyhaique,hotel,40000.0,7.0,1
Hospedaje Martita Patagonia,Coyhaique,hotel,71636.0,9.8,0
Hostal Boutique 'Maryluz',Coyhaique,hotel,59103.0,9.6,0
Hostal Casa Arrayán,Coyhaique,hotel,75222.0,8.3,0
Hostal Español Coyhaique,Coyhaique,hotel,73262.0,9.4,0
Hostal Uruz,Coyhaique,hotel,78016.0,8.7,0
Hostal Viento Sur,Coyhaique,hotel,75222.0,8.6,0
Hotel Andino Coyhaique,Coyhaique,hotel,204492.0,7.6,2
Hotel Andino Coyhaique,Coyhaique,hotel,125704.0,9.5,0
Hotel Central Coyhaique,Coyhaique,hotel,93790.0,8.1,1
Hotel Central Coyhaique,Coyhaique,hotel,142161.0,7.8,2
Hotel Costanera Coyhaique,Coyhaique,hotel,171054.0,8.4,2
Hotel Costanera Coyhaique,Coyhaique,hotel,209504.0,7.7,2
Hotel Coyhaique,Coyhaique,hotel,54203.0,7.2,1
Hotel Coyhaique Apart Hotel,Coyhaique,hotel,56344.0,8.8,0
Hotel Coyhaique Center,Coyhaique,hotel,97421.0,7.8,1
Hotel Coyhaique Lodge,Coyhaique,hotel,71172.0,8.4,0
Hotel Coyhaique Plaza,Coyhaique,hotel,127504.0,8.8,2
Hotel Coyhaique Suites,Coyhaique,hotel,90994.0,8.2,1
Hotel Del Mar Coyhaique,Coyhaique,hotel,101599.0,6.9,1
Hotel Diego de Almagro Coyhaique,Coyhaique,hotel,117174.0,8.3,2
Hotel Kalfu,Coyhaique,hotel,94459.0,7.8,1
Hotel Norte Coyhaique,Coyhaique,hotel,174364.0,9.0,2
Hotel Norte Coyhaique,Coyhaique,hotel,196442.0,7.3,2
Hotel Patagonia House,Coyhaique,hotel,131277.0,9.3,2
Hotel Plaza Coyhaique,Coyhaique,hotel,165565.0,9.5,2
Hotel Plaza Coyhaique,Coyhaique,hotel,173363.0,7.6,2
Hotel Primavera Coyhaique,Coyhaique,hotel,146127.0,8.2,2
Hotel Primavera Coyhaique,Coyhaique,hotel,228779.0,8.2,2
Hotel Sur Coyhaique,Coyhaique,hotel,80382.0,6.6,1
Hotel Vista Hermosa Coyhaique,Coyhaique,hotel,138585.0,7.9,2
Huellas Y Senderos Hotel,Coyhaique,hotel,90266.0,9.2,0
Huellas y Senderos Hotel,Coyhaique,hotel,77515.0,8.6,0
La Ruta de Aysén,Coyhaique,hotel,46566.0,8.2,1
La casona de don Juan,Coyhaique,hotel,50575.0,8.3,0
Loberias del Sur,Coyhaique,hotel,54566.0,6.9,1
Lodge Andino Coyhaique,Coyhaique,hotel,121036.0,9.5,0
Lodge Central Coyhaique,Coyhaique,hotel,112165.0,6.8,1
Lodge Central Coyhaique,Coyhaique,hotel,204086.0,7.6,2
Lodge Costanera Coyhaique,Coyhaique,hotel,81571.0,9.0,0
Lodge Costanera Coyhaique,Coyhaique,hotel,143527.0,8.6,2
Lodge Del Mar Coyhaique,Coyhaique,hotel,140851.0,6.7,1
Lodge Norte Coyhaique,Coyhaique,hotel,183215.0,8.7,2
Lodge Plaza Coyhaique,Coyhaique,hotel,186215.0,9.8,2
Lodge Plaza Coyhaique,Coyhaique,hotel,98902.0,8.7,0
Lodge Primavera Coyhaique,Coyhaique,hotel,145710.0,7.2,1
Lodge Sur Coyhaique,Coyhaique,hotel,187547.0,8.3,2
Lodge Vista Hermosa Coyhaique,Coyhaique,hotel,74556.0,6.7,1
Lodge Vista Hermosa Coyhaique,Coyhaique,hotel,167976.0,8.7,2
Madero Aysen Aparthotel,Coyhaique,hotel,123310.0,8.3,2
Nomade Balmaceda,Coyhaique,hotel,38307.0,8.4,0
Nómades Hotel Boutique,Coyhaique,hotel,193427.0,9.0,2
PURA Hotel,Coyhaique,hotel,109244.0,9.2,0
Patagon Backpackers,Coyhaique,hotel,45957.0,8.3,0
Pura Hotel,Coyhaique,hotel,140000.0,8.3,2
Quelen Patagonia,Coyhaique,hotel,100206.0,9.1,0
Refugio Alin Patagonia,Coyhaique,hotel,116056.0,9.5,0
Roble Austral Hostal,Coyhaique,hotel,89503.0,9.9,0
The Patagonian Lodge,Coyhaique,hotel,164506.0,9.1,2
Ventisca Sur,Coyhaique,hotel,52956.0,9.2,0
herencia de pioneros,Coyhaique,hotel,84000.0,9.6,0
okeyloft Coyhaique 1,Coyhaique,hotel,216700.0,9.0,2
Apartamento Altos de Huayquique,Iquique,hotel,64242.0,9.5,0
Avg. per night,Iquique,hotel,47500.0,8.4,0
Backpacker's Hostel Iquique,Iquique,hotel,35429.0,8.4,0
Capital 01,Iquique,hotel,85898.0,9.6,0
Casa Cely,Iquique,hotel,111036.0,8.6,0
Casa Cely,Iquique,hotel,32238.0,7.9,1
Casa Hotelería,Iquique,hotel,99972.0,8.6,0
Casa Hotelería,Iquique,hotel,62465.0,9.4,0
DEPARTAMENTO EDIFICIO AZUL I,Iquique,hotel,189244.0,8.3,2
Departamento Iquique,Iquique,hotel,76000.0,8.7,0
Departamento Vista Azul,Iquique,hotel,109245.0,9.6,0
Departamentos Mar Egeo,Iquique,hotel,130000.0,9.2,2
Departamentos Nautilus,Iquique,hotel,83300.0,8.1,1
Diego De Almagro Iquique,Iquique,hotel,76296.0,8.9,0
Diego de Almagro,Iquique,hotel,56133.0,7.3,1
Edificio NEO con vista al mar 2,Iquique,hotel,43843.0,7.7,1
El Camino Hotel,Iquique,hotel,68002.0,8.9,0
Gran Cavancha Hotel & Apartment,Iquique,hotel,63401.0,8.6,0
Gran Cavancha Suite,Iquique,hotel,61252.0,8.0,1
HOTEL GAVINA EXPRESS IQUIQUE,Iquique,hotel,134215.0,8.0,2
Hermoso departamento en primeria línea,Iquique,hotel,139584.0,7.8,2
Hilton Garden Inn,Iquique,hotel,56205.0,7.2,1
Hilton Garden Inn Iquique,Iquique,hotel,112832.0,8.4,2
Hilton Garden Inn Iquique,Iquique,hotel,71372.0,6.9,1
Hogar Doña Gloria,Iquique,hotel,28909.0,8.3,0
Holiday Inn Express - Iquique by IHG,Iquique,hotel,165750.0,8.9,2
Holiday Inn Express Iquique By IHG,Iquique,hotel,75763.0,8.0,1
Hostal San Lorenzo,Iquique,hotel,55097.0,8.4,0
Hotel Andino Iquique,Iquique,hotel,159297.0,7.8,2
Hotel Andino Iquique,Iquique,hotel,158792.0,9.1,2
Hotel Baquedano Boulevard,Iquique,hotel,148500.0,8.3,2
Hotel Baquedano Boulevard,Iquique,hotel,49500.0,8.0,1
Hotel Boutique Amalfi,Iquique,hotel,116430.0,8.9,0
Hotel Cano,Iquique,hotel,73780.0,8.0,1
Hotel Cavancha,Iquique,hotel,165000.0,7.7,2
Hotel Cavancha,Iquique,hotel,65450.0,9.1,0
Hotel Central Iquique,Iquique,hotel,183395.0,8.1,2
Hotel Central Iquique,Iquique,hotel,80053.0,9.7,0
Hotel Costanera Iquique,Iquique,hotel,152521.0,8.6,2
Hotel Del Mar Iquique,Iquique,hotel,214111.0,9.3,2
Hotel Esmeralda,Iquique,hotel,33312.0,8.3,0
Hotel Gavina,Iquique,hotel,58169.0,8.3,0
Hotel Gavina Express Iquique,Iquique,hotel,53730.0,8.0,1
Hotel Intillanka,Iquique,hotel,153193.0,8.5,2
Hotel Iquique Apart Hotel,Iquique,hotel,76380.0,8.4,0
Hotel Iquique Boutique,Iquique,hotel,78210.0,8.6,0
Hotel Iquique Center,Iquique,hotel,102515.0,8.0,1
Hotel Iquique Inn,Iquique,hotel,56023.0,7.8,1
Hotel Iquique Lodge,Iquique,hotel,73250.0,8.3,0
Hotel Iquique Resort,Iquique,hotel,65370.0,8.8,0
Hotel Iquique Suites,Iquique,hotel,160111.0,8.6,2
Hotel Las Dunas,Iquique,hotel,42007.0,8.1,1
Hotel Norte Iquique,Iquique,hotel,205886.0,9.5,2
Hotel Norte Iquique,Iquique,hotel,146166.0,7.8,2
Hotel Plaza Iquique,Iquique,hotel,117901.0,9.3,0
Hotel Plaza Iquique,Iquique,hotel,159531.0,8.2,2
Hotel Primavera Iquique,Iquique,hotel,174525.0,9.0,2
Hotel Sur Iquique,Iquique,hotel,109718.0,7.6,1
Hotel Sur Iquique,Iquique,hotel,75182.0,9.1,0
Hotel Terra Iquique,Iquique,hotel,123427.0,8.0,2
Hotel Terra Iquique,Iquique,hotel,48959.0,8.4,0
Hotel Terrado Cavancha,Iquique,hotel,150321.0,8.3,2
Hotel Terranort,Iquique,hotel,116767.0,9.0,0
Hotel Velero Express,Iquique,hotel,30089.0,7.9,1
Hotel Victoria,Iquique,hotel,40835.0,8.4,0
Hotel Vista Hermosa Iquique,Iquique,hotel,105590.0,7.3,1
Hotel Vista Hermosa Iquique,Iquique,hotel,120240.0,7.7,1
Iquique sun,Iquique,hotel,26865.0,8.5,0
Lodge Andino Iquique,Iquique,hotel,207707.0,7.0,2
Lodge Central Iquique,Iquique,hotel,65483.0,8.9,0
Lodge Central Iquique,Iquique,hotel,77883.0,8.3,0
Lodge Costanera Iquique,Iquique,hotel,161036.0,7.2,2
Lodge Costanera Iquique,Iquique,hotel,114662.0,7.2,1
Lodge Del Mar Iquique,Iquique,hotel,193295.0,7.3,2
Lodge Norte Iquique,Iquique,hotel,98593.0,7.8,1
Lodge Norte Iquique,Iquique,hotel,103513.0,9.2,0
Lodge Plaza Iquique,Iquique,hotel,203214.0,8.0,2
Lodge Primavera Iquique,Iquique,hotel,139022.0,7.6,2
Lodge Primavera Iquique,Iquique,hotel,86530.0,7.1,1
Lodge Sur Iquique,Iquique,hotel,194267.0,7.9,2
Lodge Vista Hermosa Iquique,Iquique,hotel,139965.0,9.2,2
Lodge Vista Hermosa Iquique,Iquique,hotel,123290.0,8.9,2
NH Iquique,Iquique,hotel,114893.0,7.2,1
NH Iquique Costa,Iquique,hotel,71744.0,8.6,0
NH Iquique Costa,Iquique,hotel,72928.0,9.1,0
NH Iquique Pacifico,Iquique,hotel,78567.0,8.6,0
Playa Hotel - Cavancha,Iquique,hotel,109520.0,8.8,0
Playa Hotel - Cavancha,Iquique,hotel,45670.0,7.9,1
Studio 56 Apart Hotel by Terrado Iquique,Iquique,hotel,50237.0,8.8,0
Terrado Arturo Prat,Iquique,hotel,41103.0,7.9,1
Terrado Arturo Prat Iquique,Iquique,hotel,47500.0,8.6,0
Terrado Cavancha,Iquique,hotel,78304.0,8.9,0
Terrado Cavancha,Iquique,hotel,60177.0,8.6,0
Terrado Suites Iquique,Iquique,hotel,87084.0,8.9,0
Vistara Suites,Iquique,hotel,112741.0,9.2,0
hotel velero cavancha,Iquique,hotel,50656.0,9.6,0
ibis Iquique,Iquique,hotel,65179.0,7.2,1
ibis Iquique,Iquique,hotel,49241.0,8.3,0
ibis budget Iquique,Iquique,hotel,40857.0,8.4,0
Agua Marina - La Serena,La Serena,hotel,74895.0,7.7,1
Apart Hotel Colors,La Serena,hotel,58748.0,7.9,1
Apart Hotel Gran Pacifico,La Serena,hotel,79091.0,7.7,1
Apart Hotel Sendero del Sol,La Serena,hotel,81813.0,9.1,0
Apart Hotel Y Cabanas Vegasur,La Serena,hotel,76336.0,8.9,0
Aparthotel Serena Dream,La Serena,hotel,71246.0,8.1,1
Cabañas Las Añañucas I,La Serena,hotel,64260.0,8.7,0
Cabañas Las Añañucas II,La Serena,hotel,61047.0,9.1,0
Cabañas Las Añañucas IV,La Serena,hotel,68425.0,9.0,0
Cabañas Pinamar,La Serena,hotel,96667.0,8.6,0
Cabañas Villa Los Platanos,La Serena,hotel,105676.0,8.3,0
Centrico y hermoso departamento en La Serena a pasos de la playa,La Serena,hotel,192429.0,9.3,2
Departamento Amoblado a Pasos del Faro,La Serena,hotel,107372.0,9.2,0
Departamento de descanso frente al mar,La Serena,hotel,54000.0,10.0,0
Departamento en Condominio Mar Serena,La Serena,hotel,179091.0,8.9,2
Departamentos La Serena Vista,La Serena,hotel,125364.0,9.7,0
Depto 1 Dorm Frente al Mar y Laguna Cristalina,La Serena,hotel,91229.0,10.0,0
Depto moderno 2D 2B Terraza Piscina,La Serena,hotel,162450.0,9.6,2
Don Felix,La Serena,hotel,34719.0,8.7,0
El Arbol Hostel,La Serena,hotel,47114.0,8.8,0
Enjoy Coquimbo,La Serena,hotel,161906.0,8.4,2
Entremar y piscina en La Serena,La Serena,hotel,179279.0,9.5,2
Espectacular con vista al mar!,La Serena,hotel,197296.0,8.6,2
Fantástico departamento en la Serena al lado de la playa,La Serena,hotel,99964.0,9.0,0
HOM l Parking Piscina Wifi CoWorK Museo Serena,La Serena,hotel,138421.0,9.4,2
Habitación con baño privado,La Serena,hotel,36053.0,9.3,0
Hostal Avenue,La Serena,hotel,49431.0,8.8,0
Hostal El Punto,La Serena,hotel,41881.0,8.1,1
Hostal Habitaciones Economicas Cerca Del Terminal De Buses Cafetería,La Serena,hotel,26865.0,8.6,0
Hostal Luna del Mar 840-B,La Serena,hotel,40835.0,8.1,1
Hotel Andino La Serena,La Serena,hotel,190189.0,6.6,2
Hotel Andino La Serena,La Serena,hotel,104647.0,7.2,1
Hotel Boutique Suri,La Serena,hotel,51295.0,7.7,1
Hotel Boutique Terra Diaguita & Spa,La Serena,hotel,84365.0,9.1,0
Hotel Boutique Terra Diaguita & Spa,La Serena,hotel,190000.0,9.1,2
Hotel Boutique Terra Diaguita & Spa,La Serena,hotel,100582.0,8.6,0
Hotel Canto del Mar,La Serena,hotel,74520.0,8.1,1
Hotel Canto del Mar,La Serena,hotel,90285.0,8.3,0
Hotel Central La Serena,La Serena,hotel,113185.0,9.2,0
Hotel Central La Serena,La Serena,hotel,82512.0,7.8,1
Hotel Chagual,La Serena,hotel,187901.0,8.8,2
Hotel Club La Serena,La Serena,hotel,98246.0,8.5,0
Hotel Club La Serena,La Serena,hotel,69248.0,8.5,0
Hotel Club La Serena,La Serena,hotel,101012.0,8.5,0
Hotel Costa Real,La Serena,hotel,95000.0,8.1,1
Hotel Costa Real,La Serena,hotel,67944.0,7.6,1
Hotel Costa Real,La Serena,hotel,113050.0,8.7,0
Hotel Costanera La Serena,La Serena,hotel,66772.0,8.6,0
Hotel Del Mar La Serena,La Serena,hotel,134952.0,8.2,2
Hotel Diego de Almagro,La Serena,hotel,67727.0,7.1,1
Hotel Diego de Almagro La Serena,La Serena,hotel,114623.0,8.0,1
Hotel Diego de Almagro La Serena Express,La Serena,hotel,87430.0,8.8,0
Hotel Diego de Almagro La Serena Express,La Serena,hotel,97072.0,8.5,0
Hotel Escorial,La Serena,hotel,64271.0,7.2,1
Hotel Francisco De Aguirre,La Serena,hotel,72107.0,7.9,1
Hotel Francisco De Aguirre,La Serena,hotel,190000.0,7.9,2
Hotel Francisco De Aguirre,La Serena,hotel,76755.0,8.6,0
Hotel Iberia,La Serena,hotel,50456.0,8.8,0
Hotel La Serena - Caja Los Andes,La Serena,hotel,71647.0,8.8,0
Hotel La Serena - Caja Los Andes,La Serena,hotel,178594.0,8.4,2
Hotel La Serena Apart Hotel,La Serena,hotel,60027.0,8.3,0
Hotel La Serena Boutique,La Serena,hotel,49602.0,6.9,1
Hotel La Serena Center,La Serena,hotel,97905.0,9.0,0
Hotel La Serena Inn,La Serena,hotel,60200.0,8.9,0
Hotel La Serena Lodge,La Serena,hotel,144394.0,8.8,2
Hotel La Serena Plaza,La Serena,hotel,76482.0,8.5,0
Hotel La Serena Resort,La Serena,hotel,66302.0,8.5,0
Hotel La Serena Suites,La Serena,hotel,65027.0,8.0,1
Hotel Londres La Serena,La Serena,hotel,50000.0,8.0,1
Hotel Norte La Serena,La Serena,hotel,95873.0,7.0,1
Hotel Norte La Serena,La Serena,hotel,116380.0,9.3,0
Hotel Plaza La Serena,La Serena,hotel,163401.0,9.1,2
Hotel Primavera La Serena,La Serena,hotel,64085.0,7.9,1
Hotel Serena Suite,La Serena,hotel,74205.0,8.0,1
Hotel Serena Suite,La Serena,hotel,61652.0,7.6,1
Hotel Serena Suite,La Serena,hotel,90535.0,8.0,1
Hotel Sur La Serena,La Serena,hotel,67570.0,8.8,0
Hotel Sur La Serena,La Serena,hotel,125479.0,9.3,0
Hotel Vista Hermosa La Serena,La Serena,hotel,57650.0,6.7,1
Hotel Vista Hermosa La Serena,La Serena,hotel,107390.0,8.1,1
Hotel y Cabañas Campanario,La Serena,hotel,98705.0,8.6,0
Hotel y Casino Enjoy,La Serena,hotel,96973.0,8.9,0
JH - Habitaciones con Baño Privado,La Serena,hotel,57800.0,8.3,0
La Serena,La Serena,hotel,105300.0,9.2,0
La Serena Laguna del Mar hasta 8 personas espectacular departamento,La Serena,hotel,157457.0,7.6,2
Linda vista al mar,La Serena,hotel,181191.0,9.7,2
Lodge Andino La Serena,La Serena,hotel,139981.0,7.3,1
Lodge Andino La Serena,La Serena,hotel,105479.0,7.9,1
Lodge Central La Serena,La Serena,hotel,180894.0,7.9,2
Lodge Central La Serena,La Serena,hotel,126690.0,7.6,1
Lodge Costanera La Serena,La Serena,hotel,154236.0,7.9,2
Lodge Costanera La Serena,La Serena,hotel,139396.0,9.0,2
Lodge Del Mar La Serena,La Serena,hotel,129450.0,9.6,0
Lodge Del Mar La Serena,La Serena,hotel,136679.0,7.3,1
Lodge Norte La Serena,La Serena,hotel,162269.0,9.1,2
Lodge Norte La Serena,La Serena,hotel,126843.0,8.4,2
Lodge Plaza La Serena,La Serena,hotel,168150.0,6.8,2
Lodge Primavera La Serena,La Serena,hotel,190485.0,8.0,2
Lodge Primavera La Serena,La Serena,hotel,122012.0,9.1,0
Lodge Sur La Serena,La Serena,hotel,75589.0,7.1,1
Lodge Vista Hermosa La Serena,La Serena,hotel,146096.0,8.0,2
MarSerena,La Serena,hotel,166561.0,8.5,2
Tranquilo y bello departamento en La serena,La Serena,hotel,229236.0,9.0,2
Cabañas Los Pinos,Pucon,hotel,212281.0,9.2,2
Enjoy Pucon,Pucon,hotel,141550.0,7.8,2
Gran Hotel Pucon,Pucon,hotel,160570.0,9.0,2
Gran Hotel Pucon,Pucon,hotel,165317.0,7.4,2
Hotel Antumalal,Pucon,hotel,92491.0,8.3,0
Hotel Antumalal,Pucon,hotel,195818.0,7.0,2
Hotel Cumbres,Pucon,hotel,201480.0,7.4,2
Hotel Cumbres,Pucon,hotel,193016.0,7.9,2
Hotel El Coihue,Pucon,hotel,115225.0,8.3,2
Hotel Malalhue,Pucon,hotel,90250.0,8.1,1
Hotel Pucon,Pucon,hotel,70953.0,7.5,1
Hotel Pucon Apart Hotel,Pucon,hotel,190335.0,9.0,2
Hotel Pucon Boutique,Pucon,hotel,59870.0,7.0,1
Hotel Pucon Center,Pucon,hotel,126444.0,8.9,2
Hotel Pucon Inn,Pucon,hotel,112727.0,8.2,2
Hotel Pucon Plaza,Pucon,hotel,104399.0,8.9,0
Hotel Pucon Resort,Pucon,hotel,98688.0,8.8,0
Hotel Pucon Suites,Pucon,hotel,136735.0,8.5,2
Hotel Salto del Carileufu,Pucon,hotel,90250.0,9.1,0
Hotel los maitenes,Pucon,hotel,95000.0,8.8,0
Magma Lodge,Pucon,hotel,86380.0,7.7,1
Magma Lodge,Pucon,hotel,91457.0,6.9,1
Maki Hotel,Pucon,hotel,95000.0,9.2,0
Park Lake,Pucon,hotel,151816.0,7.3,2
RUKAKUTRAL refugio de bosque,Pucon,hotel,32300.0,9.7,0
Villaggio,Pucon,hotel,131669.0,8.5,2
"'Mi Hostal Tu Casa' Hostal Familiar Solo Empresas, Turistas Y Viajeros Espacio Para Bicicletas Y Motos",Puerto Montt,hotel,30000.0,7.7,1
2 Departamentos a minutos del Centro de Puerto Montt,Puerto Montt,hotel,200000.0,9.6,2
Abba Presidente Suites Puerto Montt,Puerto Montt,hotel,83709.0,7.8,1
Aparthotel Departamentos Madan,Puerto Montt,hotel,45000.0,7.6,1
Avenida los notros 1761 Bosque Mar,Puerto Montt,hotel,188045.0,9.0,2
Avg. per night,Puerto Montt,hotel,74100.0,7.8,1
Cabañas Alemanas,Puerto Montt,hotel,48377.0,7.0,1
Cabañas Alemanas,Puerto Montt,hotel,74346.0,7.6,1
Casona Alemana,Puerto Montt,hotel,53619.0,8.4,0
Condominio Palena,Puerto Montt,hotel,166554.0,9.6,2
Confortable Depto Vista al Mar y Volcan- 5 min del centro,Puerto Montt,hotel,155100.0,9.4,2
Courtyard,Puerto Montt,hotel,112706.0,7.1,1
Courtyard Marriott,Puerto Montt,hotel,103787.0,8.6,0
Courtyard by Marriott,Puerto Montt,hotel,91953.0,7.8,1
Courtyard by Marriott Puerto Montt,Puerto Montt,hotel,127160.0,7.6,1
Departamentito Austral,Puerto Montt,hotel,37611.0,8.2,1
Departamento Nuevo a pasos de la playa Puerto Montt,Puerto Montt,hotel,214909.0,9.6,2
Departamento en condominio a 10min del centro,Puerto Montt,hotel,227448.0,9.4,2
Departamentos Egaña,Puerto Montt,hotel,58479.0,9.1,0
Gran Hotel Vicente Costanera,Puerto Montt,hotel,88224.0,8.5,0
Gran Hotel Vicente Costanera,Puerto Montt,hotel,190000.0,8.5,2
Gran Hotel Vicente Costanera,Puerto Montt,hotel,90427.0,8.0,1
Gran Pacifico,Puerto Montt,hotel,94460.0,8.3,0
Hermoso departamento con 3 dormitorios y estacionamiento,Puerto Montt,hotel,149040.0,9.3,2
Hospedaje & Alojamientos Hilda,Puerto Montt,hotel,34315.0,9.1,0
Hostal Fx,Puerto Montt,hotel,32238.0,8.4,0
Hostal y Cabañas Mirando al Mar,Puerto Montt,hotel,41264.0,7.8,1
Hotel Andino Puerto Montt,Puerto Montt,hotel,150740.0,8.9,2
Hotel Andino Puerto Montt,Puerto Montt,hotel,88150.0,8.5,0
Hotel Angelmontt,Puerto Montt,hotel,40560.0,7.6,1
Hotel Angelmontt,Puerto Montt,hotel,42984.0,8.7,0
Hotel Antupiren,Puerto Montt,hotel,67600.0,7.7,1
Hotel Antupiren,Puerto Montt,hotel,80595.0,8.5,0
Hotel Apart Colón,Puerto Montt,hotel,95293.0,8.3,0
Hotel Cancura,Puerto Montt,hotel,86565.0,8.5,0
Hotel Central Puerto Montt,Puerto Montt,hotel,212949.0,8.6,2
Hotel Central Puerto Montt,Puerto Montt,hotel,65080.0,7.0,1
Hotel Colon,Puerto Montt,hotel,81435.0,9.2,0
Hotel Colon,Puerto Montt,hotel,44486.0,8.5,0
Hotel Costa del Mar,Puerto Montt,hotel,65865.0,7.7,1
Hotel Costanera Puerto Montt,Puerto Montt,hotel,108384.0,8.0,1
Hotel Costanera Puerto Montt,Puerto Montt,hotel,131053.0,7.6,1
Hotel Del Mar Puerto Montt,Puerto Montt,hotel,137851.0,7.4,1
Hotel Del Mar Puerto Montt,Puerto Montt,hotel,158827.0,8.7,2
Hotel Diego de Almagro Puerto Montt,Puerto Montt,hotel,95997.0,8.3,0
Hotel Don Luis,Puerto Montt,hotel,92216.0,7.2,1
Hotel Don Luis,Puerto Montt,hotel,60435.0,8.7,0
Hotel Don Luis Puerto Montt,Puerto Montt,hotel,71251.0,8.5,0
Hotel Don Luis Puerto Montt,Puerto Montt,hotel,95000.0,8.5,0
Hotel Don Luis Puerto Montt,Puerto Montt,hotel,83012.0,7.6,1
Hotel Dreams,Puerto Montt,hotel,106756.0,7.0,1
Hotel Dreams,Puerto Montt,hotel,54490.0,8.4,0
Hotel Esesur,Puerto Montt,hotel,40000.0,8.2,1
Hotel Esmeralda,Puerto Montt,hotel,91111.0,9.1,0
Hotel Gran Luna,Puerto Montt,hotel,36946.0,7.2,1
Hotel Gran Pacifico,Puerto Montt,hotel,76614.0,8.4,0
Hotel Le Mirage,Puerto Montt,hotel,67699.0,8.1,1
Hotel Norte Puerto Montt,Puerto Montt,hotel,150546.0,9.0,2
Hotel Norte Puerto Montt,Puerto Montt,hotel,220176.0,8.8,2
Hotel Nuna,Puerto Montt,hotel,33192.0,9.1,0
Hotel Plaza Puerto Montt,Puerto Montt,hotel,175860.0,7.4,2
Hotel Plaza Puerto Montt,Puerto Montt,hotel,134704.0,9.3,2
Hotel Primavera Puerto Montt,Puerto Montt,hotel,149155.0,8.1,2
Hotel Puerto Montt Apart Hotel,Puerto Montt,hotel,55379.0,8.2,1
Hotel Puerto Montt Boutique,Puerto Montt,hotel,75381.0,8.8,0
Hotel Puerto Montt Center,Puerto Montt,hotel,109284.0,9.3,0
Hotel Puerto Montt Inn,Puerto Montt,hotel,68082.0,8.0,1
Hotel Puerto Montt Plaza,Puerto Montt,hotel,49935.0,7.0,1
Hotel Puerto Montt Resort,Puerto Montt,hotel,119074.0,9.2,0
Hotel Puerto Montt Suites,Puerto Montt,hotel,109230.0,8.8,0
Hotel Seminario,Puerto Montt,hotel,72476.0,7.8,1
Hotel Sur Puerto Montt,Puerto Montt,hotel,114054.0,8.2,2
Hotel Vista Hermosa Puerto Montt,Puerto Montt,hotel,120692.0,6.9,1
Hotel Vista Hermosa Puerto Montt,Puerto Montt,hotel,223002.0,7.8,2
Hotel Vista Mar,Puerto Montt,hotel,48672.0,8.1,1
Hotel Vista Mar,Puerto Montt,hotel,58028.0,8.9,0
Hotel de Castro,Puerto Montt,hotel,145721.0,8.5,2
Inmobiliaria CTB,Puerto Montt,hotel,160000.0,10.0,2
Islanet Hostel & Bar,Puerto Montt,hotel,49464.0,9.1,0
Lepihue,Puerto Montt,hotel,42984.0,7.9,1
Lodge Andino Puerto Montt,Puerto Montt,hotel,149612.0,7.6,2
Lodge Andino Puerto Montt,Puerto Montt,hotel,180526.0,7.3,2
Lodge Central Puerto Montt,Puerto Montt,hotel,86623.0,7.7,1
Lodge Costanera Puerto Montt,Puerto Montt,hotel,161514.0,8.1,2
Lodge Costanera Puerto Montt,Puerto Montt,hotel,158760.0,8.6,2
Lodge Del Mar Puerto Montt,Puerto Montt,hotel,91685.0,7.7,1
Lodge Del Mar Puerto Montt,Puerto Montt,hotel,226064.0,8.1,2
Lodge Norte Puerto Montt,Puerto Montt,hotel,147931.0,7.3,2
Lodge Plaza Puerto Montt,Puerto Montt,hotel,198171.0,8.6,2
Lodge Plaza Puerto Montt,Puerto Montt,hotel,216616.0,8.9,2
Lodge Primavera Puerto Montt,Puerto Montt,hotel,211617.0,7.0,2
Lodge Sur Puerto Montt,Puerto Montt,hotel,178531.0,7.3,2
Lodge Sur Puerto Montt,Puerto Montt,hotel,214564.0,8.5,2
Lodge Vista Hermosa Puerto Montt,Puerto Montt,hotel,74232.0,9.6,0
Lodge Vista Hermosa Puerto Montt,Puerto Montt,hotel,77850.0,7.9,1
Novotel Puerto Montt,Puerto Montt,hotel,115906.0,8.6,2
Palafito 1326 Hotel Boutique Chiloé,Puerto Montt,hotel,93965.0,8.5,0
Precioso departamento en Excelente Ubicación en Puerto Montt,Puerto Montt,hotel,41667.0,9.1,0
Puerto montt departamento 2 en playa Pelluco,Puerto Montt,hotel,195000.0,9.9,2
Suite privada con jardín exclusivo y entrada independiente en Puerto Montt,Puerto Montt,hotel,38130.0,9.6,0
Tungulú - Hotel Boutique & Cabañas,Puerto Montt,hotel,115811.0,7.7,1
Vicente Costanera,Puerto Montt,hotel,110197.0,9.3,0
departamento excelente ubicacion,Puerto Montt,hotel,54080.0,9.1,0
ibis Puerto Montt,Puerto Montt,hotel,46770.0,7.1,1
ibis Puerto Montt,Puerto Montt,hotel,68729.0,8.5,0
AKA Patagonia,Puerto Natales,hotel,191804.0,8.2,2
Agostini Hotel,Puerto Natales,hotel,207307.0,7.5,2
Altiplanico Puerto Natales,Puerto Natales,hotel,135399.0,8.5,2
Alto Balmaceda,Puerto Natales,hotel,85108.0,9.6,0
Arte Brisa Hostal Boutique,Puerto Natales,hotel,93877.0,9.1,0
Bungalow by Toore Patagonia,Puerto Natales,hotel,123032.0,9.3,0
Bungalow by Toore Patagonia,Puerto Natales,hotel,73341.0,8.6,0
Cabañas Ultima Esperanza,Puerto Natales,hotel,67982.0,8.9,0
Cabañas y Casa Kauken,Puerto Natales,hotel,197296.0,7.8,2
Corner Hostel Puerto Natales,Puerto Natales,hotel,53257.0,9.6,0
DT Loft,Puerto Natales,hotel,190000.0,8.8,2
Departamentos NAYISI,Puerto Natales,hotel,78110.0,9.3,0
Dorotea Vista,Puerto Natales,hotel,53535.0,9.6,0
El Establo,Puerto Natales,hotel,167829.0,8.8,2
El Establo,Puerto Natales,hotel,100045.0,8.9,0
El Sendero,Puerto Natales,hotel,100138.0,9.0,0
El Sendero,Puerto Natales,hotel,59690.0,8.8,0
Etnias Apartments,Puerto Natales,hotel,90624.0,9.0,0
Hospedaje Baquedano,Puerto Natales,hotel,72107.0,8.1,1
Hostal America en Puerto Natales,Puerto Natales,hotel,69849.0,7.8,1
Hotel Andino Puerto Natales,Puerto Natales,hotel,66784.0,9.0,0
Hotel Andino Puerto Natales,Puerto Natales,hotel,145122.0,8.5,2
Hotel Big Sur,Puerto Natales,hotel,119517.0,8.3,2
Hotel Big Sur,Puerto Natales,hotel,71246.0,9.1,0
Hotel Capitán Eberhard,Puerto Natales,hotel,159095.0,7.8,2
Hotel Capitán Eberhard,Puerto Natales,hotel,94840.0,9.1,0
Hotel Central Puerto Natales,Puerto Natales,hotel,109524.0,8.6,0
Hotel Central Puerto Natales,Puerto Natales,hotel,83463.0,8.1,1
Hotel Costanera,Puerto Natales,hotel,209589.0,8.0,2
Hotel Costanera Puerto Natales,Puerto Natales,hotel,140550.0,8.7,2
Hotel Costanera Puerto Natales,Puerto Natales,hotel,115265.0,7.8,1
Hotel Costaustralis,Puerto Natales,hotel,121905.0,8.6,2
Hotel Del Mar Puerto Natales,Puerto Natales,hotel,196706.0,8.8,2
Hotel Glaciares,Puerto Natales,hotel,61241.0,9.2,0
Hotel Martin Gusinde,Puerto Natales,hotel,125728.0,7.0,1
Hotel Martín Gusinde,Puerto Natales,hotel,190000.0,9.1,2
Hotel Milodon,Puerto Natales,hotel,129792.0,7.9,2
Hotel Milodon,Puerto Natales,hotel,76377.0,9.3,0
Hotel Norte Puerto Natales,Puerto Natales,hotel,197842.0,9.0,2
Hotel Norte Puerto Natales,Puerto Natales,hotel,61324.0,9.6,0
Hotel Plaza Puerto Natales,Puerto Natales,hotel,174181.0,8.0,2
Hotel Plaza Puerto Natales,Puerto Natales,hotel,118086.0,9.4,0
Hotel Primavera Puerto Natales,Puerto Natales,hotel,170488.0,7.4,2
Hotel Primavera Puerto Natales,Puerto Natales,hotel,170821.0,8.4,2
Hotel Río Rubens,Puerto Natales,hotel,80595.0,9.3,0
Hotel Sur Puerto Natales,Puerto Natales,hotel,162467.0,8.0,2
Hotel Sur Puerto Natales,Puerto Natales,hotel,196122.0,8.6,2
Hotel Vendaval,Puerto Natales,hotel,142500.0,9.1,2
Hotel Vendaval,Puerto Natales,hotel,123310.0,8.1,2
Hotel Vista Hermosa Puerto Natales,Puerto Natales,hotel,193960.0,6.6,2
Hotel y Cabañas Llanuras de Diana - Caja Los Andes,Puerto Natales,hotel,99062.0,9.1,0
Lady Florence Dixie,Puerto Natales,hotel,124384.0,8.6,2
Lady Florence Dixie,Puerto Natales,hotel,67699.0,9.1,0
Line Hotel Patagonia,Puerto Natales,hotel,175392.0,9.8,2
Lodge Andino Puerto Natales,Puerto Natales,hotel,195390.0,8.6,2
Lodge Andino Puerto Natales,Puerto Natales,hotel,208475.0,7.6,2
Lodge Central Puerto Natales,Puerto Natales,hotel,212089.0,7.6,2
Lodge Central Puerto Natales,Puerto Natales,hotel,99038.0,7.2,1
Lodge Costanera Puerto Natales,Puerto Natales,hotel,96151.0,7.9,1
Lodge Del Mar Puerto Natales,Puerto Natales,hotel,174258.0,8.9,2
Lodge Del Mar Puerto Natales,Puerto Natales,hotel,122487.0,7.4,1
Lodge Norte Puerto Natales,Puerto Natales,hotel,164925.0,9.2,2
Lodge Plaza Puerto Natales,Puerto Natales,hotel,120912.0,8.5,2
Lodge Plaza Puerto Natales,Puerto Natales,hotel,66703.0,9.5,0
Lodge Primavera Puerto Natales,Puerto Natales,hotel,176919.0,9.7,2
Lodge Primavera Puerto Natales,Puerto Natales,hotel,128817.0,8.1,2
Lodge Sur Puerto Natales,Puerto Natales,hotel,121807.0,8.4,2
Lodge Vista Hermosa Puerto Natales,Puerto Natales,hotel,167182.0,8.3,2
Loft By Toore Patagonia,Puerto Natales,hotel,209312.0,9.3,2
Natalino Hotel Patagonia,Puerto Natales,hotel,95000.0,8.1,1
Natalino Hotel Patagonia,Puerto Natales,hotel,96714.0,8.3,0
Noi Indigo Patagonia,Puerto Natales,hotel,119513.0,8.5,2
Puma House,Puerto Natales,hotel,21844.0,9.1,0
Sheuen Patagonia,Puerto Natales,hotel,96714.0,9.1,0
Treehouse Patagonia,Puerto Natales,hotel,76726.0,9.3,0
Yaganhouse,Puerto Natales,hotel,122131.0,9.0,0
AWA,Puerto Varas,hotel,128829.0,9.2,2
Apart & Tour,Puerto Varas,hotel,89250.0,9.8,0
Apart Tronador,Puerto Varas,hotel,67134.0,9.0,0
Bellavista,Puerto Varas,hotel,216376.0,8.3,2
Borde Lago I - II -III,Puerto Varas,hotel,53730.0,9.1,0
Cabañas Estrella del Sur,Puerto Varas,hotel,128485.0,9.6,0
Cabañas Lago Azul,Puerto Varas,hotel,92081.0,9.0,0
Cabañas Puerto Chalhuaco,Puerto Varas,hotel,128485.0,9.4,0
Casa Ellies Hotel Boutique,Puerto Varas,hotel,52377.0,8.6,0
Casa Ellies Hotel Boutique,Puerto Varas,hotel,74663.0,8.4,0
Casa Kalfu Hotel Boutique,Puerto Varas,hotel,90134.0,8.6,0
Casa Kalfu Hotel Boutique,Puerto Varas,hotel,107071.0,9.5,0
Casa Molino Hotel Boutique & Restaurant Puerto Varas,Puerto Varas,hotel,209570.0,9.2,2
Dein Haus Hotel y Departamentos,Puerto Varas,hotel,53629.0,8.7,0
Departamento terrazas 4,Puerto Varas,hotel,66519.0,7.5,1
Departamentos Nómades del Lago,Puerto Varas,hotel,185217.0,8.9,2
Dolce Vita - Alojamiento Histórico,Puerto Varas,hotel,88654.0,8.7,0
Hermoso departamento nuevo en costanera de Puerto Varas,Puerto Varas,hotel,125364.0,9.4,0
Hospedaje Puerto Varas,Puerto Varas,hotel,75161.0,8.6,0
Hostal Climb House,Puerto Varas,hotel,37611.0,7.1,1
Hostal Compass del Sur,Puerto Varas,hotel,41909.0,8.9,0
Hotel AWA,Puerto Varas,hotel,23750.0,9.5,0
Hotel Agua Nativa,Puerto Varas,hotel,79318.0,8.2,1
Hotel Agua Nativa,Puerto Varas,hotel,89836.0,9.2,0
Hotel Andino Puerto Varas,Puerto Varas,hotel,138729.0,6.8,1
Hotel Andino Puerto Varas,Puerto Varas,hotel,193887.0,7.9,2
Hotel Bellavista,Puerto Varas,hotel,196373.0,8.5,2
Hotel Bellavista,Puerto Varas,hotel,180532.0,8.4,2
Hotel Bellavista,Puerto Varas,hotel,80239.0,7.9,1
Hotel Borde Lago,Puerto Varas,hotel,76091.0,7.9,1
Hotel Borde Lago,Puerto Varas,hotel,91298.0,8.9,0
Hotel Boutique Casa Werner,Puerto Varas,hotel,85600.0,8.9,0
Hotel Boutique Casa Werner,Puerto Varas,hotel,60761.0,8.6,0
Hotel Boutique Casa&Alma,Puerto Varas,hotel,83300.0,9.4,0
Hotel Cabaña del Lago,Puerto Varas,hotel,111720.0,9.1,0
Hotel Central Puerto Varas,Puerto Varas,hotel,55078.0,7.1,1
Hotel Central Puerto Varas,Puerto Varas,hotel,147863.0,7.6,2
Hotel Costanera Puerto Varas,Puerto Varas,hotel,115226.0,7.6,1
Hotel Costanera Puerto Varas,Puerto Varas,hotel,164047.0,9.3,2
Hotel Cumbres,Puerto Varas,hotel,124762.0,8.5,2
Hotel Cumbres,Puerto Varas,hotel,83706.0,7.9,1
Hotel Del Mar Puerto Varas,Puerto Varas,hotel,93206.0,6.7,1
Hotel Del Mar Puerto Varas,Puerto Varas,hotel,214103.0,7.7,2
Hotel Germania,Puerto Varas,hotel,95154.0,8.5,0
Hotel Germania,Puerto Varas,hotel,104847.0,8.8,0
Hotel Germania,Puerto Varas,hotel,123217.0,8.0,2
Hotel Museo El Greco Puerto Varas,Puerto Varas,hotel,130933.0,8.2,2
Hotel Norte Puerto Varas,Puerto Varas,hotel,217056.0,9.3,2
Hotel Norte Puerto Varas,Puerto Varas,hotel,221638.0,7.4,2
Hotel Patagonico,Puerto Varas,hotel,107640.0,7.8,1
Hotel Patagónico,Puerto Varas,hotel,200960.0,8.3,2
Hotel Patagónico,Puerto Varas,hotel,117025.0,7.1,1
Hotel Plaza Puerto Varas,Puerto Varas,hotel,101244.0,7.0,1
Hotel Primavera Puerto Varas,Puerto Varas,hotel,172125.0,7.3,2
Hotel Puelche,Puerto Varas,hotel,146854.0,8.9,2
Hotel Puelche,Puerto Varas,hotel,87798.0,9.1,0
Hotel Puerto Varas Apart Hotel,Puerto Varas,hotel,109029.0,8.9,0
Hotel Puerto Varas Boutique,Puerto Varas,hotel,113773.0,8.7,0
Hotel Puerto Varas Inn,Puerto Varas,hotel,77861.0,8.7,0
Hotel Puerto Varas Lodge,Puerto Varas,hotel,53075.0,6.9,1
Hotel Puerto Varas Plaza,Puerto Varas,hotel,77893.0,8.9,0
Hotel Puerto Varas Resort,Puerto Varas,hotel,72690.0,8.8,0
Hotel Puerto Varas Suites,Puerto Varas,hotel,70217.0,7.1,1
Hotel Sur Puerto Varas,Puerto Varas,hotel,104394.0,7.1,1
Hotel Sur Puerto Varas,Puerto Varas,hotel,227388.0,8.1,2
Hotel Terrazas del Lago,Puerto Varas,hotel,90785.0,9.1,0
Hotel Vista Hermosa Puerto Varas,Puerto Varas,hotel,108860.0,7.7,1
Hotel casa kaiser,Puerto Varas,hotel,52277.0,7.9,1
La Maggiora,Puerto Varas,hotel,122182.0,8.8,2
La Maggiora,Puerto Varas,hotel,104307.0,7.5,1
La casa Florencia,Puerto Varas,hotel,29600.0,7.8,1
Lodge Andino Puerto Varas,Puerto Varas,hotel,93477.0,7.1,1
Lodge Central Puerto Varas,Puerto Varas,hotel,126039.0,9.5,0
Lodge Costanera Puerto Varas,Puerto Varas,hotel,77752.0,7.8,1
Lodge Costanera Puerto Varas,Puerto Varas,hotel,98186.0,7.6,1
Lodge Del Mar Puerto Varas,Puerto Varas,hotel,187979.0,8.2,2
Lodge Del Mar Puerto Varas,Puerto Varas,hotel,229084.0,8.1,2
Lodge Norte Puerto Varas,Puerto Varas,hotel,105535.0,6.9,1
Lodge Plaza Puerto Varas,Puerto Varas,hotel,106447.0,7.7,1
Lodge Plaza Puerto Varas,Puerto Varas,hotel,195988.0,7.7,2
Lodge Primavera Puerto Varas,Puerto Varas,hotel,144780.0,8.0,2
Lodge Primavera Puerto Varas,Puerto Varas,hotel,93449.0,7.1,1
Lodge Sur Puerto Varas,Puerto Varas,hotel,60093.0,8.9,0
Lodge Vista Hermosa Puerto Varas,Puerto Varas,hotel,104244.0,9.6,0
Lodge Vista Hermosa Puerto Varas,Puerto Varas,hotel,210888.0,7.3,2
"Park Inn By Radisson, Puerto Varas",Puerto Varas,hotel,88260.0,8.5,0
Parque la Pajarera,Puerto Varas,hotel,80595.0,8.9,0
Patagonia Route B&B,Puerto Varas,hotel,101012.0,8.2,1
Puerto Chico Hotel,Puerto Varas,hotel,88331.0,8.4,0
Puerto Chico Hotel,Puerto Varas,hotel,101012.0,8.5,0
Radisson,Puerto Varas,hotel,144118.0,9.4,2
Radisson Hotel Puerto Varas,Puerto Varas,hotel,177383.0,8.4,2
Radisson Hotel Puerto Varas,Puerto Varas,hotel,190000.0,8.4,2
Radisson Puerto Varas,Puerto Varas,hotel,188516.0,6.8,2
Solace Hotel,Puerto Varas,hotel,141425.0,7.7,2
Solace Hotel Puerto Varas,Puerto Varas,hotel,107259.0,8.6,0
Solace Hotel Puerto Varas,Puerto Varas,hotel,113549.0,8.9,0
Weisserhaus,Puerto Varas,hotel,47500.0,8.9,0
Weisserhaus,Puerto Varas,hotel,97799.0,9.2,0
Wyndham Puerto Varas Pettra,Puerto Varas,hotel,161339.0,9.1,2
Wyndham Puerto Varas Pettra,Puerto Varas,hotel,180174.0,7.9,2
Almasur Punta Arenas,Punta Arenas,hotel,87501.0,8.5,0
Apart Hotel Endurance,Punta Arenas,hotel,112832.0,7.9,1
Apartamentos Entre Fronteras,Punta Arenas,hotel,85968.0,8.4,0
Central House,Punta Arenas,hotel,53190.0,7.7,1
Chalet Chapital Punta Arenas,Punta Arenas,hotel,70607.0,8.5,0
Departamentos Los Ganaderos,Punta Arenas,hotel,110522.0,8.1,1
HOTEL LOS NAVEGANTES,Punta Arenas,hotel,71386.0,7.9,1
HOTEL LOS NAVEGANTES,Punta Arenas,hotel,190000.0,8.0,2
Haiken Hostal,Punta Arenas,hotel,45258.0,8.4,0
Hain Casa Hotel,Punta Arenas,hotel,83078.0,9.7,0
Hospedaje de la vita,Punta Arenas,hotel,107372.0,8.9,0
Hostal Balmaceda,Punta Arenas,hotel,32238.0,9.8,0
Hostal Boutique Terra Antarctica,Punta Arenas,hotel,64476.0,7.8,1
Hostal Cordillera,Punta Arenas,hotel,98648.0,7.9,1
Hostal Fernando de Magalhaes,Punta Arenas,hotel,82206.0,9.3,0
Hostal Hielo Sur,Punta Arenas,hotel,98648.0,9.0,0
Hostal Host Patagonia,Punta Arenas,hotel,31969.0,9.0,0
Hostal Patagonia,Punta Arenas,hotel,118861.0,8.2,2
Hostal Ventisqueros,Punta Arenas,hotel,80036.0,9.3,0
Hostel Entre Vientos,Punta Arenas,hotel,48182.0,9.3,0
Hotel Albatros,Punta Arenas,hotel,71638.0,8.7,0
Hotel Andino Punta Arenas,Punta Arenas,hotel,79297.0,7.0,1
Hotel Boutique La Yegua Loca,Punta Arenas,hotel,118940.0,9.4,0
Hotel Cabo De Hornos,Punta Arenas,hotel,126187.0,9.0,2
Hotel Cabo De Hornos,Punta Arenas,hotel,47500.0,9.0,0
Hotel Cabo De Hornos,Punta Arenas,hotel,126420.0,8.2,2
Hotel Cabo de Hornos,Punta Arenas,hotel,121133.0,8.0,2
Hotel Carpa Manzano,Punta Arenas,hotel,101549.0,8.4,0
Hotel Central Punta Arenas,Punta Arenas,hotel,183541.0,7.9,2
Hotel Central Punta Arenas,Punta Arenas,hotel,76793.0,7.5,1
Hotel Costanera Punta Arenas,Punta Arenas,hotel,103801.0,7.0,1
Hotel Del Mar Punta Arenas,Punta Arenas,hotel,154531.0,6.8,1
Hotel Del Mar Punta Arenas,Punta Arenas,hotel,209091.0,9.3,2
Hotel Diego de Almagro,Punta Arenas,hotel,41306.0,7.9,1
Hotel Diego de Almagro Punta Arenas,Punta Arenas,hotel,100950.0,8.2,1
Hotel Diego de Almagro Punta Arenas,Punta Arenas,hotel,115340.0,8.2,2
Hotel Dreams,Punta Arenas,hotel,72423.0,8.5,0
Hotel Isla Rey Jorge,Punta Arenas,hotel,97344.0,8.3,0
Hotel Isla Rey Jorge,Punta Arenas,hotel,116056.0,8.4,2
Hotel Jose Nogueira,Punta Arenas,hotel,78445.0,8.9,0
Hotel Jose Nogueira,Punta Arenas,hotel,134625.0,9.2,2
Hotel José Nogueira,Punta Arenas,hotel,112919.0,8.4,2
Hotel José Nogueira,Punta Arenas,hotel,95000.0,8.5,0
Hotel Los Navegantes,Punta Arenas,hotel,85108.0,8.3,0
Hotel Norte Punta Arenas,Punta Arenas,hotel,203553.0,7.6,2
Hotel Patagonia B&B,Punta Arenas,hotel,85968.0,9.1,0
Hotel Plaza,Punta Arenas,hotel,85311.0,8.4,0
Hotel Plaza,Punta Arenas,hotel,95000.0,8.4,0
Hotel Plaza,Punta Arenas,hotel,101710.0,9.0,0
Hotel Plaza Punta Arenas,Punta Arenas,hotel,110564.0,6.9,1
Hotel Plaza Punta Arenas,Punta Arenas,hotel,131803.0,9.1,2
Hotel Primavera Punta Arenas,Punta Arenas,hotel,210974.0,9.5,2
Hotel Primavera Punta Arenas,Punta Arenas,hotel,135492.0,8.5,2
Hotel Punta Arenas Apart Hotel,Punta Arenas,hotel,116581.0,8.4,2
Hotel Punta Arenas Boutique,Punta Arenas,hotel,147855.0,9.7,2
Hotel Punta Arenas Center,Punta Arenas,hotel,83608.0,8.4,0
Hotel Punta Arenas Inn,Punta Arenas,hotel,129836.0,8.9,2
Hotel Punta Arenas Plaza,Punta Arenas,hotel,130631.0,8.8,2
Hotel Punta Arenas Resort,Punta Arenas,hotel,92226.0,7.8,1
Hotel Punta Arenas Suites,Punta Arenas,hotel,75570.0,8.8,0
Hotel Sur Punta Arenas,Punta Arenas,hotel,56282.0,8.2,1
Hotel Sur Punta Arenas,Punta Arenas,hotel,72936.0,9.7,0
Hotel Vista Hermosa Punta Arenas,Punta Arenas,hotel,177798.0,6.6,2
Hotel Vista Hermosa Punta Arenas,Punta Arenas,hotel,223391.0,9.0,2
Innata Casa Hostal,Punta Arenas,hotel,65282.0,8.2,1
Karol Hostal,Punta Arenas,hotel,67454.0,9.6,0
La Casa Guesthouse,Punta Arenas,hotel,225654.0,9.4,2
La Mia NONNA,Punta Arenas,hotel,37703.0,9.1,0
Lodge Andino Punta Arenas,Punta Arenas,hotel,173877.0,9.1,2
Lodge Andino Punta Arenas,Punta Arenas,hotel,118151.0,7.6,1
Lodge Central Punta Arenas,Punta Arenas,hotel,62603.0,8.8,0
Lodge Central Punta Arenas,Punta Arenas,hotel,184778.0,9.5,2
Lodge Costanera Punta Arenas,Punta Arenas,hotel,174586.0,9.3,2
Lodge Costanera Punta Arenas,Punta Arenas,hotel,126439.0,7.1,1
Lodge Del Mar Punta Arenas,Punta Arenas,hotel,196873.0,9.4,2
Lodge Del Mar Punta Arenas,Punta Arenas,hotel,132235.0,7.4,1
Lodge Norte Punta Arenas,Punta Arenas,hotel,148565.0,7.6,2
Lodge Norte Punta Arenas,Punta Arenas,hotel,219661.0,9.6,2
Lodge Plaza Punta Arenas,Punta Arenas,hotel,92656.0,6.9,1
Lodge Plaza Punta Arenas,Punta Arenas,hotel,156797.0,9.1,2
Lodge Primavera Punta Arenas,Punta Arenas,hotel,177167.0,8.6,2
Lodge Primavera Punta Arenas,Punta Arenas,hotel,228439.0,8.3,2
Lodge Sur Punta Arenas,Punta Arenas,hotel,81969.0,8.6,0
Lodge Vista Hermosa Punta Arenas,Punta Arenas,hotel,148185.0,7.0,1
Matic Apartments,Punta Arenas,hotel,63397.0,8.6,0
Patagonia Hotel & Apart Suite,Punta Arenas,hotel,118205.0,8.3,2
Patagonia Mágica,Punta Arenas,hotel,30000.0,8.0,1
Portada De Magallanes,Punta Arenas,hotel,161189.0,8.0,2
Valyak Rent Apart Hotel - Servicios Integrales,Punta Arenas,hotel,74000.0,8.4,0
Altavista hostal apartamento,Rancagua,hotel,94248.0,7.7,1
Amplio departamento céntrico 3 habitaciones 1 baño - calefacción AC- parking privado,Rancagua,hotel,144000.0,10.0,2
Apart Hotel Campos Rancagua,Rancagua,hotel,74469.0,8.0,1
Bello Departamento Ideal para el Relax,Rancagua,hotel,62185.0,9.1,0
Cruz de Triana,Rancagua,hotel,108160.0,9.1,0
Cruz de Triana,Rancagua,hotel,96714.0,8.7,0
De Triana Hotel,Rancagua,hotel,144664.0,9.0,2
De Triana Hotel,Rancagua,hotel,86233.0,8.5,0
"Dep 2 habitaciones 1 baño , céntrico , parking , wifi , calefacción",Rancagua,hotel,77371.0,8.0,1
"Dep moderno al costado de HHRR , parking privado , wifi , cercano a panamericana 5",Rancagua,hotel,118436.0,10.0,0
Departamento 3 dormitorios a pasos Champion media luna Rancagua con parcking y Wifi,Rancagua,hotel,72476.0,7.5,1
"Departamento 3 habitaciones 1,5 baños , calefacción AC , cercano a carretera panamericana 5",Rancagua,hotel,64423.0,10.0,0
Departamento Hospedaje Rancagua Centro,Rancagua,hotel,56674.0,8.8,0
Departamento Rancagua centro hermosa vista frente a supermercado y locales comerciales,Rancagua,hotel,135000.0,10.0,0
Departamento acogedor y familiar,Rancagua,hotel,166695.0,8.0,2
Diego De Almagro Rancagua,Rancagua,hotel,125369.0,8.7,2
Doña Irene B & B,Rancagua,hotel,127877.0,9.2,2
Hermoso Depto Almarza,Rancagua,hotel,55000.0,9.3,0
Hermoso Depto Central,Rancagua,hotel,100000.0,9.0,0
Hermoso Depto Centrico,Rancagua,hotel,179848.0,7.7,2
Hermoso Depto Terraza,Rancagua,hotel,120779.0,8.7,2
Hermoso Depto Terraza,Rancagua,hotel,71737.0,7.6,1
Hospedaje Rancagua - Centro - Hermoso Departamento,Rancagua,hotel,111658.0,7.6,1
Hospedaje Rancagua - Centro - Hermoso Departamento,Rancagua,hotel,66557.0,8.0,1
Hostal Viña Malva,Rancagua,hotel,73637.0,9.2,0
Hotel Aires del Sur Centro de Rancagua,Rancagua,hotel,97831.0,8.2,1
Hotel Andino Rancagua,Rancagua,hotel,131379.0,6.8,1
Hotel Andino Rancagua,Rancagua,hotel,83258.0,8.9,0
Hotel Casa Millan Inn,Rancagua,hotel,94010.0,8.0,1
Hotel Casa Real,Rancagua,hotel,85727.0,8.1,1
Hotel Central Rancagua,Rancagua,hotel,197600.0,6.8,2
Hotel Central Rancagua,Rancagua,hotel,214119.0,8.0,2
Hotel Costanera Rancagua,Rancagua,hotel,66738.0,7.2,1
Hotel Costanera Rancagua,Rancagua,hotel,173472.0,9.2,2
Hotel Del Mar Rancagua,Rancagua,hotel,55801.0,9.2,0
Hotel Diego De Almagro Rancagua,Rancagua,hotel,223531.0,8.4,2
Hotel Doria,Rancagua,hotel,120355.0,9.0,0
Hotel Mar Andino,Rancagua,hotel,171254.0,8.5,2
Hotel Mar Andino,Rancagua,hotel,118205.0,8.4,2
Hotel Norte Rancagua,Rancagua,hotel,188401.0,6.6,2
Hotel Plaza Rancagua,Rancagua,hotel,118672.0,7.9,1
Hotel Plaza Rancagua,Rancagua,hotel,179253.0,9.0,2
Hotel Primavera Rancagua,Rancagua,hotel,219688.0,9.1,2
Hotel Rancagua Apart Hotel,Rancagua,hotel,80597.0,8.4,0
Hotel Rancagua Boutique,Rancagua,hotel,71336.0,7.8,1
Hotel Rancagua Center,Rancagua,hotel,59808.0,8.8,0
Hotel Rancagua Inn,Rancagua,hotel,68949.0,8.0,1
Hotel Rancagua Lodge,Rancagua,hotel,92708.0,8.9,0
Hotel Rancagua Plaza,Rancagua,hotel,131999.0,8.9,2
Hotel Rancagua Suites,Rancagua,hotel,63184.0,7.6,1
Hotel Rio Rengo,Rancagua,hotel,98966.0,9.0,0
Hotel Sur Rancagua,Rancagua,hotel,104114.0,7.3,1
Hotel Sur Rancagua,Rancagua,hotel,111628.0,9.4,0
Hotel Terrado Rancagua,Rancagua,hotel,187478.0,8.7,2
Hotel Terrado Rancagua,Rancagua,hotel,100295.0,7.6,1
Hotel Vista Hermosa Rancagua,Rancagua,hotel,141973.0,7.2,1
Lodge Andino Rancagua,Rancagua,hotel,71364.0,9.3,0
Lodge Central Rancagua,Rancagua,hotel,193157.0,8.0,2
Lodge Central Rancagua,Rancagua,hotel,81141.0,9.5,0
Lodge Costanera Rancagua,Rancagua,hotel,55165.0,8.4,0
Lodge Costanera Rancagua,Rancagua,hotel,97863.0,7.8,1
Lodge Del Mar Rancagua,Rancagua,hotel,86369.0,6.9,1
Lodge Del Mar Rancagua,Rancagua,hotel,176191.0,9.6,2
Lodge Norte Rancagua,Rancagua,hotel,218893.0,9.3,2
Lodge Norte Rancagua,Rancagua,hotel,200522.0,8.7,2
Lodge Plaza Rancagua,Rancagua,hotel,188985.0,6.6,2
Lodge Plaza Rancagua,Rancagua,hotel,152358.0,8.7,2
Lodge Primavera Rancagua,Rancagua,hotel,132131.0,7.3,1
Lodge Primavera Rancagua,Rancagua,hotel,147065.0,8.7,2
Lodge Sur Rancagua,Rancagua,hotel,199129.0,9.2,2
Lodge Sur Rancagua,Rancagua,hotel,92214.0,9.7,0
Lodge Vista Hermosa Rancagua,Rancagua,hotel,90262.0,8.7,0
Lodge Vista Hermosa Rancagua,Rancagua,hotel,95404.0,7.3,1
Refugio Rancagua,Rancagua,hotel,50575.0,9.8,0
Relajado y central,Rancagua,hotel,99598.0,8.4,0
Relajado y central,Rancagua,hotel,49892.0,9.0,0
Residencial Astorga,Rancagua,hotel,117426.0,8.0,1
Uva Dulce B&B,Rancagua,hotel,96390.0,9.6,0
Vista Apartments - Aire Acondicionado y Estacionamiento,Rancagua,hotel,80595.0,8.4,0
ibis Rancagua,Rancagua,hotel,42209.0,7.1,1
residencial Astorga,Rancagua,hotel,69999.0,9.5,0
45 by Director,Santiago,hotel,163680.0,8.6,2
Almacruz Hotel y Centro de Convenciones,Santiago,hotel,82529.0,8.3,0
Almacruz Hotel y Centro de Convenciones (Ex Galerías),Santiago,hotel,122279.0,8.3,2
Best Western Premier Marina Las Condes,Santiago,hotel,137157.0,8.4,2
Best of Providencia Modern 2BR Steps from Metro,Santiago,hotel,139965.0,10.0,0
Casa Bueras,Santiago,hotel,101542.0,8.1,1
Casa Bueras,Santiago,hotel,169255.0,7.8,2
Courtyard by Marriott Santiago Airport,Santiago,hotel,134909.0,8.2,2
Courtyard by Marriott Santiago Las Condes,Santiago,hotel,180949.0,8.9,2
Debaines Hotel Santiago,Santiago,hotel,167456.0,8.5,2
Departamento Familiar Excelente ubicación para 5 personas,Santiago,hotel,225654.0,9.5,2
Departamento Santiago Centro Casco Histórico - VRS VRSUITE,Santiago,hotel,151564.0,8.8,2
Departamento con Terraza R&M,Santiago,hotel,101330.0,8.2,1
Depto Manuel Montt Providencia,Santiago,hotel,195000.0,8.8,2
DoubleTree by Hilton Santiago - Vitacura,Santiago,hotel,126802.0,8.3,2
DoubleTree by Hilton Santiago Kennedy,Santiago,hotel,128485.0,8.6,2
"DoubleTree by Hilton Santiago Kennedy, Chile",Santiago,hotel,220287.0,8.6,2
Estiloso 2BR Metro Santa Ana WIFI self-check in,Santiago,hotel,103873.0,9.0,0
Eurotel El Bosque,Santiago,hotel,70300.0,8.5,0
Exclusivo y seguro Departamento en El GOLF,Santiago,hotel,191806.0,8.6,2
Experiencia de primera clase a pasos del Costanera,Santiago,hotel,207029.0,8.5,2
Four Points by Sheraton Santiago,Santiago,hotel,211434.0,8.4,2
Four Points by Sheraton Santiago,Santiago,hotel,143475.0,8.1,2
Hampton By Hilton Santiago Las Condes,Santiago,hotel,203828.0,7.8,2
Holiday Inn,Santiago,hotel,176366.0,8.5,2
Holiday Inn Santiago,Santiago,hotel,105087.0,7.8,1
Holiday Inn Santiago,Santiago,hotel,69320.0,8.6,0
Holiday Inn Santiago - Airport Terminal By IHG,Santiago,hotel,136800.0,8.4,2
Holiday Inn Santiago - Airport Terminal By IHG,Santiago,hotel,182020.0,8.4,2
Holiday Inn Santiago - Airport Terminal by IHG,Santiago,hotel,137794.0,8.4,2
Hotel & Cafeteria Casa Zañartu,Santiago,hotel,70300.0,7.9,1
Hotel Andino Santiago,Santiago,hotel,108211.0,8.0,1
Hotel Andino Santiago,Santiago,hotel,226369.0,7.0,2
Hotel Bonaparte Santiago,Santiago,hotel,81921.0,8.2,1
Hotel Brasilia,Santiago,hotel,99147.0,8.0,1
Hotel Canciller - Ex Hotel Presidente,Santiago,hotel,105619.0,8.2,1
Hotel Capital Bellet,Santiago,hotel,127476.0,8.7,2
Hotel Central Santiago,Santiago,hotel,94820.0,9.1,0
Hotel Central Santiago,Santiago,hotel,83453.0,8.7,0
Hotel Costanera Santiago,Santiago,hotel,71579.0,7.7,1
Hotel Costanera Santiago,Santiago,hotel,185052.0,7.6,2
Hotel Del Mar Santiago,Santiago,hotel,171286.0,8.3,2
Hotel Del Mar Santiago,Santiago,hotel,154252.0,8.2,2
Hotel Diego de Velazquez,Santiago,hotel,159716.0,8.4,2
Hotel Director Vitacura,Santiago,hotel,159519.0,8.6,2
Hotel Eurotel Providencia,Santiago,hotel,149622.0,8.4,2
Hotel Fundador,Santiago,hotel,66213.0,8.0,1
Hotel Fundador,Santiago,hotel,75938.0,8.0,1
Hotel Gran Palace,Santiago,hotel,60800.0,8.1,1
Hotel Gran Palace,Santiago,hotel,103072.0,8.9,0
Hotel Ismael,Santiago,hotel,90454.0,8.5,0
Hotel Magnolia,Santiago,hotel,144251.0,9.2,2
Hotel Nativo,Santiago,hotel,70300.0,7.5,1
Hotel Nippon y Centro de Eventos,Santiago,hotel,65192.0,8.7,0
Hotel Nodo - El primer hotel de negocios en Chile,Santiago,hotel,214360.0,8.0,2
Hotel Norte Santiago,Santiago,hotel,175898.0,8.4,2
Hotel Panamericano,Santiago,hotel,71564.0,8.7,0
Hotel Plaza San Francisco,Santiago,hotel,95000.0,8.9,0
Hotel Plaza San Francisco,Santiago,hotel,111060.0,8.9,0
Hotel Plaza Santiago,Santiago,hotel,97723.0,9.3,0
Hotel Primavera Santiago,Santiago,hotel,122008.0,7.5,1
Hotel Santiago Apart Hotel,Santiago,hotel,207350.0,8.6,2
Hotel Santiago Boutique,Santiago,hotel,138437.0,8.9,2
Hotel Santiago Center,Santiago,hotel,212141.0,9.4,2
Hotel Santiago Lodge,Santiago,hotel,76738.0,8.7,0
Hotel Santiago Plaza,Santiago,hotel,148518.0,8.1,2
Hotel Santiago Resort,Santiago,hotel,141478.0,8.1,2
Hotel Santiago Suites,Santiago,hotel,149230.0,8.7,2
Hotel Sur Santiago,Santiago,hotel,202586.0,7.4,2
Hotel Tempo Rent,Santiago,hotel,154128.0,8.1,2
Hotel Vista Hermosa Santiago,Santiago,hotel,121049.0,9.0,0
Ibis Budget Santiago Providencia,Santiago,hotel,63467.0,8.0,1
Infinity Park Hotel,Santiago,hotel,98961.0,7.9,1
Isabel Suites Vitacura,Santiago,hotel,168550.0,9.2,2
Ladera Boutique Hotel,Santiago,hotel,176211.0,8.4,2
Lastarria Boutique,Santiago,hotel,155930.0,9.4,2
Lastarria Boutique Hotel,Santiago,hotel,172310.0,7.5,2
Le Méridien Santiago,Santiago,hotel,102600.0,8.0,1
Le Méridien Santiago,Santiago,hotel,95601.0,8.7,0
Lodge Andino Santiago,Santiago,hotel,134478.0,8.7,2
Lodge Andino Santiago,Santiago,hotel,206280.0,8.5,2
Lodge Central Santiago,Santiago,hotel,132024.0,7.0,1
Lodge Central Santiago,Santiago,hotel,60926.0,8.7,0
Lodge Costanera Santiago,Santiago,hotel,180940.0,8.8,2
Lodge Del Mar Santiago,Santiago,hotel,154493.0,8.6,2
Lodge Del Mar Santiago,Santiago,hotel,212326.0,8.8,2
Lodge Norte Santiago,Santiago,hotel,135846.0,8.0,2
Lodge Plaza Santiago,Santiago,hotel,185004.0,8.2,2
Lodge Primavera Santiago,Santiago,hotel,56783.0,9.8,0
Lodge Sur Santiago,Santiago,hotel,153719.0,9.6,2
Lodge Sur Santiago,Santiago,hotel,84701.0,8.4,0
Lodge Vista Hermosa Santiago,Santiago,hotel,192681.0,9.4,2
MR Hotel Providencia (ex Hotel Neruda),Santiago,hotel,196223.0,8.6,2
MR Hotel Providencia (ex Hotel Neruda),Santiago,hotel,100475.0,8.2,1
Mercure Santiago Centro,Santiago,hotel,62667.0,8.0,1
NH Ciudad de Santiago,Santiago,hotel,87348.0,8.6,0
NH Collection,Santiago,hotel,134625.0,8.1,2
NH Collection Plaza Santiago,Santiago,hotel,119700.0,8.6,2
NH Collection Plaza Santiago,Santiago,hotel,130907.0,8.6,2
NH Collection Santiago Casacostanera,Santiago,hotel,146658.0,8.2,2
Nobile Hotel Estación Central,Santiago,hotel,61252.0,8.7,0
Novotel,Santiago,hotel,141947.0,8.1,2
Novotel Santiago,Santiago,hotel,125334.0,8.9,2
Novotel Santiago,Santiago,hotel,152137.0,7.9,2
Novotel Santiago Las Condes,Santiago,hotel,215058.0,8.7,2
Novotel Santiago Las Condes,Santiago,hotel,96016.0,8.5,0
Novotel Santiago Providencia,Santiago,hotel,205200.0,8.7,2
Novotel Santiago Providencia,Santiago,hotel,96000.0,8.7,0
Novotel Santiago Vitacura,Santiago,hotel,180500.0,8.1,2
Novotel Santiago Vitacura,Santiago,hotel,81000.0,8.1,1
"Ola Santiago Providencia, Tapestry Collection by Hilton",Santiago,hotel,150969.0,8.5,2
Park Plaza Apart Hotel,Santiago,hotel,43886.0,8.7,0
Park Plaza Apartments,Santiago,hotel,65016.0,8.1,1
Park Plaza Santiago,Santiago,hotel,82896.0,8.2,1
Plaza El Bosque,Santiago,hotel,94698.0,8.2,1
Plaza El Bosque Ebro,Santiago,hotel,124253.0,8.6,2
Pullman Santiago El Bosque,Santiago,hotel,138700.0,9.0,2
Pullman Santiago El Bosque,Santiago,hotel,113173.0,8.3,2
Pullman Santiago Vitacura,Santiago,hotel,116785.0,8.7,2
RQ Santiago,Santiago,hotel,70300.0,8.6,0
Ritz-Carlton,Santiago,hotel,86660.0,8.3,0
Ritz-Carlton Santiago,Santiago,hotel,212757.0,8.8,2
Ritz-Carlton Santiago,Santiago,hotel,161069.0,6.6,1
Rugendas Hotel Boutique by Time,Santiago,hotel,130055.0,8.9,2
San Ignacio Suite,Santiago,hotel,36238.0,9.2,0
Sheraton,Santiago,hotel,72164.0,8.5,0
Sheraton Santiago,Santiago,hotel,166784.0,7.6,2
Sheraton Santiago Hotel and Convention Center,Santiago,hotel,155132.0,8.2,2
Solace Hotel Santiago,Santiago,hotel,107457.0,8.7,0
Sweet Stay Chile - Palacio de Gobierno,Santiago,hotel,49654.0,10.0,0
Teatinos 690 - Departamentos R&M,Santiago,hotel,62598.0,8.3,0
The Singular Santiago,Santiago,hotel,110580.0,8.1,1
W Santiago,Santiago,hotel,131183.0,8.8,2
Wyndham Santiago Aeropuerto,Santiago,hotel,95000.0,8.9,0
Wyndham Santiago Aeropuerto,Santiago,hotel,120355.0,8.9,0
Wyndham Santiago Pettra,Santiago,hotel,180949.0,8.7,2
abba Presidente Suites Santiago,Santiago,hotel,80750.0,8.3,0
abba Presidente Suites Santiago,Santiago,hotel,93136.0,8.0,1
ibis Santiago,Santiago,hotel,58434.0,7.1,1
ibis budget Santiago Providencia,Santiago,hotel,132000.0,8.0,2
Apart las Rastras talca,Talca,hotel,55521.0,8.3,0
Apartamentos Terrazas de Talca,Talca,hotel,64242.0,8.0,1
Condominio don Alfonso,Talca,hotel,135000.0,9.0,2
Cuatro Norte 955 Apartamento Full equipado,Talca,hotel,91341.0,8.9,0
Cómoda casa con 3 habitaciones de lujo en Talca,Talca,hotel,32768.0,8.9,0
Departamento Buena vista,Talca,hotel,45067.0,8.9,0
Departamento Buena vista,Talca,hotel,53730.0,8.0,1
Departamento Corporativo I Talca Norte - Rentcovac - Factura Inmediata,Talca,hotel,72020.0,7.6,1
Departamento Corporativo V Las Rastras 30 Oriente - RENTCOVAC - Factura Inmediata,Talca,hotel,173745.0,9.3,2
Departamento amoblado,Talca,hotel,39131.0,8.9,0
"Departamento full equipado ,2 dormitorios , Aire acondicionado, estacionamiento privado",Talca,hotel,122400.0,8.6,2
Diego De Almagro Talca Express,Talca,hotel,107101.0,8.4,0
Ecohotel Talca,Talca,hotel,85627.0,8.6,0
Ecohotel Talca,Talca,hotel,103161.0,8.6,0
Homestay - athlete and very happy family,Talca,hotel,40600.0,9.0,0
Hostal Casa Azul,Talca,hotel,61703.0,8.8,0
Hostal Del Centro Talca,Talca,hotel,52297.0,8.2,1
Hostal Pehuenche,Talca,hotel,59378.0,9.1,0
Hostal Plaza Maule,Talca,hotel,51742.0,7.8,1
Hostal Plaza Maule Express,Talca,hotel,51742.0,8.0,1
Hostel 1760,Talca,hotel,39760.0,7.9,1
Hotel Andino Talca,Talca,hotel,197732.0,6.7,2
Hotel Betinia,Talca,hotel,51495.0,8.0,1
Hotel Capelli Express,Talca,hotel,49745.0,7.8,1
Hotel Capelli Express,Talca,hotel,59683.0,8.2,1
Hotel Capelli Talca,Talca,hotel,72000.0,8.0,1
Hotel Casino,Talca,hotel,104409.0,9.7,0
Hotel Casino Talca,Talca,hotel,116272.0,8.3,2
Hotel Casino Talca,Talca,hotel,131817.0,8.2,2
Hotel Central Talca,Talca,hotel,63322.0,8.9,0
Hotel Cordillera,Talca,hotel,47771.0,8.3,0
Hotel Cordillera,Talca,hotel,56954.0,8.8,0
Hotel Costanera Talca,Talca,hotel,56387.0,6.8,1
Hotel Costanera Talca,Talca,hotel,161932.0,8.4,2
Hotel Del Mar Talca,Talca,hotel,56561.0,9.0,0
Hotel Diego De Almagro Talca,Talca,hotel,103654.0,8.4,0
Hotel Diego De Almagro Talca,Talca,hotel,116414.0,8.3,2
Hotel Diego de Almagro Talca Express,Talca,hotel,98246.0,8.7,0
Hotel Insigne,Talca,hotel,73910.0,8.5,0
Hotel Insigne,Talca,hotel,88117.0,9.1,0
Hotel Isla Bella Talca,Talca,hotel,76538.0,7.9,1
Hotel Isla Bella Talca,Talca,hotel,59758.0,7.7,1
Hotel Madero Talca,Talca,hotel,73150.0,8.8,0
Hotel Madero Talca,Talca,hotel,87049.0,8.5,0
Hotel Marcos Gamero,Talca,hotel,86258.0,9.1,0
Hotel Marcos Gamero,Talca,hotel,142500.0,9.1,2
Hotel Marcos Gamero,Talca,hotel,102839.0,8.7,0
Hotel Norte Talca,Talca,hotel,213841.0,7.7,2
Hotel Plaza,Talca,hotel,66383.0,8.7,0
Hotel Plaza Talca,Talca,hotel,171591.0,8.8,2
Hotel Plaza Talca,Talca,hotel,74703.0,9.0,0
Hotel Primavera Talca,Talca,hotel,178128.0,8.9,2
Hotel Stella,Talca,hotel,168683.0,7.4,2
Hotel Sur Talca,Talca,hotel,130569.0,6.7,1
Hotel Sur Talca,Talca,hotel,179731.0,9.4,2
Hotel Talca Apart Hotel,Talca,hotel,68677.0,8.8,0
Hotel Talca Center,Talca,hotel,52182.0,8.4,0
Hotel Talca Inn,Talca,hotel,128819.0,9.2,2
Hotel Talca Plaza,Talca,hotel,76581.0,7.9,1
Hotel Vista Hermosa Talca,Talca,hotel,133628.0,8.2,2
Lodge Andino Talca,Talca,hotel,136729.0,9.0,2
Lodge Andino Talca,Talca,hotel,105496.0,7.6,1
Lodge Central Talca,Talca,hotel,90651.0,9.6,0
Lodge Central Talca,Talca,hotel,76231.0,9.1,0
Lodge Costanera Talca,Talca,hotel,174477.0,8.6,2
Lodge Del Mar Talca,Talca,hotel,182894.0,7.7,2
Lodge Del Mar Talca,Talca,hotel,196513.0,9.7,2
Lodge Norte Talca,Talca,hotel,82481.0,7.1,1
Lodge Plaza Talca,Talca,hotel,186564.0,8.8,2
Lodge Plaza Talca,Talca,hotel,85723.0,7.2,1
Lodge Primavera Talca,Talca,hotel,86524.0,7.7,1
Lodge Primavera Talca,Talca,hotel,90274.0,7.8,1
Lodge Sur Talca,Talca,hotel,126797.0,8.0,2
Lodge Sur Talca,Talca,hotel,119449.0,7.0,1
Lodge Vista Hermosa Talca,Talca,hotel,170817.0,8.3,2
Lodge Vista Hermosa Talca,Talca,hotel,198256.0,7.6,2
Moderna casa con piscina e internet de alta velocidad en Talca,Talca,hotel,104040.0,9.4,0
Oriente Hostal,Talca,hotel,65450.0,7.4,1
Park Güell House Hotel,Talca,hotel,97900.0,8.2,1
Park Güell House Hotel,Talca,hotel,107774.0,8.3,0
Residencial Don Santiago,Talca,hotel,42261.0,8.9,0
"cómodo departamento centro de Talca , estacionamiento gratuito",Talca,hotel,147000.0,9.5,2
Apart Hotel Aragon Portal,Temuco,hotel,90810.0,7.9,1
Apart Hotel Bauerle & Apartamentos,Temuco,hotel,54374.0,8.7,0
Apartamentos Bauerle Curitiba,Temuco,hotel,53586.0,7.7,1
Best Western Ferrat,Temuco,hotel,78337.0,9.2,0
Best Western Ferrat,Temuco,hotel,88905.0,8.2,1
Centro Temuco 4,Temuco,hotel,45125.0,9.6,0
Claro Centro Temuco,Temuco,hotel,56212.0,8.7,0
Departamento 606,Temuco,hotel,58246.0,8.2,1
Departamento Estudio Lugano,Temuco,hotel,37000.0,9.5,0
"Departamento Estudio, centrico",Temuco,hotel,39600.0,9.5,0
Departamento Interior Fundo el Carmen,Temuco,hotel,27080.0,7.9,1
Departamento Temuco Full Equipado,Temuco,hotel,56876.0,8.9,0
Depto Estudio 1811 Edificio Centro Blanco con estacionamiento,Temuco,hotel,48357.0,8.7,0
Depto Ginebra 1 dorm con estacionamiento,Temuco,hotel,54804.0,8.6,0
Holiday Inn Express - Temuco by IHG,Temuco,hotel,70510.0,8.9,0
Holiday Inn Express Temuco By IHG,Temuco,hotel,84093.0,7.9,1
Hospedaje klickmann,Temuco,hotel,39115.0,8.5,0
Hostal Andalue Temuco,Temuco,hotel,45000.0,7.5,1
Hostal Centro Montt,Temuco,hotel,48557.0,9.6,0
Hostal Collins House,Temuco,hotel,78161.0,7.7,1
Hostal La Cumbre,Temuco,hotel,54804.0,8.3,0
Hostal Los Guindos,Temuco,hotel,27939.0,8.5,0
Hostal Mackay Temuco,Temuco,hotel,48357.0,8.7,0
Hotel Aitue,Temuco,hotel,67725.0,7.9,1
Hotel Aitue,Temuco,hotel,80713.0,8.6,0
Hotel Andino Temuco,Temuco,hotel,86986.0,8.5,0
Hotel Andino Temuco,Temuco,hotel,205270.0,8.8,2
Hotel Central Temuco,Temuco,hotel,219798.0,8.7,2
Hotel Central Temuco,Temuco,hotel,168137.0,7.1,2
Hotel Costanera Temuco,Temuco,hotel,120813.0,8.7,2
Hotel Costanera Temuco,Temuco,hotel,92890.0,9.1,0
Hotel Del Mar Temuco,Temuco,hotel,205029.0,7.2,2
Hotel Del Mar Temuco,Temuco,hotel,87990.0,8.7,0
Hotel Diego de Almagro Temuco,Temuco,hotel,136832.0,8.4,2
Hotel Diego de Almagro Temuco Express,Temuco,hotel,93056.0,8.4,0
Hotel Diego de Almagro Temuco Express,Temuco,hotel,105310.0,8.9,0
Hotel Don Eduardo,Temuco,hotel,71581.0,8.8,0
Hotel Don Eduardo,Temuco,hotel,190000.0,8.8,2
Hotel Don Eduardo,Temuco,hotel,82386.0,8.7,0
Hotel Frontera,Temuco,hotel,61459.0,8.2,1
Hotel La Casa Temuco,Temuco,hotel,24990.0,8.8,0
Hotel Luanco,Temuco,hotel,51771.0,8.6,0
Hotel Luanco,Temuco,hotel,61782.0,8.2,1
Hotel Magallanes,Temuco,hotel,66988.0,8.1,1
Hotel Newen,Temuco,hotel,34896.0,7.9,1
Hotel Newen,Temuco,hotel,41909.0,9.2,0
Hotel Nicolás Temuco,Temuco,hotel,74792.0,9.2,0
Hotel Norte Temuco,Temuco,hotel,165055.0,8.0,2
Hotel Norte Temuco,Temuco,hotel,228901.0,7.7,2
Hotel Plaza Temuco,Temuco,hotel,202992.0,7.1,2
Hotel Primavera Temuco,Temuco,hotel,60199.0,7.2,1
Hotel Primavera Temuco,Temuco,hotel,63964.0,9.1,0
Hotel RP,Temuco,hotel,71581.0,8.7,0
Hotel RP,Temuco,hotel,85968.0,8.7,0
Hotel Sur Temuco,Temuco,hotel,130892.0,8.0,2
Hotel Temuco Boutique,Temuco,hotel,74388.0,8.3,0
Hotel Temuco Center,Temuco,hotel,96737.0,8.6,0
Hotel Temuco Lodge,Temuco,hotel,88830.0,7.8,1
Hotel Temuco Plaza,Temuco,hotel,59846.0,8.5,0
Hotel Temuco Resort,Temuco,hotel,102608.0,8.3,0
Hotel Vista Hermosa Temuco,Temuco,hotel,117991.0,8.0,1
Hotel Vista Hermosa Temuco,Temuco,hotel,81446.0,7.3,1
Hotel Wanaka,Temuco,hotel,92841.0,9.6,0
Hotel y Casino Enjoy,Temuco,hotel,92691.0,9.2,0
Ku Hotel Turismo Temuco,Temuco,hotel,80595.0,8.5,0
Lodge Andino Temuco,Temuco,hotel,141695.0,8.6,2
Lodge Andino Temuco,Temuco,hotel,97012.0,7.5,1
Lodge Central Temuco,Temuco,hotel,116907.0,6.9,1
Lodge Central Temuco,Temuco,hotel,66807.0,8.7,0
Lodge Costanera Temuco,Temuco,hotel,65737.0,8.9,0
Lodge Costanera Temuco,Temuco,hotel,109751.0,7.4,1
Lodge Del Mar Temuco,Temuco,hotel,115905.0,7.0,1
Lodge Del Mar Temuco,Temuco,hotel,126182.0,8.4,2
Lodge Norte Temuco,Temuco,hotel,94332.0,7.8,1
Lodge Norte Temuco,Temuco,hotel,200155.0,7.1,2
Lodge Plaza Temuco,Temuco,hotel,110749.0,8.7,0
Lodge Primavera Temuco,Temuco,hotel,148257.0,8.1,2
Lodge Sur Temuco,Temuco,hotel,178635.0,8.1,2
Lodge Sur Temuco,Temuco,hotel,99461.0,7.9,1
Lodge Vista Hermosa Temuco,Temuco,hotel,74543.0,9.6,0
Minidepto temuco,Temuco,hotel,190400.0,8.2,2
Motel Los Robles,Temuco,hotel,40233.0,9.7,0
Open Suite 3,Temuco,hotel,42000.0,9.3,0
Plaza Oz - Av Alemania,Temuco,hotel,33527.0,7.3,1
Rucahue Hotel,Temuco,hotel,89458.0,8.1,1
Small Hotel Goblin´s House,Temuco,hotel,39459.0,7.9,1
Tribu Malen Apartamentos,Temuco,hotel,55879.0,8.9,0
depto nuevo temuco,Temuco,hotel,36686.0,9.3,0
Apart Hotel Casablanca,Valdivia,hotel,64476.0,8.7,0
"Apart-Hotel Colonia-Königsberg Ubicado Costado Terminal Buses, Río Calle Calle Carabineros Departamentos Completos Con Aire Acondicionado Y Estacionamiento",Valdivia,hotel,60177.0,8.4,0
Cabañas Alto Bellavista Niebla,Valdivia,hotel,39545.0,9.2,0
Cabañas Centenilla,Valdivia,hotel,85968.0,8.9,0
Cabañas Fischer Spa,Valdivia,hotel,127674.0,8.9,2
Cabañas La Misión,Valdivia,hotel,114565.0,8.9,0
Cabañas Rosner,Valdivia,hotel,50069.0,8.9,0
Cabañas Valdivia,Valdivia,hotel,69699.0,7.6,1
Casa Barrio Santa Elena,Valdivia,hotel,113400.0,10.0,0
Casa Rosales,Valdivia,hotel,144000.0,7.3,1
Casa Río Vivo,Valdivia,hotel,45067.0,9.6,0
Casa frente a la playa,Valdivia,hotel,143273.0,9.4,2
Departamento Jardin Urbano 3D y 2B-Valdivia,Valdivia,hotel,161058.0,8.7,2
"Departamento centro de Valdivia, Los Laureles 270, Isla Teja",Valdivia,hotel,49573.0,9.1,0
Departamento nuevo en el centro con la mejor ubicación,Valdivia,hotel,149426.0,8.6,2
Departamentos Naguilan,Valdivia,hotel,100475.0,8.2,1
Departamentos Valdivia Santiago Bueras,Valdivia,hotel,113063.0,8.7,0
Diego De Almagro Valdivia,Valdivia,hotel,138265.0,8.5,2
Edificio Guadalauquen,Valdivia,hotel,67600.0,8.7,0
Edificio Guadalauquen,Valdivia,hotel,62797.0,8.7,0
El Encanto de Antilhue,Valdivia,hotel,75684.0,8.9,0
Eluney 3,Valdivia,hotel,162000.0,10.0,2
Epicentro Suites Apart Hotel - Valdivia,Valdivia,hotel,83818.0,8.9,0
Habitación cómoda por día,Valdivia,hotel,27370.0,8.8,0
Hostal Del Muelle,Valdivia,hotel,59500.0,8.9,0
Hostal Torre Del Español,Valdivia,hotel,45133.0,8.2,1
Hostel Torobayo,Valdivia,hotel,73789.0,9.0,0
Hotel Andino Valdivia,Valdivia,hotel,154655.0,9.3,2
Hotel Andino Valdivia,Valdivia,hotel,121761.0,8.1,2
Hotel Boutique Cutipay,Valdivia,hotel,150443.0,8.6,2
Hotel Casagrande Con Estacionamiento Exclusivo Y Estamos A 50 Mts Del Terminal De Buses,Valdivia,hotel,42471.0,9.7,0
Hotel Central Valdivia,Valdivia,hotel,72460.0,7.5,1
Hotel Central Valdivia,Valdivia,hotel,110122.0,7.0,1
Hotel Centrico 734,Valdivia,hotel,44165.0,7.5,1
Hotel Costanera - Caja Los Andes,Valdivia,hotel,65538.0,8.7,0
Hotel Costanera - Caja Los Andes,Valdivia,hotel,80867.0,7.4,1
Hotel Costanera Valdivia,Valdivia,hotel,83582.0,8.9,0
Hotel Costanera Valdivia,Valdivia,hotel,216173.0,7.4,2
Hotel Del Mar Valdivia,Valdivia,hotel,80569.0,7.2,1
Hotel Del Mar Valdivia,Valdivia,hotel,169579.0,9.2,2
Hotel Diego de Almagro Valdivia,Valdivia,hotel,109963.0,8.5,0
Hotel Encanto Del Río,Valdivia,hotel,102086.0,9.4,0
Hotel Marina Villa del Rio,Valdivia,hotel,110324.0,8.5,0
Hotel Marina Villa del Rio,Valdivia,hotel,109304.0,8.4,0
Hotel Melillanca,Valdivia,hotel,97993.0,8.6,0
Hotel Melillanca,Valdivia,hotel,64585.0,8.8,0
Hotel Melillanca,Valdivia,hotel,116830.0,8.5,2
Hotel Naguilan,Valdivia,hotel,82027.0,7.4,1
Hotel Norte Valdivia,Valdivia,hotel,97624.0,9.7,0
Hotel Norte Valdivia,Valdivia,hotel,166098.0,8.5,2
Hotel Nueve Ríos,Valdivia,hotel,72107.0,8.9,0
Hotel Nueve Ríos,Valdivia,hotel,87400.0,9.7,0
Hotel Plaza Valdivia,Valdivia,hotel,78207.0,7.4,1
Hotel Plaza Valdivia,Valdivia,hotel,106116.0,7.3,1
Hotel Primavera Valdivia,Valdivia,hotel,166872.0,7.1,2
Hotel Primavera Valdivia,Valdivia,hotel,85887.0,9.8,0
Hotel Puerta del Sur,Valdivia,hotel,173228.0,9.0,2
Hotel Puerta del Sur,Valdivia,hotel,208471.0,9.0,2
Hotel Sur Valdivia,Valdivia,hotel,87239.0,7.8,1
Hotel Sur Valdivia,Valdivia,hotel,184237.0,7.3,2
Hotel Terra Valdivia,Valdivia,hotel,54804.0,8.6,0
Hotel Valdivia Apart Hotel,Valdivia,hotel,71235.0,8.8,0
Hotel Valdivia Boutique,Valdivia,hotel,132346.0,8.8,2
Hotel Valdivia Center,Valdivia,hotel,94557.0,8.0,1
Hotel Valdivia Inn,Valdivia,hotel,95450.0,8.0,1
Hotel Valdivia Plaza,Valdivia,hotel,88997.0,8.4,0
Hotel Valdivia Suites,Valdivia,hotel,41580.0,7.0,1
Hotel Vista Hermosa Valdivia,Valdivia,hotel,205203.0,8.2,2
Kapai Departamentos de Turismo,Valdivia,hotel,65862.0,8.5,0
Kapai Hostel,Valdivia,hotel,51344.0,8.9,0
La Casona del Buen dormir,Valdivia,hotel,37611.0,8.8,0
La Rueda del Chucao,Valdivia,hotel,143959.0,8.8,2
Lodge Andino Valdivia,Valdivia,hotel,136001.0,8.3,2
Lodge Andino Valdivia,Valdivia,hotel,75963.0,9.0,0
Lodge Central Valdivia,Valdivia,hotel,84932.0,9.0,0
Lodge Central Valdivia,Valdivia,hotel,161162.0,8.3,2
Lodge Costanera Valdivia,Valdivia,hotel,171368.0,9.3,2
Lodge Costanera Valdivia,Valdivia,hotel,197586.0,7.6,2
Lodge Del Mar Valdivia,Valdivia,hotel,121363.0,6.6,1
Lodge Del Mar Valdivia,Valdivia,hotel,133446.0,9.2,2
Lodge Norte Valdivia,Valdivia,hotel,96494.0,9.2,0
Lodge Norte Valdivia,Valdivia,hotel,156375.0,8.0,2
Lodge Plaza Valdivia,Valdivia,hotel,207955.0,8.8,2
Lodge Plaza Valdivia,Valdivia,hotel,138497.0,9.6,2
Lodge Primavera Valdivia,Valdivia,hotel,104650.0,8.9,0
Lodge Sur Valdivia,Valdivia,hotel,74887.0,8.1,1
Lodge Vista Hermosa Valdivia,Valdivia,hotel,195944.0,7.0,2
Nuevo y Cómodo depto tipo Estudio,Valdivia,hotel,27204.0,9.1,0
Refugio y Tinaja Curiñanco,Valdivia,hotel,35935.0,8.7,0
Rio Lingue,Valdivia,hotel,75222.0,8.4,0
Villa del Rio Express,Valdivia,hotel,68952.0,8.7,0
Villa del Rio Express,Valdivia,hotel,76448.0,8.2,1
AYCA La Flora Hotel Boutique,Valparaiso,hotel,123663.0,9.5,0
AYCA La Flora Hotel Boutique,Valparaiso,hotel,190000.0,9.5,2
Ayca La Flora Hotel Boutique,Valparaiso,hotel,146901.0,9.5,2
BO Hotel & Terraza,Valparaiso,hotel,79768.0,9.0,0
Barros Borgoño 2 Departamento,Valparaiso,hotel,51041.0,9.6,0
Best Western Marina Del Rey,Valparaiso,hotel,118836.0,8.3,2
Bo Hotel & Terraza,Valparaiso,hotel,78850.0,9.0,0
Bo Hotel & Terraza,Valparaiso,hotel,101442.0,8.7,0
Casa Fibonacci,Valparaiso,hotel,201251.0,9.3,2
Casa Galos,Valparaiso,hotel,77464.0,7.9,1
Casa Galos,Valparaiso,hotel,84482.0,8.0,1
Casa Galos Hotel & Lofts,Valparaiso,hotel,127896.0,8.6,2
Casa Higueras,Valparaiso,hotel,180500.0,9.4,2
Casa Puente Hotel Boutique,Valparaiso,hotel,73008.0,8.8,0
Casa Puente Hotel Boutique,Valparaiso,hotel,125728.0,7.9,2
Casa Somerscales,Valparaiso,hotel,42977.0,7.5,1
Casa Urriola B&B,Valparaiso,hotel,69718.0,8.9,0
Casa Volante Hostal,Valparaiso,hotel,73661.0,8.5,0
Departamento 1 Dormitorio 1 Baño Valparaíso,Valparaiso,hotel,61419.0,9.0,0
Departamento con vista al mar puerto,Valparaiso,hotel,93500.0,8.7,0
Departamento nuevo en Valparaíso centro,Valparaiso,hotel,124015.0,8.2,2
Diego De Almagro Valparaiso,Valparaiso,hotel,86450.0,8.1,1
Diego De Almagro Valparaiso,Valparaiso,hotel,90624.0,8.6,0
Eco Hostal Offenbacher-Hof,Valparaiso,hotel,67563.0,8.6,0
El Navegante B&B,Valparaiso,hotel,173943.0,9.3,2
El Navegante B&B,Valparaiso,hotel,73236.0,8.2,1
Fauna Hotel,Valparaiso,hotel,54585.0,7.7,1
Fauna Hotel,Valparaiso,hotel,82650.0,9.0,0
Fauna Hotel,Valparaiso,hotel,138763.0,8.5,2
Gervasoni Hotel Boutique,Valparaiso,hotel,100490.0,8.4,0
Gran Hotel Gervasoni,Valparaiso,hotel,79800.0,8.4,0
HOM I Loft con Jardín I Parking I Cerro Baron,Valparaiso,hotel,146026.0,8.6,2
HOM I Vista al Mar I Terraza I Piscina I Playa,Valparaiso,hotel,121782.0,9.4,0
Hostal Miramar,Valparaiso,hotel,50506.0,9.0,0
Hotel 251,Valparaiso,hotel,59341.0,9.1,0
Hotel 5 Norte,Valparaiso,hotel,91392.0,8.2,1
Hotel Andino Valparaiso,Valparaiso,hotel,211787.0,7.0,2
Hotel Andino Valparaiso,Valparaiso,hotel,129044.0,8.3,2
Hotel Balia Casino,Valparaiso,hotel,51258.0,8.8,0
Hotel Boutique 17,Valparaiso,hotel,193877.0,8.9,2
Hotel Boutique 17,Valparaiso,hotel,88048.0,8.2,1
Hotel Boutique Acontraluz,Valparaiso,hotel,113568.0,9.1,0
Hotel Boutique Acontraluz,Valparaiso,hotel,121859.0,8.2,2
Hotel Boutique Casa Recreo,Valparaiso,hotel,83515.0,9.5,0
Hotel Boutique Casa Vander,Valparaiso,hotel,86528.0,8.3,0
Hotel Boutique Domus Mare,Valparaiso,hotel,81317.0,8.2,1
Hotel Brighton,Valparaiso,hotel,187901.0,7.9,2
Hotel Brighton,Valparaiso,hotel,55476.0,9.0,0
Hotel Brighton,Valparaiso,hotel,142500.0,7.9,2
Hotel Brighton,Valparaiso,hotel,80719.0,6.7,1
Hotel Capilla,Valparaiso,hotel,80076.0,8.8,0
Hotel Casa Higueras,Valparaiso,hotel,213941.0,9.4,2
Hotel Casa Somerscales,Valparaiso,hotel,108160.0,9.4,0
Hotel Casa Somerscales,Valparaiso,hotel,128485.0,9.5,0
Hotel Central Valparaiso,Valparaiso,hotel,79736.0,9.7,0
Hotel Central Valparaiso,Valparaiso,hotel,226101.0,9.0,2
Hotel Costanera Valparaiso,Valparaiso,hotel,212907.0,8.4,2
Hotel Costanera Valparaiso,Valparaiso,hotel,226311.0,7.3,2
Hotel Del Mar Valparaiso,Valparaiso,hotel,65680.0,8.2,1
Hotel Del Poeta,Valparaiso,hotel,51250.0,7.1,1
Hotel Del Poeta,Valparaiso,hotel,93005.0,7.9,1
Hotel Diego de Almagro Valparaíso,Valparaiso,hotel,73008.0,8.1,1
Hotel Faro Azul Valparaíso Cerro Alegre,Valparaiso,hotel,81337.0,9.6,0
Hotel Florencia,Valparaiso,hotel,65622.0,8.8,0
Hotel Manoir Atkinson,Valparaiso,hotel,190000.0,9.5,2
Hotel Montecarlo,Valparaiso,hotel,85656.0,8.8,0
Hotel Norte Valparaiso,Valparaiso,hotel,83060.0,8.4,0
Hotel Norte Valparaiso,Valparaiso,hotel,205071.0,8.4,2
Hotel Oceanic,Valparaiso,hotel,137445.0,9.0,2
Hotel Palacio Astoreca,Valparaiso,hotel,48572.0,7.7,1
Hotel Plaza Valparaiso,Valparaiso,hotel,158010.0,7.9,2
Hotel Primavera Valparaiso,Valparaiso,hotel,101746.0,7.8,1
Hotel Primavera Valparaiso,Valparaiso,hotel,156820.0,9.0,2
Hotel Pullman Viña del Mar San Martín,Valparaiso,hotel,134547.0,8.9,2
Hotel Reina Victoria Valparaíso,Valparaiso,hotel,60800.0,7.6,1
Hotel Reina Victoria Valparaíso,Valparaiso,hotel,67459.0,8.6,0
Hotel Restaurante Ankara,Valparaiso,hotel,106482.0,9.4,0
Hotel Rondó,Valparaiso,hotel,98558.0,8.7,0
Hotel Sur Valparaiso,Valparaiso,hotel,124545.0,9.2,0
Hotel Sur Valparaiso,Valparaiso,hotel,163625.0,7.0,2
Hotel Valparaiso Apart Hotel,Valparaiso,hotel,61975.0,8.5,0
Hotel Valparaiso Boutique,Valparaiso,hotel,100896.0,9.3,0
Hotel Valparaiso Center,Valparaiso,hotel,68100.0,8.3,0
Hotel Valparaiso Inn,Valparaiso,hotel,132829.0,9.2,2
Hotel Valparaiso Lodge,Valparaiso,hotel,71049.0,8.4,0
Hotel Valparaiso Resort,Valparaiso,hotel,92841.0,8.4,0
Hotel Valparaiso Suites,Valparaiso,hotel,169551.0,9.2,2
Hotel Vista Hermosa Valparaiso,Valparaiso,hotel,217280.0,8.5,2
Hotel Winebox Valparaiso,Valparaiso,hotel,94009.0,9.0,0
LRH Viña del Mar and Convention Center - Ex Gala Hotel,Valparaiso,hotel,84177.0,8.2,1
La Casa Piola,Valparaiso,hotel,89280.0,8.6,0
La Casa Piola,Valparaiso,hotel,32600.0,7.6,1
La Galería B&B,Valparaiso,hotel,34224.0,8.4,0
La Joya Hostel,Valparaiso,hotel,49990.0,9.5,0
Lodge Andino Valparaiso,Valparaiso,hotel,195094.0,8.0,2
Lodge Andino Valparaiso,Valparaiso,hotel,76448.0,9.5,0
Lodge Central Valparaiso,Valparaiso,hotel,91384.0,8.3,0
Lodge Central Valparaiso,Valparaiso,hotel,170831.0,8.8,2
Lodge Costanera Valparaiso,Valparaiso,hotel,200999.0,7.8,2
Lodge Costanera Valparaiso,Valparaiso,hotel,199592.0,7.7,2
Lodge Del Mar Valparaiso,Valparaiso,hotel,130992.0,9.0,2
Lodge Del Mar Valparaiso,Valparaiso,hotel,187774.0,8.4,2
Lodge Norte Valparaiso,Valparaiso,hotel,143930.0,8.5,2
Lodge Norte Valparaiso,Valparaiso,hotel,183715.0,7.4,2
Lodge Plaza Valparaiso,Valparaiso,hotel,134516.0,9.3,2
Lodge Plaza Valparaiso,Valparaiso,hotel,157057.0,8.6,2
Lodge Primavera Valparaiso,Valparaiso,hotel,188157.0,6.6,2
Lodge Primavera Valparaiso,Valparaiso,hotel,170238.0,8.1,2
Lodge Sur Valparaiso,Valparaiso,hotel,182397.0,9.3,2
Lodge Sur Valparaiso,Valparaiso,hotel,72190.0,8.2,1
Lodge Vista Hermosa Valparaiso,Valparaiso,hotel,213309.0,6.9,2
Lodge Vista Hermosa Valparaiso,Valparaiso,hotel,71259.0,9.0,0
Mar & Costa Valparaíso,Valparaiso,hotel,80000.0,10.0,0
Mr. Mar Suites,Valparaiso,hotel,118313.0,8.2,2
New Voga Hotel Boutique,Valparaiso,hotel,105310.0,9.5,0
Nuevo Departamento Vive Barón Valparaíso,Valparaiso,hotel,193270.0,9.0,2
OHiggins Park Hotel,Valparaiso,hotel,68502.0,8.6,0
Ohiggins Park Hotel,Valparaiso,hotel,86684.0,8.5,0
Palacio Astoreca,Valparaiso,hotel,178465.0,9.0,2
Palacio Astoreca,Valparaiso,hotel,62509.0,7.9,1
Palacio Astoreca,Valparaiso,hotel,188100.0,9.0,2
Palacio Astoreca,Valparaiso,hotel,212000.0,9.0,2
Puerto Cordillerano,Valparaiso,hotel,47500.0,9.5,0
Sheraton Miramar Hotel & Convention Center,Valparaiso,hotel,227528.0,8.8,2
Studio Frente Al Muelle Barón,Valparaiso,hotel,94500.0,8.5,0
Studio frente al Muelle Barón - Terminal de Buses,Valparaiso,hotel,75981.0,8.7,0
The Travelling Chile,Valparaiso,hotel,44436.0,9.0,0
Valpo Guest House,Valparaiso,hotel,92000.0,10.0,0
Winery Boutique,Valparaiso,hotel,133758.0,8.6,2
Zero Hotel,Valparaiso,hotel,86663.0,9.2,0
Zerohotel,Valparaiso,hotel,114000.0,9.1,0
ibis Valparaiso,Valparaiso,hotel,59000.0,8.2,1
ibis Valparaiso,Valparaiso,hotel,60833.0,8.1,1
180 Hotel Boutique,Vina del Mar,hotel,127179.0,8.8,2
Best Western Marina Del Rey,Vina del Mar,hotel,118836.0,8.8,2
Best Western Marina del Rey,Vina del Mar,hotel,182340.0,8.8,2
Cap Ducal,Vina del Mar,hotel,68160.0,8.1,1
Cap Ducal,Vina del Mar,hotel,73566.0,6.6,1
Casa Puente Hotel Boutique,Vina del Mar,hotel,86727.0,8.7,0
Cómodo depto 2 habitaciones y 2 baños,Vina del Mar,hotel,200000.0,9.3,2
Dei Templi Apart Hotel,Vina del Mar,hotel,59224.0,8.2,1
Departamento Barrio Poniente,Vina del Mar,hotel,213118.0,9.6,2
Diego De Almagro Valparaiso,Vina del Mar,hotel,90624.0,8.6,0
Enjoy Vina,Vina del Mar,hotel,106270.0,7.9,1
Enjoy Vina del Mar,Vina del Mar,hotel,152392.0,8.9,2
Esencia Hotel Boutique,Vina del Mar,hotel,107463.0,9.6,0
Gala Vina,Vina del Mar,hotel,68745.0,8.4,0
HOTEL BORDEPLAZA - ex Monterilla,Vina del Mar,hotel,201323.0,8.0,2
Hilton Garden,Vina del Mar,hotel,96467.0,8.5,0
Hilton Garden Inn,Vina del Mar,hotel,139403.0,9.1,2
Hilton Garden Inn,Vina del Mar,hotel,84894.0,8.8,0
Hostal La Cofa,Vina del Mar,hotel,63718.0,8.8,0
Hostal Miramar,Vina del Mar,hotel,50323.0,8.0,1
Hostal Residencia Blest Gana,Vina del Mar,hotel,36425.0,8.1,1
Hostal Terraza Recreo,Vina del Mar,hotel,64340.0,8.5,0
Hotel 251,Vina del Mar,hotel,59341.0,9.0,0
Hotel 5 Norte,Vina del Mar,hotel,91392.0,7.9,1
Hotel Albamar,Vina del Mar,hotel,131595.0,8.0,2
Hotel Amalfi,Vina del Mar,hotel,70665.0,7.8,1
Hotel Amalfi,Vina del Mar,hotel,41972.0,9.0,0
Hotel Andino Vina del Mar,Vina del Mar,hotel,55781.0,9.6,0
Hotel Andino Vina del Mar,Vina del Mar,hotel,97356.0,8.7,0
Hotel Balia Casino,Vina del Mar,hotel,51258.0,8.1,1
Hotel Bosque de Reñaca,Vina del Mar,hotel,106400.0,8.7,0
Hotel Boutique 17,Vina del Mar,hotel,88048.0,8.5,0
Hotel Boutique Acontraluz,Vina del Mar,hotel,121859.0,8.6,2
Hotel Boutique Domus Mare,Vina del Mar,hotel,81317.0,8.2,1
Hotel Boutique Ossido Nero,Vina del Mar,hotel,94016.0,9.5,0
Hotel Central Vina del Mar,Vina del Mar,hotel,116858.0,9.7,0
Hotel Central Vina del Mar,Vina del Mar,hotel,116468.0,8.2,2
Hotel Chalet Suizo,Vina del Mar,hotel,48335.0,8.9,0
Hotel Costanera Vina del Mar,Vina del Mar,hotel,129603.0,9.7,0
Hotel Costanera Vina del Mar,Vina del Mar,hotel,203311.0,9.4,2
Hotel Del Mar Vina del Mar,Vina del Mar,hotel,114578.0,7.3,1
Hotel Diego de Almagro Viña del Mar,Vina del Mar,hotel,127877.0,8.2,2
Hotel Florencia,Vina del Mar,hotel,83644.0,8.2,1
Hotel Florencia,Vina del Mar,hotel,65622.0,8.2,1
Hotel H9,Vina del Mar,hotel,161519.0,9.1,2
Hotel Montecarlo,Vina del Mar,hotel,104500.0,7.6,1
Hotel Montecarlo,Vina del Mar,hotel,85656.0,8.2,1
Hotel Norte Vina del Mar,Vina del Mar,hotel,76111.0,7.0,1
Hotel Norte Vina del Mar,Vina del Mar,hotel,217646.0,7.1,2
Hotel O'Higgins,Vina del Mar,hotel,140051.0,8.6,2
Hotel Oceanic,Vina del Mar,hotel,220000.0,8.3,2
Hotel Plaza Vina del Mar,Vina del Mar,hotel,63815.0,8.9,0
Hotel Primavera Vina del Mar,Vina del Mar,hotel,199981.0,6.9,2
Hotel Primavera Vina del Mar,Vina del Mar,hotel,190991.0,8.3,2
Hotel Pullman Viña del Mar San Martín,Vina del Mar,hotel,99750.0,8.3,0
Hotel Pullman Viña del Mar San Martín,Vina del Mar,hotel,134547.0,8.3,2
Hotel Restaurante Ankara,Vina del Mar,hotel,179276.0,8.1,2
Hotel Restaurante Ankara,Vina del Mar,hotel,125728.0,8.7,2
Hotel Rondó,Vina del Mar,hotel,163707.0,8.2,2
Hotel Rondó,Vina del Mar,hotel,98558.0,8.6,0
Hotel Sur Vina del Mar,Vina del Mar,hotel,112014.0,8.1,1
Hotel Vina del Mar Apart Hotel,Vina del Mar,hotel,114320.0,7.9,1
Hotel Vina del Mar Inn,Vina del Mar,hotel,116173.0,8.2,2
Hotel Vina del Mar Lodge,Vina del Mar,hotel,138900.0,8.0,2
Hotel Vina del Mar Plaza,Vina del Mar,hotel,89186.0,8.6,0
Hotel Vina del Mar Suites,Vina del Mar,hotel,97091.0,8.7,0
Hotel Vista Hermosa Vina del Mar,Vina del Mar,hotel,57478.0,9.0,0
Hotel Vista Hermosa Vina del Mar,Vina del Mar,hotel,68120.0,9.7,0
Hotel Ágora,Vina del Mar,hotel,84478.0,9.0,0
LRH Viña del Mar and Convention Center - Ex Gala Hotel,Vina del Mar,hotel,84177.0,8.2,1
La Blanca Hotel,Vina del Mar,hotel,79318.0,8.8,0
La Casa Piola,Vina del Mar,hotel,32600.0,8.9,0
Lodge Andino Vina del Mar,Vina del Mar,hotel,124534.0,8.6,2
Lodge Andino Vina del Mar,Vina del Mar,hotel,60075.0,8.1,1
Lodge Central Vina del Mar,Vina del Mar,hotel,57072.0,9.0,0
Lodge Central Vina del Mar,Vina del Mar,hotel,69011.0,8.0,1
Lodge Costanera Vina del Mar,Vina del Mar,hotel,175944.0,6.7,2
Lodge Costanera Vina del Mar,Vina del Mar,hotel,217727.0,9.1,2
Lodge Del Mar Vina del Mar,Vina del Mar,hotel,112556.0,7.9,1
Lodge Del Mar Vina del Mar,Vina del Mar,hotel,96975.0,8.7,0
Lodge Norte Vina del Mar,Vina del Mar,hotel,154766.0,7.9,2
Lodge Norte Vina del Mar,Vina del Mar,hotel,162682.0,8.5,2
Lodge Plaza Vina del Mar,Vina del Mar,hotel,181849.0,8.0,2
Lodge Primavera Vina del Mar,Vina del Mar,hotel,131590.0,7.9,2
Lodge Primavera Vina del Mar,Vina del Mar,hotel,104231.0,9.5,0
Lodge Sur Vina del Mar,Vina del Mar,hotel,156298.0,7.5,2
Lodge Sur Vina del Mar,Vina del Mar,hotel,98129.0,9.0,0
Lodge Vista Hermosa Vina del Mar,Vina del Mar,hotel,147333.0,8.8,2
Lodge Vista Hermosa Vina del Mar,Vina del Mar,hotel,125140.0,8.0,2
MR Mar Suites (ex Neruda Mar Suites),Vina del Mar,hotel,198102.0,8.5,2
Marina Loft 3D con Vista al Mar,Vina del Mar,hotel,223622.0,9.3,2
Marina del Rey,Vina del Mar,hotel,75837.0,7.6,1
Marina del Rey,Vina del Mar,hotel,65972.0,9.7,0
Maré Hotel Boutique,Vina del Mar,hotel,200000.0,9.2,2
Mr. Mar Suites,Vina del Mar,hotel,118313.0,8.5,2
New Voga Hotel Boutique,Vina del Mar,hotel,105310.0,9.1,0
Novotel Viña Del Mar,Vina del Mar,hotel,114000.0,8.6,0
Nubes Hotel,Vina del Mar,hotel,172359.0,7.5,2
Oceana Suites Reñaca Norte,Vina del Mar,hotel,197716.0,7.7,2
Ohiggins Park Hotel,Vina del Mar,hotel,86684.0,9.1,0
Pingüino en la roca - Concón,Vina del Mar,hotel,46566.0,8.5,0
Resplendor Hotel,Vina del Mar,hotel,149784.0,8.2,2
Riomar Apart Hotel,Vina del Mar,hotel,85591.0,8.7,0
Rustika Hotel,Vina del Mar,hotel,127115.0,8.1,2
San Martin,Vina del Mar,hotel,165693.0,9.1,2
San Martin Hotel,Vina del Mar,hotel,69897.0,9.0,0
Sheraton Miramar,Vina del Mar,hotel,71501.0,7.2,1
Sheraton Miramar,Vina del Mar,hotel,194775.0,9.3,2
Turismo Quintamar 1,Vina del Mar,hotel,72000.0,10.0,0
Wood View 2BR W Wifi Parking & View,Vina del Mar,hotel,132554.0,9.5,2
ibis Valparaiso,Vina del Mar,hotel,60833.0,8.1,1
