precio_noche,estrellas,puntuacion,noches,features,scaledFeatures,prediction
386540.0,4.0,8.4,1.0,"[386540.0,4.0,8.4,1.0]","[2.1069721444655136,2.1376484723156848,3.1718964750480865,4.678687769727618]",1
64896.0,0.0,8.7,1.0,"[64896.0,0.0,8.7,1.0]","[0.3537384598935012,0.0,3.285178492014089,4.678687769727618]",0
171927.0,0.0,9.8,1.0,"[171927.0,0.0,9.8,1.0]","[0.9371485483559847,0.0,3.700545887556101,4.678687769727618]",0
51041.0,0.0,9.6,1.0,"[51041.0,0.0,9.6,1.0]","[0.27821691215828703,0.0,3.625024542912098,4.678687769727618]",0
150000.0,0.0,10.0,1.0,"[150000.0,0.0,10.0,1.0]","[0.8176277271946681,0.0,3.7760672322001025,4.678687769727618]",0
2289000.0,3.0,8.0,1.0,"[2289000.0,3.0,8.0,1.0]","[12.476999116990635,1.6032363542367636,3.020853785760082,4.678687769727618]",1
1378999.0,0.0,8.0,1.0,"[1378999.0,0.0,8.0,1.0]","[7.516718787824801,0.0,3.020853785760082,4.678687769727618]",1
213118.0,0.0,9.6,1.0,"[213118.0,0.0,9.6,1.0]","[1.1616745730951552,0.0,3.625024542912098,4.678687769727618]",0
290700.0,0.0,10.0,1.0,"[290700.0,0.0,10.0,1.0]","[1.5845625353032669,0.0,3.7760672322001025,4.678687769727618]",0
73953.0,0.0,8.3,1.0,"[73953.0,0.0,8.3,1.0]","[0.40310682206151527,0.0,3.1341358027260853,4.678687769727618]",0
68952.0,0.0,8.8,1.0,"[68952.0,0.0,8.8,1.0]","[0.37584711363684503,0.0,3.322939164336091,4.678687769727618]",0
146016.0,0.0,8.0,1.0,"[146016.0,0.0,8.0,1.0]","[0.7959115347603777,0.0,3.020853785760082,4.678687769727618]",0
44436.0,0.0,9.0,1.0,"[44436.0,0.0,9.0,1.0]","[0.24221403790414847,0.0,3.3984605089800923,4.678687769727618]",0
127115.0,0.0,8.1,1.0,"[127115.0,0.0,8.1,1.0]","[0.6928849902823349,0.0,3.058614458082083,4.678687769727618]",0
61327.0,0.0,8.7,1.0,"[61327.0,0.0,8.7,1.0]","[0.33428437083778273,0.0,3.285178492014089,4.678687769727618]",0
5252731.0,4.0,8.6,1.0,"[5252731.0,4.0,8.6,1.0]","[28.63185672729984,2.1376484723156848,3.247417819692088,4.678687769727618]",1
60300.0,0.0,9.6,1.0,"[60300.0,0.0,9.6,1.0]","[0.3286863463322566,0.0,3.625024542912098,4.678687769727618]",0
79318.0,0.0,8.8,1.0,"[79318.0,0.0,8.8,1.0]","[0.43235064043751126,0.0,3.322939164336091,4.678687769727618]",0
122400.0,0.0,8.6,1.0,"[122400.0,0.0,8.6,1.0]","[0.6671842253908492,0.0,3.247417819692088,4.678687769727618]",0
50000.0,0.0,9.2,1.0,"[50000.0,0.0,9.2,1.0]","[0.27254257573155605,0.0,3.4739818536240943,4.678687769727618]",0
232000.0,0.0,8.8,1.0,"[232000.0,0.0,8.8,1.0]","[1.26459755139442,0.0,3.322939164336091,4.678687769727618]",0
45427.0,0.0,7.9,1.0,"[45427.0,0.0,7.9,1.0]","[0.24761583175514792,0.0,2.9830931134380814,4.678687769727618]",0
420000.0,0.0,7.1,1.0,"[420000.0,0.0,7.1,1.0]","[2.2893576361450707,0.0,2.6810077348620727,4.678687769727618]",0
236219.0,0.0,9.4,1.0,"[236219.0,0.0,9.4,1.0]","[1.2875946939346488,0.0,3.5495031982680967,4.678687769727618]",0
106000.0,0.0,7.3,1.0,"[106000.0,0.0,7.3,1.0]","[0.5777902605508988,0.0,2.756529079506075,4.678687769727618]",0
124384.0,3.0,8.6,1.0,"[124384.0,3.0,8.6,1.0]","[0.6779987147958774,1.6032363542367636,3.247417819692088,4.678687769727618]",1
89545.0,0.0,8.7,1.0,"[89545.0,0.0,8.7,1.0]","[0.4880964988776437,0.0,3.285178492014089,4.678687769727618]",0
141185.0,0.0,8.0,1.0,"[141185.0,0.0,8.0,1.0]","[0.7695784710931948,0.0,3.020853785760082,4.678687769727618]",0
45000.0,0.0,8.3,1.0,"[45000.0,0.0,8.3,1.0]","[0.24528831815840044,0.0,3.1341358027260853,4.678687769727618]",0
73910.0,3.0,8.5,1.0,"[73910.0,3.0,8.5,1.0]","[0.4028724354463861,1.6032363542367636,3.2096571473700872,4.678687769727618]",1
85627.0,4.0,8.6,1.0,"[85627.0,4.0,8.6,1.0]","[0.46674006264331896,2.1376484723156848,3.247417819692088,4.678687769727618]",1
143959.0,0.0,8.8,1.0,"[143959.0,0.0,8.8,1.0]","[0.7846991331947815,0.0,3.322939164336091,4.678687769727618]",0
300000.0,0.0,10.0,1.0,"[300000.0,0.0,10.0,1.0]","[1.6352554543893363,0.0,3.7760672322001025,4.678687769727618]",0
132554.0,0.0,9.5,1.0,"[132554.0,0.0,9.5,1.0]","[0.7225321716704136,0.0,3.5872638705900974,4.678687769727618]",0
144664.0,0.0,9.0,1.0,"[144664.0,0.0,9.0,1.0]","[0.7885419835125964,0.0,3.3984605089800923,4.678687769727618]",0
360000.0,0.0,9.8,1.0,"[360000.0,0.0,9.8,1.0]","[1.9623065452672035,0.0,3.700545887556101,4.678687769727618]",0
196373.0,4.0,8.5,1.0,"[196373.0,4.0,8.5,1.0]","[1.070400064482657,2.1376484723156848,3.2096571473700872,4.678687769727618]",1
324481.0,4.0,7.8,1.0,"[324481.0,4.0,7.8,1.0]","[1.7686977503190207,2.1376484723156848,2.94533244111608,4.678687769727618]",1
105300.0,0.0,9.2,1.0,"[105300.0,0.0,9.2,1.0]","[0.573974664490657,0.0,3.4739818536240943,4.678687769727618]",0
39424.0,0.0,7.7,1.0,"[39424.0,0.0,7.7,1.0]","[0.2148943701128173,0.0,2.907571768794079,4.678687769727618]",0
155000.0,3.0,7.7,1.0,"[155000.0,3.0,7.7,1.0]","[0.8448819847678237,1.6032363542367636,2.907571768794079,4.678687769727618]",1
131595.0,0.0,8.0,1.0,"[131595.0,0.0,8.0,1.0]","[0.7173048050678823,0.0,3.020853785760082,4.678687769727618]",0
100138.0,0.0,9.0,1.0,"[100138.0,0.0,9.0,1.0]","[0.5458373689721312,0.0,3.3984605089800923,4.678687769727618]",0
68450.0,0.0,8.6,1.0,"[68450.0,0.0,8.6,1.0]","[0.37311078617650023,0.0,3.247417819692088,4.678687769727618]",0
345171.0,3.0,8.6,1.0,"[345171.0,3.0,8.6,1.0]","[1.8814758681567385,1.6032363542367636,3.247417819692088,4.678687769727618]",1
450668.0,5.0,9.5,1.0,"[450668.0,5.0,9.5,1.0]","[2.456524350395778,2.672060590394606,3.5872638705900974,4.678687769727618]",1
165000.0,0.0,9.8,1.0,"[165000.0,0.0,9.8,1.0]","[0.8993904999141349,0.0,3.700545887556101,4.678687769727618]",0
109604.0,0.0,7.8,1.0,"[109604.0,0.0,7.8,1.0]","[0.5974351294096294,0.0,2.94533244111608,4.678687769727618]",0
322117.0,4.0,8.0,1.0,"[322117.0,4.0,8.0,1.0]","[1.7558119373384327,2.1376484723156848,3.020853785760082,4.678687769727618]",1
33349.0,0.0,8.2,1.0,"[33349.0,0.0,8.2,1.0]","[0.18178044716143324,0.0,3.096375130404084,4.678687769727618]",0
375000.0,0.0,0.0,1.0,"[375000.0,0.0,0.0,1.0]","[2.0440693179866702,0.0,0.0,4.678687769727618]",0
134900.0,3.0,7.8,1.0,"[134900.0,3.0,7.8,1.0]","[0.7353198693237382,1.6032363542367636,2.94533244111608,4.678687769727618]",1
45125.0,0.0,9.6,1.0,"[45125.0,0.0,9.6,1.0]","[0.2459696745977293,0.0,3.625024542912098,4.678687769727618]",0
70304.0,0.0,9.0,1.0,"[70304.0,0.0,9.0,1.0]","[0.3832166648846263,0.0,3.3984605089800923,4.678687769727618]",0
249021.0,5.0,7.0,1.0,"[249021.0,5.0,7.0,1.0]","[1.3573764950249563,2.672060590394606,2.643247062540072,4.678687769727618]",1
60390.0,0.0,9.8,1.0,"[60390.0,0.0,9.8,1.0]","[0.32917692296857337,0.0,3.700545887556101,4.678687769727618]",0
71638.0,3.0,8.7,1.0,"[71638.0,3.0,8.7,1.0]","[0.39048810080514423,1.6032363542367636,3.285178492014089,4.678687769727618]",1
557868.0,0.0,8.9,1.0,"[557868.0,0.0,8.9,1.0]","[3.040855632764234,0.0,3.3606998366580916,4.678687769727618]",0
304454.0,0.0,8.7,1.0,"[304454.0,0.0,8.7,1.0]","[1.6595335470355033,0.0,3.285178492014089,4.678687769727618]",0
368900.0,0.0,7.6,1.0,"[368900.0,0.0,7.6,1.0]","[2.0108191237474204,0.0,2.8698110964720778,4.678687769727618]",0
99000.0,0.0,7.9,1.0,"[99000.0,0.0,7.9,1.0]","[0.539634299948481,0.0,2.9830931134380814,4.678687769727618]",0
136500.0,0.0,9.1,1.0,"[136500.0,0.0,9.1,1.0]","[0.744041231747148,0.0,3.436221181302093,4.678687769727618]",0
35935.0,0.0,8.7,1.0,"[35935.0,0.0,8.7,1.0]","[0.19587634917826932,0.0,3.285178492014089,4.678687769727618]",0
268636.0,0.0,8.8,1.0,"[268636.0,0.0,8.8,1.0]","[1.4642949474844458,0.0,3.322939164336091,4.678687769727618]",0
328500.0,0.0,10.0,1.0,"[328500.0,0.0,10.0,1.0]","[1.790604722556323,0.0,3.7760672322001025,4.678687769727618]",0
327038.0,0.0,9.3,1.0,"[327038.0,0.0,9.3,1.0]","[1.7826355776419325,0.0,3.511742525946096,4.678687769727618]",0
804600.0,0.0,0.0,1.0,"[804600.0,0.0,0.0,1.0]","[4.3857551286722,0.0,0.0,4.678687769727618]",0
191083.0,0.0,9.1,1.0,"[191083.0,0.0,9.1,1.0]","[1.0415650599702584,0.0,3.436221181302093,4.678687769727618]",0
146775.0,3.0,8.1,1.0,"[146775.0,3.0,8.1,1.0]","[0.8000487310599828,1.6032363542367636,3.058614458082083,4.678687769727618]",1
102166.0,0.0,8.5,1.0,"[102166.0,0.0,8.5,1.0]","[0.556891695843803,0.0,3.2096571473700872,4.678687769727618]",0
171000.0,0.0,9.2,1.0,"[171000.0,0.0,9.2,1.0]","[0.9320956090019217,0.0,3.4739818536240943,4.678687769727618]",0
93056.0,0.0,0.0,1.0,"[93056.0,0.0,0.0,1.0]","[0.5072344385455135,0.0,0.0,4.678687769727618]",0
144075.0,0.0,8.5,1.0,"[144075.0,0.0,8.5,1.0]","[0.7853314319704787,0.0,3.2096571473700872,4.678687769727618]",0
76091.0,3.0,7.9,1.0,"[76091.0,3.0,7.9,1.0]","[0.4147607425997966,1.6032363542367636,2.9830931134380814,4.678687769727618]",1
217258.0,4.0,8.7,1.0,"[217258.0,4.0,8.7,1.0]","[1.184241098365728,2.1376484723156848,3.285178492014089,4.678687769727618]",1
76614.0,4.0,8.4,1.0,"[76614.0,4.0,8.4,1.0]","[0.41761153794194866,2.1376484723156848,3.1718964750480865,4.678687769727618]",1
182340.0,4.0,8.8,1.0,"[182340.0,4.0,8.8,1.0]","[0.9939082651778386,2.1376484723156848,3.322939164336091,4.678687769727618]",1
103873.0,0.0,9.0,1.0,"[103873.0,0.0,9.0,1.0]","[0.5661962993792784,0.0,3.3984605089800923,4.678687769727618]",0
149261.0,4.0,8.2,1.0,"[149261.0,4.0,8.2,1.0]","[0.8135995479253557,2.1376484723156848,3.096375130404084,4.678687769727618]",1
45000.0,0.0,10.0,1.0,"[45000.0,0.0,10.0,1.0]","[0.24528831815840044,0.0,3.7760672322001025,4.678687769727618]",0
144000.0,0.0,7.3,1.0,"[144000.0,0.0,7.3,1.0]","[0.7849226181068814,0.0,2.756529079506075,4.678687769727618]",0
72476.0,0.0,9.5,1.0,"[72476.0,0.0,9.5,1.0]","[0.3950559143744051,0.0,3.5872638705900974,4.678687769727618]",0
63094.0,0.0,8.3,1.0,"[63094.0,0.0,8.3,1.0]","[0.3439160254641359,0.0,3.1341358027260853,4.678687769727618]",0
139584.0,0.0,7.8,1.0,"[139584.0,0.0,7.8,1.0]","[0.7608516578182704,0.0,2.94533244111608,4.678687769727618]",0
197716.0,0.0,7.7,1.0,"[197716.0,0.0,7.7,1.0]","[1.0777205580668066,0.0,2.907571768794079,4.678687769727618]",0
103654.0,4.0,8.4,1.0,"[103654.0,4.0,8.4,1.0]","[0.5650025628975742,2.1376484723156848,3.1718964750480865,4.678687769727618]",1
54080.0,0.0,9.1,1.0,"[54080.0,0.0,9.1,1.0]","[0.294782049911251,0.0,3.436221181302093,4.678687769727618]",0
196104.0,0.0,9.3,1.0,"[196104.0,0.0,9.3,1.0]","[1.0689337854252212,0.0,3.511742525946096,4.678687769727618]",0
517501.0,3.0,8.9,1.0,"[517501.0,3.0,8.9,1.0]","[2.8208211096731195,1.6032363542367636,3.3606998366580916,4.678687769727618]",1
128945.0,0.0,8.6,1.0,"[128945.0,0.0,8.6,1.0]","[0.7028600485541099,0.0,3.247417819692088,4.678687769727618]",0
44325.0,0.0,7.5,1.0,"[44325.0,0.0,7.5,1.0]","[0.24160899338602443,0.0,2.832050424150077,4.678687769727618]",0
45000.0,0.0,5.2,1.0,"[45000.0,0.0,5.2,1.0]","[0.24528831815840044,0.0,1.9635549607440534,4.678687769727618]",0
64763.0,0.0,8.7,1.0,"[64763.0,0.0,8.7,1.0]","[0.3530134966420553,0.0,3.285178492014089,4.678687769727618]",0
167829.0,0.0,8.8,1.0,"[167829.0,0.0,8.8,1.0]","[0.9148109588490264,0.0,3.322939164336091,4.678687769727618]",0
180000.0,0.0,9.6,1.0,"[180000.0,0.0,9.6,1.0]","[0.9811532726336017,0.0,3.625024542912098,4.678687769727618]",0
196000.0,0.0,9.0,1.0,"[196000.0,0.0,9.0,1.0]","[1.0683668968676996,0.0,3.3984605089800923,4.678687769727618]",0
34896.0,0.0,7.9,1.0,"[34896.0,0.0,7.9,1.0]","[0.1902129144545676,0.0,2.9830931134380814,4.678687769727618]",0
65538.0,0.0,8.7,1.0,"[65538.0,0.0,8.7,1.0]","[0.3572379065658944,0.0,3.285178492014089,4.678687769727618]",0
107640.0,5.0,7.8,1.0,"[107640.0,5.0,7.8,1.0]","[0.5867296570348939,2.672060590394606,2.94533244111608,4.678687769727618]",1
227448.0,0.0,9.4,1.0,"[227448.0,0.0,9.4,1.0]","[1.239785275299819,0.0,3.5495031982680967,4.678687769727618]",0
125364.0,0.0,9.7,1.0,"[125364.0,0.0,9.7,1.0]","[0.6833405492802158,0.0,3.6627852152340994,4.678687769727618]",0
84533.0,0.0,9.6,1.0,"[84533.0,0.0,9.6,1.0]","[0.4607768310863125,0.0,3.625024542912098,4.678687769727618]",0
168550.0,0.0,9.2,1.0,"[168550.0,0.0,9.2,1.0]","[0.9187410227910754,0.0,3.4739818536240943,4.678687769727618]",0
107259.0,4.0,8.6,1.0,"[107259.0,4.0,8.6,1.0]","[0.5846528826078193,2.1376484723156848,3.247417819692088,4.678687769727618]",1
680545.0,0.0,9.2,1.0,"[680545.0,0.0,9.2,1.0]","[3.709549744024636,0.0,3.4739818536240943,4.678687769727618]",0
129792.0,0.0,7.9,1.0,"[129792.0,0.0,7.9,1.0]","[0.7074769197870024,0.0,2.9830931134380814,4.678687769727618]",0
399000.0,0.0,8.2,1.0,"[399000.0,0.0,8.2,1.0]","[2.174889754337817,0.0,3.096375130404084,4.678687769727618]",0
227400.0,0.0,9.3,1.0,"[227400.0,0.0,9.3,1.0]","[1.2395236344271168,0.0,3.511742525946096,4.678687769727618]",0
200000.0,0.0,9.3,1.0,"[200000.0,0.0,9.3,1.0]","[1.0901703029262242,0.0,3.511742525946096,4.678687769727618]",0
171254.0,0.0,8.5,1.0,"[171254.0,0.0,8.5,1.0]","[0.9334801252866379,0.0,3.2096571473700872,4.678687769727618]",0
67132.0,3.0,9.0,1.0,"[67132.0,3.0,9.0,1.0]","[0.3659265638802164,1.6032363542367636,3.3984605089800923,4.678687769727618]",1
109520.0,3.0,8.8,1.0,"[109520.0,3.0,8.8,1.0]","[0.5969772578824003,1.6032363542367636,3.322939164336091,4.678687769727618]",1
288336.0,0.0,7.6,1.0,"[288336.0,0.0,7.6,1.0]","[1.5716767223226789,0.0,2.8698110964720778,4.678687769727618]",0
313665.0,5.0,8.3,1.0,"[313665.0,5.0,8.3,1.0]","[1.7097413403367705,2.672060590394606,3.1341358027260853,4.678687769727618]",1
67600.0,0.0,8.7,1.0,"[67600.0,0.0,8.7,1.0]","[0.36847756238906376,0.0,3.285178492014089,4.678687769727618]",0
108737.0,0.0,9.4,1.0,"[108737.0,0.0,9.4,1.0]","[0.5927092411464442,0.0,3.5495031982680967,4.678687769727618]",0
67125.0,0.0,6.8,1.0,"[67125.0,0.0,6.8,1.0]","[0.36588840791961397,0.0,2.5677257178960695,4.678687769727618]",0
239034.0,4.0,8.5,1.0,"[239034.0,4.0,8.5,1.0]","[1.3029388409483353,2.1376484723156848,3.2096571473700872,4.678687769727618]",1
154128.0,0.0,8.1,1.0,"[154128.0,0.0,8.1,1.0]","[0.8401288422470654,0.0,3.058614458082083,4.678687769727618]",0
49573.0,0.0,8.4,1.0,"[49573.0,0.0,8.4,1.0]","[0.27021506213480856,0.0,3.1718964750480865,4.678687769727618]",0
81120.0,0.0,9.4,1.0,"[81120.0,0.0,9.4,1.0]","[0.4421730748668765,0.0,3.5495031982680967,4.678687769727618]",0
165750.0,4.0,8.9,1.0,"[165750.0,4.0,8.9,1.0]","[0.9034786385501082,2.1376484723156848,3.3606998366580916,4.678687769727618]",1
159536.0,0.0,6.8,1.0,"[159536.0,0.0,6.8,1.0]","[0.8696070472381905,0.0,2.5677257178960695,4.678687769727618]",0
50350.0,0.0,9.3,1.0,"[50350.0,0.0,9.3,1.0]","[0.2744503737616769,0.0,3.511742525946096,4.678687769727618]",0
286545.0,0.0,9.8,1.0,"[286545.0,0.0,9.8,1.0]","[1.5619142472599745,0.0,3.700545887556101,4.678687769727618]",0
333646.0,0.0,8.3,1.0,"[333646.0,0.0,8.3,1.0]","[1.818654804450615,0.0,3.1341358027260853,4.678687769727618]",0
143273.0,0.0,9.4,1.0,"[143273.0,0.0,9.4,1.0]","[0.7809598490557446,0.0,3.5495031982680967,4.678687769727618]",0
125364.0,0.0,9.4,1.0,"[125364.0,0.0,9.4,1.0]","[0.6833405492802158,0.0,3.5495031982680967,4.678687769727618]",0
74520.0,3.0,8.1,1.0,"[74520.0,3.0,8.1,1.0]","[0.4061974548703111,1.6032363542367636,3.058614458082083,4.678687769727618]",1
186000.0,0.0,7.9,1.0,"[186000.0,0.0,7.9,1.0]","[1.0138583817213884,0.0,2.9830931134380814,4.678687769727618]",0
81120.0,0.0,8.9,1.0,"[81120.0,0.0,8.9,1.0]","[0.4421730748668765,0.0,3.3606998366580916,4.678687769727618]",0
161058.0,0.0,9.8,1.0,"[161058.0,0.0,9.8,1.0]","[0.877903243243459,0.0,3.700545887556101,4.678687769727618]",0
340074.0,0.0,8.7,1.0,"[340074.0,0.0,8.7,1.0]","[1.8536928779866637,0.0,3.285178492014089,4.678687769727618]",0
447727.0,0.0,8.7,1.0,"[447727.0,0.0,8.7,1.0]","[2.440493396091248,0.0,3.285178492014089,4.678687769727618]",0
104000.0,0.0,8.0,1.0,"[104000.0,0.0,8.0,1.0]","[0.5668885575216366,0.0,3.020853785760082,4.678687769727618]",0
198102.0,4.0,8.5,1.0,"[198102.0,4.0,8.5,1.0]","[1.0798245867514542,2.1376484723156848,3.2096571473700872,4.678687769727618]",1
76500.0,0.0,9.2,1.0,"[76500.0,0.0,9.2,1.0]","[0.4169901408692807,0.0,3.4739818536240943,4.678687769727618]",0
2106107.0,0.0,5.1,1.0,"[2106107.0,0.0,5.1,1.0]","[11.480076530925206,0.0,1.9257942884220522,4.678687769727618]",1
214200.0,0.0,8.1,1.0,"[214200.0,0.0,8.1,1.0]","[1.167572394433986,0.0,3.058614458082083,4.678687769727618]",0
149150.0,3.0,7.8,1.0,"[149150.0,3.0,7.8,1.0]","[0.8129945034072317,1.6032363542367636,2.94533244111608,4.678687769727618]",1
409500.0,0.0,9.4,1.0,"[409500.0,0.0,9.4,1.0]","[2.232123695241444,0.0,3.5495031982680967,4.678687769727618]",0
102942.0,0.0,8.3,1.0,"[102942.0,0.0,8.3,1.0]","[0.5611215566191569,0.0,3.1341358027260853,4.678687769727618]",0
111036.0,0.0,8.6,1.0,"[111036.0,0.0,8.6,1.0]","[0.6052407487785811,0.0,3.247417819692088,4.678687769727618]",0
1567044.0,5.0,8.7,1.0,"[1567044.0,5.0,8.7,1.0]","[8.54172416089361,2.672060590394606,3.285178492014089,4.678687769727618]",1
121680.0,0.0,6.9,1.0,"[121680.0,0.0,6.9,1.0]","[0.6632596123003147,0.0,2.605486390218071,4.678687769727618]",0
51300.0,0.0,8.1,1.0,"[51300.0,0.0,8.1,1.0]","[0.2796286827005765,0.0,3.058614458082083,4.678687769727618]",0
36900.0,0.0,8.2,1.0,"[36900.0,0.0,8.2,1.0]","[0.20113642088988837,0.0,3.096375130404084,4.678687769727618]",0
65437.0,0.0,9.1,1.0,"[65437.0,0.0,9.1,1.0]","[0.35668737056291666,0.0,3.436221181302093,4.678687769727618]",0
112000.0,0.0,9.5,1.0,"[112000.0,0.0,9.5,1.0]","[0.6104953696386856,0.0,3.5872638705900974,4.678687769727618]",0
30000.0,0.0,7.4,1.0,"[30000.0,0.0,7.4,1.0]","[0.16352554543893363,0.0,2.7942897518280763,4.678687769727618]",0
161708.0,0.0,8.9,1.0,"[161708.0,0.0,8.9,1.0]","[0.8814462967279693,0.0,3.3606998366580916,4.678687769727618]",0
52000.0,0.0,9.0,1.0,"[52000.0,0.0,9.0,1.0]","[0.2834442787608183,0.0,3.3984605089800923,4.678687769727618]",0
110913.0,0.0,8.7,1.0,"[110913.0,0.0,8.7,1.0]","[0.6045702940422815,0.0,3.285178492014089,4.678687769727618]",0
40398.0,0.0,8.2,1.0,"[40398.0,0.0,8.2,1.0]","[0.22020349948806803,0.0,3.096375130404084,4.678687769727618]",0
1130500.0,0.0,1.0,1.0,"[1130500.0,0.0,1.0,1.0]","[6.162187637290482,0.0,0.37760672322001027,4.678687769727618]",0
358802.0,4.0,8.0,1.0,"[358802.0,4.0,8.0,1.0]","[1.9557764251526755,2.1376484723156848,3.020853785760082,4.678687769727618]",1
246966.0,4.0,8.8,1.0,"[246966.0,4.0,8.8,1.0]","[1.3461749951623894,2.1376484723156848,3.322939164336091,4.678687769727618]",1
106358.0,0.0,8.4,1.0,"[106358.0,0.0,8.4,1.0]","[0.5797416653931368,0.0,3.1718964750480865,4.678687769727618]",0
162240.0,0.0,8.7,1.0,"[162240.0,0.0,8.7,1.0]","[0.884346149733753,0.0,3.285178492014089,4.678687769727618]",0
225654.0,0.0,9.5,1.0,"[225654.0,0.0,9.5,1.0]","[1.230006447682571,0.0,3.5872638705900974,4.678687769727618]",0
193418.0,3.0,7.9,1.0,"[193418.0,3.0,7.9,1.0]","[1.0542927982569221,1.6032363542367636,2.9830931134380814,4.678687769727618]",1
203089.0,0.0,8.6,1.0,"[203089.0,0.0,8.6,1.0]","[1.1070079832549198,0.0,3.247417819692088,4.678687769727618]",0
109963.0,4.0,8.7,1.0,"[109963.0,4.0,8.7,1.0]","[0.5993919851033819,2.1376484723156848,3.285178492014089,4.678687769727618]",1
202260.0,0.0,8.8,1.0,"[202260.0,0.0,8.8,1.0]","[1.1024892273492906,0.0,3.322939164336091,4.678687769727618]",0
144952.0,0.0,8.4,1.0,"[144952.0,0.0,8.4,1.0]","[0.7901118287488103,0.0,3.1718964750480865,4.678687769727618]",0
360000.0,0.0,8.7,1.0,"[360000.0,0.0,8.7,1.0]","[1.9623065452672035,0.0,3.285178492014089,4.678687769727618]",0
123663.0,3.0,9.5,1.0,"[123663.0,3.0,9.5,1.0]","[0.6740686508538283,1.6032363542367636,3.5872638705900974,4.678687769727618]",1
51917.0,0.0,9.3,1.0,"[51917.0,0.0,9.3,1.0]","[0.2829918580851039,0.0,3.511742525946096,4.678687769727618]",0
199195.0,0.0,9.4,1.0,"[199195.0,0.0,9.4,1.0]","[1.085782367456946,0.0,3.5495031982680967,4.678687769727618]",0
79768.0,0.0,9.0,1.0,"[79768.0,0.0,9.0,1.0]","[0.43480352361909524,0.0,3.3984605089800923,4.678687769727618]",0
217429.0,0.0,0.0,1.0,"[217429.0,0.0,0.0,1.0]","[1.1851731939747299,0.0,0.0,4.678687769727618]",0
71530.0,0.0,8.7,1.0,"[71530.0,0.0,8.7,1.0]","[0.38989940884156404,0.0,3.285178492014089,4.678687769727618]",0
240675.0,4.0,8.6,1.0,"[240675.0,4.0,8.6,1.0]","[1.311883688283845,2.1376484723156848,3.247417819692088,4.678687769727618]",1
83644.0,0.0,8.2,1.0,"[83644.0,0.0,8.2,1.0]","[0.45593102408980546,0.0,3.096375130404084,4.678687769727618]",0
193270.0,0.0,9.0,1.0,"[193270.0,0.0,9.0,1.0]","[1.0534860722327568,0.0,3.3984605089800923,4.678687769727618]",0
89280.0,0.0,8.6,1.0,"[89280.0,0.0,8.6,1.0]","[0.48665202322626644,0.0,3.247417819692088,4.678687769727618]",0
111658.0,0.0,7.6,1.0,"[111658.0,0.0,7.6,1.0]","[0.6086311784206817,0.0,2.8698110964720778,4.678687769727618]",0
1663762.0,0.0,8.0,1.0,"[1663762.0,0.0,8.0,1.0]","[9.068919617685703,0.0,3.020853785760082,4.678687769727618]",1
330480.0,0.0,8.4,1.0,"[330480.0,0.0,8.4,1.0]","[1.8013974085552928,0.0,3.1718964750480865,4.678687769727618]",0
162000.0,0.0,10.0,1.0,"[162000.0,0.0,10.0,1.0]","[0.8830379453702416,0.0,3.7760672322001025,4.678687769727618]",0
310096.0,0.0,9.5,1.0,"[310096.0,0.0,9.5,1.0]","[1.690287251281052,0.0,3.5872638705900974,4.678687769727618]",0
64446.0,0.0,9.3,1.0,"[64446.0,0.0,9.3,1.0]","[0.3512855767119172,0.0,3.511742525946096,4.678687769727618]",0
944363.0,0.0,8.2,1.0,"[944363.0,0.0,8.2,1.0]","[5.147582488911589,0.0,3.096375130404084,4.678687769727618]",0
63094.0,0.0,8.8,1.0,"[63094.0,0.0,8.8,1.0]","[0.3439160254641359,0.0,3.322939164336091,4.678687769727618]",0
322363.0,0.0,8.6,1.0,"[322363.0,0.0,8.6,1.0]","[1.757152846811032,0.0,3.247417819692088,4.678687769727618]",0
120794.0,0.0,9.6,1.0,"[120794.0,0.0,9.6,1.0]","[0.6584301578583516,0.0,3.625024542912098,4.678687769727618]",0
74000.0,0.0,8.6,1.0,"[74000.0,0.0,8.6,1.0]","[0.4033630120827029,0.0,3.247417819692088,4.678687769727618]",0
180000.0,0.0,9.0,1.0,"[180000.0,0.0,9.0,1.0]","[0.9811532726336017,0.0,3.3984605089800923,4.678687769727618]",0
28644.0,0.0,8.6,1.0,"[28644.0,0.0,8.6,1.0]","[0.15613419078509383,0.0,3.247417819692088,4.678687769727618]",0
152000.0,0.0,8.9,1.0,"[152000.0,0.0,8.9,1.0]","[0.8285294302239303,0.0,3.3606998366580916,4.678687769727618]",0
132706.0,0.0,9.7,1.0,"[132706.0,0.0,9.7,1.0]","[0.7233607011006375,0.0,3.6627852152340994,4.678687769727618]",0
810000.0,0.0,0.0,1.0,"[810000.0,0.0,0.0,1.0]","[4.4151897268512075,0.0,0.0,4.678687769727618]",0
191804.0,0.0,8.2,1.0,"[191804.0,0.0,8.2,1.0]","[1.0454951239123076,0.0,3.096375130404084,4.678687769727618]",0
330480.0,0.0,9.3,1.0,"[330480.0,0.0,9.3,1.0]","[1.8013974085552928,0.0,3.511742525946096,4.678687769727618]",0
86292.0,0.0,8.4,1.0,"[86292.0,0.0,8.4,1.0]","[0.4703648789005487,0.0,3.1718964750480865,4.678687769727618]",0
179091.0,0.0,8.9,1.0,"[179091.0,0.0,8.9,1.0]","[0.976198448606802,0.0,3.3606998366580916,4.678687769727618]",0
153356.0,0.0,8.9,1.0,"[153356.0,0.0,8.9,1.0]","[0.8359207848777701,0.0,3.3606998366580916,4.678687769727618]",0
99000.0,3.0,7.9,1.0,"[99000.0,3.0,7.9,1.0]","[0.539634299948481,1.6032363542367636,2.9830931134380814,4.678687769727618]",1
36000.0,0.0,8.5,1.0,"[36000.0,0.0,8.5,1.0]","[0.19623065452672034,0.0,3.2096571473700872,4.678687769727618]",0
120000.0,0.0,0.0,1.0,"[120000.0,0.0,0.0,1.0]","[0.6541021817557345,0.0,0.0,4.678687769727618]",0
56333.0,3.0,8.5,1.0,"[56333.0,3.0,8.5,1.0]","[0.3070628183737149,1.6032363542367636,3.2096571473700872,4.678687769727618]",1
27550.0,0.0,7.2,1.0,"[27550.0,0.0,7.2,1.0]","[0.15017095922808738,0.0,2.718768407184074,4.678687769727618]",0
214500.0,0.0,7.8,1.0,"[214500.0,0.0,7.8,1.0]","[1.1692076498883754,0.0,2.94533244111608,4.678687769727618]",0
72476.0,0.0,7.5,1.0,"[72476.0,0.0,7.5,1.0]","[0.3950559143744051,0.0,2.832050424150077,4.678687769727618]",0
108160.0,0.0,7.6,1.0,"[108160.0,0.0,7.6,1.0]","[0.589564099822502,0.0,2.8698110964720778,4.678687769727618]",0
252374.0,4.0,8.9,1.0,"[252374.0,4.0,8.9,1.0]","[1.3756532001535144,2.1376484723156848,3.3606998366580916,4.678687769727618]",1
225000.0,0.0,9.2,1.0,"[225000.0,0.0,9.2,1.0]","[1.226441590792002,0.0,3.4739818536240943,4.678687769727618]",0
402900.0,0.0,9.1,1.0,"[402900.0,0.0,9.1,1.0]","[2.1961480752448783,0.0,3.436221181302093,4.678687769727618]",0
117985.0,0.0,9.1,1.0,"[117985.0,0.0,9.1,1.0]","[0.6431187159537528,0.0,3.436221181302093,4.678687769727618]",0
80000.0,0.0,8.0,1.0,"[80000.0,0.0,8.0,1.0]","[0.43606812117048965,0.0,3.020853785760082,4.678687769727618]",0
96000.0,0.0,10.0,1.0,"[96000.0,0.0,10.0,1.0]","[0.5232817454045876,0.0,3.7760672322001025,4.678687769727618]",0
242131.0,0.0,8.1,1.0,"[242131.0,0.0,8.1,1.0]","[1.319820128089148,0.0,3.058614458082083,4.678687769727618]",0
283536.0,0.0,8.4,1.0,"[283536.0,0.0,8.4,1.0]","[1.5455126350524495,0.0,3.1718964750480865,4.678687769727618]",0
129792.0,0.0,9.1,1.0,"[129792.0,0.0,9.1,1.0]","[0.7074769197870024,0.0,3.436221181302093,4.678687769727618]",0
154511.0,0.0,8.7,1.0,"[154511.0,0.0,8.7,1.0]","[0.842216518377169,0.0,3.285178492014089,4.678687769727618]",0
256025.0,2.0,7.2,1.0,"[256025.0,2.0,7.2,1.0]","[1.3955542590334327,1.0688242361578424,2.718768407184074,4.678687769727618]",1
72000.0,0.0,10.0,1.0,"[72000.0,0.0,10.0,1.0]","[0.3924613090534407,0.0,3.7760672322001025,4.678687769727618]",0
90000.0,0.0,7.8,1.0,"[90000.0,0.0,7.8,1.0]","[0.4905766363168009,0.0,2.94533244111608,4.678687769727618]",0
111150.0,2.0,7.8,1.0,"[111150.0,2.0,7.8,1.0]","[0.6058621458512491,1.0688242361578424,2.94533244111608,4.678687769727618]",1
79318.0,0.0,7.0,1.0,"[79318.0,0.0,7.0,1.0]","[0.43235064043751126,0.0,2.643247062540072,4.678687769727618]",0
39749.0,0.0,8.0,1.0,"[39749.0,0.0,8.0,1.0]","[0.21666589685507243,0.0,3.020853785760082,4.678687769727618]",0
41250.0,0.0,0.0,1.0,"[41250.0,0.0,0.0,1.0]","[0.22484762497853372,0.0,0.0,4.678687769727618]",0
113568.0,0.0,9.1,1.0,"[113568.0,0.0,9.1,1.0]","[0.6190423048136271,0.0,3.436221181302093,4.678687769727618]",0
43200.0,0.0,0.0,1.0,"[43200.0,0.0,0.0,1.0]","[0.2354767854320644,0.0,0.0,4.678687769727618]",0
65900.0,0.0,7.3,1.0,"[65900.0,0.0,7.3,1.0]","[0.3592111148141909,0.0,2.756529079506075,4.678687769727618]",0
725317.0,0.0,0.0,1.0,"[725317.0,0.0,0.0,1.0]","[3.9535952680377004,0.0,0.0,4.678687769727618]",0
118987.0,4.0,8.0,1.0,"[118987.0,4.0,8.0,1.0]","[0.6485804691714132,2.1376484723156848,3.020853785760082,4.678687769727618]",1
76145.0,3.0,8.0,1.0,"[76145.0,3.0,8.0,1.0]","[0.4150550885815867,1.6032363542367636,3.020853785760082,4.678687769727618]",1
34611.0,0.0,8.3,1.0,"[34611.0,0.0,8.3,1.0]","[0.1886594217728977,0.0,3.1341358027260853,4.678687769727618]",0
690300.0,0.0,0.0,1.0,"[690300.0,0.0,0.0,1.0]","[3.7627228005498625,0.0,0.0,4.678687769727618]",0
114000.0,0.0,8.2,1.0,"[114000.0,0.0,8.2,1.0]","[0.6213970726679477,0.0,3.096375130404084,4.678687769727618]",0
117215.0,0.0,10.0,1.0,"[117215.0,0.0,10.0,1.0]","[0.6389215602874868,0.0,3.7760672322001025,4.678687769727618]",0
165000.0,3.0,7.7,1.0,"[165000.0,3.0,7.7,1.0]","[0.8993904999141349,1.6032363542367636,2.907571768794079,4.678687769727618]",1
104916.0,0.0,8.6,1.0,"[104916.0,0.0,8.6,1.0]","[0.5718815375090387,0.0,3.247417819692088,4.678687769727618]",0
83300.0,0.0,7.7,1.0,"[83300.0,0.0,7.7,1.0]","[0.45405593116877235,0.0,2.907571768794079,4.678687769727618]",0
116272.0,4.0,8.3,1.0,"[116272.0,4.0,8.3,1.0]","[0.6337814073091896,2.1376484723156848,3.1341358027260853,4.678687769727618]",1
99147.0,0.0,9.7,1.0,"[99147.0,0.0,9.7,1.0]","[0.5404355751211317,0.0,3.6627852152340994,4.678687769727618]",0
132000.0,2.0,8.0,1.0,"[132000.0,2.0,8.0,1.0]","[0.7195123999313079,1.0688242361578424,3.020853785760082,4.678687769727618]",1
70304.0,0.0,8.3,1.0,"[70304.0,0.0,8.3,1.0]","[0.3832166648846263,0.0,3.1341358027260853,4.678687769727618]",0
28392.0,0.0,8.3,1.0,"[28392.0,0.0,8.3,1.0]","[0.15476057620340677,0.0,3.1341358027260853,4.678687769727618]",0
94009.0,0.0,9.0,1.0,"[94009.0,0.0,9.0,1.0]","[0.512429100038957,0.0,3.3984605089800923,4.678687769727618]",0
80000.0,0.0,9.5,1.0,"[80000.0,0.0,9.5,1.0]","[0.43606812117048965,0.0,3.5872638705900974,4.678687769727618]",0
210181.0,0.0,0.0,1.0,"[210181.0,0.0,0.0,1.0]","[1.1456654221966835,0.0,0.0,4.678687769727618]",0
73150.0,0.0,8.8,1.0,"[73150.0,0.0,8.8,1.0]","[0.3987297882952665,0.0,3.322939164336091,4.678687769727618]",0
40000.0,0.0,0.0,1.0,"[40000.0,0.0,0.0,1.0]","[0.21803406058524483,0.0,0.0,4.678687769727618]",0
72107.0,0.0,8.9,1.0,"[72107.0,0.0,8.9,1.0]","[0.3930445501655062,0.0,3.3606998366580916,4.678687769727618]",0
360000.0,0.0,9.6,1.0,"[360000.0,0.0,9.6,1.0]","[1.9623065452672035,0.0,3.625024542912098,4.678687769727618]",0
349227.0,0.0,7.6,1.0,"[349227.0,0.0,7.6,1.0]","[1.9035845219000824,0.0,2.8698110964720778,4.678687769727618]",0
234000.0,0.0,9.4,1.0,"[234000.0,0.0,9.4,1.0]","[1.2754992544236823,0.0,3.5495031982680967,4.678687769727618]",0
48672.0,3.0,8.1,1.0,"[48672.0,3.0,8.1,1.0]","[0.26530384492012593,1.6032363542367636,3.058614458082083,4.678687769727618]",1
72000.0,0.0,8.0,1.0,"[72000.0,0.0,8.0,1.0]","[0.3924613090534407,0.0,3.020853785760082,4.678687769727618]",0
31511.0,0.0,7.8,1.0,"[31511.0,0.0,7.8,1.0]","[0.17176178207754125,0.0,2.94533244111608,4.678687769727618]",0
89100.0,0.0,7.9,1.0,"[89100.0,0.0,7.9,1.0]","[0.48567086995363284,0.0,2.9830931134380814,4.678687769727618]",0
195000.0,0.0,9.9,1.0,"[195000.0,0.0,9.9,1.0]","[1.0629160453530686,0.0,3.738306559878102,4.678687769727618]",0
229236.0,0.0,9.0,1.0,"[229236.0,0.0,9.0,1.0]","[1.2495313978079796,0.0,3.3984605089800923,4.678687769727618]",0
141149.0,0.0,6.3,1.0,"[141149.0,0.0,6.3,1.0]","[0.7693822404386681,0.0,2.3789223562860644,4.678687769727618]",0
198000.0,0.0,9.4,1.0,"[198000.0,0.0,9.4,1.0]","[1.079268599896962,0.0,3.5495031982680967,4.678687769727618]",0
107454.0,0.0,9.8,1.0,"[107454.0,0.0,9.8,1.0]","[0.5857157986531725,0.0,3.700545887556101,4.678687769727618]",0
81120.0,4.0,8.8,1.0,"[81120.0,4.0,8.8,1.0]","[0.4421730748668765,2.1376484723156848,3.322939164336091,4.678687769727618]",1
85600.0,5.0,8.9,1.0,"[85600.0,5.0,8.9,1.0]","[0.46659288965242396,2.672060590394606,3.3606998366580916,4.678687769727618]",1
97344.0,4.0,8.3,1.0,"[97344.0,4.0,8.3,1.0]","[0.5306076898402519,2.1376484723156848,3.1341358027260853,4.678687769727618]",1
95073.0,0.0,8.0,1.0,"[95073.0,0.0,8.0,1.0]","[0.5182288060505246,0.0,3.020853785760082,4.678687769727618]",0
810000.0,0.0,10.0,1.0,"[810000.0,0.0,10.0,1.0]","[4.4151897268512075,0.0,3.7760672322001025,4.678687769727618]",0
73008.0,4.0,8.1,1.0,"[73008.0,4.0,8.1,1.0]","[0.39795576738018884,2.1376484723156848,3.058614458082083,4.678687769727618]",1
97344.0,0.0,0.0,1.0,"[97344.0,0.0,0.0,1.0]","[0.5306076898402519,0.0,0.0,4.678687769727618]",0
128847.0,0.0,6.6,1.0,"[128847.0,0.0,6.6,1.0]","[0.702325865105676,0.0,2.4922043732520676,4.678687769727618]",0
134400.0,0.0,8.8,1.0,"[134400.0,0.0,8.8,1.0]","[0.7325944435664227,0.0,3.322939164336091,4.678687769727618]",0
40560.0,0.0,9.1,1.0,"[40560.0,0.0,9.1,1.0]","[0.22108653743343826,0.0,3.436221181302093,4.678687769727618]",0
270000.0,0.0,9.9,1.0,"[270000.0,0.0,9.9,1.0]","[1.4717299089504026,0.0,3.738306559878102,4.678687769727618]",0
73549.0,0.0,9.0,1.0,"[73549.0,0.0,9.0,1.0]","[0.4009046780496043,0.0,3.3984605089800923,4.678687769727618]",0
183873.0,0.0,8.4,1.0,"[183873.0,0.0,8.4,1.0]","[1.0022644205497682,0.0,3.1718964750480865,4.678687769727618]",0
86400.0,0.0,7.7,1.0,"[86400.0,0.0,7.7,1.0]","[0.4709535708641288,0.0,2.907571768794079,4.678687769727618]",0
25789.0,0.0,9.0,1.0,"[25789.0,0.0,9.0,1.0]","[0.14057200971082198,0.0,3.3984605089800923,4.678687769727618]",0
214909.0,0.0,9.6,1.0,"[214909.0,0.0,9.6,1.0]","[1.1714370481578595,0.0,3.625024542912098,4.678687769727618]",0
138545.0,3.0,8.9,1.0,"[138545.0,3.0,8.9,1.0]","[0.7551882230945686,1.6032363542367636,3.3606998366580916,4.678687769727618]",1
81000.0,0.0,10.0,1.0,"[81000.0,0.0,10.0,1.0]","[0.4415189726851208,0.0,3.7760672322001025,4.678687769727618]",0
96635.0,0.0,9.2,1.0,"[96635.0,0.0,9.2,1.0]","[0.5267430361163784,0.0,3.4739818536240943,4.678687769727618]",0
65978.0,0.0,8.3,1.0,"[65978.0,0.0,8.3,1.0]","[0.3596362812323321,0.0,3.1341358027260853,4.678687769727618]",0
242611.0,0.0,9.7,1.0,"[242611.0,0.0,9.7,1.0]","[1.3224365368161708,0.0,3.6627852152340994,4.678687769727618]",0
175571.0,0.0,9.3,1.0,"[175571.0,0.0,9.3,1.0]","[0.9570114512753005,0.0,3.511742525946096,4.678687769727618]",0
94640.0,3.0,8.5,1.0,"[94640.0,3.0,8.5,1.0]","[0.5158685873446892,1.6032363542367636,3.2096571473700872,4.678687769727618]",1
232818.0,0.0,9.1,1.0,"[232818.0,0.0,9.1,1.0]","[1.2690563479333883,0.0,3.436221181302093,4.678687769727618]",0
53996.0,0.0,9.1,1.0,"[53996.0,0.0,9.1,1.0]","[0.294324178384022,0.0,3.436221181302093,4.678687769727618]",0
102675.0,4.0,8.6,1.0,"[102675.0,4.0,8.6,1.0]","[0.5596661792647504,2.1376484723156848,3.247417819692088,4.678687769727618]",1
275000.0,0.0,8.4,1.0,"[275000.0,0.0,8.4,1.0]","[1.4989841665235581,0.0,3.1718964750480865,4.678687769727618]",0
201251.0,0.0,9.3,1.0,"[201251.0,0.0,9.3,1.0]","[1.0969893181710277,0.0,3.511742525946096,4.678687769727618]",0
195000.0,0.0,8.8,1.0,"[195000.0,0.0,8.8,1.0]","[1.0629160453530686,0.0,3.322939164336091,4.678687769727618]",0
52026.0,0.0,9.7,1.0,"[52026.0,0.0,9.7,1.0]","[0.2835860009001987,0.0,3.6627852152340994,4.678687769727618]",0
315000.0,0.0,9.5,1.0,"[315000.0,0.0,9.5,1.0]","[1.717018227108803,0.0,3.5872638705900974,4.678687769727618]",0
180000.0,0.0,9.0,1.0,"[180000.0,0.0,9.0,1.0]","[0.9811532726336017,0.0,3.3984605089800923,4.678687769727618]",0
49000.0,0.0,10.0,1.0,"[49000.0,0.0,10.0,1.0]","[0.2670917242169249,0.0,3.7760672322001025,4.678687769727618]",0
179276.0,4.0,8.1,1.0,"[179276.0,4.0,8.1,1.0]","[0.9772068561370088,2.1376484723156848,3.058614458082083,4.678687769727618]",1
264600.0,0.0,7.8,1.0,"[264600.0,0.0,7.8,1.0]","[1.4422953107713945,0.0,2.94533244111608,4.678687769727618]",0
108160.0,0.0,9.1,1.0,"[108160.0,0.0,9.1,1.0]","[0.589564099822502,0.0,3.436221181302093,4.678687769727618]",0
135000.0,0.0,10.0,1.0,"[135000.0,0.0,10.0,1.0]","[0.7358649544752013,0.0,3.7760672322001025,4.678687769727618]",0
64896.0,0.0,8.5,1.0,"[64896.0,0.0,8.5,1.0]","[0.3537384598935012,0.0,3.2096571473700872,4.678687769727618]",0
47771.0,2.0,8.3,1.0,"[47771.0,2.0,8.3,1.0]","[0.26039262770544325,1.0688242361578424,3.1341358027260853,4.678687769727618]",1
144000.0,0.0,8.8,1.0,"[144000.0,0.0,8.8,1.0]","[0.7849226181068814,0.0,3.322939164336091,4.678687769727618]",0
42054.0,0.0,8.2,1.0,"[42054.0,0.0,8.2,1.0]","[0.22923010959629714,0.0,3.096375130404084,4.678687769727618]",0
107372.0,0.0,9.2,1.0,"[107372.0,0.0,9.2,1.0]","[0.5852688288289727,0.0,3.4739818536240943,4.678687769727618]",0
322117.0,0.0,8.4,1.0,"[322117.0,0.0,8.4,1.0]","[1.7558119373384327,0.0,3.1718964750480865,4.678687769727618]",0
130933.0,4.0,8.2,1.0,"[130933.0,4.0,8.2,1.0]","[0.7136963413651966,2.1376484723156848,3.096375130404084,4.678687769727618]",1
94640.0,0.0,9.2,1.0,"[94640.0,0.0,9.2,1.0]","[0.5158685873446892,0.0,3.4739818536240943,4.678687769727618]",0
161182.0,0.0,8.5,1.0,"[161182.0,0.0,8.5,1.0]","[0.8785791488312733,0.0,3.2096571473700872,4.678687769727618]",0
239574.0,3.0,8.4,1.0,"[239574.0,3.0,8.4,1.0]","[1.3058823007662361,1.6032363542367636,3.1718964750480865,4.678687769727618]",1
148302.0,3.0,7.9,1.0,"[148302.0,3.0,7.9,1.0]","[0.8083721813228245,1.6032363542367636,2.9830931134380814,4.678687769727618]",1
189000.0,0.0,9.5,1.0,"[189000.0,0.0,9.5,1.0]","[1.0302109362652818,0.0,3.5872638705900974,4.678687769727618]",0
3948951.0,3.0,8.3,1.0,"[3948951.0,3.0,8.3,1.0]","[21.525145539554078,1.6032363542367636,3.1341358027260853,4.678687769727618]",1
200000.0,0.0,9.9,1.0,"[200000.0,0.0,9.9,1.0]","[1.0901703029262242,0.0,3.738306559878102,4.678687769727618]",0
152281.0,0.0,8.2,1.0,"[152281.0,0.0,8.2,1.0]","[0.8300611194995416,0.0,3.096375130404084,4.678687769727618]",0
98246.0,4.0,8.5,1.0,"[98246.0,4.0,8.5,1.0]","[0.535524357906449,2.1376484723156848,3.2096571473700872,4.678687769727618]",1
319140.0,0.0,8.3,1.0,"[319140.0,0.0,8.3,1.0]","[1.739584752379376,0.0,3.1341358027260853,4.678687769727618]",0
44165.0,0.0,7.5,1.0,"[44165.0,0.0,7.5,1.0]","[0.24073685714368345,0.0,2.832050424150077,4.678687769727618]",0
31000.0,0.0,7.2,1.0,"[31000.0,0.0,7.2,1.0]","[0.16897639695356476,0.0,2.718768407184074,4.678687769727618]",0
346500.0,0.0,8.1,1.0,"[346500.0,0.0,8.1,1.0]","[1.8887200498196832,0.0,3.058614458082083,4.678687769727618]",0
157500.0,0.0,9.5,1.0,"[157500.0,0.0,9.5,1.0]","[0.8585091135544015,0.0,3.5872638705900974,4.678687769727618]",0
32768.0,0.0,8.9,1.0,"[32768.0,0.0,8.9,1.0]","[0.17861350243143256,0.0,3.3606998366580916,4.678687769727618]",0
277232.0,0.0,9.2,1.0,"[277232.0,0.0,9.2,1.0]","[1.5111504671042149,0.0,3.4739818536240943,4.678687769727618]",0
97831.0,0.0,8.2,1.0,"[97831.0,0.0,8.2,1.0]","[0.5332622545278771,0.0,3.096375130404084,4.678687769727618]",0
88224.0,3.0,8.5,1.0,"[88224.0,3.0,8.5,1.0]","[0.48089592402681597,1.6032363542367636,3.2096571473700872,4.678687769727618]",1
68502.0,0.0,9.3,1.0,"[68502.0,0.0,9.3,1.0]","[0.37339423045526104,0.0,3.511742525946096,4.678687769727618]",0
174420.0,0.0,8.4,1.0,"[174420.0,0.0,8.4,1.0]","[0.9507375211819601,0.0,3.1718964750480865,4.678687769727618]",0
564136.0,0.0,8.9,1.0,"[564136.0,0.0,8.9,1.0]","[3.0750215700579417,0.0,3.3606998366580916,4.678687769727618]",0
191806.0,0.0,9.0,1.0,"[191806.0,0.0,9.0,1.0]","[1.0455060256153368,0.0,3.3984605089800923,4.678687769727618]",0
291516.0,0.0,8.6,1.0,"[291516.0,0.0,8.6,1.0]","[1.5890104301392058,0.0,3.247417819692088,4.678687769727618]",0
111036.0,0.0,8.0,1.0,"[111036.0,0.0,8.0,1.0]","[0.6052407487785811,0.0,3.020853785760082,4.678687769727618]",0
279414.0,5.0,8.8,1.0,"[279414.0,5.0,8.8,1.0]","[1.52304422510914,2.672060590394606,3.322939164336091,4.678687769727618]",1
354025.0,0.0,9.0,1.0,"[354025.0,0.0,9.0,1.0]","[1.9297377074672826,0.0,3.3984605089800923,4.678687769727618]",0
43535.0,0.0,9.0,1.0,"[43535.0,0.0,9.0,1.0]","[0.23730282068946584,0.0,3.3984605089800923,4.678687769727618]",0
63454.0,0.0,7.6,1.0,"[63454.0,0.0,7.6,1.0]","[0.34587833200940316,0.0,2.8698110964720778,4.678687769727618]",0
120336.0,0.0,10.0,1.0,"[120336.0,0.0,10.0,1.0]","[0.6559336678646506,0.0,3.7760672322001025,4.678687769727618]",0
40000.0,0.0,9.3,1.0,"[40000.0,0.0,9.3,1.0]","[0.21803406058524483,0.0,3.511742525946096,4.678687769727618]",0
96000.0,3.0,7.4,1.0,"[96000.0,3.0,7.4,1.0]","[0.5232817454045876,1.6032363542367636,2.7942897518280763,4.678687769727618]",1
70510.0,4.0,8.9,1.0,"[70510.0,4.0,8.9,1.0]","[0.3843395402966403,2.1376484723156848,3.3606998366580916,4.678687769727618]",1
182340.0,4.0,8.9,1.0,"[182340.0,4.0,8.9,1.0]","[0.9939082651778386,2.1376484723156848,3.3606998366580916,4.678687769727618]",1
75981.0,0.0,8.7,1.0,"[75981.0,0.0,8.7,1.0]","[0.4141611489331872,0.0,3.285178492014089,4.678687769727618]",0
110500.0,0.0,9.5,1.0,"[110500.0,0.0,9.5,1.0]","[0.6023190923667389,0.0,3.5872638705900974,4.678687769727618]",0
155300.0,4.0,8.9,1.0,"[155300.0,4.0,8.9,1.0]","[0.8465172402222131,2.1376484723156848,3.3606998366580916,4.678687769727618]",1
229344.0,0.0,9.6,1.0,"[229344.0,0.0,9.6,1.0]","[1.2501200897715596,0.0,3.625024542912098,4.678687769727618]",0
54402.0,0.0,8.4,1.0,"[54402.0,0.0,8.4,1.0]","[0.2965372240989622,0.0,3.1718964750480865,4.678687769727618]",0
225654.0,0.0,9.7,1.0,"[225654.0,0.0,9.7,1.0]","[1.230006447682571,0.0,3.6627852152340994,4.678687769727618]",0
140301.0,0.0,7.7,1.0,"[140301.0,0.0,7.7,1.0]","[0.7647599183542608,0.0,2.907571768794079,4.678687769727618]",0
133000.0,3.0,7.6,1.0,"[133000.0,3.0,7.6,1.0]","[0.7249632514459391,1.6032363542367636,2.8698110964720778,4.678687769727618]",1
112741.0,0.0,9.2,1.0,"[112741.0,0.0,9.2,1.0]","[0.6145344506110272,0.0,3.4739818536240943,4.678687769727618]",0
223622.0,0.0,9.3,1.0,"[223622.0,0.0,9.3,1.0]","[1.2189303174048405,0.0,3.511742525946096,4.678687769727618]",0
606365.0,0.0,9.8,1.0,"[606365.0,0.0,9.8,1.0]","[3.3052055786692995,0.0,3.700545887556101,4.678687769727618]",0
731362.0,0.0,8.2,1.0,"[731362.0,0.0,8.2,1.0]","[3.9865456654436455,0.0,3.096375130404084,4.678687769727618]",0
35482.0,0.0,8.9,1.0,"[35482.0,0.0,8.9,1.0]","[0.19340711344214143,0.0,3.3606998366580916,4.678687769727618]",0
54080.0,0.0,9.4,1.0,"[54080.0,0.0,9.4,1.0]","[0.294782049911251,0.0,3.5495031982680967,4.678687769727618]",0
119517.0,3.0,8.3,1.0,"[119517.0,3.0,8.3,1.0]","[0.6514694204741677,1.6032363542367636,3.1341358027260853,4.678687769727618]",1
118940.0,0.0,9.4,1.0,"[118940.0,0.0,9.4,1.0]","[0.6483242791502255,0.0,3.5495031982680967,4.678687769727618]",0
116430.0,0.0,8.9,1.0,"[116430.0,0.0,8.9,1.0]","[0.6346426418485014,0.0,3.3606998366580916,4.678687769727618]",0
255204.0,0.0,9.3,1.0,"[255204.0,0.0,9.3,1.0]","[1.3910791099399205,0.0,3.511742525946096,4.678687769727618]",0
725317.0,0.0,6.5,1.0,"[725317.0,0.0,6.5,1.0]","[3.9535952680377004,0.0,2.454443700930067,4.678687769727618]",0
31105.0,0.0,8.2,1.0,"[31105.0,0.0,8.2,1.0]","[0.169548736362601,0.0,3.096375130404084,4.678687769727618]",0
56370.0,0.0,8.8,1.0,"[56370.0,0.0,8.8,1.0]","[0.3072644998797563,0.0,3.322939164336091,4.678687769727618]",0
71647.0,0.0,8.8,1.0,"[71647.0,0.0,8.8,1.0]","[0.3905371584687759,0.0,3.322939164336091,4.678687769727618]",0
148442.0,4.0,8.6,1.0,"[148442.0,4.0,8.6,1.0]","[0.8091353005348728,2.1376484723156848,3.247417819692088,4.678687769727618]",1
97993.0,3.0,8.6,1.0,"[97993.0,3.0,8.6,1.0]","[0.5341452924732474,1.6032363542367636,3.247417819692088,4.678687769727618]",1
220000.0,0.0,8.3,1.0,"[220000.0,0.0,8.3,1.0]","[1.1991873332188465,0.0,3.1341358027260853,4.678687769727618]",0
200582.0,0.0,9.0,1.0,"[200582.0,0.0,9.0,1.0]","[1.0933426985077395,0.0,3.3984605089800923,4.678687769727618]",0
62598.0,0.0,8.3,1.0,"[62598.0,0.0,8.3,1.0]","[0.34121240311287887,0.0,3.1341358027260853,4.678687769727618]",0
198850.0,4.0,8.8,1.0,"[198850.0,4.0,8.8,1.0]","[1.0839018236843982,2.1376484723156848,3.322939164336091,4.678687769727618]",1
75161.0,0.0,8.6,1.0,"[75161.0,0.0,8.6,1.0]","[0.4096914506911897,0.0,3.247417819692088,4.678687769727618]",0
23640.0,0.0,8.9,1.0,"[23640.0,0.0,8.9,1.0]","[0.12885812980587968,0.0,3.3606998366580916,4.678687769727618]",0
310990.0,0.0,8.5,1.0,"[310990.0,0.0,8.5,1.0]","[1.6951603125351322,0.0,3.2096571473700872,4.678687769727618]",0
100950.0,4.0,8.2,1.0,"[100950.0,4.0,8.2,1.0]","[0.5502634604020117,2.1376484723156848,3.096375130404084,4.678687769727618]",1
353434.0,0.0,9.7,1.0,"[353434.0,0.0,9.7,1.0]","[1.9265162542221355,0.0,3.6627852152340994,4.678687769727618]",0
144214.0,0.0,8.9,1.0,"[144214.0,0.0,8.9,1.0]","[0.7860891003310124,0.0,3.3606998366580916,4.678687769727618]",0
45067.0,0.0,8.9,1.0,"[45067.0,0.0,8.9,1.0]","[0.2456535252098807,0.0,3.3606998366580916,4.678687769727618]",0
72107.0,0.0,8.9,1.0,"[72107.0,0.0,8.9,1.0]","[0.3930445501655062,0.0,3.3606998366580916,4.678687769727618]",0
79318.0,4.0,8.0,1.0,"[79318.0,4.0,8.0,1.0]","[0.43235064043751126,2.1376484723156848,3.020853785760082,4.678687769727618]",1
378000.0,0.0,7.6,1.0,"[378000.0,0.0,7.6,1.0]","[2.0604218725305636,0.0,2.8698110964720778,4.678687769727618]",0
1470000.0,0.0,9.6,1.0,"[1470000.0,0.0,9.6,1.0]","[8.012751726507748,0.0,3.625024542912098,4.678687769727618]",1
100000.0,3.0,7.6,1.0,"[100000.0,3.0,7.6,1.0]","[0.5450851514631121,1.6032363542367636,2.8698110964720778,4.678687769727618]",1
47167.0,0.0,8.6,1.0,"[47167.0,0.0,8.6,1.0]","[0.2571003133906061,0.0,3.247417819692088,4.678687769727618]",0
122582.0,0.0,9.1,1.0,"[122582.0,0.0,9.1,1.0]","[0.668176280366512,0.0,3.436221181302093,4.678687769727618]",0
89545.0,0.0,8.7,1.0,"[89545.0,0.0,8.7,1.0]","[0.4880964988776437,0.0,3.285178492014089,4.678687769727618]",0
165485.0,0.0,8.2,1.0,"[165485.0,0.0,8.2,1.0]","[0.9020341628987311,0.0,3.096375130404084,4.678687769727618]",0
349379.0,0.0,8.7,1.0,"[349379.0,0.0,8.7,1.0]","[1.9044130513303064,0.0,3.285178492014089,4.678687769727618]",0
94500.0,0.0,1.0,1.0,"[94500.0,0.0,1.0,1.0]","[0.5151054681326409,0.0,0.37760672322001027,4.678687769727618]",0
87430.0,4.0,8.8,1.0,"[87430.0,4.0,8.8,1.0]","[0.4765679479241989,2.1376484723156848,3.322939164336091,4.678687769727618]",1
619550.0,5.0,9.0,1.0,"[619550.0,5.0,9.0,1.0]","[3.3770750558897107,2.672060590394606,3.3984605089800923,4.678687769727618]",1
147000.0,0.0,9.5,1.0,"[147000.0,0.0,9.5,1.0]","[0.8012751726507747,0.0,3.5872638705900974,4.678687769727618]",0
46750.0,0.0,0.0,1.0,"[46750.0,0.0,0.0,1.0]","[0.2548273083090049,0.0,0.0,4.678687769727618]",0
120000.0,0.0,8.1,1.0,"[120000.0,0.0,8.1,1.0]","[0.6541021817557345,0.0,3.058614458082083,4.678687769727618]",0
470113.0,0.0,6.9,1.0,"[470113.0,0.0,6.9,1.0]","[2.56251615809778,0.0,2.605486390218071,4.678687769727618]",0
71251.0,4.0,8.5,1.0,"[71251.0,4.0,8.5,1.0]","[0.388378621268982,2.1376484723156848,3.2096571473700872,4.678687769727618]",1
323080.0,0.0,9.4,1.0,"[323080.0,0.0,9.4,1.0]","[1.7610611073470226,0.0,3.5495031982680967,4.678687769727618]",0
300000.0,0.0,0.0,1.0,"[300000.0,0.0,0.0,1.0]","[1.6352554543893363,0.0,0.0,4.678687769727618]",0
135664.0,0.0,9.0,1.0,"[135664.0,0.0,9.0,1.0]","[0.7394843198809163,0.0,3.3984605089800923,4.678687769727618]",0
54000.0,0.0,10.0,1.0,"[54000.0,0.0,10.0,1.0]","[0.29434598179008054,0.0,3.7760672322001025,4.678687769727618]",0
119183.0,0.0,9.3,1.0,"[119183.0,0.0,9.3,1.0]","[0.6496488360682808,0.0,3.511742525946096,4.678687769727618]",0
306000.0,0.0,0.0,1.0,"[306000.0,0.0,0.0,1.0]","[1.6679605634771228,0.0,0.0,4.678687769727618]",0
348960.0,5.0,8.8,1.0,"[348960.0,5.0,8.8,1.0]","[1.9021291445456758,2.672060590394606,3.322939164336091,4.678687769727618]",1
330000.0,0.0,9.9,1.0,"[330000.0,0.0,9.9,1.0]","[1.7987809998282698,0.0,3.738306559878102,4.678687769727618]",0
230301.0,0.0,8.1,1.0,"[230301.0,0.0,8.1,1.0]","[1.2553365546710618,0.0,3.058614458082083,4.678687769727618]",0
61291.0,0.0,9.3,1.0,"[61291.0,0.0,9.3,1.0]","[0.334088140183256,0.0,3.511742525946096,4.678687769727618]",0
319980.0,0.0,9.5,1.0,"[319980.0,0.0,9.5,1.0]","[1.744163467651666,0.0,3.5872638705900974,4.678687769727618]",0
249203.0,0.0,7.5,1.0,"[249203.0,0.0,7.5,1.0]","[1.358368550000619,0.0,2.832050424150077,4.678687769727618]",0
227137.0,4.0,8.1,1.0,"[227137.0,4.0,8.1,1.0]","[1.2380900604787688,2.1376484723156848,3.058614458082083,4.678687769727618]",1
223531.0,4.0,8.4,1.0,"[223531.0,4.0,8.4,1.0]","[1.218434289917009,2.1376484723156848,3.1718964750480865,4.678687769727618]",1
49898.0,0.0,8.6,1.0,"[49898.0,0.0,8.6,1.0]","[0.2719865888770637,0.0,3.247417819692088,4.678687769727618]",0
78337.0,3.0,9.2,1.0,"[78337.0,3.0,9.2,1.0]","[0.4270033551016581,1.6032363542367636,3.4739818536240943,4.678687769727618]",1
26407.0,0.0,9.6,1.0,"[26407.0,0.0,9.6,1.0]","[0.14394063594686402,0.0,3.625024542912098,4.678687769727618]",0
69718.0,0.0,8.9,1.0,"[69718.0,0.0,8.9,1.0]","[0.38002246589705246,0.0,3.3606998366580916,4.678687769727618]",0
226672.0,0.0,9.0,1.0,"[226672.0,0.0,9.0,1.0]","[1.2355554145244654,0.0,3.3984605089800923,4.678687769727618]",0
214360.0,4.0,8.0,1.0,"[214360.0,4.0,8.0,1.0]","[1.1684445306763271,2.1376484723156848,3.020853785760082,4.678687769727618]",1
46239.0,0.0,9.2,1.0,"[46239.0,0.0,9.2,1.0]","[0.2520419231850284,0.0,3.4739818536240943,4.678687769727618]",0
114240.0,0.0,0.0,1.0,"[114240.0,0.0,0.0,1.0]","[0.6227052770314593,0.0,0.0,4.678687769727618]",0
333391.0,0.0,8.8,1.0,"[333391.0,0.0,8.8,1.0]","[1.817264837314384,0.0,3.322939164336091,4.678687769727618]",0
284002.0,0.0,9.3,1.0,"[284002.0,0.0,9.3,1.0]","[1.5480527318582675,0.0,3.511742525946096,4.678687769727618]",0
50000.0,4.0,0.0,1.0,"[50000.0,4.0,0.0,1.0]","[0.27254257573155605,2.1376484723156848,0.0,4.678687769727618]",1
139965.0,0.0,10.0,1.0,"[139965.0,0.0,10.0,1.0]","[0.7629284322453448,0.0,3.7760672322001025,4.678687769727618]",0
71581.0,0.0,8.7,1.0,"[71581.0,0.0,8.7,1.0]","[0.39017740226881026,0.0,3.285178492014089,4.678687769727618]",0
159095.0,3.0,7.8,1.0,"[159095.0,3.0,7.8,1.0]","[0.8672032217202381,1.6032363542367636,2.94533244111608,4.678687769727618]",1
134215.0,3.0,8.0,1.0,"[134215.0,3.0,8.0,1.0]","[0.7315860360362159,1.6032363542367636,3.020853785760082,4.678687769727618]",1
256217.0,0.0,7.3,1.0,"[256217.0,0.0,7.3,1.0]","[1.396600822524242,0.0,2.756529079506075,4.678687769727618]",0
123032.0,0.0,9.3,1.0,"[123032.0,0.0,9.3,1.0]","[0.6706291635480961,0.0,3.511742525946096,4.678687769727618]",0
42000.0,0.0,7.6,1.0,"[42000.0,0.0,7.6,1.0]","[0.22893576361450707,0.0,2.8698110964720778,4.678687769727618]",0
71386.0,3.0,7.9,1.0,"[71386.0,3.0,7.9,1.0]","[0.3891144862234572,1.6032363542367636,2.9830931134380814,4.678687769727618]",1
48672.0,0.0,7.3,1.0,"[48672.0,0.0,7.3,1.0]","[0.26530384492012593,0.0,2.756529079506075,4.678687769727618]",0
200000.0,0.0,9.8,1.0,"[200000.0,0.0,9.8,1.0]","[1.0901703029262242,0.0,3.700545887556101,4.678687769727618]",0
211410.0,0.0,9.5,1.0,"[211410.0,0.0,9.5,1.0]","[1.1523645187081653,0.0,3.5872638705900974,4.678687769727618]",0
272564.0,0.0,9.6,1.0,"[272564.0,0.0,9.6,1.0]","[1.4857058922339168,0.0,3.625024542912098,4.678687769727618]",0
101330.0,0.0,8.2,1.0,"[101330.0,0.0,8.2,1.0]","[0.5523347839775714,0.0,3.096375130404084,4.678687769727618]",0
32000.0,0.0,9.3,1.0,"[32000.0,0.0,9.3,1.0]","[0.17442724846819585,0.0,3.511742525946096,4.678687769727618]",0
51771.0,2.0,8.6,1.0,"[51771.0,2.0,8.6,1.0]","[0.28219603376396774,1.0688242361578424,3.247417819692088,4.678687769727618]",1
27204.0,0.0,9.1,1.0,"[27204.0,0.0,9.1,1.0]","[0.14828496460402502,0.0,3.436221181302093,4.678687769727618]",0
2089604.0,0.0,8.2,1.0,"[2089604.0,0.0,8.2,1.0]","[11.39012112837925,0.0,3.096375130404084,4.678687769727618]",1
278460.0,0.0,9.3,1.0,"[278460.0,0.0,9.3,1.0]","[1.517844112764182,0.0,3.511742525946096,4.678687769727618]",0
185359.0,0.0,9.6,1.0,"[185359.0,0.0,9.6,1.0]","[1.0103643859005098,0.0,3.625024542912098,4.678687769727618]",0
93500.0,0.0,8.7,1.0,"[93500.0,0.0,8.7,1.0]","[0.5096546166180098,0.0,3.285178492014089,4.678687769727618]",0
300000.0,0.0,0.0,1.0,"[300000.0,0.0,0.0,1.0]","[1.6352554543893363,0.0,0.0,4.678687769727618]",0
22400.0,0.0,5.3,1.0,"[22400.0,0.0,5.3,1.0]","[0.1220990739277371,0.0,2.001315633066054,4.678687769727618]",0
283921.0,0.0,8.7,1.0,"[283921.0,0.0,8.7,1.0]","[1.5476112128855823,0.0,3.285178492014089,4.678687769727618]",0
257246.0,0.0,8.4,1.0,"[257246.0,0.0,8.4,1.0]","[1.4022097487327974,0.0,3.1718964750480865,4.678687769727618]",0
60390.0,0.0,8.4,1.0,"[60390.0,0.0,8.4,1.0]","[0.32917692296857337,0.0,3.1718964750480865,4.678687769727618]",0
93056.0,4.0,8.4,1.0,"[93056.0,4.0,8.4,1.0]","[0.5072344385455135,2.1376484723156848,3.1718964750480865,4.678687769727618]",1
500000.0,0.0,9.4,1.0,"[500000.0,0.0,9.4,1.0]","[2.7254257573155605,0.0,3.5495031982680967,4.678687769727618]",0
70665.0,0.0,7.8,1.0,"[70665.0,0.0,7.8,1.0]","[0.38518442228140815,0.0,2.94533244111608,4.678687769727618]",0
205505.0,4.0,8.5,1.0,"[205505.0,4.0,8.5,1.0]","[1.1201772405142685,2.1376484723156848,3.2096571473700872,4.678687769727618]",1
165846.0,4.0,8.3,1.0,"[165846.0,4.0,8.3,1.0]","[0.9040019202955129,2.1376484723156848,3.1341358027260853,4.678687769727618]",1
177383.0,5.0,8.4,1.0,"[177383.0,5.0,8.4,1.0]","[0.9668883942198121,2.672060590394606,3.1718964750480865,4.678687769727618]",1
73008.0,0.0,7.9,1.0,"[73008.0,0.0,7.9,1.0]","[0.39795576738018884,0.0,2.9830931134380814,4.678687769727618]",0
45319.0,0.0,8.2,1.0,"[45319.0,0.0,8.2,1.0]","[0.24702713979156776,0.0,3.096375130404084,4.678687769727618]",0
96903.0,0.0,8.5,1.0,"[96903.0,0.0,8.5,1.0]","[0.5282038643222995,0.0,3.2096571473700872,4.678687769727618]",0
163875.0,3.0,8.4,1.0,"[163875.0,3.0,8.4,1.0]","[0.8932582919601749,1.6032363542367636,3.1718964750480865,4.678687769727618]",1
47271.0,0.0,7.7,1.0,"[47271.0,0.0,7.7,1.0]","[0.2576672019481277,0.0,2.907571768794079,4.678687769727618]",0
350570.0,0.0,9.6,1.0,"[350570.0,0.0,9.6,1.0]","[1.910905015484232,0.0,3.625024542912098,4.678687769727618]",0
322363.0,0.0,8.4,1.0,"[322363.0,0.0,8.4,1.0]","[1.757152846811032,0.0,3.1718964750480865,4.678687769727618]",0
170839.0,0.0,8.6,1.0,"[170839.0,0.0,8.6,1.0]","[0.931218021908066,0.0,3.247417819692088,4.678687769727618]",0
3490120.0,3.0,7.3,1.0,"[3490120.0,3.0,7.3,1.0]","[19.024125888244367,1.6032363542367636,2.756529079506075,4.678687769727618]",1
63094.0,0.0,9.0,1.0,"[63094.0,0.0,9.0,1.0]","[0.3439160254641359,0.0,3.3984605089800923,4.678687769727618]",0
44000.0,0.0,9.2,1.0,"[44000.0,0.0,9.2,1.0]","[0.23983746664376931,0.0,3.4739818536240943,4.678687769727618]",0
671590.0,0.0,9.1,1.0,"[671590.0,0.0,9.1,1.0]","[3.660737368711114,0.0,3.436221181302093,4.678687769727618]",0
107463.0,0.0,9.6,1.0,"[107463.0,0.0,9.6,1.0]","[0.5857648563168041,0.0,3.625024542912098,4.678687769727618]",0
120779.0,0.0,8.7,1.0,"[120779.0,0.0,8.7,1.0]","[0.6583483950856321,0.0,3.285178492014089,4.678687769727618]",0
225482.0,4.0,8.4,1.0,"[225482.0,4.0,8.4,1.0]","[1.2290689012220544,2.1376484723156848,3.1718964750480865,4.678687769727618]",1
1020817.0,0.0,4.5,1.0,"[1020817.0,0.0,4.5,1.0]","[5.564321890611197,0.0,1.6992302544900462,4.678687769727618]",0
458150.0,0.0,0.0,1.0,"[458150.0,0.0,0.0,1.0]","[2.497307621428248,0.0,0.0,4.678687769727618]",0
22000.0,0.0,8.9,1.0,"[22000.0,0.0,8.9,1.0]","[0.11991873332188466,0.0,3.3606998366580916,4.678687769727618]",0
109245.0,0.0,9.6,1.0,"[109245.0,0.0,9.6,1.0]","[0.5954782737158768,0.0,3.625024542912098,4.678687769727618]",0
73008.0,0.0,8.8,1.0,"[73008.0,0.0,8.8,1.0]","[0.39795576738018884,0.0,3.322939164336091,4.678687769727618]",0
130200.0,0.0,9.5,1.0,"[130200.0,0.0,9.5,1.0]","[0.7097008672049719,0.0,3.5872638705900974,4.678687769727618]",0
151564.0,0.0,8.8,1.0,"[151564.0,0.0,8.8,1.0]","[0.8261528589635512,0.0,3.322939164336091,4.678687769727618]",0
150321.0,0.0,9.2,1.0,"[150321.0,0.0,9.2,1.0]","[0.8193774505308647,0.0,3.4739818536240943,4.678687769727618]",0
147000.0,0.0,9.6,1.0,"[147000.0,0.0,9.6,1.0]","[0.8012751726507747,0.0,3.625024542912098,4.678687769727618]",0
213118.0,0.0,8.6,1.0,"[213118.0,0.0,8.6,1.0]","[1.1616745730951552,0.0,3.247417819692088,4.678687769727618]",0
447727.0,0.0,9.5,1.0,"[447727.0,0.0,9.5,1.0]","[2.440493396091248,0.0,3.5872638705900974,4.678687769727618]",0
225654.0,0.0,9.4,1.0,"[225654.0,0.0,9.4,1.0]","[1.230006447682571,0.0,3.5495031982680967,4.678687769727618]",0
326025.0,0.0,9.2,1.0,"[326025.0,0.0,9.2,1.0]","[1.777113865057611,0.0,3.4739818536240943,4.678687769727618]",0
161339.0,5.0,9.1,1.0,"[161339.0,5.0,9.1,1.0]","[0.8794349325190703,2.672060590394606,3.436221181302093,4.678687769727618]",1
140000.0,0.0,8.3,1.0,"[140000.0,0.0,8.3,1.0]","[0.7631192120483569,0.0,3.1341358027260853,4.678687769727618]",0
60840.0,0.0,8.9,1.0,"[60840.0,0.0,8.9,1.0]","[0.33162980615015736,0.0,3.3606998366580916,4.678687769727618]",0
429818.0,0.0,7.2,1.0,"[429818.0,0.0,7.2,1.0]","[2.342874096315719,0.0,2.718768407184074,4.678687769727618]",0
49745.0,0.0,7.8,1.0,"[49745.0,0.0,7.8,1.0]","[0.2711526085953251,0.0,2.94533244111608,4.678687769727618]",0
404976.0,0.0,9.5,1.0,"[404976.0,0.0,9.5,1.0]","[2.207464042989253,0.0,3.5872638705900974,4.678687769727618]",0
440000.0,0.0,9.7,1.0,"[440000.0,0.0,9.7,1.0]","[2.398374666437693,0.0,3.6627852152340994,4.678687769727618]",0
75000.0,0.0,7.4,1.0,"[75000.0,0.0,7.4,1.0]","[0.40881386359733407,0.0,2.7942897518280763,4.678687769727618]",0
144952.0,0.0,8.3,1.0,"[144952.0,0.0,8.3,1.0]","[0.7901118287488103,0.0,3.1341358027260853,4.678687769727618]",0
313060.0,0.0,9.3,1.0,"[313060.0,0.0,9.3,1.0]","[1.7064435751704186,0.0,3.511742525946096,4.678687769727618]",0
183147.0,0.0,5.4,1.0,"[183147.0,0.0,5.4,1.0]","[0.9983071023501459,0.0,2.0390763053880554,4.678687769727618]",0
57600.0,0.0,9.0,1.0,"[57600.0,0.0,9.0,1.0]","[0.31396904724275254,0.0,3.3984605089800923,4.678687769727618]",0
365750.0,0.0,10.0,1.0,"[365750.0,0.0,10.0,1.0]","[1.9936489414763323,0.0,3.7760672322001025,4.678687769727618]",0
347729.0,0.0,8.2,1.0,"[347729.0,0.0,8.2,1.0]","[1.895419146331165,0.0,3.096375130404084,4.678687769727618]",0
193877.0,0.0,8.9,1.0,"[193877.0,0.0,8.9,1.0]","[1.0567947391021377,0.0,3.3606998366580916,4.678687769727618]",0
173943.0,0.0,9.3,1.0,"[173943.0,0.0,9.3,1.0]","[0.948137465009481,0.0,3.511742525946096,4.678687769727618]",0
67275.0,0.0,7.9,1.0,"[67275.0,0.0,7.9,1.0]","[0.36670603564680865,0.0,2.9830931134380814,4.678687769727618]",0
29600.0,0.0,7.8,1.0,"[29600.0,0.0,7.8,1.0]","[0.16134520483308118,0.0,2.94533244111608,4.678687769727618]",0
91229.0,0.0,10.0,1.0,"[91229.0,0.0,10.0,1.0]","[0.4972757328282825,0.0,3.7760672322001025,4.678687769727618]",0
468170.0,0.0,9.2,1.0,"[468170.0,0.0,9.2,1.0]","[2.5519251536048517,0.0,3.4739818536240943,4.678687769727618]",0
207029.0,0.0,8.5,1.0,"[207029.0,0.0,8.5,1.0]","[1.1284843382225662,0.0,3.2096571473700872,4.678687769727618]",0
187478.0,4.0,8.7,1.0,"[187478.0,4.0,8.7,1.0]","[1.0219147402600133,2.1376484723156848,3.285178492014089,4.678687769727618]",1
189000.0,5.0,10.0,1.0,"[189000.0,5.0,10.0,1.0]","[1.0302109362652818,2.672060590394606,3.7760672322001025,4.678687769727618]",1
230355.0,0.0,9.4,1.0,"[230355.0,0.0,9.4,1.0]","[1.2556309006528519,0.0,3.5495031982680967,4.678687769727618]",0
49500.0,0.0,9.5,1.0,"[49500.0,0.0,9.5,1.0]","[0.2698171499742405,0.0,3.5872638705900974,4.678687769727618]",0
35700.0,0.0,9.6,1.0,"[35700.0,0.0,9.6,1.0]","[0.194595399072331,0.0,3.625024542912098,4.678687769727618]",0
358802.0,4.0,7.8,1.0,"[358802.0,4.0,7.8,1.0]","[1.9557764251526755,2.1376484723156848,2.94533244111608,4.678687769727618]",1
149040.0,0.0,9.3,1.0,"[149040.0,0.0,9.3,1.0]","[0.8123949097406222,0.0,3.511742525946096,4.678687769727618]",0
144000.0,0.0,10.0,1.0,"[144000.0,0.0,10.0,1.0]","[0.7849226181068814,0.0,3.7760672322001025,4.678687769727618]",0
332775.0,0.0,7.0,1.0,"[332775.0,0.0,7.0,1.0]","[1.8139071127813713,0.0,2.643247062540072,4.678687769727618]",0
146000.0,0.0,9.9,1.0,"[146000.0,0.0,9.9,1.0]","[0.7958243211361437,0.0,3.738306559878102,4.678687769727618]",0
98246.0,3.0,8.7,1.0,"[98246.0,3.0,8.7,1.0]","[0.535524357906449,1.6032363542367636,3.285178492014089,4.678687769727618]",1
52000.0,0.0,9.8,1.0,"[52000.0,0.0,9.8,1.0]","[0.2834442787608183,0.0,3.700545887556101,4.678687769727618]",0
109963.0,4.0,8.5,1.0,"[109963.0,4.0,8.5,1.0]","[0.5993919851033819,2.1376484723156848,3.2096571473700872,4.678687769727618]",1
72017.0,0.0,8.4,1.0,"[72017.0,0.0,8.4,1.0]","[0.3925539735291894,0.0,3.1718964750480865,4.678687769727618]",0
90250.0,0.0,7.9,1.0,"[90250.0,0.0,7.9,1.0]","[0.4919393491954586,0.0,2.9830931134380814,4.678687769727618]",0
577568.0,0.0,9.1,1.0,"[577568.0,0.0,9.1,1.0]","[3.1482374076024673,0.0,3.436221181302093,4.678687769727618]",0
54756.0,0.0,9.1,1.0,"[54756.0,0.0,9.1,1.0]","[0.29846682553514164,0.0,3.436221181302093,4.678687769727618]",0
282441.0,0.0,0.0,1.0,"[282441.0,0.0,0.0,1.0]","[1.5395439526439283,0.0,0.0,4.678687769727618]",0
288000.0,0.0,0.0,1.0,"[288000.0,0.0,0.0,1.0]","[1.5698452362137627,0.0,0.0,4.678687769727618]",0
155535.0,4.0,8.2,1.0,"[155535.0,4.0,8.2,1.0]","[0.8477981903281514,2.1376484723156848,3.096375130404084,4.678687769727618]",1
54080.0,0.0,8.3,1.0,"[54080.0,0.0,8.3,1.0]","[0.294782049911251,0.0,3.1341358027260853,4.678687769727618]",0
177147.0,0.0,0.0,1.0,"[177147.0,0.0,0.0,1.0]","[0.9656019932623592,0.0,0.0,4.678687769727618]",0
173943.0,0.0,9.1,1.0,"[173943.0,0.0,9.1,1.0]","[0.948137465009481,0.0,3.436221181302093,4.678687769727618]",0
242444.0,0.0,8.2,1.0,"[242444.0,0.0,8.2,1.0]","[1.3215262446132274,0.0,3.096375130404084,4.678687769727618]",0
180000.0,0.0,0.0,1.0,"[180000.0,0.0,0.0,1.0]","[0.9811532726336017,0.0,0.0,4.678687769727618]",0
119937.0,0.0,8.0,1.0,"[119937.0,0.0,8.0,1.0]","[0.6537587781103127,0.0,3.020853785760082,4.678687769727618]",0
161519.0,0.0,9.1,1.0,"[161519.0,0.0,9.1,1.0]","[0.8804160857917039,0.0,3.436221181302093,4.678687769727618]",0
88331.0,3.0,8.4,1.0,"[88331.0,3.0,8.4,1.0]","[0.4814791651388815,1.6032363542367636,3.1718964750480865,4.678687769727618]",1
189000.0,0.0,8.5,1.0,"[189000.0,0.0,8.5,1.0]","[1.0302109362652818,0.0,3.2096571473700872,4.678687769727618]",0
55000.0,0.0,9.6,1.0,"[55000.0,0.0,9.6,1.0]","[0.29979683330471163,0.0,3.625024542912098,4.678687769727618]",0
150321.0,0.0,8.3,1.0,"[150321.0,0.0,8.3,1.0]","[0.8193774505308647,0.0,3.1341358027260853,4.678687769727618]",0
49573.0,0.0,9.1,1.0,"[49573.0,0.0,9.1,1.0]","[0.27021506213480856,0.0,3.436221181302093,4.678687769727618]",0
44000.0,0.0,0.0,1.0,"[44000.0,0.0,0.0,1.0]","[0.23983746664376931,0.0,0.0,4.678687769727618]",0
26815.0,0.0,9.8,1.0,"[26815.0,0.0,9.8,1.0]","[0.1461645833648335,0.0,3.700545887556101,4.678687769727618]",0
59000.0,3.0,8.2,1.0,"[59000.0,3.0,8.2,1.0]","[0.3216002393632361,1.6032363542367636,3.096375130404084,4.678687769727618]",1
96000.0,0.0,6.1,1.0,"[96000.0,0.0,6.1,1.0]","[0.5232817454045876,0.0,2.3034010116420625,4.678687769727618]",0
210000.0,0.0,8.9,1.0,"[210000.0,0.0,8.9,1.0]","[1.1446788180725354,0.0,3.3606998366580916,4.678687769727618]",0
72000.0,3.0,7.9,1.0,"[72000.0,3.0,7.9,1.0]","[0.3924613090534407,1.6032363542367636,2.9830931134380814,4.678687769727618]",1
100000.0,0.0,9.0,1.0,"[100000.0,0.0,9.0,1.0]","[0.5450851514631121,0.0,3.3984605089800923,4.678687769727618]",0
428400.0,0.0,9.4,1.0,"[428400.0,0.0,9.4,1.0]","[2.335144788867972,0.0,3.5495031982680967,4.678687769727618]",0
249858.0,0.0,9.5,1.0,"[249858.0,0.0,9.5,1.0]","[1.3619388577427025,0.0,3.5872638705900974,4.678687769727618]",0
1646400.0,0.0,8.5,1.0,"[1646400.0,0.0,8.5,1.0]","[8.974281933688678,0.0,3.2096571473700872,4.678687769727618]",1
122131.0,0.0,9.0,1.0,"[122131.0,0.0,9.0,1.0]","[0.6657179463334134,0.0,3.3984605089800923,4.678687769727618]",0
158970.0,0.0,8.9,1.0,"[158970.0,0.0,8.9,1.0]","[0.8665218652809092,0.0,3.3606998366580916,4.678687769727618]",0
142268.0,0.0,8.4,1.0,"[142268.0,0.0,8.4,1.0]","[0.7754817432835402,0.0,3.1718964750480865,4.678687769727618]",0
90756.0,0.0,8.4,1.0,"[90756.0,0.0,8.4,1.0]","[0.494697480061862,0.0,3.1718964750480865,4.678687769727618]",0
47000.0,0.0,9.4,1.0,"[47000.0,0.0,9.4,1.0]","[0.25619002118766265,0.0,3.5495031982680967,4.678687769727618]",0
604431.0,4.0,9.4,1.0,"[604431.0,4.0,9.4,1.0]","[3.294663631840003,2.1376484723156848,3.5495031982680967,4.678687769727618]",1
45202.0,0.0,9.2,1.0,"[45202.0,0.0,9.2,1.0]","[0.24638939016435593,0.0,3.4739818536240943,4.678687769727618]",0
121782.0,0.0,9.4,1.0,"[121782.0,0.0,9.4,1.0]","[0.6638155991548071,0.0,3.5495031982680967,4.678687769727618]",0
80000.0,0.0,10.0,1.0,"[80000.0,0.0,10.0,1.0]","[0.43606812117048965,0.0,3.7760672322001025,4.678687769727618]",0
296884.0,0.0,9.0,1.0,"[296884.0,0.0,9.0,1.0]","[1.6182706010697456,0.0,3.3984605089800923,4.678687769727618]",0
112919.0,4.0,8.4,1.0,"[112919.0,4.0,8.4,1.0]","[0.6155047021806315,2.1376484723156848,3.1718964750480865,4.678687769727618]",1
123427.0,3.0,8.0,1.0,"[123427.0,3.0,8.0,1.0]","[0.6727822498963754,1.6032363542367636,3.020853785760082,4.678687769727618]",1
3049217.0,0.0,10.0,1.0,"[3049217.0,0.0,10.0,1.0]","[16.620829102888962,0.0,3.7760672322001025,4.678687769727618]",1
324000.0,0.0,8.6,1.0,"[324000.0,0.0,8.6,1.0]","[1.7660758907404832,0.0,3.247417819692088,4.678687769727618]",0
33750.0,0.0,9.7,1.0,"[33750.0,0.0,9.7,1.0]","[0.18396623861880032,0.0,3.6627852152340994,4.678687769727618]",0
167400.0,0.0,9.6,1.0,"[167400.0,0.0,9.6,1.0]","[0.9124725435492496,0.0,3.625024542912098,4.678687769727618]",0
68952.0,0.0,8.7,1.0,"[68952.0,0.0,8.7,1.0]","[0.37584711363684503,0.0,3.285178492014089,4.678687769727618]",0
30000.0,0.0,8.0,1.0,"[30000.0,0.0,8.0,1.0]","[0.16352554543893363,0.0,3.020853785760082,4.678687769727618]",0
180000.0,0.0,8.7,1.0,"[180000.0,0.0,8.7,1.0]","[0.9811532726336017,0.0,3.285178492014089,4.678687769727618]",0
42075.0,0.0,8.9,1.0,"[42075.0,0.0,8.9,1.0]","[0.2293445774781044,0.0,3.3606998366580916,4.678687769727618]",0
285000.0,0.0,7.9,1.0,"[285000.0,0.0,7.9,1.0]","[1.5534926816698693,0.0,2.9830931134380814,4.678687769727618]",0
322363.0,0.0,9.7,1.0,"[322363.0,0.0,9.7,1.0]","[1.757152846811032,0.0,3.6627852152340994,4.678687769727618]",0
310485.0,4.0,8.7,1.0,"[310485.0,4.0,8.7,1.0]","[1.6924076325202435,2.1376484723156848,3.285178492014089,4.678687769727618]",1
161058.0,0.0,8.4,1.0,"[161058.0,0.0,8.4,1.0]","[0.877903243243459,0.0,3.1718964750480865,4.678687769727618]",0
144160.0,0.0,8.6,1.0,"[144160.0,0.0,8.6,1.0]","[0.7857947543492224,0.0,3.247417819692088,4.678687769727618]",0
90134.0,3.0,8.6,1.0,"[90134.0,3.0,8.6,1.0]","[0.4913070504197614,1.6032363542367636,3.247417819692088,4.678687769727618]",1
108160.0,0.0,9.4,1.0,"[108160.0,0.0,9.4,1.0]","[0.589564099822502,0.0,3.5495031982680967,4.678687769727618]",0
98961.0,3.0,7.9,1.0,"[98961.0,3.0,7.9,1.0]","[0.5394217167394103,1.6032363542367636,2.9830931134380814,4.678687769727618]",1
193418.0,0.0,9.7,1.0,"[193418.0,0.0,9.7,1.0]","[1.0542927982569221,0.0,3.6627852152340994,4.678687769727618]",0
159716.0,0.0,8.4,1.0,"[159716.0,0.0,8.4,1.0]","[0.8705882005108241,0.0,3.1718964750480865,4.678687769727618]",0
351593.0,0.0,9.3,1.0,"[351593.0,0.0,9.3,1.0]","[1.9164812365836996,0.0,3.511742525946096,4.678687769727618]",0
56784.0,0.0,8.4,1.0,"[56784.0,0.0,8.4,1.0]","[0.30952115240681355,0.0,3.1718964750480865,4.678687769727618]",0
127179.0,3.0,8.8,1.0,"[127179.0,3.0,8.8,1.0]","[0.6932338447792713,1.6032363542367636,3.322939164336091,4.678687769727618]",1
97900.0,0.0,8.2,1.0,"[97900.0,0.0,8.2,1.0]","[0.5336383632823867,0.0,3.096375130404084,4.678687769727618]",0
358732.0,4.0,8.7,1.0,"[358732.0,4.0,8.7,1.0]","[1.955394865546651,2.1376484723156848,3.285178492014089,4.678687769727618]",1
287896.0,0.0,8.3,1.0,"[287896.0,0.0,8.3,1.0]","[1.569278347656241,0.0,3.1341358027260853,4.678687769727618]",0
85311.0,3.0,8.4,1.0,"[85311.0,3.0,8.4,1.0]","[0.4650175935646955,1.6032363542367636,3.1718964750480865,4.678687769727618]",1
122279.0,4.0,8.3,1.0,"[122279.0,4.0,8.3,1.0]","[0.6665246723575788,2.1376484723156848,3.1341358027260853,4.678687769727618]",1
90000.0,0.0,10.0,1.0,"[90000.0,0.0,10.0,1.0]","[0.4905766363168009,0.0,3.7760672322001025,4.678687769727618]",0
82923.0,0.0,8.4,1.0,"[82923.0,0.0,8.4,1.0]","[0.4520009601477564,0.0,3.1718964750480865,4.678687769727618]",0
357805.0,3.0,8.7,1.0,"[357805.0,3.0,8.7,1.0]","[1.950341926192588,1.6032363542367636,3.285178492014089,4.678687769727618]",1
47000.0,0.0,9.4,1.0,"[47000.0,0.0,9.4,1.0]","[0.25619002118766265,0.0,3.5495031982680967,4.678687769727618]",0
140000.0,0.0,8.3,1.0,"[140000.0,0.0,8.3,1.0]","[0.7631192120483569,0.0,3.1341358027260853,4.678687769727618]",0
173745.0,0.0,9.3,1.0,"[173745.0,0.0,9.3,1.0]","[0.9470581964095841,0.0,3.511742525946096,4.678687769727618]",0
104040.0,0.0,9.4,1.0,"[104040.0,0.0,9.4,1.0]","[0.5671065915822218,0.0,3.5495031982680967,4.678687769727618]",0
157032.0,0.0,9.6,1.0,"[157032.0,0.0,9.6,1.0]","[0.8559581150455542,0.0,3.625024542912098,4.678687769727618]",0
135000.0,0.0,10.0,1.0,"[135000.0,0.0,10.0,1.0]","[0.7358649544752013,0.0,3.7760672322001025,4.678687769727618]",0
61419.0,0.0,9.0,1.0,"[61419.0,0.0,9.0,1.0]","[0.3347858491771288,0.0,3.3984605089800923,4.678687769727618]",0
153685.0,4.0,8.4,1.0,"[153685.0,4.0,8.4,1.0]","[0.8377141150260838,2.1376484723156848,3.1718964750480865,4.678687769727618]",1
99964.0,0.0,9.0,1.0,"[99964.0,0.0,9.0,1.0]","[0.5448889208085853,0.0,3.3984605089800923,4.678687769727618]",0
120794.0,3.0,8.0,1.0,"[120794.0,3.0,8.0,1.0]","[0.6584301578583516,1.6032363542367636,3.020853785760082,4.678687769727618]",1
109577.0,0.0,8.8,1.0,"[109577.0,0.0,8.8,1.0]","[0.5972879564187343,0.0,3.322939164336091,4.678687769727618]",0
130000.0,0.0,9.2,1.0,"[130000.0,0.0,9.2,1.0]","[0.7086106969020457,0.0,3.4739818536240943,4.678687769727618]",0
205602.0,4.0,8.3,1.0,"[205602.0,4.0,8.3,1.0]","[1.1207059731111877,2.1376484723156848,3.1341358027260853,4.678687769727618]",1
573090.0,0.0,9.8,1.0,"[573090.0,0.0,9.8,1.0]","[3.123828494519949,0.0,3.700545887556101,4.678687769727618]",0
127500.0,0.0,9.3,1.0,"[127500.0,0.0,9.3,1.0]","[0.6949835681154679,0.0,3.511742525946096,4.678687769727618]",0
64896.0,0.0,8.4,1.0,"[64896.0,0.0,8.4,1.0]","[0.3537384598935012,0.0,3.1718964750480865,4.678687769727618]",0
58479.0,0.0,9.1,1.0,"[58479.0,0.0,9.1,1.0]","[0.3187603457241133,0.0,3.436221181302093,4.678687769727618]",0
160000.0,0.0,10.0,1.0,"[160000.0,0.0,10.0,1.0]","[0.8721362423409793,0.0,3.7760672322001025,4.678687769727618]",0
190400.0,0.0,8.2,1.0,"[190400.0,0.0,8.2,1.0]","[1.0378421283857653,0.0,3.096375130404084,4.678687769727618]",0
57800.0,0.0,8.3,1.0,"[57800.0,0.0,8.3,1.0]","[0.3150592175456788,0.0,3.1341358027260853,4.678687769727618]",0
86258.0,0.0,9.1,1.0,"[86258.0,0.0,9.1,1.0]","[0.4701795499490512,0.0,3.436221181302093,4.678687769727618]",0
67725.0,3.0,7.9,1.0,"[67725.0,3.0,7.9,1.0]","[0.36915891882839263,1.6032363542367636,2.9830931134380814,4.678687769727618]",1
122400.0,0.0,9.4,1.0,"[122400.0,0.0,9.4,1.0]","[0.6671842253908492,0.0,3.5495031982680967,4.678687769727618]",0
39420.0,0.0,8.9,1.0,"[39420.0,0.0,8.9,1.0]","[0.21487256670675878,0.0,3.3606998366580916,4.678687769727618]",0
99147.0,0.0,8.6,1.0,"[99147.0,0.0,8.6,1.0]","[0.5404355751211317,0.0,3.247417819692088,4.678687769727618]",0
191806.0,0.0,8.6,1.0,"[191806.0,0.0,8.6,1.0]","[1.0455060256153368,0.0,3.247417819692088,4.678687769727618]",0
79318.0,0.0,8.2,1.0,"[79318.0,0.0,8.2,1.0]","[0.43235064043751126,0.0,3.096375130404084,4.678687769727618]",0
77636.0,0.0,6.8,1.0,"[77636.0,0.0,6.8,1.0]","[0.4231823081899017,0.0,2.5677257178960695,4.678687769727618]",0
300000.0,0.0,9.8,1.0,"[300000.0,0.0,9.8,1.0]","[1.6352554543893363,0.0,3.700545887556101,4.678687769727618]",0
510409.0,3.0,7.7,1.0,"[510409.0,3.0,7.7,1.0]","[2.7821636707313555,1.6032363542367636,2.907571768794079,4.678687769727618]",1
202500.0,0.0,0.0,1.0,"[202500.0,0.0,0.0,1.0]","[1.1037974317128019,0.0,0.0,4.678687769727618]",0
1232000.0,0.0,9.6,1.0,"[1232000.0,0.0,9.6,1.0]","[6.715449066025541,0.0,3.625024542912098,4.678687769727618]",1
291132.0,4.0,8.6,1.0,"[291132.0,4.0,8.6,1.0]","[1.5869173031575874,2.1376484723156848,3.247417819692088,4.678687769727618]",1
43352.0,0.0,8.7,1.0,"[43352.0,0.0,8.7,1.0]","[0.23630531486228834,0.0,3.285178492014089,4.678687769727618]",0
206694.0,4.0,7.0,1.0,"[206694.0,4.0,7.0,1.0]","[1.126658302965165,2.1376484723156848,2.643247062540072,4.678687769727618]",1
83213.0,0.0,9.0,1.0,"[83213.0,0.0,9.0,1.0]","[0.45358170708699946,0.0,3.3984605089800923,4.678687769727618]",0
113568.0,0.0,8.2,1.0,"[113568.0,0.0,8.2,1.0]","[0.6190423048136271,0.0,3.096375130404084,4.678687769727618]",0
307800.0,0.0,7.4,1.0,"[307800.0,0.0,7.4,1.0]","[1.677772096203459,0.0,2.7942897518280763,4.678687769727618]",0
270000.0,0.0,9.9,1.0,"[270000.0,0.0,9.9,1.0]","[1.4717299089504026,0.0,3.738306559878102,4.678687769727618]",0
179091.0,0.0,9.0,1.0,"[179091.0,0.0,9.0,1.0]","[0.976198448606802,0.0,3.3984605089800923,4.678687769727618]",0
98500.0,0.0,8.3,1.0,"[98500.0,0.0,8.3,1.0]","[0.5369088741911654,0.0,3.1341358027260853,4.678687769727618]",0
149396.0,0.0,9.3,1.0,"[149396.0,0.0,9.3,1.0]","[0.8143354128798309,0.0,3.511742525946096,4.678687769727618]",0
126187.0,4.0,9.0,1.0,"[126187.0,4.0,9.0,1.0]","[0.6878266000767572,2.1376484723156848,3.3984605089800923,4.678687769727618]",1
124763.0,0.0,7.9,1.0,"[124763.0,0.0,7.9,1.0]","[0.6800645875199225,0.0,2.9830931134380814,4.678687769727618]",0
165000.0,0.0,9.6,1.0,"[165000.0,0.0,9.6,1.0]","[0.8993904999141349,0.0,3.625024542912098,4.678687769727618]",0
725900.0,0.0,10.0,1.0,"[725900.0,0.0,10.0,1.0]","[3.9567731144707303,0.0,3.7760672322001025,4.678687769727618]",0
71581.0,3.0,8.8,1.0,"[71581.0,3.0,8.8,1.0]","[0.39017740226881026,1.6032363542367636,3.322939164336091,4.678687769727618]",1
1541103.0,0.0,7.5,1.0,"[1541103.0,0.0,7.5,1.0]","[8.400323621752564,0.0,2.832050424150077,4.678687769727618]",1
95154.0,3.0,8.5,1.0,"[95154.0,3.0,8.5,1.0]","[0.5186703250232096,1.6032363542367636,3.2096571473700872,4.678687769727618]",1
151735.0,0.0,9.7,1.0,"[151735.0,0.0,9.7,1.0]","[0.8270849545725532,0.0,3.6627852152340994,4.678687769727618]",0
34224.0,0.0,8.4,1.0,"[34224.0,0.0,8.4,1.0]","[0.1865499422367355,0.0,3.1718964750480865,4.678687769727618]",0
52701.0,0.0,8.2,1.0,"[52701.0,0.0,8.2,1.0]","[0.2872653256725747,0.0,3.096375130404084,4.678687769727618]",0
348075.0,0.0,10.0,1.0,"[348075.0,0.0,10.0,1.0]","[1.8973051409552273,0.0,3.7760672322001025,4.678687769727618]",0
108000.0,0.0,0.0,1.0,"[108000.0,0.0,0.0,1.0]","[0.5886919635801611,0.0,0.0,4.678687769727618]",0
378000.0,0.0,9.1,1.0,"[378000.0,0.0,9.1,1.0]","[2.0604218725305636,0.0,3.436221181302093,4.678687769727618]",0
148500.0,0.0,8.3,1.0,"[148500.0,0.0,8.3,1.0]","[0.8094514499227214,0.0,3.1341358027260853,4.678687769727618]",0
304454.0,0.0,10.0,1.0,"[304454.0,0.0,10.0,1.0]","[1.6595335470355033,0.0,3.7760672322001025,4.678687769727618]",0
304200.0,0.0,9.5,1.0,"[304200.0,0.0,9.5,1.0]","[1.658149030750787,0.0,3.5872638705900974,4.678687769727618]",0
503693.0,0.0,9.6,1.0,"[503693.0,0.0,9.6,1.0]","[2.745555751959093,0.0,3.625024542912098,4.678687769727618]",0
40295.0,0.0,8.4,1.0,"[40295.0,0.0,8.4,1.0]","[0.219642061782061,0.0,3.1718964750480865,4.678687769727618]",0
202880.0,0.0,9.5,1.0,"[202880.0,0.0,9.5,1.0]","[1.1058687552883617,0.0,3.5872638705900974,4.678687769727618]",0
43805.0,0.0,8.1,1.0,"[43805.0,0.0,8.1,1.0]","[0.23877455059841624,0.0,3.058614458082083,4.678687769727618]",0
180000.0,0.0,0.0,1.0,"[180000.0,0.0,0.0,1.0]","[0.9811532726336017,0.0,0.0,4.678687769727618]",0
171029.0,5.0,8.8,1.0,"[171029.0,5.0,8.8,1.0]","[0.9322536836958459,2.672060590394606,3.322939164336091,4.678687769727618]",1
160602.0,0.0,8.6,1.0,"[160602.0,0.0,8.6,1.0]","[0.8754176549527872,0.0,3.247417819692088,4.678687769727618]",0
207924.0,0.0,9.3,1.0,"[207924.0,0.0,9.3,1.0]","[1.1333628503281612,0.0,3.511742525946096,4.678687769727618]",0
179279.0,0.0,9.5,1.0,"[179279.0,0.0,9.5,1.0]","[0.9772232086915527,0.0,3.5872638705900974,4.678687769727618]",0
64000.0,0.0,9.6,1.0,"[64000.0,0.0,9.6,1.0]","[0.3488544969363917,0.0,3.625024542912098,4.678687769727618]",0
316414.0,0.0,8.9,1.0,"[316414.0,0.0,8.9,1.0]","[1.7247257311504913,0.0,3.3606998366580916,4.678687769727618]",0
240936.0,0.0,8.8,1.0,"[240936.0,0.0,8.8,1.0]","[1.3133063605291637,0.0,3.322939164336091,4.678687769727618]",0
163599.0,0.0,0.0,1.0,"[163599.0,0.0,0.0,1.0]","[0.8917538569421367,0.0,0.0,4.678687769727618]",0
94560.0,0.0,8.8,1.0,"[94560.0,0.0,8.8,1.0]","[0.5154325192235187,0.0,3.322939164336091,4.678687769727618]",0
150000.0,0.0,9.4,1.0,"[150000.0,0.0,9.4,1.0]","[0.8176277271946681,0.0,3.5495031982680967,4.678687769727618]",0
71457.0,0.0,9.2,1.0,"[71457.0,0.0,9.2,1.0]","[0.389501496680996,0.0,3.4739818536240943,4.678687769727618]",0
72107.0,0.0,9.4,1.0,"[72107.0,0.0,9.4,1.0]","[0.3930445501655062,0.0,3.5495031982680967,4.678687769727618]",0
200000.0,0.0,9.6,1.0,"[200000.0,0.0,9.6,1.0]","[1.0901703029262242,0.0,3.625024542912098,4.678687769727618]",0
201323.0,3.0,8.0,1.0,"[201323.0,3.0,8.0,1.0]","[1.097381779480081,1.6032363542367636,3.020853785760082,4.678687769727618]",1
99147.0,4.0,8.0,1.0,"[99147.0,4.0,8.0,1.0]","[0.5404355751211317,2.1376484723156848,3.020853785760082,4.678687769727618]",1
163620.0,4.0,8.7,1.0,"[163620.0,4.0,8.7,1.0]","[0.891868324823944,2.1376484723156848,3.285178492014089,4.678687769727618]",1
146016.0,0.0,9.3,1.0,"[146016.0,0.0,9.3,1.0]","[0.7959115347603777,0.0,3.511742525946096,4.678687769727618]",0
124384.0,4.0,8.3,1.0,"[124384.0,4.0,8.3,1.0]","[0.6779987147958774,2.1376484723156848,3.1341358027260853,4.678687769727618]",1
243361.0,4.0,8.5,1.0,"[243361.0,4.0,8.5,1.0]","[1.3265246754521443,2.1376484723156848,3.2096571473700872,4.678687769727618]",1
232907.0,0.0,9.6,1.0,"[232907.0,0.0,9.6,1.0]","[1.2695414737181905,0.0,3.625024542912098,4.678687769727618]",0
268598.0,4.0,8.8,1.0,"[268598.0,4.0,8.8,1.0]","[1.4640878151268897,2.1376484723156848,3.322939164336091,4.678687769727618]",1
146854.0,0.0,8.9,1.0,"[146854.0,0.0,8.9,1.0]","[0.8004793483296386,0.0,3.3606998366580916,4.678687769727618]",0
76000.0,0.0,8.7,1.0,"[76000.0,0.0,8.7,1.0]","[0.41426471511196516,0.0,3.285178492014089,4.678687769727618]",0
110324.0,4.0,8.5,1.0,"[110324.0,4.0,8.5,1.0]","[0.6013597425001638,2.1376484723156848,3.2096571473700872,4.678687769727618]",1
29550.0,0.0,6.6,1.0,"[29550.0,0.0,6.6,1.0]","[0.16107266225734962,0.0,2.4922043732520676,4.678687769727618]",0
117426.0,0.0,8.0,1.0,"[117426.0,0.0,8.0,1.0]","[0.640071689957074,0.0,3.020853785760082,4.678687769727618]",0
246608.0,0.0,9.2,1.0,"[246608.0,0.0,9.2,1.0]","[1.3442235903201514,0.0,3.4739818536240943,4.678687769727618]",0
282625.0,0.0,0.0,1.0,"[282625.0,0.0,0.0,1.0]","[1.5405469093226205,0.0,0.0,4.678687769727618]",0
135000.0,0.0,9.0,1.0,"[135000.0,0.0,9.0,1.0]","[0.7358649544752013,0.0,3.3984605089800923,4.678687769727618]",0
173406.0,0.0,8.0,1.0,"[173406.0,0.0,8.0,1.0]","[0.9452103577461242,0.0,3.020853785760082,4.678687769727618]",0
84000.0,0.0,9.6,1.0,"[84000.0,0.0,9.6,1.0]","[0.45787152722901414,0.0,3.625024542912098,4.678687769727618]",0
88224.0,0.0,8.3,1.0,"[88224.0,0.0,8.3,1.0]","[0.48089592402681597,0.0,3.1341358027260853,4.678687769727618]",0
222680.0,3.0,8.2,1.0,"[222680.0,3.0,8.2,1.0]","[1.213795615278058,1.6032363542367636,3.096375130404084,4.678687769727618]",1
245225.0,1.0,6.2,1.0,"[245225.0,1.0,6.2,1.0]","[1.3366850626754165,0.5344121180789212,2.3411616839640637,4.678687769727618]",0
204000.0,0.0,9.5,1.0,"[204000.0,0.0,9.5,1.0]","[1.1119737089847486,0.0,3.5872638705900974,4.678687769727618]",0
204378.0,2.0,7.2,1.0,"[204378.0,2.0,7.2,1.0]","[1.1140341308572792,1.0688242361578424,2.718768407184074,4.678687769727618]",1
210897.0,2.0,8.4,1.0,"[210897.0,2.0,8.4,1.0]","[1.1495682318811595,1.0688242361578424,3.1718964750480865,4.678687769727618]",1
66699.0,0.0,9.7,1.0,"[66699.0,0.0,9.7,1.0]","[0.36356634517438113,0.0,3.6627852152340994,4.678687769727618]",0
40560.0,0.0,9.2,1.0,"[40560.0,0.0,9.2,1.0]","[0.22108653743343826,0.0,3.4739818536240943,4.678687769727618]",0
214744.0,0.0,8.6,1.0,"[214744.0,0.0,8.6,1.0]","[1.1705376576579454,0.0,3.247417819692088,4.678687769727618]",0
157956.0,3.0,8.7,1.0,"[157956.0,3.0,8.7,1.0]","[0.8609947018450733,1.6032363542367636,3.285178492014089,4.678687769727618]",1
71960.0,1.0,8.1,1.0,"[71960.0,1.0,8.1,1.0]","[0.39224327499285544,0.5344121180789212,3.058614458082083,4.678687769727618]",0
49056.0,2.0,7.0,1.0,"[49056.0,2.0,7.0,1.0]","[0.2673969719017443,1.0688242361578424,2.643247062540072,4.678687769727618]",0
66775.0,3.0,7.9,1.0,"[66775.0,3.0,7.9,1.0]","[0.3639806098894931,1.6032363542367636,2.9830931134380814,4.678687769727618]",1
107372.0,0.0,8.9,1.0,"[107372.0,0.0,8.9,1.0]","[0.5852688288289727,0.0,3.3606998366580916,4.678687769727618]",0
62716.0,2.0,9.8,1.0,"[62716.0,2.0,9.8,1.0]","[0.3418556035916054,1.0688242361578424,3.700545887556101,4.678687769727618]",1
188842.0,1.0,8.4,1.0,"[188842.0,1.0,8.4,1.0]","[1.02934970172597,0.5344121180789212,3.1718964750480865,4.678687769727618]",0
252325.0,0.0,8.9,1.0,"[252325.0,0.0,8.9,1.0]","[1.3753861084292975,0.0,3.3606998366580916,4.678687769727618]",0
61202.0,0.0,7.3,1.0,"[61202.0,0.0,7.3,1.0]","[0.33360301439845386,0.0,2.756529079506075,4.678687769727618]",0
132179.0,2.0,8.9,1.0,"[132179.0,2.0,8.9,1.0]","[0.7204881023524269,1.0688242361578424,3.3606998366580916,4.678687769727618]",1
56294.0,2.0,9.4,1.0,"[56294.0,2.0,9.4,1.0]","[0.3068502351646443,1.0688242361578424,3.5495031982680967,4.678687769727618]",1
143300.0,1.0,8.5,1.0,"[143300.0,1.0,8.5,1.0]","[0.7811070220466396,0.5344121180789212,3.2096571473700872,4.678687769727618]",0
72634.0,1.0,9.3,1.0,"[72634.0,1.0,9.3,1.0]","[0.3959171489137168,0.5344121180789212,3.511742525946096,4.678687769727618]",0
73324.0,5.0,7.8,1.0,"[73324.0,5.0,7.8,1.0]","[0.3996782364588123,2.672060590394606,2.94533244111608,4.678687769727618]",1
145964.0,4.0,6.2,1.0,"[145964.0,4.0,6.2,1.0]","[0.7956280904816169,2.1376484723156848,2.3411616839640637,4.678687769727618]",1
984999.0,5.0,9.5,1.0,"[984999.0,5.0,9.5,1.0]","[5.369083291060139,2.672060590394606,3.5872638705900974,4.678687769727618]",1
489992.0,0.0,8.0,1.0,"[489992.0,0.0,8.0,1.0]","[2.670873635357132,0.0,3.020853785760082,4.678687769727618]",0
85898.0,4.0,8.2,1.0,"[85898.0,4.0,8.2,1.0]","[0.468217243403784,2.1376484723156848,3.096375130404084,4.678687769727618]",1
81000.0,0.0,7.8,1.0,"[81000.0,0.0,7.8,1.0]","[0.4415189726851208,0.0,2.94533244111608,4.678687769727618]",0
54682.0,2.0,8.4,1.0,"[54682.0,2.0,8.4,1.0]","[0.29806346252305893,1.0688242361578424,3.1718964750480865,4.678687769727618]",1
159787.0,3.0,7.4,1.0,"[159787.0,3.0,7.4,1.0]","[0.8709752109683628,1.6032363542367636,2.7942897518280763,4.678687769727618]",1
87555.0,1.0,8.7,1.0,"[87555.0,1.0,8.7,1.0]","[0.47724930436352775,0.5344121180789212,3.285178492014089,4.678687769727618]",0
142653.0,2.0,8.0,1.0,"[142653.0,2.0,8.0,1.0]","[0.7775803211166733,1.0688242361578424,3.020853785760082,4.678687769727618]",1
238098.0,4.0,6.6,1.0,"[238098.0,4.0,6.6,1.0]","[1.2978368439306405,2.1376484723156848,2.4922043732520676,4.678687769727618]",1
268431.0,0.0,9.4,1.0,"[268431.0,0.0,9.4,1.0]","[1.4631775229239463,0.0,3.5495031982680967,4.678687769727618]",0
138218.0,2.0,9.6,1.0,"[138218.0,2.0,9.6,1.0]","[0.7534057946492843,1.0688242361578424,3.625024542912098,4.678687769727618]",1
127262.0,4.0,6.6,1.0,"[127262.0,4.0,6.6,1.0]","[0.6936862654549857,2.1376484723156848,2.4922043732520676,4.678687769727618]",1
224479.0,5.0,7.1,1.0,"[224479.0,5.0,7.1,1.0]","[1.2236016971528794,2.672060590394606,2.6810077348620727,4.678687769727618]",1
127287.0,5.0,8.3,1.0,"[127287.0,5.0,8.3,1.0]","[0.6938225367428514,2.672060590394606,3.1341358027260853,4.678687769727618]",1
120034.0,1.0,8.1,1.0,"[120034.0,1.0,8.1,1.0]","[0.6542875107072319,0.5344121180789212,3.058614458082083,4.678687769727618]",0
113136.0,2.0,7.1,1.0,"[113136.0,2.0,7.1,1.0]","[0.6166875369593064,1.0688242361578424,2.6810077348620727,4.678687769727618]",1
151466.0,0.0,8.2,1.0,"[151466.0,0.0,8.2,1.0]","[0.8256186755151174,0.0,3.096375130404084,4.678687769727618]",0
340340.0,0.0,9.4,1.0,"[340340.0,0.0,9.4,1.0]","[1.8551428044895557,0.0,3.5495031982680967,4.678687769727618]",0
210000.0,0.0,9.8,1.0,"[210000.0,0.0,9.8,1.0]","[1.1446788180725354,0.0,3.700545887556101,4.678687769727618]",0
38130.0,0.0,9.6,1.0,"[38130.0,0.0,9.6,1.0]","[0.20784096825288464,0.0,3.625024542912098,4.678687769727618]",0
64070.0,5.0,8.2,1.0,"[64070.0,5.0,8.2,1.0]","[0.3492360565424159,2.672060590394606,3.096375130404084,4.678687769727618]",1
98839.0,1.0,6.5,1.0,"[98839.0,1.0,6.5,1.0]","[0.5387567128546253,0.5344121180789212,2.454443700930067,4.678687769727618]",0
168082.0,0.0,8.2,1.0,"[168082.0,0.0,8.2,1.0]","[0.9161900242822281,0.0,3.096375130404084,4.678687769727618]",0
156549.0,0.0,9.1,1.0,"[156549.0,0.0,9.1,1.0]","[0.8533253537639873,0.0,3.436221181302093,4.678687769727618]",0
150015.0,1.0,10.0,1.0,"[150015.0,1.0,10.0,1.0]","[0.8177094899673876,0.5344121180789212,3.7760672322001025,4.678687769727618]",0
222959.0,4.0,8.0,1.0,"[222959.0,4.0,8.0,1.0]","[1.21531640285064,2.1376484723156848,3.020853785760082,4.678687769727618]",1
101544.0,0.0,9.6,1.0,"[101544.0,0.0,9.6,1.0]","[0.5535012662017025,0.0,3.625024542912098,4.678687769727618]",0
13700.0,0.0,7.9,1.0,"[13700.0,0.0,7.9,1.0]","[0.07467666575044635,0.0,2.9830931134380814,4.678687769727618]",0
46400.0,0.0,7.0,1.0,"[46400.0,0.0,7.0,1.0]","[0.252919510278884,0.0,2.643247062540072,4.678687769727618]",0
196223.0,4.0,8.6,1.0,"[196223.0,4.0,8.6,1.0]","[1.0695824367554625,2.1376484723156848,3.247417819692088,4.678687769727618]",1
37703.0,0.0,9.1,1.0,"[37703.0,0.0,9.1,1.0]","[0.20551345465613716,0.0,3.436221181302093,4.678687769727618]",0
182856.0,4.0,8.4,1.0,"[182856.0,4.0,8.4,1.0]","[0.9967209045593882,2.1376484723156848,3.1718964750480865,4.678687769727618]",1
173733.0,5.0,9.9,1.0,"[173733.0,5.0,9.9,1.0]","[0.9469927861914085,2.672060590394606,3.738306559878102,4.678687769727618]",1
159124.0,4.0,9.4,1.0,"[159124.0,4.0,9.4,1.0]","[0.8673612964141625,2.1376484723156848,3.5495031982680967,4.678687769727618]",1
86711.0,4.0,9.0,1.0,"[86711.0,4.0,9.0,1.0]","[0.4726487856851791,2.1376484723156848,3.3984605089800923,4.678687769727618]",1
142374.0,5.0,9.6,1.0,"[142374.0,5.0,9.6,1.0]","[0.7760595335440912,2.672060590394606,3.625024542912098,4.678687769727618]",1
90841.0,3.0,8.2,1.0,"[90841.0,3.0,8.2,1.0]","[0.4951608024406056,1.6032363542367636,3.096375130404084,4.678687769727618]",1
90255.0,2.0,8.5,1.0,"[90255.0,2.0,8.5,1.0]","[0.4919666034530318,1.0688242361578424,3.2096571473700872,4.678687769727618]",1
241699.0,4.0,6.7,1.0,"[241699.0,4.0,6.7,1.0]","[1.3174653602348272,2.1376484723156848,2.5299650455740688,4.678687769727618]",1
58638.0,3.0,9.6,1.0,"[58638.0,3.0,9.6,1.0]","[0.3196270311149397,1.6032363542367636,3.625024542912098,4.678687769727618]",1
1074544.0,0.0,9.7,1.0,"[1074544.0,0.0,9.7,1.0]","[5.857179789937783,0.0,3.6627852152340994,4.678687769727618]",1
201692.0,2.0,9.3,1.0,"[201692.0,2.0,9.3,1.0]","[1.09939314368898,1.0688242361578424,3.511742525946096,4.678687769727618]",1
244972.0,3.0,8.7,1.0,"[244972.0,3.0,8.7,1.0]","[1.335305997242215,1.6032363542367636,3.285178492014089,4.678687769727618]",1
103424.0,1.0,6.4,1.0,"[103424.0,1.0,6.4,1.0]","[0.563748867049209,0.5344121180789212,2.416683028608066,4.678687769727618]",0
148346.0,2.0,6.2,1.0,"[148346.0,2.0,6.2,1.0]","[0.8086120187894682,1.0688242361578424,2.3411616839640637,4.678687769727618]",0
214596.0,2.0,6.8,1.0,"[214596.0,2.0,6.8,1.0]","[1.16973093163378,1.0688242361578424,2.5677257178960695,4.678687769727618]",1
158911.0,0.0,8.7,1.0,"[158911.0,0.0,8.7,1.0]","[0.866200265041546,0.0,3.285178492014089,4.678687769727618]",0
50344.0,4.0,9.5,1.0,"[50344.0,4.0,9.5,1.0]","[0.27441766865258915,2.1376484723156848,3.5872638705900974,4.678687769727618]",1
119633.0,1.0,7.0,1.0,"[119633.0,1.0,7.0,1.0]","[0.6521017192498648,0.5344121180789212,2.643247062540072,4.678687769727618]",0
268431.0,0.0,7.6,1.0,"[268431.0,0.0,7.6,1.0]","[1.4631775229239463,0.0,2.8698110964720778,4.678687769727618]",0
165666.0,4.0,8.6,1.0,"[165666.0,4.0,8.6,1.0]","[0.9030207670228793,2.1376484723156848,3.247417819692088,4.678687769727618]",1
103192.0,3.0,8.7,1.0,"[103192.0,3.0,8.7,1.0]","[0.5624842694978146,1.6032363542367636,3.285178492014089,4.678687769727618]",1
233644.0,5.0,8.1,1.0,"[233644.0,5.0,8.1,1.0]","[1.2735587512844735,2.672060590394606,3.058614458082083,4.678687769727618]",1
33613.0,0.0,8.3,1.0,"[33613.0,0.0,8.3,1.0]","[0.18321947196129587,0.0,3.1341358027260853,4.678687769727618]",0
31496.0,0.0,8.2,1.0,"[31496.0,0.0,8.2,1.0]","[0.17168001930482177,0.0,3.096375130404084,4.678687769727618]",0
87367.0,5.0,9.4,1.0,"[87367.0,5.0,9.4,1.0]","[0.47622454427877714,2.672060590394606,3.5495031982680967,4.678687769727618]",1
344486.0,0.0,9.5,1.0,"[344486.0,0.0,9.5,1.0]","[1.8777420348692162,0.0,3.5872638705900974,4.678687769727618]",0
65462.0,3.0,8.8,1.0,"[65462.0,3.0,8.8,1.0]","[0.3568236418507824,1.6032363542367636,3.322939164336091,4.678687769727618]",1
50700.0,0.0,9.1,1.0,"[50700.0,0.0,9.1,1.0]","[0.27635817179179784,0.0,3.436221181302093,4.678687769727618]",0
48800.0,0.0,0.0,1.0,"[48800.0,0.0,0.0,1.0]","[0.2660015539139987,0.0,0.0,4.678687769727618]",0
204339.0,1.0,7.3,1.0,"[204339.0,1.0,7.3,1.0]","[1.1138215476482085,0.5344121180789212,2.756529079506075,4.678687769727618]",0
153834.0,4.0,7.2,1.0,"[153834.0,4.0,7.2,1.0]","[0.8385262919017639,2.1376484723156848,2.718768407184074,4.678687769727618]",1
104615.0,5.0,9.8,1.0,"[104615.0,5.0,9.8,1.0]","[0.5702408312031347,2.672060590394606,3.700545887556101,4.678687769727618]",1
148571.0,1.0,6.5,1.0,"[148571.0,1.0,6.5,1.0]","[0.8098384603802602,0.5344121180789212,2.454443700930067,4.678687769727618]",0
78110.0,0.0,9.3,1.0,"[78110.0,0.0,9.3,1.0]","[0.42576601180783685,0.0,3.511742525946096,4.678687769727618]",0
174086.0,5.0,7.8,1.0,"[174086.0,5.0,7.8,1.0]","[0.9489169367760732,2.672060590394606,2.94533244111608,4.678687769727618]",1
241097.0,5.0,7.2,1.0,"[241097.0,5.0,7.2,1.0]","[1.3141839476230193,2.672060590394606,2.718768407184074,4.678687769727618]",1
168334.0,1.0,9.4,1.0,"[168334.0,1.0,9.4,1.0]","[0.9175636388639151,0.5344121180789212,3.5495031982680967,4.678687769727618]",0
143163.0,0.0,8.3,1.0,"[143163.0,0.0,8.3,1.0]","[0.7803602553891351,0.0,3.1341358027260853,4.678687769727618]",0
50000.0,0.0,9.9,1.0,"[50000.0,0.0,9.9,1.0]","[0.27254257573155605,0.0,3.738306559878102,4.678687769727618]",0
179911.0,4.0,8.4,1.0,"[179911.0,4.0,8.4,1.0]","[0.9806681468487995,2.1376484723156848,3.1718964750480865,4.678687769727618]",1
74765.0,4.0,9.6,1.0,"[74765.0,4.0,9.6,1.0]","[0.40753291349139575,2.1376484723156848,3.625024542912098,4.678687769727618]",1
67337.0,4.0,9.5,1.0,"[67337.0,4.0,9.5,1.0]","[0.3670439884407158,2.1376484723156848,3.5872638705900974,4.678687769727618]",1
206184.0,3.0,7.6,1.0,"[206184.0,3.0,7.6,1.0]","[1.123878368692703,1.6032363542367636,2.8698110964720778,4.678687769727618]",1
78955.0,4.0,10.0,1.0,"[78955.0,4.0,10.0,1.0]","[0.43037198133770016,2.1376484723156848,3.7760672322001025,4.678687769727618]",1
109244.0,0.0,9.2,1.0,"[109244.0,0.0,9.2,1.0]","[0.5954728228643622,0.0,3.4739818536240943,4.678687769727618]",0
338222.0,0.0,9.6,1.0,"[338222.0,0.0,9.6,1.0]","[1.8435979009815668,0.0,3.625024542912098,4.678687769727618]",0
100000.0,2.0,6.5,1.0,"[100000.0,2.0,6.5,1.0]","[0.5450851514631121,1.0688242361578424,2.454443700930067,4.678687769727618]",0
179728.0,5.0,8.9,1.0,"[179728.0,5.0,8.9,1.0]","[0.979670641021622,2.672060590394606,3.3606998366580916,4.678687769727618]",1
61800.0,0.0,7.2,1.0,"[61800.0,0.0,7.2,1.0]","[0.33686262360420327,0.0,2.718768407184074,4.678687769727618]",0
93578.0,4.0,8.2,1.0,"[93578.0,4.0,8.2,1.0]","[0.510079783036151,2.1376484723156848,3.096375130404084,4.678687769727618]",1
45000.0,0.0,8.7,1.0,"[45000.0,0.0,8.7,1.0]","[0.24528831815840044,0.0,3.285178492014089,4.678687769727618]",0
71636.0,0.0,9.8,1.0,"[71636.0,0.0,9.8,1.0]","[0.390477199102115,0.0,3.700545887556101,4.678687769727618]",0
541156.0,0.0,9.3,1.0,"[541156.0,0.0,9.3,1.0]","[2.949761002251719,0.0,3.511742525946096,4.678687769727618]",0
42363.0,0.0,9.5,1.0,"[42363.0,0.0,9.5,1.0]","[0.23091442271431817,0.0,3.5872638705900974,4.678687769727618]",0
25000.0,0.0,0.0,1.0,"[25000.0,0.0,0.0,1.0]","[0.13627128786577802,0.0,0.0,4.678687769727618]",0
223603.0,5.0,9.1,1.0,"[223603.0,5.0,9.1,1.0]","[1.2188267512260624,2.672060590394606,3.436221181302093,4.678687769727618]",1
66213.0,4.0,8.0,1.0,"[66213.0,4.0,8.0,1.0]","[0.3609172313382704,2.1376484723156848,3.020853785760082,4.678687769727618]",1
77261.0,3.0,7.8,1.0,"[77261.0,3.0,7.8,1.0]","[0.42113823887191504,1.6032363542367636,2.94533244111608,4.678687769727618]",1
80652.0,3.0,7.6,1.0,"[80652.0,3.0,7.6,1.0]","[0.43962207635802913,1.6032363542367636,2.8698110964720778,4.678687769727618]",1
75008.0,4.0,9.6,1.0,"[75008.0,4.0,9.6,1.0]","[0.4088574704094511,2.1376484723156848,3.625024542912098,4.678687769727618]",1
537272.0,0.0,9.6,1.0,"[537272.0,0.0,9.6,1.0]","[2.9285898949688915,0.0,3.625024542912098,4.678687769727618]",0
40560.0,0.0,8.8,1.0,"[40560.0,0.0,8.8,1.0]","[0.22108653743343826,0.0,3.322939164336091,4.678687769727618]",0
110172.0,5.0,7.2,1.0,"[110172.0,5.0,7.2,1.0]","[0.6005312130699398,2.672060590394606,2.718768407184074,4.678687769727618]",1
78255.0,4.0,10.0,1.0,"[78255.0,4.0,10.0,1.0]","[0.42655638527745837,2.1376484723156848,3.7760672322001025,4.678687769727618]",1
66713.0,2.0,6.1,1.0,"[66713.0,2.0,6.1,1.0]","[0.36364265709558596,1.0688242361578424,2.3034010116420625,4.678687769727618]",0
124250.0,2.0,9.1,1.0,"[124250.0,2.0,9.1,1.0]","[0.6772683006929168,1.0688242361578424,3.436221181302093,4.678687769727618]",1
161041.0,1.0,9.1,1.0,"[161041.0,1.0,9.1,1.0]","[0.8778105787677103,0.5344121180789212,3.436221181302093,4.678687769727618]",0
236997.0,4.0,9.9,1.0,"[236997.0,4.0,9.9,1.0]","[1.2918354564130317,2.1376484723156848,3.738306559878102,4.678687769727618]",1
197296.0,0.0,8.6,1.0,"[197296.0,0.0,8.6,1.0]","[1.0754312004306616,0.0,3.247417819692088,4.678687769727618]",0
222207.0,5.0,6.2,1.0,"[222207.0,5.0,6.2,1.0]","[1.2112173625116374,2.672060590394606,2.3411616839640637,4.678687769727618]",1
233967.0,2.0,8.5,1.0,"[233967.0,2.0,8.5,1.0]","[1.2753193763236994,1.0688242361578424,3.2096571473700872,4.678687769727618]",1
248109.0,5.0,9.6,1.0,"[248109.0,5.0,9.6,1.0]","[1.3524053184436127,2.672060590394606,3.625024542912098,4.678687769727618]",1
193262.0,3.0,8.3,1.0,"[193262.0,3.0,8.3,1.0]","[1.0534424654206396,1.6032363542367636,3.1341358027260853,4.678687769727618]",1
82026.0,2.0,9.2,1.0,"[82026.0,2.0,9.2,1.0]","[0.4471115463391323,1.0688242361578424,3.4739818536240943,4.678687769727618]",1
190254.0,4.0,9.4,1.0,"[190254.0,4.0,9.4,1.0]","[1.0370463040646292,2.1376484723156848,3.5495031982680967,4.678687769727618]",1
152319.0,3.0,9.6,1.0,"[152319.0,3.0,9.6,1.0]","[0.8302682518570976,1.6032363542367636,3.625024542912098,4.678687769727618]",1
179927.0,2.0,9.1,1.0,"[179927.0,2.0,9.1,1.0]","[0.9807553604730337,1.0688242361578424,3.436221181302093,4.678687769727618]",1
213436.0,2.0,7.4,1.0,"[213436.0,2.0,7.4,1.0]","[1.163407943876808,1.0688242361578424,2.7942897518280763,4.678687769727618]",1
142550.0,3.0,9.5,1.0,"[142550.0,3.0,9.5,1.0]","[0.7770188834106663,1.6032363542367636,3.5872638705900974,4.678687769727618]",1
177571.0,4.0,10.0,1.0,"[177571.0,4.0,10.0,1.0]","[0.9679131543045627,2.1376484723156848,3.7760672322001025,4.678687769727618]",1
180000.0,0.0,9.6,1.0,"[180000.0,0.0,9.6,1.0]","[0.9811532726336017,0.0,3.625024542912098,4.678687769727618]",0
209376.0,0.0,8.7,1.0,"[209376.0,0.0,8.7,1.0]","[1.1412774867274056,0.0,3.285178492014089,4.678687769727618]",0
31136.0,0.0,8.0,1.0,"[31136.0,0.0,8.0,1.0]","[0.16971771275955458,0.0,3.020853785760082,4.678687769727618]",0
64000.0,0.0,8.8,1.0,"[64000.0,0.0,8.8,1.0]","[0.3488544969363917,0.0,3.322939164336091,4.678687769727618]",0
207436.0,1.0,7.1,1.0,"[207436.0,1.0,7.1,1.0]","[1.1307028347890211,0.5344121180789212,2.6810077348620727,4.678687769727618]",0
124015.0,0.0,8.2,1.0,"[124015.0,0.0,8.2,1.0]","[0.6759873505869785,0.0,3.096375130404084,4.678687769727618]",0
256799.0,0.0,9.0,1.0,"[256799.0,0.0,9.0,1.0]","[1.3997732181057572,0.0,3.3984605089800923,4.678687769727618]",0
156576.0,0.0,9.0,1.0,"[156576.0,0.0,9.0,1.0]","[0.8534725267548824,0.0,3.3984605089800923,4.678687769727618]",0
94500.0,0.0,8.5,1.0,"[94500.0,0.0,8.5,1.0]","[0.5151054681326409,0.0,3.2096571473700872,4.678687769727618]",0
72107.0,4.0,7.9,1.0,"[72107.0,4.0,7.9,1.0]","[0.3930445501655062,2.1376484723156848,2.9830931134380814,4.678687769727618]",1
145163.0,5.0,9.0,1.0,"[145163.0,5.0,9.0,1.0]","[0.7912619584183974,2.672060590394606,3.3984605089800923,4.678687769727618]",1
206098.0,3.0,9.1,1.0,"[206098.0,3.0,9.1,1.0]","[1.1234095954624448,1.6032363542367636,3.436221181302093,4.678687769727618]",1
231694.0,1.0,8.5,1.0,"[231694.0,1.0,8.5,1.0]","[1.2629295908309428,0.5344121180789212,3.2096571473700872,4.678687769727618]",0
92000.0,0.0,10.0,1.0,"[92000.0,0.0,10.0,1.0]","[0.5014783393460631,0.0,3.7760672322001025,4.678687769727618]",0
238494.0,4.0,9.4,1.0,"[238494.0,4.0,9.4,1.0]","[1.2999953811304346,2.1376484723156848,3.5495031982680967,4.678687769727618]",1
167575.0,4.0,9.1,1.0,"[167575.0,4.0,9.1,1.0]","[0.91342644256431,2.1376484723156848,3.436221181302093,4.678687769727618]",1
137794.0,4.0,8.4,1.0,"[137794.0,4.0,8.4,1.0]","[0.7510946336070806,2.1376484723156848,3.1718964750480865,4.678687769727618]",1
203262.0,4.0,6.2,1.0,"[203262.0,4.0,6.2,1.0]","[1.107950980566951,2.1376484723156848,2.3411616839640637,4.678687769727618]",1
89022.0,1.0,7.2,1.0,"[89022.0,1.0,7.2,1.0]","[0.4852457035354916,0.5344121180789212,2.718768407184074,4.678687769727618]",0
155100.0,0.0,9.4,1.0,"[155100.0,0.0,9.4,1.0]","[0.8454270699192868,0.0,3.5495031982680967,4.678687769727618]",0
77000.0,0.0,9.4,1.0,"[77000.0,0.0,9.4,1.0]","[0.4197155666265963,0.0,3.5495031982680967,4.678687769727618]",0
168977.0,5.0,6.2,1.0,"[168977.0,5.0,6.2,1.0]","[0.9210685363878229,2.672060590394606,2.3411616839640637,4.678687769727618]",1
211384.0,1.0,8.1,1.0,"[211384.0,1.0,8.1,1.0]","[1.1522227965687848,0.5344121180789212,3.058614458082083,4.678687769727618]",0
89340.0,4.0,8.4,1.0,"[89340.0,4.0,8.4,1.0]","[0.4869790743171443,2.1376484723156848,3.1718964750480865,4.678687769727618]",1
166554.0,0.0,9.6,1.0,"[166554.0,0.0,9.6,1.0]","[0.9078611231678717,0.0,3.625024542912098,4.678687769727618]",0
243385.0,5.0,8.2,1.0,"[243385.0,5.0,8.2,1.0]","[1.3266554958884953,2.672060590394606,3.096375130404084,4.678687769727618]",1
170253.0,2.0,6.3,1.0,"[170253.0,2.0,6.3,1.0]","[0.9280238229204922,1.0688242361578424,2.3789223562860644,4.678687769727618]",1
142783.0,4.0,9.5,1.0,"[142783.0,4.0,9.5,1.0]","[0.7782889318135753,2.1376484723156848,3.5872638705900974,4.678687769727618]",1
113400.0,0.0,8.8,1.0,"[113400.0,0.0,8.8,1.0]","[0.6181265617591691,0.0,3.322939164336091,4.678687769727618]",0
53629.0,0.0,8.7,1.0,"[53629.0,0.0,8.7,1.0]","[0.29232371587815237,0.0,3.285178492014089,4.678687769727618]",0
49573.0,0.0,8.8,1.0,"[49573.0,0.0,8.8,1.0]","[0.27021506213480856,0.0,3.322939164336091,4.678687769727618]",0
193102.0,2.0,6.6,1.0,"[193102.0,2.0,6.6,1.0]","[1.0525703291782986,1.0688242361578424,2.4922043732520676,4.678687769727618]",1
232787.0,4.0,9.0,1.0,"[232787.0,4.0,9.0,1.0]","[1.2688873715364346,2.1376484723156848,3.3984605089800923,4.678687769727618]",1
244180.0,1.0,8.5,1.0,"[244180.0,1.0,8.5,1.0]","[1.330988922842627,0.5344121180789212,3.2096571473700872,4.678687769727618]",0
31680.0,0.0,9.1,1.0,"[31680.0,0.0,9.1,1.0]","[0.1726829759835139,0.0,3.436221181302093,4.678687769727618]",0
130694.0,0.0,8.6,1.0,"[130694.0,0.0,8.6,1.0]","[0.7123935878531997,0.0,3.247417819692088,4.678687769727618]",0
198505.0,5.0,9.3,1.0,"[198505.0,5.0,9.3,1.0]","[1.0820212799118507,2.672060590394606,3.511742525946096,4.678687769727618]",1
234170.0,3.0,9.5,1.0,"[234170.0,3.0,9.5,1.0]","[1.2764258991811694,1.6032363542367636,3.5872638705900974,4.678687769727618]",1
48867.0,4.0,9.3,1.0,"[48867.0,4.0,9.3,1.0]","[0.26636676096547895,2.1376484723156848,3.511742525946096,4.678687769727618]",1
98795.0,2.0,6.2,1.0,"[98795.0,2.0,6.2,1.0]","[0.5385168753879815,1.0688242361578424,2.3411616839640637,4.678687769727618]",0
150899.0,4.0,6.8,1.0,"[150899.0,4.0,6.8,1.0]","[0.8225280427063215,2.1376484723156848,2.5677257178960695,4.678687769727618]",1
235538.0,5.0,7.0,1.0,"[235538.0,5.0,7.0,1.0]","[1.2838826640531849,2.672060590394606,2.643247062540072,4.678687769727618]",1
68075.0,1.0,6.5,1.0,"[68075.0,1.0,6.5,1.0]","[0.37106671685851356,0.5344121180789212,2.454443700930067,4.678687769727618]",0
166561.0,3.0,8.5,1.0,"[166561.0,3.0,8.5,1.0]","[0.9078992791284741,1.6032363542367636,3.2096571473700872,4.678687769727618]",1
56467.0,5.0,7.2,1.0,"[56467.0,5.0,7.2,1.0]","[0.3077932324766755,2.672060590394606,2.718768407184074,4.678687769727618]",1
67600.0,3.0,7.7,1.0,"[67600.0,3.0,7.7,1.0]","[0.36847756238906376,1.6032363542367636,2.907571768794079,4.678687769727618]",1
53190.0,0.0,7.7,1.0,"[53190.0,0.0,7.7,1.0]","[0.2899307920632293,0.0,2.907571768794079,4.678687769727618]",0
97604.0,5.0,8.6,1.0,"[97604.0,5.0,8.6,1.0]","[0.5320249112340559,2.672060590394606,3.247417819692088,4.678687769727618]",1
208134.0,1.0,7.9,1.0,"[208134.0,1.0,7.9,1.0]","[1.1345075291462337,0.5344121180789212,2.9830931134380814,4.678687769727618]",0
207122.0,2.0,8.3,1.0,"[207122.0,2.0,8.3,1.0]","[1.128991267413427,1.0688242361578424,3.1341358027260853,4.678687769727618]",1
38634.0,0.0,9.6,1.0,"[38634.0,0.0,9.6,1.0]","[0.21058819741625873,0.0,3.625024542912098,4.678687769727618]",0
190786.0,1.0,7.9,1.0,"[190786.0,1.0,7.9,1.0]","[1.039946157070413,0.5344121180789212,2.9830931134380814,4.678687769727618]",0
142012.0,1.0,7.9,1.0,"[142012.0,1.0,7.9,1.0]","[0.7740863252957947,0.5344121180789212,2.9830931134380814,4.678687769727618]",0
157358.0,2.0,8.5,1.0,"[157358.0,2.0,8.5,1.0]","[0.8577350926393239,1.0688242361578424,3.2096571473700872,4.678687769727618]",1
130055.0,4.0,8.9,1.0,"[130055.0,4.0,8.9,1.0]","[0.7089104937353504,2.1376484723156848,3.3606998366580916,4.678687769727618]",1
205104.0,4.0,8.2,1.0,"[205104.0,4.0,8.2,1.0]","[1.1179914490569014,2.1376484723156848,3.096375130404084,4.678687769727618]",1
142587.0,3.0,7.8,1.0,"[142587.0,3.0,7.8,1.0]","[0.7772205649167077,1.6032363542367636,2.94533244111608,4.678687769727618]",1
169441.0,4.0,7.7,1.0,"[169441.0,4.0,7.7,1.0]","[0.9235977314906118,2.1376484723156848,2.907571768794079,4.678687769727618]",1
181191.0,0.0,9.7,1.0,"[181191.0,0.0,9.7,1.0]","[0.9876452367875274,0.0,3.6627852152340994,4.678687769727618]",0
161058.0,0.0,8.7,1.0,"[161058.0,0.0,8.7,1.0]","[0.877903243243459,0.0,3.285178492014089,4.678687769727618]",0
152074.0,4.0,6.8,1.0,"[152074.0,4.0,6.8,1.0]","[0.8289327932360131,2.1376484723156848,2.5677257178960695,4.678687769727618]",1
182967.0,1.0,9.4,1.0,"[182967.0,1.0,9.4,1.0]","[0.9973259490775123,0.5344121180789212,3.5495031982680967,4.678687769727618]",0
63059.0,2.0,6.3,1.0,"[63059.0,2.0,6.3,1.0]","[0.34372524566112383,1.0688242361578424,2.3789223562860644,4.678687769727618]",0
156948.0,1.0,8.2,1.0,"[156948.0,1.0,8.2,1.0]","[0.8555002435183251,0.5344121180789212,3.096375130404084,4.678687769727618]",0
105399.0,3.0,6.0,1.0,"[105399.0,3.0,6.0,1.0]","[0.5745142987906054,1.6032363542367636,2.2656403393200617,4.678687769727618]",1
157178.0,5.0,7.8,1.0,"[157178.0,5.0,7.8,1.0]","[0.8567539393666903,2.672060590394606,2.94533244111608,4.678687769727618]",1
19202.0,0.0,7.8,1.0,"[19202.0,0.0,7.8,1.0]","[0.10466725078394679,0.0,2.94533244111608,4.678687769727618]",0
150879.0,3.0,8.3,1.0,"[150879.0,3.0,8.3,1.0]","[0.8224190256760289,1.6032363542367636,3.1341358027260853,4.678687769727618]",1
220343.0,2.0,9.9,1.0,"[220343.0,2.0,9.9,1.0]","[1.201056975288365,1.0688242361578424,3.738306559878102,4.678687769727618]",1
141898.0,3.0,9.7,1.0,"[141898.0,3.0,9.7,1.0]","[0.7734649282231267,1.6032363542367636,3.6627852152340994,4.678687769727618]",1
189916.0,1.0,9.9,1.0,"[189916.0,1.0,9.9,1.0]","[1.0352039162526838,0.5344121180789212,3.738306559878102,4.678687769727618]",0
40560.0,0.0,7.6,1.0,"[40560.0,0.0,7.6,1.0]","[0.22108653743343826,0.0,2.8698110964720778,4.678687769727618]",0
76712.0,4.0,9.9,1.0,"[76712.0,4.0,9.9,1.0]","[0.41814572139038253,2.1376484723156848,3.738306559878102,4.678687769727618]",1
35963.0,0.0,8.9,1.0,"[35963.0,0.0,8.9,1.0]","[0.19602897302067898,0.0,3.3606998366580916,4.678687769727618]",0
178465.0,0.0,9.0,1.0,"[178465.0,0.0,9.0,1.0]","[0.972786215558643,0.0,3.3984605089800923,4.678687769727618]",0
184939.0,5.0,7.1,1.0,"[184939.0,5.0,7.1,1.0]","[1.008075028264365,2.672060590394606,2.6810077348620727,4.678687769727618]",1
455000.0,0.0,10.0,1.0,"[455000.0,0.0,10.0,1.0]","[2.48013743915716,0.0,3.7760672322001025,4.678687769727618]",0
19685.0,0.0,9.1,1.0,"[19685.0,0.0,9.1,1.0]","[0.10730001206551361,0.0,3.436221181302093,4.678687769727618]",0
186345.0,4.0,8.1,1.0,"[186345.0,4.0,8.1,1.0]","[1.0157389254939362,2.1376484723156848,3.058614458082083,4.678687769727618]",1
170006.0,4.0,8.0,1.0,"[170006.0,4.0,8.0,1.0]","[0.9266774625963783,2.1376484723156848,3.020853785760082,4.678687769727618]",1
132873.0,0.0,7.4,1.0,"[132873.0,0.0,7.4,1.0]","[0.7242709933035809,0.0,2.7942897518280763,4.678687769727618]",0
156763.0,1.0,9.6,1.0,"[156763.0,1.0,9.6,1.0]","[0.8544918359881184,0.5344121180789212,3.625024542912098,4.678687769727618]",0
144505.0,0.0,9.6,1.0,"[144505.0,0.0,9.6,1.0]","[0.7876752981217701,0.0,3.625024542912098,4.678687769727618]",0
91576.0,2.0,7.5,1.0,"[91576.0,2.0,7.5,1.0]","[0.49916717830385954,1.0688242361578424,2.832050424150077,4.678687769727618]",1
100214.0,0.0,8.2,1.0,"[100214.0,0.0,8.2,1.0]","[0.5462516336872432,0.0,3.096375130404084,4.678687769727618]",0
76950.0,0.0,8.2,1.0,"[76950.0,0.0,8.2,1.0]","[0.41944302405086475,0.0,3.096375130404084,4.678687769727618]",0
102333.0,4.0,7.8,1.0,"[102333.0,4.0,7.8,1.0]","[0.5578019880467465,2.1376484723156848,2.94533244111608,4.678687769727618]",1
164000.0,0.0,9.2,1.0,"[164000.0,0.0,9.2,1.0]","[0.8939396483995038,0.0,3.4739818536240943,4.678687769727618]",0
38235.0,0.0,8.4,1.0,"[38235.0,0.0,8.4,1.0]","[0.2084133076619209,0.0,3.1718964750480865,4.678687769727618]",0
75332.0,2.0,6.7,1.0,"[75332.0,2.0,6.7,1.0]","[0.4106235463001916,1.0688242361578424,2.5299650455740688,4.678687769727618]",0
110049.0,1.0,9.7,1.0,"[110049.0,1.0,9.7,1.0]","[0.5998607583336402,0.5344121180789212,3.6627852152340994,4.678687769727618]",0
188045.0,0.0,9.0,1.0,"[188045.0,0.0,9.0,1.0]","[1.0250053730688091,0.0,3.3984605089800923,4.678687769727618]",0
91800.0,0.0,8.5,1.0,"[91800.0,0.0,8.5,1.0]","[0.5003881690431369,0.0,3.2096571473700872,4.678687769727618]",0
107372.0,3.0,8.2,1.0,"[107372.0,3.0,8.2,1.0]","[0.5852688288289727,1.6032363542367636,3.096375130404084,4.678687769727618]",1
189244.0,0.0,8.3,1.0,"[189244.0,0.0,8.3,1.0]","[1.0315409440348517,0.0,3.1341358027260853,4.678687769727618]",0
141189.0,5.0,8.7,1.0,"[141189.0,5.0,8.7,1.0]","[0.7696002744992533,2.672060590394606,3.285178492014089,4.678687769727618]",1
222611.0,4.0,7.4,1.0,"[222611.0,4.0,7.4,1.0]","[1.2134195065235485,2.1376484723156848,2.7942897518280763,4.678687769727618]",1
157914.0,1.0,8.0,1.0,"[157914.0,1.0,8.0,1.0]","[0.8607657660814588,0.5344121180789212,3.020853785760082,4.678687769727618]",0
68002.0,0.0,8.3,1.0,"[68002.0,0.0,8.3,1.0]","[0.3706688046979455,0.0,3.1341358027260853,4.678687769727618]",0
80399.0,0.0,9.2,1.0,"[80399.0,0.0,9.2,1.0]","[0.4382430109248275,0.0,3.4739818536240943,4.678687769727618]",0
117872.0,5.0,8.0,1.0,"[117872.0,5.0,8.0,1.0]","[0.6425027697325995,2.672060590394606,3.020853785760082,4.678687769727618]",1
247119.0,2.0,9.0,1.0,"[247119.0,2.0,9.0,1.0]","[1.347008975444128,1.0688242361578424,3.3984605089800923,4.678687769727618]",1
58347.0,3.0,9.2,1.0,"[58347.0,3.0,9.2,1.0]","[0.318040833324182,1.6032363542367636,3.4739818536240943,4.678687769727618]",1
171941.0,5.0,6.7,1.0,"[171941.0,5.0,6.7,1.0]","[0.9372248602771895,2.672060590394606,2.5299650455740688,4.678687769727618]",1
171926.0,5.0,7.9,1.0,"[171926.0,5.0,7.9,1.0]","[0.9371430975044701,2.672060590394606,2.9830931134380814,4.678687769727618]",1
335538.0,0.0,9.5,1.0,"[335538.0,0.0,9.5,1.0]","[1.828967815516297,0.0,3.5872638705900974,4.678687769727618]",0
147332.0,4.0,9.7,1.0,"[147332.0,4.0,9.7,1.0]","[0.8030848553536323,2.1376484723156848,3.6627852152340994,4.678687769727618]",1
97938.0,5.0,8.2,1.0,"[97938.0,5.0,8.2,1.0]","[0.5338454956399427,2.672060590394606,3.096375130404084,4.678687769727618]",1
328734.0,0.0,9.4,1.0,"[328734.0,0.0,9.4,1.0]","[1.7918802218107468,0.0,3.5495031982680967,4.678687769727618]",0
164942.0,1.0,7.6,1.0,"[164942.0,1.0,7.6,1.0]","[0.8990743505262863,0.5344121180789212,2.8698110964720778,4.678687769727618]",0
89356.0,3.0,6.3,1.0,"[89356.0,3.0,6.3,1.0]","[0.4870662879413784,1.6032363542367636,2.3789223562860644,4.678687769727618]",1
183899.0,4.0,8.7,1.0,"[183899.0,4.0,8.7,1.0]","[1.0024061426891484,2.1376484723156848,3.285178492014089,4.678687769727618]",1
80166.0,1.0,9.0,1.0,"[80166.0,1.0,9.0,1.0]","[0.4369729625219184,0.5344121180789212,3.3984605089800923,4.678687769727618]",0
140121.0,0.0,8.9,1.0,"[140121.0,0.0,8.9,1.0]","[0.7637787650816272,0.0,3.3606998366580916,4.678687769727618]",0
249173.0,3.0,8.1,1.0,"[249173.0,3.0,8.1,1.0]","[1.3582050244551802,1.6032363542367636,3.058614458082083,4.678687769727618]",1
82992.0,3.0,7.5,1.0,"[82992.0,3.0,7.5,1.0]","[0.452377068902266,1.6032363542367636,2.832050424150077,4.678687769727618]",1
214744.0,0.0,8.8,1.0,"[214744.0,0.0,8.8,1.0]","[1.1705376576579454,0.0,3.322939164336091,4.678687769727618]",0
168573.0,5.0,7.4,1.0,"[168573.0,5.0,7.4,1.0]","[0.918866392375912,2.672060590394606,2.7942897518280763,4.678687769727618]",1
88429.0,2.0,6.9,1.0,"[88429.0,2.0,6.9,1.0]","[0.48201334858731537,1.0688242361578424,2.605486390218071,4.678687769727618]",0
46265.0,3.0,6.2,1.0,"[46265.0,3.0,6.2,1.0]","[0.2521836453244088,1.6032363542367636,2.3411616839640637,4.678687769727618]",1
214574.0,1.0,7.2,1.0,"[214574.0,1.0,7.2,1.0]","[1.169611012900458,0.5344121180789212,2.718768407184074,4.678687769727618]",0
139306.0,5.0,7.3,1.0,"[139306.0,5.0,7.3,1.0]","[0.759336321097203,2.672060590394606,2.756529079506075,4.678687769727618]",1
196573.0,4.0,9.5,1.0,"[196573.0,4.0,9.5,1.0]","[1.0714902347855833,2.1376484723156848,3.5872638705900974,4.678687769727618]",1
144000.0,0.0,0.0,1.0,"[144000.0,0.0,0.0,1.0]","[0.7849226181068814,0.0,0.0,4.678687769727618]",0
126162.0,0.0,8.9,1.0,"[126162.0,0.0,8.9,1.0]","[0.6876903287888915,0.0,3.3606998366580916,4.678687769727618]",0
45502.0,2.0,8.2,1.0,"[45502.0,2.0,8.2,1.0]","[0.24802464561874527,1.0688242361578424,3.096375130404084,4.678687769727618]",1
195343.0,1.0,7.7,1.0,"[195343.0,1.0,7.7,1.0]","[1.064785687422587,0.5344121180789212,2.907571768794079,4.678687769727618]",0
213671.0,1.0,8.7,1.0,"[213671.0,1.0,8.7,1.0]","[1.1646888939827462,0.5344121180789212,3.285178492014089,4.678687769727618]",0
65000.0,5.0,8.1,1.0,"[65000.0,5.0,8.1,1.0]","[0.35430534845102285,2.672060590394606,3.058614458082083,4.678687769727618]",1
68339.0,1.0,6.6,1.0,"[68339.0,1.0,6.6,1.0]","[0.37250574165837613,0.5344121180789212,2.4922043732520676,4.678687769727618]",0
191997.0,0.0,9.6,1.0,"[191997.0,0.0,9.6,1.0]","[1.0465471382546312,0.0,3.625024542912098,4.678687769727618]",0
162450.0,0.0,9.6,1.0,"[162450.0,0.0,9.6,1.0]","[0.8854908285518256,0.0,3.625024542912098,4.678687769727618]",0
55000.0,0.0,9.0,1.0,"[55000.0,0.0,9.0,1.0]","[0.29979683330471163,0.0,3.3984605089800923,4.678687769727618]",0
37000.0,0.0,9.5,1.0,"[37000.0,0.0,9.5,1.0]","[0.20168150604135146,0.0,3.5872638705900974,4.678687769727618]",0
113449.0,5.0,8.8,1.0,"[113449.0,5.0,8.8,1.0]","[0.618393653483386,2.672060590394606,3.322939164336091,4.678687769727618]",1
114083.0,0.0,8.4,1.0,"[114083.0,0.0,8.4,1.0]","[0.6218494933436621,0.0,3.1718964750480865,4.678687769727618]",0
36946.0,0.0,7.2,1.0,"[36946.0,0.0,7.2,1.0]","[0.2013871600595614,0.0,2.718768407184074,4.678687769727618]",0
53910.0,0.0,9.1,1.0,"[53910.0,0.0,9.1,1.0]","[0.29385540515376374,0.0,3.436221181302093,4.678687769727618]",0
187756.0,4.0,7.7,1.0,"[187756.0,4.0,7.7,1.0]","[1.0234300769810807,2.1376484723156848,2.907571768794079,4.678687769727618]",1
141463.0,4.0,9.6,1.0,"[141463.0,4.0,9.6,1.0]","[0.7710938078142622,2.1376484723156848,3.625024542912098,4.678687769727618]",1
126985.0,5.0,8.5,1.0,"[126985.0,5.0,8.5,1.0]","[0.6921763795854329,2.672060590394606,3.2096571473700872,4.678687769727618]",1
206898.0,4.0,9.1,1.0,"[206898.0,4.0,9.1,1.0]","[1.1277702766741495,2.1376484723156848,3.436221181302093,4.678687769727618]",1
125364.0,0.0,9.3,1.0,"[125364.0,0.0,9.3,1.0]","[0.6833405492802158,0.0,3.511742525946096,4.678687769727618]",0
84365.0,0.0,9.1,1.0,"[84365.0,0.0,9.1,1.0]","[0.4598610880318545,0.0,3.436221181302093,4.678687769727618]",0
191280.0,1.0,8.0,1.0,"[191280.0,1.0,8.0,1.0]","[1.0426388777186408,0.5344121180789212,3.020853785760082,4.678687769727618]",0
110041.0,4.0,6.8,1.0,"[110041.0,4.0,6.8,1.0]","[0.5998171515215232,2.1376484723156848,2.5677257178960695,4.678687769727618]",1
43444.0,0.0,9.0,1.0,"[43444.0,0.0,9.0,1.0]","[0.23680679320163442,0.0,3.3984605089800923,4.678687769727618]",0
124148.0,3.0,8.0,1.0,"[124148.0,3.0,8.0,1.0]","[0.6767123138384243,1.6032363542367636,3.020853785760082,4.678687769727618]",1
75661.0,2.0,7.3,1.0,"[75661.0,2.0,7.3,1.0]","[0.4124168764485052,1.0688242361578424,2.756529079506075,4.678687769727618]",1
65039.0,1.0,9.4,1.0,"[65039.0,1.0,9.4,1.0]","[0.35451793166009343,0.5344121180789212,3.5495031982680967,4.678687769727618]",0
234108.0,0.0,9.4,1.0,"[234108.0,0.0,9.4,1.0]","[1.2760879463872623,0.0,3.5495031982680967,4.678687769727618]",0
94122.0,5.0,7.7,1.0,"[94122.0,5.0,7.7,1.0]","[0.5130450462601104,2.672060590394606,2.907571768794079,4.678687769727618]",1
123825.0,4.0,8.8,1.0,"[123825.0,4.0,8.8,1.0]","[0.6749516887991985,2.1376484723156848,3.322939164336091,4.678687769727618]",1
354000.0,0.0,10.0,1.0,"[354000.0,0.0,10.0,1.0]","[1.9296014361794167,0.0,3.7760672322001025,4.678687769727618]",0
185217.0,0.0,8.9,1.0,"[185217.0,0.0,8.9,1.0]","[1.0095903649854323,0.0,3.3606998366580916,4.678687769727618]",0
138421.0,0.0,9.4,1.0,"[138421.0,0.0,9.4,1.0]","[0.7545123175067544,0.0,3.5495031982680967,4.678687769727618]",0
62037.0,3.0,8.1,1.0,"[62037.0,3.0,8.1,1.0]","[0.33815447541317084,1.6032363542367636,3.058614458082083,4.678687769727618]",1
81863.0,2.0,7.0,1.0,"[81863.0,2.0,7.0,1.0]","[0.44622305754224745,1.0688242361578424,2.643247062540072,4.678687769727618]",0
237650.0,2.0,7.6,1.0,"[237650.0,2.0,7.6,1.0]","[1.295394862452086,1.0688242361578424,2.8698110964720778,4.678687769727618]",1
71629.0,4.0,8.1,1.0,"[71629.0,4.0,8.1,1.0]","[0.39043904314151257,2.1376484723156848,3.058614458082083,4.678687769727618]",1
105503.0,3.0,7.7,1.0,"[105503.0,3.0,7.7,1.0]","[0.5750811873481271,1.6032363542367636,2.907571768794079,4.678687769727618]",1
46900.0,0.0,8.1,1.0,"[46900.0,0.0,8.1,1.0]","[0.2556449360361996,0.0,3.058614458082083,4.678687769727618]",0
212955.0,4.0,8.8,1.0,"[212955.0,4.0,8.8,1.0]","[1.1607860842982702,2.1376484723156848,3.322939164336091,4.678687769727618]",1
85209.0,0.0,8.8,1.0,"[85209.0,0.0,8.8,1.0]","[0.46446160671020315,0.0,3.322939164336091,4.678687769727618]",0
43736.0,0.0,8.0,1.0,"[43736.0,0.0,8.0,1.0]","[0.23839844184390668,0.0,3.020853785760082,4.678687769727618]",0
121689.0,0.0,8.1,1.0,"[121689.0,0.0,8.1,1.0]","[0.6633086699639464,0.0,3.058614458082083,4.678687769727618]",0
169111.0,0.0,7.1,1.0,"[169111.0,0.0,7.1,1.0]","[0.9217989504907834,0.0,2.6810077348620727,4.678687769727618]",0
179572.0,1.0,7.8,1.0,"[179572.0,1.0,7.8,1.0]","[0.9788203081853396,0.5344121180789212,2.94533244111608,4.678687769727618]",0
182946.0,4.0,7.1,1.0,"[182946.0,4.0,7.1,1.0]","[0.997211481195705,2.1376484723156848,2.6810077348620727,4.678687769727618]",1
95001.0,3.0,10.0,1.0,"[95001.0,3.0,10.0,1.0]","[0.5178363447414711,1.6032363542367636,3.7760672322001025,4.678687769727618]",1
201468.0,5.0,7.6,1.0,"[201468.0,5.0,7.6,1.0]","[1.0981721529497026,2.672060590394606,2.8698110964720778,4.678687769727618]",1
141926.0,4.0,9.5,1.0,"[141926.0,4.0,9.5,1.0]","[0.7736175520655364,2.1376484723156848,3.5872638705900974,4.678687769727618]",1
50336.0,3.0,7.7,1.0,"[50336.0,3.0,7.7,1.0]","[0.2743740618404721,1.6032363542367636,2.907571768794079,4.678687769727618]",1
81337.0,0.0,9.6,1.0,"[81337.0,0.0,9.6,1.0]","[0.44335590964555144,0.0,3.625024542912098,4.678687769727618]",0
186034.0,5.0,6.8,1.0,"[186034.0,5.0,6.8,1.0]","[1.014043710672886,2.672060590394606,2.5677257178960695,4.678687769727618]",1
147390.0,0.0,9.4,1.0,"[147390.0,0.0,9.4,1.0]","[0.8034010047414809,0.0,3.5495031982680967,4.678687769727618]",0
55958.0,4.0,7.8,1.0,"[55958.0,4.0,7.8,1.0]","[0.30501874905572823,2.1376484723156848,2.94533244111608,4.678687769727618]",1
100562.0,3.0,7.4,1.0,"[100562.0,3.0,7.4,1.0]","[0.5481485300143347,1.6032363542367636,2.7942897518280763,4.678687769727618]",1
131904.0,4.0,9.4,1.0,"[131904.0,4.0,9.4,1.0]","[0.7189891181859034,2.1376484723156848,3.5495031982680967,4.678687769727618]",1
55048.0,4.0,7.6,1.0,"[55048.0,4.0,7.6,1.0]","[0.30005847417741394,2.1376484723156848,2.8698110964720778,4.678687769727618]",1
233552.0,0.0,8.4,1.0,"[233552.0,0.0,8.4,1.0]","[1.2730572729451275,0.0,3.1718964750480865,4.678687769727618]",0
367200.0,0.0,7.3,1.0,"[367200.0,0.0,7.3,1.0]","[2.0015526761725475,0.0,2.756529079506075,4.678687769727618]",0
241644.0,2.0,7.0,1.0,"[241644.0,2.0,7.0,1.0]","[1.3171655634015225,1.0688242361578424,2.643247062540072,4.678687769727618]",1
44412.0,0.0,9.0,1.0,"[44412.0,0.0,9.0,1.0]","[0.24208321746779735,0.0,3.3984605089800923,4.678687769727618]",0
72080.0,3.0,9.7,1.0,"[72080.0,3.0,9.7,1.0]","[0.3928973771746112,1.6032363542367636,3.6627852152340994,4.678687769727618]",1
203306.0,5.0,8.2,1.0,"[203306.0,5.0,8.2,1.0]","[1.1081908180335946,2.672060590394606,3.096375130404084,4.678687769727618]",1
198413.0,2.0,9.5,1.0,"[198413.0,2.0,9.5,1.0]","[1.0815198015725045,1.0688242361578424,3.5872638705900974,4.678687769727618]",1
76950.0,0.0,8.0,1.0,"[76950.0,0.0,8.0,1.0]","[0.41944302405086475,0.0,3.020853785760082,4.678687769727618]",0
232250.0,0.0,8.8,1.0,"[232250.0,0.0,8.8,1.0]","[1.2659602642730778,0.0,3.322939164336091,4.678687769727618]",0
38839.0,0.0,7.8,1.0,"[38839.0,0.0,7.8,1.0]","[0.2117056219767581,0.0,2.94533244111608,4.678687769727618]",0
63676.0,4.0,7.0,1.0,"[63676.0,4.0,7.0,1.0]","[0.34708842104565124,2.1376484723156848,2.643247062540072,4.678687769727618]",1
128730.0,2.0,8.4,1.0,"[128730.0,2.0,8.4,1.0]","[0.7016881154784642,1.0688242361578424,3.1718964750480865,4.678687769727618]",1
199176.0,0.0,9.5,1.0,"[199176.0,0.0,9.5,1.0]","[1.0856788012781682,0.0,3.5872638705900974,4.678687769727618]",0
165649.0,1.0,6.7,1.0,"[165649.0,1.0,6.7,1.0]","[0.9029281025471305,0.5344121180789212,2.5299650455740688,4.678687769727618]",0
248241.0,4.0,9.6,1.0,"[248241.0,4.0,9.6,1.0]","[1.353124830843544,2.1376484723156848,3.625024542912098,4.678687769727618]",1
613696.0,0.0,9.1,1.0,"[613696.0,0.0,9.1,1.0]","[3.3451657711230602,0.0,3.436221181302093,4.678687769727618]",0
134769.0,3.0,7.8,1.0,"[134769.0,3.0,7.8,1.0]","[0.7346058077753215,1.6032363542367636,2.94533244111608,4.678687769727618]",1
38028.0,0.0,7.1,1.0,"[38028.0,0.0,7.1,1.0]","[0.20728498139839227,0.0,2.6810077348620727,4.678687769727618]",0
242567.0,1.0,8.7,1.0,"[242567.0,1.0,8.7,1.0]","[1.322196699349527,0.5344121180789212,3.285178492014089,4.678687769727618]",0
151924.0,1.0,7.2,1.0,"[151924.0,1.0,7.2,1.0]","[0.8281151655088184,0.5344121180789212,2.718768407184074,4.678687769727618]",0
102484.0,5.0,10.0,1.0,"[102484.0,5.0,10.0,1.0]","[0.5586250666254557,2.672060590394606,3.7760672322001025,4.678687769727618]",1
28688.0,0.0,8.5,1.0,"[28688.0,0.0,8.5,1.0]","[0.1563740282517376,0.0,3.2096571473700872,4.678687769727618]",0
204000.0,0.0,9.7,1.0,"[204000.0,0.0,9.7,1.0]","[1.1119737089847486,0.0,3.6627852152340994,4.678687769727618]",0
219308.0,0.0,7.2,1.0,"[219308.0,0.0,7.2,1.0]","[1.1954153439707218,0.0,2.718768407184074,4.678687769727618]",0
198089.0,1.0,8.5,1.0,"[198089.0,1.0,8.5,1.0]","[1.079753725681764,0.5344121180789212,3.2096571473700872,4.678687769727618]",0
126090.0,1.0,6.1,1.0,"[126090.0,1.0,6.1,1.0]","[0.687297867479838,0.5344121180789212,2.3034010116420625,4.678687769727618]",0
241587.0,0.0,9.1,1.0,"[241587.0,0.0,9.1,1.0]","[1.3168548648651885,0.0,3.436221181302093,4.678687769727618]",0
71983.0,2.0,9.3,1.0,"[71983.0,2.0,9.3,1.0]","[0.39236864457769194,1.0688242361578424,3.511742525946096,4.678687769727618]",1
72107.0,0.0,8.1,1.0,"[72107.0,0.0,8.1,1.0]","[0.3930445501655062,0.0,3.058614458082083,4.678687769727618]",0
163707.0,3.0,8.2,1.0,"[163707.0,3.0,8.2,1.0]","[0.8923425489057168,1.6032363542367636,3.096375130404084,4.678687769727618]",1
114495.0,5.0,8.4,1.0,"[114495.0,5.0,8.4,1.0]","[0.6240952441676901,2.672060590394606,3.1718964750480865,4.678687769727618]",1
128714.0,1.0,9.7,1.0,"[128714.0,1.0,9.7,1.0]","[0.7016009018542301,0.5344121180789212,3.6627852152340994,4.678687769727618]",0
63447.0,5.0,9.8,1.0,"[63447.0,5.0,9.8,1.0]","[0.34584017604880074,2.672060590394606,3.700545887556101,4.678687769727618]",1
82730.0,3.0,6.2,1.0,"[82730.0,3.0,6.2,1.0]","[0.4509489458054326,1.6032363542367636,2.3411616839640637,4.678687769727618]",1
70451.0,1.0,8.5,1.0,"[70451.0,1.0,8.5,1.0]","[0.3840179400572771,0.5344121180789212,3.2096571473700872,4.678687769727618]",0
142477.0,3.0,6.4,1.0,"[142477.0,3.0,6.4,1.0]","[0.7766209712500982,1.6032363542367636,2.416683028608066,4.678687769727618]",1
145770.0,3.0,9.6,1.0,"[145770.0,3.0,9.6,1.0]","[0.7945706252877784,1.6032363542367636,3.625024542912098,4.678687769727618]",1
439797.0,0.0,0.0,1.0,"[439797.0,0.0,0.0,1.0]","[2.3972681435802228,0.0,0.0,4.678687769727618]",0
150920.0,3.0,6.8,1.0,"[150920.0,3.0,6.8,1.0]","[0.8226425105881288,1.6032363542367636,2.5677257178960695,4.678687769727618]",1
173967.0,3.0,7.9,1.0,"[173967.0,3.0,7.9,1.0]","[0.9482682854458322,1.6032363542367636,2.9830931134380814,4.678687769727618]",1
94893.0,4.0,7.9,1.0,"[94893.0,4.0,7.9,1.0]","[0.517247652777891,2.1376484723156848,2.9830931134380814,4.678687769727618]",1
167528.0,5.0,6.4,1.0,"[167528.0,5.0,6.4,1.0]","[0.9131702525431223,2.672060590394606,2.416683028608066,4.678687769727618]",1
153193.0,0.0,8.5,1.0,"[153193.0,0.0,8.5,1.0]","[0.8350322960808853,0.0,3.2096571473700872,4.678687769727618]",0
65545.0,0.0,9.0,1.0,"[65545.0,0.0,9.0,1.0]","[0.3572760625264968,0.0,3.3984605089800923,4.678687769727618]",0
77812.0,3.0,8.9,1.0,"[77812.0,3.0,8.9,1.0]","[0.42414165805647674,1.6032363542367636,3.3606998366580916,4.678687769727618]",1
399444.0,0.0,8.3,1.0,"[399444.0,0.0,8.3,1.0]","[2.1773099324103136,0.0,3.1341358027260853,4.678687769727618]",0
241587.0,4.0,9.5,1.0,"[241587.0,4.0,9.5,1.0]","[1.3168548648651885,2.1376484723156848,3.5872638705900974,4.678687769727618]",1
63682.0,1.0,8.5,1.0,"[63682.0,1.0,8.5,1.0]","[0.34712112615473906,0.5344121180789212,3.2096571473700872,4.678687769727618]",0
159123.0,2.0,7.0,1.0,"[159123.0,2.0,7.0,1.0]","[0.8673558455626478,1.0688242361578424,2.643247062540072,4.678687769727618]",1
172359.0,0.0,7.5,1.0,"[172359.0,0.0,7.5,1.0]","[0.9395033162103054,0.0,2.832050424150077,4.678687769727618]",0
39459.0,0.0,7.9,1.0,"[39459.0,0.0,7.9,1.0]","[0.2150851499158294,0.0,2.9830931134380814,4.678687769727618]",0
199213.0,2.0,8.4,1.0,"[199213.0,2.0,8.4,1.0]","[1.0858804827842095,1.0688242361578424,3.1718964750480865,4.678687769727618]",1
138528.0,5.0,9.5,1.0,"[138528.0,5.0,9.5,1.0]","[0.7550955586188199,2.672060590394606,3.5872638705900974,4.678687769727618]",1
223795.0,2.0,8.3,1.0,"[223795.0,2.0,8.3,1.0]","[1.2198733147168717,1.0688242361578424,3.1341358027260853,4.678687769727618]",1
192733.0,4.0,9.4,1.0,"[192733.0,4.0,9.4,1.0]","[1.0505589649693998,2.1376484723156848,3.5495031982680967,4.678687769727618]",1
45900.0,0.0,9.5,1.0,"[45900.0,0.0,9.5,1.0]","[0.25019408452156844,0.0,3.5872638705900974,4.678687769727618]",0
86408.0,0.0,8.8,1.0,"[86408.0,0.0,8.8,1.0]","[0.4709971776762459,0.0,3.322939164336091,4.678687769727618]",0
165234.0,4.0,7.8,1.0,"[165234.0,4.0,7.8,1.0]","[0.9006659991685586,2.1376484723156848,2.94533244111608,4.678687769727618]",1
46183.0,1.0,8.5,1.0,"[46183.0,1.0,8.5,1.0]","[0.25173667550020906,0.5344121180789212,3.2096571473700872,4.678687769727618]",0
150346.0,2.0,8.8,1.0,"[150346.0,2.0,8.8,1.0]","[0.8195137218187305,1.0688242361578424,3.322939164336091,4.678687769727618]",1
193000.0,4.0,7.4,1.0,"[193000.0,4.0,7.4,1.0]","[1.0520143423238062,2.1376484723156848,2.7942897518280763,4.678687769727618]",1
215754.0,5.0,8.3,1.0,"[215754.0,5.0,8.3,1.0]","[1.1760430176877228,2.672060590394606,3.1341358027260853,4.678687769727618]",1
40000.0,0.0,10.0,1.0,"[40000.0,0.0,10.0,1.0]","[0.21803406058524483,0.0,3.7760672322001025,4.678687769727618]",0
144712.0,1.0,8.0,1.0,"[144712.0,1.0,8.0,1.0]","[0.7888036243852987,0.5344121180789212,3.020853785760082,4.678687769727618]",0
217315.0,4.0,6.7,1.0,"[217315.0,4.0,6.7,1.0]","[1.184551796902062,2.1376484723156848,2.5299650455740688,4.678687769727618]",1
52277.0,0.0,7.9,1.0,"[52277.0,0.0,7.9,1.0]","[0.2849541646303711,0.0,2.9830931134380814,4.678687769727618]",0
49125.0,1.0,9.1,1.0,"[49125.0,1.0,9.1,1.0]","[0.2677730806562538,0.5344121180789212,3.436221181302093,4.678687769727618]",0
82529.0,5.0,8.2,1.0,"[82529.0,5.0,8.2,1.0]","[0.44985332465099176,2.672060590394606,3.096375130404084,4.678687769727618]",1
115962.0,0.0,8.7,1.0,"[115962.0,0.0,8.7,1.0]","[0.6320916433396541,0.0,3.285178492014089,4.678687769727618]",0
76538.0,0.0,7.9,1.0,"[76538.0,0.0,7.9,1.0]","[0.4171972732268367,0.0,2.9830931134380814,4.678687769727618]",0
168097.0,2.0,7.4,1.0,"[168097.0,2.0,7.4,1.0]","[0.9162717870549475,1.0688242361578424,2.7942897518280763,4.678687769727618]",1
141852.0,5.0,7.4,1.0,"[141852.0,5.0,7.4,1.0]","[0.7732141890534537,2.672060590394606,2.7942897518280763,4.678687769727618]",1
240712.0,4.0,8.9,1.0,"[240712.0,4.0,8.9,1.0]","[1.3120853697898864,2.1376484723156848,3.3606998366580916,4.678687769727618]",1
180989.0,3.0,8.3,1.0,"[180989.0,3.0,8.3,1.0]","[0.9865441647815719,1.6032363542367636,3.1341358027260853,4.678687769727618]",1
235529.0,2.0,7.9,1.0,"[235529.0,2.0,7.9,1.0]","[1.2838336063895532,1.0688242361578424,2.9830931134380814,4.678687769727618]",1
59075.0,4.0,9.8,1.0,"[59075.0,4.0,9.8,1.0]","[0.32200905322683343,2.1376484723156848,3.700545887556101,4.678687769727618]",1
203828.0,4.0,7.8,1.0,"[203828.0,4.0,7.8,1.0]","[1.111036162524232,2.1376484723156848,2.94533244111608,4.678687769727618]",1
78054.0,1.0,6.2,1.0,"[78054.0,1.0,6.2,1.0]","[0.4254607641230175,0.5344121180789212,2.3411616839640637,4.678687769727618]",0
95481.0,4.0,7.0,1.0,"[95481.0,4.0,7.0,1.0]","[0.5204527534684941,2.1376484723156848,2.643247062540072,4.678687769727618]",1
244184.0,3.0,6.7,1.0,"[244184.0,3.0,6.7,1.0]","[1.3310107262486857,1.6032363542367636,2.5299650455740688,4.678687769727618]",1
96709.0,0.0,9.0,1.0,"[96709.0,0.0,9.0,1.0]","[0.5271463991284611,0.0,3.3984605089800923,4.678687769727618]",0
36279.0,0.0,8.3,1.0,"[36279.0,0.0,8.3,1.0]","[0.19775144209930243,0.0,3.1341358027260853,4.678687769727618]",0
180000.0,0.0,0.0,1.0,"[180000.0,0.0,0.0,1.0]","[0.9811532726336017,0.0,0.0,4.678687769727618]",0
255394.0,4.0,8.4,1.0,"[255394.0,4.0,8.4,1.0]","[1.3921147717277005,2.1376484723156848,3.1718964750480865,4.678687769727618]",1
147637.0,0.0,9.1,1.0,"[147637.0,0.0,9.1,1.0]","[0.8047473650655947,0.0,3.436221181302093,4.678687769727618]",0
137997.0,0.0,9.9,1.0,"[137997.0,0.0,9.9,1.0]","[0.7522011564645508,0.0,3.738306559878102,4.678687769727618]",0
136758.0,3.0,7.9,1.0,"[136758.0,3.0,7.9,1.0]","[0.7454475514379229,1.6032363542367636,2.9830931134380814,4.678687769727618]",1
229608.0,3.0,7.4,1.0,"[229608.0,3.0,7.4,1.0]","[1.2515591145714224,1.6032363542367636,2.7942897518280763,4.678687769727618]",1
191591.0,4.0,6.8,1.0,"[191591.0,4.0,6.8,1.0]","[1.0443340925396911,2.1376484723156848,2.5677257178960695,4.678687769727618]",1
75837.0,2.0,7.0,1.0,"[75837.0,2.0,7.0,1.0]","[0.4133762263150803,1.0688242361578424,2.643247062540072,4.678687769727618]",0
50885.0,2.0,7.7,1.0,"[50885.0,2.0,7.7,1.0]","[0.2773665793220046,1.0688242361578424,2.907571768794079,4.678687769727618]",1
36238.0,0.0,9.2,1.0,"[36238.0,0.0,9.2,1.0]","[0.19752795718720256,0.0,3.4739818536240943,4.678687769727618]",0
150972.0,1.0,6.3,1.0,"[150972.0,1.0,6.3,1.0]","[0.8229259548668896,0.5344121180789212,2.3789223562860644,4.678687769727618]",0
240104.0,1.0,7.0,1.0,"[240104.0,1.0,7.0,1.0]","[1.3087712520689907,0.5344121180789212,2.643247062540072,4.678687769727618]",0
68964.0,3.0,8.9,1.0,"[68964.0,3.0,8.9,1.0]","[0.3759125238550206,1.6032363542367636,3.3606998366580916,4.678687769727618]",1
81053.0,3.0,8.2,1.0,"[81053.0,3.0,8.2,1.0]","[0.4418078678153962,1.6032363542367636,3.096375130404084,4.678687769727618]",1
184670.0,5.0,7.8,1.0,"[184670.0,5.0,7.8,1.0]","[1.006608749206929,2.672060590394606,2.94533244111608,4.678687769727618]",1
152720.0,1.0,7.8,1.0,"[152720.0,1.0,7.8,1.0]","[0.8324540433144647,0.5344121180789212,2.94533244111608,4.678687769727618]",0
184185.0,4.0,7.0,1.0,"[184185.0,4.0,7.0,1.0]","[1.003965086222333,2.1376484723156848,2.643247062540072,4.678687769727618]",1
242057.0,3.0,9.1,1.0,"[242057.0,3.0,9.1,1.0]","[1.3194167650770652,1.6032363542367636,3.436221181302093,4.678687769727618]",1
225874.0,5.0,7.4,1.0,"[225874.0,5.0,7.4,1.0]","[1.2312056350157898,2.672060590394606,2.7942897518280763,4.678687769727618]",1
204402.0,2.0,7.8,1.0,"[204402.0,2.0,7.8,1.0]","[1.1141649512936302,1.0688242361578424,2.94533244111608,4.678687769727618]",1
146742.0,0.0,9.8,1.0,"[146742.0,0.0,9.8,1.0]","[0.7998688529599999,0.0,3.700545887556101,4.678687769727618]",0
136911.0,2.0,7.7,1.0,"[136911.0,2.0,7.7,1.0]","[0.7462815317196614,1.0688242361578424,2.907571768794079,4.678687769727618]",1
220628.0,4.0,8.8,1.0,"[220628.0,4.0,8.8,1.0]","[1.202610467970035,2.1376484723156848,3.322939164336091,4.678687769727618]",1
230925.0,5.0,8.8,1.0,"[230925.0,5.0,8.8,1.0]","[1.2587378860161915,2.672060590394606,3.322939164336091,4.678687769727618]",1
231298.0,1.0,7.9,1.0,"[231298.0,1.0,7.9,1.0]","[1.260771053631149,0.5344121180789212,2.9830931134380814,4.678687769727618]",0
221442.0,2.0,9.5,1.0,"[221442.0,2.0,9.5,1.0]","[1.2070474611029447,1.0688242361578424,3.5872638705900974,4.678687769727618]",1
136900.0,0.0,9.0,1.0,"[136900.0,0.0,9.0,1.0]","[0.7462215723530005,0.0,3.3984605089800923,4.678687769727618]",0
113063.0,0.0,8.7,1.0,"[113063.0,0.0,8.7,1.0]","[0.6162896247987384,0.0,3.285178492014089,4.678687769727618]",0
247210.0,2.0,7.2,1.0,"[247210.0,2.0,7.2,1.0]","[1.3475050029319593,1.0688242361578424,2.718768407184074,4.678687769727618]",1
121044.0,2.0,7.7,1.0,"[121044.0,2.0,7.7,1.0]","[0.6597928707370094,1.0688242361578424,2.907571768794079,4.678687769727618]",1
239258.0,3.0,6.9,1.0,"[239258.0,3.0,6.9,1.0]","[1.3041598316876126,1.6032363542367636,2.605486390218071,4.678687769727618]",1
52266.0,3.0,6.3,1.0,"[52266.0,3.0,6.3,1.0]","[0.2848942052637102,1.6032363542367636,2.3789223562860644,4.678687769727618]",1
56370.0,0.0,7.5,1.0,"[56370.0,0.0,7.5,1.0]","[0.3072644998797563,0.0,2.832050424150077,4.678687769727618]",0
139241.0,3.0,9.9,1.0,"[139241.0,3.0,9.9,1.0]","[0.7589820157487519,1.6032363542367636,3.738306559878102,4.678687769727618]",1
124323.0,3.0,7.8,1.0,"[124323.0,3.0,7.8,1.0]","[0.6776662128534848,1.6032363542367636,2.94533244111608,4.678687769727618]",1
145747.0,1.0,6.9,1.0,"[145747.0,1.0,6.9,1.0]","[0.794445255702942,0.5344121180789212,2.605486390218071,4.678687769727618]",0
53239.0,0.0,8.4,1.0,"[53239.0,0.0,8.4,1.0]","[0.2901978837874462,0.0,3.1718964750480865,4.678687769727618]",0
141373.0,0.0,8.5,1.0,"[141373.0,0.0,8.5,1.0]","[0.7706032311779454,0.0,3.2096571473700872,4.678687769727618]",0
42000.0,0.0,9.4,1.0,"[42000.0,0.0,9.4,1.0]","[0.22893576361450707,0.0,3.5495031982680967,4.678687769727618]",0
145302.0,5.0,7.3,1.0,"[145302.0,5.0,7.3,1.0]","[0.7920196267789311,2.672060590394606,2.756529079506075,4.678687769727618]",1
148723.0,2.0,6.4,1.0,"[148723.0,2.0,6.4,1.0]","[0.8106669898104841,1.0688242361578424,2.416683028608066,4.678687769727618]",0
272000.0,0.0,9.0,1.0,"[272000.0,0.0,9.0,1.0]","[1.4826316119796648,0.0,3.3984605089800923,4.678687769727618]",0
292600.0,0.0,7.4,1.0,"[292600.0,0.0,7.4,1.0]","[1.594919153181066,0.0,2.7942897518280763,4.678687769727618]",0
208297.0,3.0,6.1,1.0,"[208297.0,3.0,6.1,1.0]","[1.1353960179431186,1.6032363542367636,2.3034010116420625,4.678687769727618]",1
116767.0,0.0,9.0,1.0,"[116767.0,0.0,9.0,1.0]","[0.636479578808932,0.0,3.3984605089800923,4.678687769727618]",0
95000.0,0.0,8.1,1.0,"[95000.0,0.0,8.1,1.0]","[0.5178308938899565,0.0,3.058614458082083,4.678687769727618]",0
424409.0,0.0,8.7,1.0,"[424409.0,0.0,8.7,1.0]","[2.3133904404730794,0.0,3.285178492014089,4.678687769727618]",0
196320.0,3.0,8.5,1.0,"[196320.0,3.0,8.5,1.0]","[1.0701111693523817,1.6032363542367636,3.2096571473700872,4.678687769727618]",1
118109.0,0.0,8.0,1.0,"[118109.0,0.0,8.0,1.0]","[0.6437946215415671,0.0,3.020853785760082,4.678687769727618]",0
49500.0,0.0,9.4,1.0,"[49500.0,0.0,9.4,1.0]","[0.2698171499742405,0.0,3.5495031982680967,4.678687769727618]",0
127936.0,3.0,8.4,1.0,"[127936.0,3.0,8.4,1.0]","[0.6973601393758471,1.6032363542367636,3.1718964750480865,4.678687769727618]",1
187007.0,0.0,8.9,1.0,"[187007.0,0.0,8.9,1.0]","[1.019347389196622,0.0,3.3606998366580916,4.678687769727618]",0
44291.0,0.0,8.1,1.0,"[44291.0,0.0,8.1,1.0]","[0.24142366443452698,0.0,3.058614458082083,4.678687769727618]",0
51295.0,0.0,7.7,1.0,"[51295.0,0.0,7.7,1.0]","[0.27960142844300334,0.0,2.907571768794079,4.678687769727618]",0
163743.0,0.0,7.2,1.0,"[163743.0,0.0,7.2,1.0]","[0.8925387795602436,0.0,2.718768407184074,4.678687769727618]",0
192016.0,3.0,7.8,1.0,"[192016.0,3.0,7.8,1.0]","[1.0466507044334092,1.6032363542367636,2.94533244111608,4.678687769727618]",1
238791.0,5.0,8.1,1.0,"[238791.0,5.0,8.1,1.0]","[1.30161428403028,2.672060590394606,3.058614458082083,4.678687769727618]",1
65229.0,0.0,0.0,1.0,"[65229.0,0.0,0.0,1.0]","[0.35555359344787335,0.0,0.0,4.678687769727618]",0
123957.0,1.0,10.0,1.0,"[123957.0,1.0,10.0,1.0]","[0.6756712011991298,0.5344121180789212,3.7760672322001025,4.678687769727618]",0
184479.0,2.0,9.4,1.0,"[184479.0,2.0,9.4,1.0]","[1.0055676365676345,1.0688242361578424,3.5495031982680967,4.678687769727618]",1
151285.0,4.0,6.6,1.0,"[151285.0,4.0,6.6,1.0]","[0.8246320713909691,2.1376484723156848,2.4922043732520676,4.678687769727618]",1
62528.0,1.0,7.7,1.0,"[62528.0,1.0,7.7,1.0]","[0.3408308435068547,0.5344121180789212,2.907571768794079,4.678687769727618]",0
158963.0,1.0,9.0,1.0,"[158963.0,1.0,9.0,1.0]","[0.8664837093203068,0.5344121180789212,3.3984605089800923,4.678687769727618]",0
130068.0,5.0,9.9,1.0,"[130068.0,5.0,9.9,1.0]","[0.7089813548050407,2.672060590394606,3.738306559878102,4.678687769727618]",1
934854.0,0.0,9.8,1.0,"[934854.0,0.0,9.8,1.0]","[5.095750341858961,0.0,3.700545887556101,4.678687769727618]",1
187901.0,0.0,8.8,1.0,"[187901.0,0.0,8.8,1.0]","[1.0242204504507022,0.0,3.322939164336091,4.678687769727618]",0
67962.0,2.0,8.5,1.0,"[67962.0,2.0,8.5,1.0]","[0.3704507706373602,1.0688242361578424,3.2096571473700872,4.678687769727618]",1
179673.0,4.0,9.1,1.0,"[179673.0,4.0,9.1,1.0]","[0.9793708441883173,2.1376484723156848,3.436221181302093,4.678687769727618]",1
174480.0,0.0,9.4,1.0,"[174480.0,0.0,9.4,1.0]","[0.9510645722728379,0.0,3.5495031982680967,4.678687769727618]",0
189176.0,4.0,7.3,1.0,"[189176.0,4.0,7.3,1.0]","[1.0311702861318568,2.1376484723156848,2.756529079506075,4.678687769727618]",1
232072.0,2.0,9.6,1.0,"[232072.0,2.0,9.6,1.0]","[1.2649900127034734,1.0688242361578424,3.625024542912098,4.678687769727618]",1
70262.0,3.0,7.8,1.0,"[70262.0,3.0,7.8,1.0]","[0.3829877291210118,1.6032363542367636,2.94533244111608,4.678687769727618]",1
45450.0,0.0,0.0,1.0,"[45450.0,0.0,0.0,1.0]","[0.24774120133998442,0.0,0.0,4.678687769727618]",0
366408.0,0.0,9.5,1.0,"[366408.0,0.0,9.5,1.0]","[1.9972356017729598,0.0,3.5872638705900974,4.678687769727618]",0
51727.0,0.0,9.1,1.0,"[51727.0,0.0,9.1,1.0]","[0.281956196297324,0.0,3.436221181302093,4.678687769727618]",0
117174.0,4.0,8.3,1.0,"[117174.0,4.0,8.3,1.0]","[0.6386980753753869,2.1376484723156848,3.1341358027260853,4.678687769727618]",1
224099.0,3.0,6.3,1.0,"[224099.0,3.0,6.3,1.0]","[1.2215303735773195,1.6032363542367636,2.3789223562860644,4.678687769727618]",1
120749.0,2.0,6.9,1.0,"[120749.0,2.0,6.9,1.0]","[0.6581848695401932,1.0688242361578424,2.605486390218071,4.678687769727618]",1
118982.0,1.0,7.4,1.0,"[118982.0,1.0,7.4,1.0]","[0.64855321491384,0.5344121180789212,2.7942897518280763,4.678687769727618]",0
2700000.0,0.0,0.0,1.0,"[2700000.0,0.0,0.0,1.0]","[14.717299089504026,0.0,0.0,4.678687769727618]",1
186000.0,0.0,9.2,1.0,"[186000.0,0.0,9.2,1.0]","[1.0138583817213884,0.0,3.4739818536240943,4.678687769727618]",0
49701.0,1.0,9.6,1.0,"[49701.0,1.0,9.6,1.0]","[0.27091277112868134,0.5344121180789212,3.625024542912098,4.678687769727618]",0
202478.0,4.0,8.3,1.0,"[202478.0,4.0,8.3,1.0]","[1.10367751297948,2.1376484723156848,3.1341358027260853,4.678687769727618]",1
123360.0,1.0,8.7,1.0,"[123360.0,1.0,8.7,1.0]","[0.672417042844895,0.5344121180789212,3.285178492014089,4.678687769727618]",0
159519.0,4.0,8.6,1.0,"[159519.0,4.0,8.6,1.0]","[0.8695143827624418,2.1376484723156848,3.247417819692088,4.678687769727618]",1
215058.0,4.0,8.7,1.0,"[215058.0,4.0,8.7,1.0]","[1.1722492250335395,2.1376484723156848,3.285178492014089,4.678687769727618]",1
165000.0,0.0,8.4,1.0,"[165000.0,0.0,8.4,1.0]","[0.8993904999141349,0.0,3.1718964750480865,4.678687769727618]",0
133796.0,3.0,6.4,1.0,"[133796.0,3.0,6.4,1.0]","[0.7293021292515854,1.6032363542367636,2.416683028608066,4.678687769727618]",1
46784.0,3.0,9.4,1.0,"[46784.0,3.0,9.4,1.0]","[0.25501263726050233,1.6032363542367636,3.5495031982680967,4.678687769727618]",1
82506.0,4.0,7.3,1.0,"[82506.0,4.0,7.3,1.0]","[0.44972795506615526,2.1376484723156848,2.756529079506075,4.678687769727618]",1
53727.0,1.0,7.5,1.0,"[53727.0,1.0,7.5,1.0]","[0.29285789932658624,0.5344121180789212,2.832050424150077,4.678687769727618]",0
212380.0,1.0,7.4,1.0,"[212380.0,1.0,7.4,1.0]","[1.1576518446773574,0.5344121180789212,2.7942897518280763,4.678687769727618]",0
220911.0,5.0,7.1,1.0,"[220911.0,5.0,7.1,1.0]","[1.2041530589486755,2.672060590394606,2.6810077348620727,4.678687769727618]",1
99953.0,5.0,7.5,1.0,"[99953.0,5.0,7.5,1.0]","[0.5448289614419244,2.672060590394606,2.832050424150077,4.678687769727618]",1
127505.0,0.0,7.8,1.0,"[127505.0,0.0,7.8,1.0]","[0.695010822373041,0.0,2.94533244111608,4.678687769727618]",0
205200.0,4.0,8.7,1.0,"[205200.0,4.0,8.7,1.0]","[1.118514730802306,2.1376484723156848,3.285178492014089,4.678687769727618]",1
198576.0,2.0,6.6,1.0,"[198576.0,2.0,6.6,1.0]","[1.0824082903693895,1.0688242361578424,2.4922043732520676,4.678687769727618]",1
288608.0,0.0,9.6,1.0,"[288608.0,0.0,9.6,1.0]","[1.5731593539346584,0.0,3.625024542912098,4.678687769727618]",0
192679.0,4.0,7.6,1.0,"[192679.0,4.0,7.6,1.0]","[1.0502646189876097,2.1376484723156848,2.8698110964720778,4.678687769727618]",1
25073.0,0.0,9.1,1.0,"[25073.0,0.0,9.1,1.0]","[0.13666920002634608,0.0,3.436221181302093,4.678687769727618]",0
107126.0,5.0,8.3,1.0,"[107126.0,5.0,8.3,1.0]","[0.5839279193563734,2.672060590394606,3.1341358027260853,4.678687769727618]",1
150748.0,2.0,6.9,1.0,"[150748.0,2.0,6.9,1.0]","[0.8217049641276122,1.0688242361578424,2.605486390218071,4.678687769727618]",1
91551.0,4.0,7.9,1.0,"[91551.0,4.0,7.9,1.0]","[0.49903090701599373,2.1376484723156848,2.9830931134380814,4.678687769727618]",1
138298.0,3.0,9.2,1.0,"[138298.0,3.0,9.2,1.0]","[0.7538418627704547,1.6032363542367636,3.4739818536240943,4.678687769727618]",1
105493.0,0.0,6.8,1.0,"[105493.0,0.0,6.8,1.0]","[0.5750266788329809,0.0,2.5677257178960695,4.678687769727618]",0
160380.0,0.0,9.2,1.0,"[160380.0,0.0,9.2,1.0]","[0.8742075659165391,0.0,3.4739818536240943,4.678687769727618]",0
238452.0,5.0,8.6,1.0,"[238452.0,5.0,8.6,1.0]","[1.29976644536682,2.672060590394606,3.247417819692088,4.678687769727618]",1
233270.0,5.0,8.0,1.0,"[233270.0,5.0,8.0,1.0]","[1.2715201328180015,2.672060590394606,3.020853785760082,4.678687769727618]",1
68502.0,0.0,8.6,1.0,"[68502.0,0.0,8.6,1.0]","[0.37339423045526104,0.0,3.247417819692088,4.678687769727618]",0
57121.0,1.0,9.1,1.0,"[57121.0,1.0,9.1,1.0]","[0.31135808936724424,0.5344121180789212,3.436221181302093,4.678687769727618]",0
72107.0,0.0,9.3,1.0,"[72107.0,0.0,9.3,1.0]","[0.3930445501655062,0.0,3.511742525946096,4.678687769727618]",0
66191.0,2.0,9.6,1.0,"[66191.0,2.0,9.6,1.0]","[0.3607973126049485,1.0688242361578424,3.625024542912098,4.678687769727618]",1
81777.0,3.0,7.7,1.0,"[81777.0,3.0,7.7,1.0]","[0.44575428431198916,1.6032363542367636,2.907571768794079,4.678687769727618]",1
85898.0,0.0,9.6,1.0,"[85898.0,0.0,9.6,1.0]","[0.468217243403784,0.0,3.625024542912098,4.678687769727618]",0
72476.0,3.0,7.8,1.0,"[72476.0,3.0,7.8,1.0]","[0.3950559143744051,1.6032363542367636,2.94533244111608,4.678687769727618]",1
86528.0,0.0,8.3,1.0,"[86528.0,0.0,8.3,1.0]","[0.4716512798580016,0.0,3.1341358027260853,4.678687769727618]",0
15000.0,0.0,8.4,1.0,"[15000.0,0.0,8.4,1.0]","[0.08176277271946682,0.0,3.1718964750480865,4.678687769727618]",0
108250.0,3.0,7.8,1.0,"[108250.0,3.0,7.8,1.0]","[0.5900546764588188,1.6032363542367636,2.94533244111608,4.678687769727618]",1
74205.0,4.0,8.0,1.0,"[74205.0,4.0,8.0,1.0]","[0.4044804366432023,2.1376484723156848,3.020853785760082,4.678687769727618]",1
77845.0,0.0,8.3,1.0,"[77845.0,0.0,8.3,1.0]","[0.42432153615645957,0.0,3.1341358027260853,4.678687769727618]",0
169089.0,5.0,8.0,1.0,"[169089.0,5.0,8.0,1.0]","[0.9216790317574616,2.672060590394606,3.020853785760082,4.678687769727618]",1
97218.0,1.0,8.5,1.0,"[97218.0,1.0,8.5,1.0]","[0.5299208825494083,0.5344121180789212,3.2096571473700872,4.678687769727618]",0
56000.0,0.0,7.7,1.0,"[56000.0,0.0,7.7,1.0]","[0.3052476848193428,0.0,2.907571768794079,4.678687769727618]",0
25054.0,0.0,7.9,1.0,"[25054.0,0.0,7.9,1.0]","[0.1365656338475681,0.0,2.9830931134380814,4.678687769727618]",0
40000.0,0.0,8.2,1.0,"[40000.0,0.0,8.2,1.0]","[0.21803406058524483,0.0,3.096375130404084,4.678687769727618]",0
55955.0,4.0,6.3,1.0,"[55955.0,4.0,6.3,1.0]","[0.3050023965011844,2.1376484723156848,2.3789223562860644,4.678687769727618]",1
216573.0,0.0,9.0,1.0,"[216573.0,0.0,9.0,1.0]","[1.1805072650782058,0.0,3.3984605089800923,4.678687769727618]",0
116972.0,4.0,8.3,1.0,"[116972.0,4.0,8.3,1.0]","[0.6375970033694315,2.1376484723156848,3.1341358027260853,4.678687769727618]",1
108567.0,5.0,9.4,1.0,"[108567.0,5.0,9.4,1.0]","[0.5917825963889569,2.672060590394606,3.5495031982680967,4.678687769727618]",1
123292.0,2.0,7.3,1.0,"[123292.0,2.0,7.3,1.0]","[0.6720463849419002,1.0688242361578424,2.756529079506075,4.678687769727618]",1
98425.0,5.0,8.9,1.0,"[98425.0,5.0,8.9,1.0]","[0.536500060327568,2.672060590394606,3.3606998366580916,4.678687769727618]",1
68503.0,0.0,7.7,1.0,"[68503.0,0.0,7.7,1.0]","[0.37339968130677564,0.0,2.907571768794079,4.678687769727618]",0
107508.0,3.0,7.3,1.0,"[107508.0,3.0,7.3,1.0]","[0.5860101446349625,1.6032363542367636,2.756529079506075,4.678687769727618]",1
141178.0,4.0,6.9,1.0,"[141178.0,4.0,6.9,1.0]","[0.7695403151325924,2.1376484723156848,2.605486390218071,4.678687769727618]",1
91976.0,4.0,6.8,1.0,"[91976.0,4.0,6.8,1.0]","[0.501347518909712,2.1376484723156848,2.5677257178960695,4.678687769727618]",1
57419.0,1.0,7.1,1.0,"[57419.0,1.0,7.1,1.0]","[0.31298244311860435,0.5344121180789212,2.6810077348620727,4.678687769727618]",0
82353.0,0.0,9.3,1.0,"[82353.0,0.0,9.3,1.0]","[0.44889397478441667,0.0,3.511742525946096,4.678687769727618]",0
149784.0,3.0,8.2,1.0,"[149784.0,3.0,8.2,1.0]","[0.8164503432675078,1.6032363542367636,3.096375130404084,4.678687769727618]",1
106855.0,0.0,9.4,1.0,"[106855.0,0.0,9.4,1.0]","[0.5824507385959085,0.0,3.5495031982680967,4.678687769727618]",0
141420.0,2.0,9.4,1.0,"[141420.0,2.0,9.4,1.0]","[0.7708594211991331,1.0688242361578424,3.5495031982680967,4.678687769727618]",1
119839.0,1.0,9.4,1.0,"[119839.0,1.0,9.4,1.0]","[0.6532245946618789,0.5344121180789212,3.5495031982680967,4.678687769727618]",0
113400.0,0.0,10.0,1.0,"[113400.0,0.0,10.0,1.0]","[0.6181265617591691,0.0,3.7760672322001025,4.678687769727618]",0
55319.0,2.0,9.8,1.0,"[55319.0,2.0,9.8,1.0]","[0.301535654937879,1.0688242361578424,3.700545887556101,4.678687769727618]",1
226750.0,3.0,9.0,1.0,"[226750.0,3.0,9.0,1.0]","[1.2359805809426065,1.6032363542367636,3.3984605089800923,4.678687769727618]",1
88106.0,0.0,8.7,1.0,"[88106.0,0.0,8.7,1.0]","[0.4802527235480895,0.0,3.285178492014089,4.678687769727618]",0
68002.0,0.0,8.9,1.0,"[68002.0,0.0,8.9,1.0]","[0.3706688046979455,0.0,3.3606998366580916,4.678687769727618]",0
191461.0,2.0,7.1,1.0,"[191461.0,2.0,7.1,1.0]","[1.043625481842789,1.0688242361578424,2.6810077348620727,4.678687769727618]",1
140001.0,3.0,10.0,1.0,"[140001.0,3.0,10.0,1.0]","[0.7631246628998716,1.6032363542367636,3.7760672322001025,4.678687769727618]",1
179848.0,0.0,7.7,1.0,"[179848.0,0.0,7.7,1.0]","[0.9803247432033778,0.0,2.907571768794079,4.678687769727618]",0
166695.0,0.0,8.0,1.0,"[166695.0,0.0,8.0,1.0]","[0.9086296932314347,0.0,3.020853785760082,4.678687769727618]",0
184597.0,2.0,6.3,1.0,"[184597.0,2.0,6.3,1.0]","[1.006210837046361,1.0688242361578424,2.3789223562860644,4.678687769727618]",1
162456.0,2.0,6.3,1.0,"[162456.0,2.0,6.3,1.0]","[0.8855235336609133,1.0688242361578424,2.3789223562860644,4.678687769727618]",1
114396.0,3.0,9.0,1.0,"[114396.0,3.0,9.0,1.0]","[0.6235556098677417,1.6032363542367636,3.3984605089800923,4.678687769727618]",1
66463.0,3.0,8.8,1.0,"[66463.0,3.0,8.8,1.0]","[0.36227994421692816,1.6032363542367636,3.322939164336091,4.678687769727618]",1
136624.0,3.0,8.2,1.0,"[136624.0,3.0,8.2,1.0]","[0.7447171373349623,1.6032363542367636,3.096375130404084,4.678687769727618]",1
100766.0,1.0,8.5,1.0,"[100766.0,1.0,8.5,1.0]","[0.5492605037233195,0.5344121180789212,3.2096571473700872,4.678687769727618]",0
395791.0,0.0,9.6,1.0,"[395791.0,0.0,9.6,1.0]","[2.1573979718273657,0.0,3.625024542912098,4.678687769727618]",0
322117.0,0.0,9.2,1.0,"[322117.0,0.0,9.2,1.0]","[1.7558119373384327,0.0,3.4739818536240943,4.678687769727618]",0
167456.0,5.0,8.5,1.0,"[167456.0,5.0,8.5,1.0]","[0.912777791234069,2.672060590394606,3.2096571473700872,4.678687769727618]",1
72859.0,5.0,7.2,1.0,"[72859.0,5.0,7.2,1.0]","[0.3971435905045088,2.672060590394606,2.718768407184074,4.678687769727618]",1
158164.0,2.0,9.0,1.0,"[158164.0,2.0,9.0,1.0]","[0.8621284789601166,1.0688242361578424,3.3984605089800923,4.678687769727618]",1
142563.0,3.0,6.3,1.0,"[142563.0,3.0,6.3,1.0]","[0.7770897444803565,1.6032363542367636,2.3789223562860644,4.678687769727618]",1
110759.0,2.0,8.7,1.0,"[110759.0,2.0,8.7,1.0]","[0.6037308629090283,1.0688242361578424,3.285178492014089,4.678687769727618]",1
200158.0,1.0,8.8,1.0,"[200158.0,1.0,8.8,1.0]","[1.091031537465536,0.5344121180789212,3.322939164336091,4.678687769727618]",0
144600.0,2.0,9.0,1.0,"[144600.0,2.0,9.0,1.0]","[0.7881931290156601,1.0688242361578424,3.3984605089800923,4.678687769727618]",1
63000.0,0.0,9.1,1.0,"[63000.0,0.0,9.1,1.0]","[0.3434036454217606,0.0,3.436221181302093,4.678687769727618]",0
46977.0,4.0,6.2,1.0,"[46977.0,4.0,6.2,1.0]","[0.25606465160282615,2.1376484723156848,2.3411616839640637,4.678687769727618]",1
149426.0,0.0,8.6,1.0,"[149426.0,0.0,8.6,1.0]","[0.8144989384252699,0.0,3.247417819692088,4.678687769727618]",0
174370.0,1.0,8.1,1.0,"[174370.0,1.0,8.1,1.0]","[0.9504649786062285,0.5344121180789212,3.058614458082083,4.678687769727618]",0
140830.0,4.0,6.4,1.0,"[140830.0,4.0,6.4,1.0]","[0.7676434188055007,2.1376484723156848,2.416683028608066,4.678687769727618]",1
152581.0,4.0,6.7,1.0,"[152581.0,4.0,6.7,1.0]","[0.831696374953931,2.1376484723156848,2.5299650455740688,4.678687769727618]",1
59759.0,4.0,8.8,1.0,"[59759.0,4.0,8.8,1.0]","[0.32573743566284113,2.1376484723156848,3.322939164336091,4.678687769727618]",1
192429.0,0.0,9.3,1.0,"[192429.0,0.0,9.3,1.0]","[1.048901906108952,0.0,3.511742525946096,4.678687769727618]",0
138106.0,5.0,7.9,1.0,"[138106.0,5.0,7.9,1.0]","[0.7527952992796455,2.672060590394606,2.9830931134380814,4.678687769727618]",1
50300.0,5.0,7.3,1.0,"[50300.0,5.0,7.3,1.0]","[0.27417783118594535,2.672060590394606,2.756529079506075,4.678687769727618]",1
91505.0,1.0,6.7,1.0,"[91505.0,1.0,6.7,1.0]","[0.4987801678463207,0.5344121180789212,2.5299650455740688,4.678687769727618]",0
93886.0,1.0,6.8,1.0,"[93886.0,1.0,6.8,1.0]","[0.5117586453026574,0.5344121180789212,2.5677257178960695,4.678687769727618]",0
205418.0,3.0,7.7,1.0,"[205418.0,3.0,7.7,1.0]","[1.1197030164324955,1.6032363542367636,2.907571768794079,4.678687769727618]",1
53686.0,0.0,8.3,1.0,"[53686.0,0.0,8.3,1.0]","[0.29263441441448634,0.0,3.1341358027260853,4.678687769727618]",0
186300.0,0.0,9.2,1.0,"[186300.0,0.0,9.2,1.0]","[1.015493637175778,0.0,3.4739818536240943,4.678687769727618]",0
370718.0,4.0,9.2,1.0,"[370718.0,4.0,9.2,1.0]","[2.0207287718010196,2.1376484723156848,3.4739818536240943,4.678687769727618]",1
139643.0,4.0,7.4,1.0,"[139643.0,4.0,7.4,1.0]","[0.7611732580576336,2.1376484723156848,2.7942897518280763,4.678687769727618]",1
249741.0,5.0,6.7,1.0,"[249741.0,5.0,6.7,1.0]","[1.3613011081154907,2.672060590394606,2.5299650455740688,4.678687769727618]",1
113862.0,4.0,9.6,1.0,"[113862.0,4.0,9.6,1.0]","[0.6206448551589286,2.1376484723156848,3.625024542912098,4.678687769727618]",1
199388.0,4.0,9.4,1.0,"[199388.0,4.0,9.4,1.0]","[1.0868343817992698,2.1376484723156848,3.5495031982680967,4.678687769727618]",1
225000.0,0.0,9.9,1.0,"[225000.0,0.0,9.9,1.0]","[1.226441590792002,0.0,3.738306559878102,4.678687769727618]",0
120794.0,0.0,7.7,1.0,"[120794.0,0.0,7.7,1.0]","[0.6584301578583516,0.0,2.907571768794079,4.678687769727618]",0
132533.0,5.0,9.2,1.0,"[132533.0,5.0,9.2,1.0]","[0.7224177037886064,2.672060590394606,3.4739818536240943,4.678687769727618]",1
219141.0,4.0,6.3,1.0,"[219141.0,4.0,6.3,1.0]","[1.1945050517677784,2.1376484723156848,2.3789223562860644,4.678687769727618]",1
238164.0,5.0,7.0,1.0,"[238164.0,5.0,7.0,1.0]","[1.2981966001306062,2.672060590394606,2.643247062540072,4.678687769727618]",1
123922.0,3.0,10.0,1.0,"[123922.0,3.0,10.0,1.0]","[0.6754804213961177,1.6032363542367636,3.7760672322001025,4.678687769727618]",1
203144.0,2.0,8.6,1.0,"[203144.0,2.0,8.6,1.0]","[1.1073077800882243,1.0688242361578424,3.247417819692088,4.678687769727618]",1
246613.0,5.0,7.0,1.0,"[246613.0,5.0,7.0,1.0]","[1.3442508445777246,2.672060590394606,2.643247062540072,4.678687769727618]",1
213869.0,5.0,7.6,1.0,"[213869.0,5.0,7.6,1.0]","[1.1657681625826433,2.672060590394606,2.8698110964720778,4.678687769727618]",1
130960.0,0.0,9.4,1.0,"[130960.0,0.0,9.4,1.0]","[0.7138435143560916,0.0,3.5495031982680967,4.678687769727618]",0
32200.0,0.0,7.8,1.0,"[32200.0,0.0,7.8,1.0]","[0.1755174187711221,0.0,2.94533244111608,4.678687769727618]",0
89791.0,1.0,7.6,1.0,"[89791.0,1.0,7.6,1.0]","[0.48943740835024296,0.5344121180789212,2.8698110964720778,4.678687769727618]",0
111658.0,3.0,6.0,1.0,"[111658.0,3.0,6.0,1.0]","[0.6086311784206817,1.6032363542367636,2.2656403393200617,4.678687769727618]",1
75042.0,4.0,7.2,1.0,"[75042.0,4.0,7.2,1.0]","[0.40904279936094856,2.1376484723156848,2.718768407184074,4.678687769727618]",1
209312.0,0.0,9.3,1.0,"[209312.0,0.0,9.3,1.0]","[1.140928632230469,0.0,3.511742525946096,4.678687769727618]",0
360000.0,0.0,9.3,1.0,"[360000.0,0.0,9.3,1.0]","[1.9623065452672035,0.0,3.511742525946096,4.678687769727618]",0
133650.0,0.0,9.1,1.0,"[133650.0,0.0,9.1,1.0]","[0.7285063049304493,0.0,3.436221181302093,4.678687769727618]",0
154512.0,5.0,8.8,1.0,"[154512.0,5.0,8.8,1.0]","[0.8422219692286838,2.672060590394606,3.322939164336091,4.678687769727618]",1
53706.0,2.0,7.7,1.0,"[53706.0,2.0,7.7,1.0]","[0.292743431444779,1.0688242361578424,2.907571768794079,4.678687769727618]",1
249818.0,5.0,8.7,1.0,"[249818.0,5.0,8.7,1.0]","[1.3617208236821172,2.672060590394606,3.285178492014089,4.678687769727618]",1
132466.0,1.0,7.6,1.0,"[132466.0,1.0,7.6,1.0]","[0.722052496737126,0.5344121180789212,2.8698110964720778,4.678687769727618]",0
206340.0,4.0,7.0,1.0,"[206340.0,4.0,7.0,1.0]","[1.1247287015289855,2.1376484723156848,2.643247062540072,4.678687769727618]",1
159538.0,3.0,7.2,1.0,"[159538.0,3.0,7.2,1.0]","[0.8696179489412197,1.6032363542367636,2.718768407184074,4.678687769727618]",1
187901.0,0.0,7.9,1.0,"[187901.0,0.0,7.9,1.0]","[1.0242204504507022,0.0,2.9830931134380814,4.678687769727618]",0
124896.0,4.0,6.4,1.0,"[124896.0,4.0,6.4,1.0]","[0.6807895507713685,2.1376484723156848,2.416683028608066,4.678687769727618]",1
77515.0,0.0,8.6,1.0,"[77515.0,0.0,8.6,1.0]","[0.42252275515663135,0.0,3.247417819692088,4.678687769727618]",0
18000.0,0.0,0.0,1.0,"[18000.0,0.0,0.0,1.0]","[0.09811532726336017,0.0,0.0,4.678687769727618]",0
134215.0,0.0,9.6,1.0,"[134215.0,0.0,9.6,1.0]","[0.7315860360362159,0.0,3.625024542912098,4.678687769727618]",0
129375.0,0.0,9.3,1.0,"[129375.0,0.0,9.3,1.0]","[0.7052039147054012,0.0,3.511742525946096,4.678687769727618]",0
53323.0,3.0,9.1,1.0,"[53323.0,3.0,9.1,1.0]","[0.29065575531467525,1.6032363542367636,3.436221181302093,4.678687769727618]",1
149358.0,1.0,9.0,1.0,"[149358.0,1.0,9.0,1.0]","[0.8141282805222749,0.5344121180789212,3.3984605089800923,4.678687769727618]",0
220287.0,4.0,8.6,1.0,"[220287.0,4.0,8.6,1.0]","[1.2007517276035458,2.1376484723156848,3.247417819692088,4.678687769727618]",1
127476.0,3.0,8.7,1.0,"[127476.0,3.0,8.7,1.0]","[0.6948527476791168,1.6032363542367636,3.285178492014089,4.678687769727618]",1
158830.0,1.0,9.4,1.0,"[158830.0,1.0,9.4,1.0]","[0.8657587460688609,0.5344121180789212,3.5495031982680967,4.678687769727618]",0
39600.0,0.0,9.5,1.0,"[39600.0,0.0,9.5,1.0]","[0.21585371997939237,0.0,3.5872638705900974,4.678687769727618]",0
159422.0,4.0,7.2,1.0,"[159422.0,4.0,7.2,1.0]","[0.8689856501655225,2.1376484723156848,2.718768407184074,4.678687769727618]",1
288000.0,0.0,9.3,1.0,"[288000.0,0.0,9.3,1.0]","[1.5698452362137627,0.0,3.511742525946096,4.678687769727618]",0
146026.0,0.0,8.6,1.0,"[146026.0,0.0,8.6,1.0]","[0.795966043275524,0.0,3.247417819692088,4.678687769727618]",0
230669.0,1.0,9.1,1.0,"[230669.0,1.0,9.1,1.0]","[1.257342468028446,0.5344121180789212,3.436221181302093,4.678687769727618]",0
71169.0,2.0,7.1,1.0,"[71169.0,2.0,7.1,1.0]","[0.38793165144478226,1.0688242361578424,2.6810077348620727,4.678687769727618]",0
168741.0,1.0,9.1,1.0,"[168741.0,1.0,9.1,1.0]","[0.9197821354303699,0.5344121180789212,3.436221181302093,4.678687769727618]",0
64939.0,1.0,9.4,1.0,"[64939.0,1.0,9.4,1.0]","[0.35397284650863037,0.5344121180789212,3.5495031982680967,4.678687769727618]",0
35000.0,0.0,9.1,1.0,"[35000.0,0.0,9.1,1.0]","[0.19077980301208922,0.0,3.436221181302093,4.678687769727618]",0
230895.0,0.0,7.6,1.0,"[230895.0,0.0,7.6,1.0]","[1.2585743604707527,0.0,2.8698110964720778,4.678687769727618]",0
61124.0,4.0,7.7,1.0,"[61124.0,4.0,7.7,1.0]","[0.33317784798031264,2.1376484723156848,2.907571768794079,4.678687769727618]",1
142179.0,0.0,4.8,1.0,"[142179.0,0.0,4.8,1.0]","[0.7749966174987382,0.0,1.812512271456049,4.678687769727618]",0
107820.0,0.0,9.0,1.0,"[107820.0,0.0,9.0,1.0]","[0.5877108103075275,0.0,3.3984605089800923,4.678687769727618]",0
144952.0,0.0,8.9,1.0,"[144952.0,0.0,8.9,1.0]","[0.7901118287488103,0.0,3.3606998366580916,4.678687769727618]",0
158700.0,0.0,7.1,1.0,"[158700.0,0.0,7.1,1.0]","[0.8650501353719589,0.0,2.6810077348620727,4.678687769727618]",0
36686.0,0.0,9.3,1.0,"[36686.0,0.0,9.3,1.0]","[0.1999699386657573,0.0,3.511742525946096,4.678687769727618]",0
189000.0,0.0,9.7,1.0,"[189000.0,0.0,9.7,1.0]","[1.0302109362652818,0.0,3.6627852152340994,4.678687769727618]",0
56932.0,1.0,9.6,1.0,"[56932.0,1.0,9.6,1.0]","[0.310327878430979,0.5344121180789212,3.625024542912098,4.678687769727618]",0
80219.0,0.0,8.5,1.0,"[80219.0,0.0,8.5,1.0]","[0.4372618576521939,0.0,3.2096571473700872,4.678687769727618]",0
213941.0,0.0,9.4,1.0,"[213941.0,0.0,9.4,1.0]","[1.1661606238916966,0.0,3.5495031982680967,4.678687769727618]",0
106980.0,2.0,7.6,1.0,"[106980.0,2.0,7.6,1.0]","[0.5831320950352373,1.0688242361578424,2.8698110964720778,4.678687769727618]",1
132004.0,2.0,9.8,1.0,"[132004.0,2.0,9.8,1.0]","[0.7195342033373665,1.0688242361578424,3.700545887556101,4.678687769727618]",1
146675.0,0.0,8.3,1.0,"[146675.0,0.0,8.3,1.0]","[0.7995036459085196,0.0,3.1341358027260853,4.678687769727618]",0
131135.0,4.0,7.6,1.0,"[131135.0,4.0,7.6,1.0]","[0.714797413371152,2.1376484723156848,2.8698110964720778,4.678687769727618]",1
360000.0,0.0,0.0,1.0,"[360000.0,0.0,0.0,1.0]","[1.9623065452672035,0.0,0.0,4.678687769727618]",0
42000.0,0.0,9.3,1.0,"[42000.0,0.0,9.3,1.0]","[0.22893576361450707,0.0,3.511742525946096,4.678687769727618]",0
211803.0,1.0,6.0,1.0,"[211803.0,1.0,6.0,1.0]","[1.1545067033534153,0.5344121180789212,2.2656403393200617,4.678687769727618]",0
156824.0,3.0,9.1,1.0,"[156824.0,3.0,9.1,1.0]","[0.8548243379305108,1.6032363542367636,3.436221181302093,4.678687769727618]",1
109369.0,3.0,9.1,1.0,"[109369.0,3.0,9.1,1.0]","[0.5961541793036911,1.6032363542367636,3.436221181302093,4.678687769727618]",1
127558.0,0.0,8.4,1.0,"[127558.0,0.0,8.4,1.0]","[0.6952997175033165,0.0,3.1718964750480865,4.678687769727618]",0
231539.0,5.0,9.7,1.0,"[231539.0,5.0,9.7,1.0]","[1.262084708846175,2.672060590394606,3.6627852152340994,4.678687769727618]",1
137886.0,2.0,6.1,1.0,"[137886.0,2.0,6.1,1.0]","[0.7515961119464267,1.0688242361578424,2.3034010116420625,4.678687769727618]",0
60000.0,0.0,10.0,1.0,"[60000.0,0.0,10.0,1.0]","[0.32705109087786727,0.0,3.7760672322001025,4.678687769727618]",0
157410.0,0.0,9.8,1.0,"[157410.0,0.0,9.8,1.0]","[0.8580185369180847,0.0,3.700545887556101,4.678687769727618]",0
64974.0,2.0,7.4,1.0,"[64974.0,2.0,7.4,1.0]","[0.35416362631164244,1.0688242361578424,2.7942897518280763,4.678687769727618]",1
119758.0,5.0,9.9,1.0,"[119758.0,5.0,9.9,1.0]","[0.6527830756891938,2.672060590394606,3.738306559878102,4.678687769727618]",1
54396.0,0.0,9.0,1.0,"[54396.0,0.0,9.0,1.0]","[0.29650451898987445,0.0,3.3984605089800923,4.678687769727618]",0
226607.0,1.0,6.0,1.0,"[226607.0,1.0,6.0,1.0]","[1.2352011091760144,0.5344121180789212,2.2656403393200617,4.678687769727618]",0
196397.0,5.0,6.7,1.0,"[196397.0,5.0,6.7,1.0]","[1.0705308849190083,2.672060590394606,2.5299650455740688,4.678687769727618]",1
120956.0,4.0,7.8,1.0,"[120956.0,4.0,7.8,1.0]","[0.6593131958037218,2.1376484723156848,2.94533244111608,4.678687769727618]",1
200000.0,0.0,9.2,1.0,"[200000.0,0.0,9.2,1.0]","[1.0901703029262242,0.0,3.4739818536240943,4.678687769727618]",0
59599.0,2.0,6.1,1.0,"[59599.0,2.0,6.1,1.0]","[0.3248652994205002,1.0688242361578424,2.3034010116420625,4.678687769727618]",0
168563.0,3.0,8.6,1.0,"[168563.0,3.0,8.6,1.0]","[0.9188118838607656,1.6032363542367636,3.247417819692088,4.678687769727618]",1
159611.0,5.0,9.7,1.0,"[159611.0,5.0,9.7,1.0]","[0.8700158611017879,2.672060590394606,3.6627852152340994,4.678687769727618]",1
240709.0,3.0,6.1,1.0,"[240709.0,3.0,6.1,1.0]","[1.3120690172353424,1.6032363542367636,2.3034010116420625,4.678687769727618]",1
216700.0,0.0,9.0,1.0,"[216700.0,0.0,9.0,1.0]","[1.1811995232205639,0.0,3.3984605089800923,4.678687769727618]",0
38484.0,0.0,8.8,1.0,"[38484.0,0.0,8.8,1.0]","[0.20977056968906405,0.0,3.322939164336091,4.678687769727618]",0
148500.0,0.0,9.6,1.0,"[148500.0,0.0,9.6,1.0]","[0.8094514499227214,0.0,3.625024542912098,4.678687769727618]",0
268431.0,0.0,9.3,1.0,"[268431.0,0.0,9.3,1.0]","[1.4631775229239463,0.0,3.511742525946096,4.678687769727618]",0
183786.0,5.0,7.0,1.0,"[183786.0,5.0,7.0,1.0]","[1.0017901964679952,2.672060590394606,2.643247062540072,4.678687769727618]",1
195983.0,1.0,6.3,1.0,"[195983.0,1.0,6.3,1.0]","[1.068274232391951,0.5344121180789212,2.3789223562860644,4.678687769727618]",0
197664.0,2.0,8.8,1.0,"[197664.0,2.0,8.8,1.0]","[1.0774371137880459,1.0688242361578424,3.322939164336091,4.678687769727618]",1
327250.0,0.0,9.6,1.0,"[327250.0,0.0,9.6,1.0]","[1.7837911581630344,0.0,3.625024542912098,4.678687769727618]",0
90624.0,0.0,8.6,1.0,"[90624.0,0.0,8.6,1.0]","[0.4939779676619307,0.0,3.247417819692088,4.678687769727618]",0
48552.0,3.0,8.9,1.0,"[48552.0,3.0,8.9,1.0]","[0.26464974273837016,1.6032363542367636,3.3606998366580916,4.678687769727618]",1
235418.0,2.0,6.5,1.0,"[235418.0,2.0,6.5,1.0]","[1.2832285618714292,1.0688242361578424,2.454443700930067,4.678687769727618]",1
148436.0,5.0,8.6,1.0,"[148436.0,5.0,8.6,1.0]","[0.809102595425785,2.672060590394606,3.247417819692088,4.678687769727618]",1
248463.0,5.0,6.8,1.0,"[248463.0,5.0,6.8,1.0]","[1.354334919879792,2.672060590394606,2.5677257178960695,4.678687769727618]",1
45067.0,0.0,8.1,1.0,"[45067.0,0.0,8.1,1.0]","[0.2456535252098807,0.0,3.058614458082083,4.678687769727618]",0
39223.0,0.0,0.0,1.0,"[39223.0,0.0,0.0,1.0]","[0.21379874895837644,0.0,0.0,4.678687769727618]",0
113286.0,1.0,8.6,1.0,"[113286.0,1.0,8.6,1.0]","[0.6175051646865012,0.5344121180789212,3.247417819692088,4.678687769727618]",0
108632.0,4.0,7.7,1.0,"[108632.0,4.0,7.7,1.0]","[0.5921369017374079,2.1376484723156848,2.907571768794079,4.678687769727618]",1
78147.0,5.0,9.5,1.0,"[78147.0,5.0,9.5,1.0]","[0.4259676933138782,2.672060590394606,3.5872638705900974,4.678687769727618]",1
98207.0,0.0,8.0,1.0,"[98207.0,0.0,8.0,1.0]","[0.5353117746973785,0.0,3.020853785760082,4.678687769727618]",0
149622.0,0.0,8.4,1.0,"[149622.0,0.0,8.4,1.0]","[0.8155673053221375,0.0,3.1718964750480865,4.678687769727618]",0
0.0,0.0,0.0,1.0,"(4,[3],[1.0])","(4,[3],[4.678687769727618])",0
0.0,0.0,0.0,1.0,"(4,[3],[1.0])","(4,[3],[4.678687769727618])",0
0.0,0.0,0.0,1.0,"(4,[3],[1.0])","(4,[3],[4.678687769727618])",0
105676.0,0.0,8.3,1.0,"[105676.0,0.0,8.3,1.0]","[0.5760241846601584,0.0,3.1341358027260853,4.678687769727618]",0
79181.0,5.0,8.8,1.0,"[79181.0,5.0,8.8,1.0]","[0.43160387378000675,2.672060590394606,3.322939164336091,4.678687769727618]",1
91516.0,4.0,8.7,1.0,"[91516.0,4.0,8.7,1.0]","[0.49884012721298165,2.1376484723156848,3.285178492014089,4.678687769727618]",1
233554.0,3.0,8.9,1.0,"[233554.0,3.0,8.9,1.0]","[1.2730681746481567,1.6032363542367636,3.3606998366580916,4.678687769727618]",1
602000.0,0.0,9.6,1.0,"[602000.0,0.0,9.6,1.0]","[3.2814126118079345,0.0,3.625024542912098,4.678687769727618]",0
55162.0,0.0,9.3,1.0,"[55162.0,0.0,9.3,1.0]","[0.3006798712500819,0.0,3.511742525946096,4.678687769727618]",0
37400.0,0.0,10.0,1.0,"[37400.0,0.0,10.0,1.0]","[0.20386184664720391,0.0,3.7760672322001025,4.678687769727618]",0
168300.0,0.0,8.2,1.0,"[168300.0,0.0,8.2,1.0]","[0.9173783099124176,0.0,3.096375130404084,4.678687769727618]",0
46205.0,0.0,0.0,1.0,"[46205.0,0.0,0.0,1.0]","[0.2518565942335309,0.0,0.0,4.678687769727618]",0
50201.0,4.0,7.6,1.0,"[50201.0,4.0,7.6,1.0]","[0.2736381968859969,2.1376484723156848,2.8698110964720778,4.678687769727618]",1
0.0,4.0,8.1,1.0,"[0.0,4.0,8.1,1.0]","[0.0,2.1376484723156848,3.058614458082083,4.678687769727618]",1
0.0,0.0,0.0,1.0,"(4,[3],[1.0])","(4,[3],[4.678687769727618])",0
42840.0,0.0,9.0,1.0,"[42840.0,0.0,9.0,1.0]","[0.23351447888679722,0.0,3.3984605089800923,4.678687769727618]",0
265020.0,5.0,8.6,1.0,"[265020.0,5.0,8.6,1.0]","[1.4445846684075396,2.672060590394606,3.247417819692088,4.678687769727618]",1
66519.0,0.0,7.5,1.0,"[66519.0,0.0,7.5,1.0]","[0.36258519190174754,0.0,2.832050424150077,4.678687769727618]",0
0.0,0.0,0.0,1.0,"(4,[3],[1.0])","(4,[3],[4.678687769727618])",0
118836.0,3.0,8.8,1.0,"[118836.0,3.0,8.8,1.0]","[0.6477573905927039,1.6032363542367636,3.322939164336091,4.678687769727618]",1
0.0,4.0,8.6,1.0,"[0.0,4.0,8.6,1.0]","[0.0,2.1376484723156848,3.247417819692088,4.678687769727618]",1
0.0,0.0,0.0,1.0,"(4,[3],[1.0])","(4,[3],[4.678687769727618])",0
59621.0,5.0,9.9,1.0,"[59621.0,5.0,9.9,1.0]","[0.32498521815382203,2.672060590394606,3.738306559878102,4.678687769727618]",1
135200.0,0.0,8.8,1.0,"[135200.0,0.0,8.8,1.0]","[0.7369551247781275,0.0,3.322939164336091,4.678687769727618]",0
0.0,0.0,0.0,1.0,"(4,[3],[1.0])","(4,[3],[4.678687769727618])",0
54804.0,0.0,8.6,1.0,"[54804.0,0.0,8.6,1.0]","[0.29872846640784395,0.0,3.247417819692088,4.678687769727618]",0
0.0,0.0,0.0,1.0,"(4,[3],[1.0])","(4,[3],[4.678687769727618])",0
222441.0,3.0,8.2,1.0,"[222441.0,3.0,8.2,1.0]","[1.212492861766061,1.6032363542367636,3.096375130404084,4.678687769727618]",1
81317.0,3.0,8.2,1.0,"[81317.0,3.0,8.2,1.0]","[0.44324689261525885,1.6032363542367636,3.096375130404084,4.678687769727618]",1
105619.0,3.0,8.2,1.0,"[105619.0,3.0,8.2,1.0]","[0.5757134861238243,1.6032363542367636,3.096375130404084,4.678687769727618]",1
0.0,0.0,0.0,1.0,"(4,[3],[1.0])","(4,[3],[4.678687769727618])",0
98505.0,0.0,7.1,1.0,"[98505.0,0.0,7.1,1.0]","[0.5369361284487385,0.0,2.6810077348620727,4.678687769727618]",0
95601.0,4.0,8.7,1.0,"[95601.0,4.0,8.7,1.0]","[0.5211068556502497,2.1376484723156848,3.285178492014089,4.678687769727618]",1
55857.0,0.0,0.0,1.0,"[55857.0,0.0,0.0,1.0]","[0.3044682130527505,0.0,0.0,4.678687769727618]",0
135814.0,0.0,0.0,1.0,"[135814.0,0.0,0.0,1.0]","[0.7403019476081111,0.0,0.0,4.678687769727618]",0
56890.0,0.0,0.0,1.0,"[56890.0,0.0,0.0,1.0]","[0.31009894266736443,0.0,0.0,4.678687769727618]",0
75240.0,0.0,9.9,1.0,"[75240.0,0.0,9.9,1.0]","[0.41012206796084555,0.0,3.738306559878102,4.678687769727618]",0
0.0,0.0,0.0,1.0,"(4,[3],[1.0])","(4,[3],[4.678687769727618])",0
0.0,4.0,8.3,1.0,"[0.0,4.0,8.3,1.0]","[0.0,2.1376484723156848,3.1341358027260853,4.678687769727618]",1
73072.0,3.0,8.4,1.0,"[73072.0,3.0,8.4,1.0]","[0.39830462187712523,1.6032363542367636,3.1718964750480865,4.678687769727618]",1
45133.0,0.0,0.0,1.0,"[45133.0,0.0,0.0,1.0]","[0.24601328140984638,0.0,0.0,4.678687769727618]",0
0.0,0.0,0.0,1.0,"(4,[3],[1.0])","(4,[3],[4.678687769727618])",0
126444.0,3.0,7.8,1.0,"[126444.0,3.0,7.8,1.0]","[0.6892274689160174,1.6032363542367636,2.94533244111608,4.678687769727618]",1
58587.0,0.0,7.6,1.0,"[58587.0,0.0,7.6,1.0]","[0.31934903768769346,0.0,2.8698110964720778,4.678687769727618]",0
184487.0,5.0,6.8,1.0,"[184487.0,5.0,6.8,1.0]","[1.0056112433797515,2.672060590394606,2.5677257178960695,4.678687769727618]",1
50137.0,2.0,6.9,1.0,"[50137.0,2.0,6.9,1.0]","[0.2732893423890605,1.0688242361578424,2.605486390218071,4.678687769727618]",0
243377.0,4.0,9.2,1.0,"[243377.0,4.0,9.2,1.0]","[1.3266118890763783,2.1376484723156848,3.4739818536240943,4.678687769727618]",1
0.0,4.0,8.6,1.0,"[0.0,4.0,8.6,1.0]","[0.0,2.1376484723156848,3.247417819692088,4.678687769727618]",1
88315.0,2.0,6.3,1.0,"[88315.0,2.0,6.3,1.0]","[0.4813919515146474,1.0688242361578424,2.3789223562860644,4.678687769727618]",0
94640.0,0.0,5.5,1.0,"[94640.0,0.0,5.5,1.0]","[0.5158685873446892,0.0,2.0768369777100566,4.678687769727618]",0
80000.0,0.0,9.9,1.0,"[80000.0,0.0,9.9,1.0]","[0.43606812117048965,0.0,3.738306559878102,4.678687769727618]",0
30645.0,0.0,8.6,1.0,"[30645.0,0.0,8.6,1.0]","[0.1670413446658707,0.0,3.247417819692088,4.678687769727618]",0
92081.0,0.0,0.0,1.0,"[92081.0,0.0,0.0,1.0]","[0.5019198583187482,0.0,0.0,4.678687769727618]",0
44417.0,0.0,0.0,1.0,"[44417.0,0.0,0.0,1.0]","[0.24211047172537048,0.0,0.0,4.678687769727618]",0
158628.0,4.0,8.0,1.0,"[158628.0,4.0,8.0,1.0]","[0.8646576740629054,2.1376484723156848,3.020853785760082,4.678687769727618]",1
49429.0,1.0,7.2,1.0,"[49429.0,1.0,7.2,1.0]","[0.26943013951670164,0.5344121180789212,2.718768407184074,4.678687769727618]",0
88471.0,3.0,8.9,1.0,"[88471.0,3.0,8.9,1.0]","[0.48224228435092986,1.6032363542367636,3.3606998366580916,4.678687769727618]",1
45165.0,0.0,9.3,1.0,"[45165.0,0.0,9.3,1.0]","[0.24618770865831457,0.0,3.511742525946096,4.678687769727618]",0
0.0,4.0,8.9,1.0,"[0.0,4.0,8.9,1.0]","[0.0,2.1376484723156848,3.3606998366580916,4.678687769727618]",1
0.0,0.0,0.0,1.0,"(4,[3],[1.0])","(4,[3],[4.678687769727618])",0
95281.0,0.0,8.5,1.0,"[95281.0,0.0,8.5,1.0]","[0.5193625831655678,0.0,3.2096571473700872,4.678687769727618]",0
132533.0,0.0,0.0,1.0,"[132533.0,0.0,0.0,1.0]","[0.7224177037886064,0.0,0.0,4.678687769727618]",0
73637.0,0.0,9.2,1.0,"[73637.0,0.0,9.2,1.0]","[0.4013843529828918,0.0,3.4739818536240943,4.678687769727618]",0
51280.0,0.0,0.0,1.0,"[51280.0,0.0,0.0,1.0]","[0.27951966567028386,0.0,0.0,4.678687769727618]",0
180500.0,4.0,8.1,1.0,"[180500.0,4.0,8.1,1.0]","[0.9838786983909172,2.1376484723156848,3.058614458082083,4.678687769727618]",1
94248.0,0.0,7.7,1.0,"[94248.0,0.0,7.7,1.0]","[0.5137318535509539,0.0,2.907571768794079,4.678687769727618]",0
270400.0,0.0,0.0,1.0,"[270400.0,0.0,0.0,1.0]","[1.473910249556255,0.0,0.0,4.678687769727618]",0
45265.0,0.0,8.9,1.0,"[45265.0,0.0,8.9,1.0]","[0.24673279380977767,0.0,3.3606998366580916,4.678687769727618]",0
54000.0,3.0,8.1,1.0,"[54000.0,3.0,8.1,1.0]","[0.29434598179008054,1.6032363542367636,3.058614458082083,4.678687769727618]",1
0.0,0.0,0.0,1.0,"(4,[3],[1.0])","(4,[3],[4.678687769727618])",0
0.0,0.0,0.0,1.0,"(4,[3],[1.0])","(4,[3],[4.678687769727618])",0
149023.0,5.0,9.9,1.0,"[149023.0,5.0,9.9,1.0]","[0.8123022452648735,2.672060590394606,3.738306559878102,4.678687769727618]",1
42007.0,3.0,8.1,1.0,"[42007.0,3.0,8.1,1.0]","[0.22897391957510949,1.6032363542367636,3.058614458082083,4.678687769727618]",1
90000.0,0.0,0.0,1.0,"[90000.0,0.0,0.0,1.0]","[0.4905766363168009,0.0,0.0,4.678687769727618]",0
194268.0,4.0,6.9,1.0,"[194268.0,4.0,6.9,1.0]","[1.0589260220443586,2.1376484723156848,2.605486390218071,4.678687769727618]",1
56327.0,3.0,8.1,1.0,"[56327.0,3.0,8.1,1.0]","[0.30703011326462715,1.6032363542367636,3.058614458082083,4.678687769727618]",1
95984.0,5.0,9.9,1.0,"[95984.0,5.0,9.9,1.0]","[0.5231945317803535,2.672060590394606,3.738306559878102,4.678687769727618]",1
88509.0,5.0,6.4,1.0,"[88509.0,5.0,6.4,1.0]","[0.48244941670848585,2.672060590394606,2.416683028608066,4.678687769727618]",1
177470.0,3.0,9.3,1.0,"[177470.0,3.0,9.3,1.0]","[0.967362618301585,1.6032363542367636,3.511742525946096,4.678687769727618]",1
243749.0,2.0,9.1,1.0,"[243749.0,2.0,9.1,1.0]","[1.328639605839821,1.0688242361578424,3.436221181302093,4.678687769727618]",1
40000.0,0.0,7.0,1.0,"[40000.0,0.0,7.0,1.0]","[0.21803406058524483,0.0,2.643247062540072,4.678687769727618]",0
0.0,0.0,0.0,1.0,"(4,[3],[1.0])","(4,[3],[4.678687769727618])",0
106482.0,3.0,9.4,1.0,"[106482.0,3.0,9.4,1.0]","[0.580417570980951,1.6032363542367636,3.5495031982680967,4.678687769727618]",1
138265.0,3.0,8.5,1.0,"[138265.0,3.0,8.5,1.0]","[0.7536619846704719,1.6032363542367636,3.2096571473700872,4.678687769727618]",1
102086.0,0.0,9.4,1.0,"[102086.0,0.0,9.4,1.0]","[0.5564556277226326,0.0,3.5495031982680967,4.678687769727618]",0
225718.0,3.0,7.2,1.0,"[225718.0,3.0,7.2,1.0]","[1.2303553021795073,1.6032363542367636,2.718768407184074,4.678687769727618]",1
105276.0,0.0,9.5,1.0,"[105276.0,0.0,9.5,1.0]","[0.5738438440543059,0.0,3.5872638705900974,4.678687769727618]",0
108701.0,0.0,9.2,1.0,"[108701.0,0.0,9.2,1.0]","[0.5925130104919174,0.0,3.4739818536240943,4.678687769727618]",0
118436.0,0.0,10.0,1.0,"[118436.0,0.0,10.0,1.0]","[0.6455770499868514,0.0,3.7760672322001025,4.678687769727618]",0
107101.0,4.0,8.4,1.0,"[107101.0,4.0,8.4,1.0]","[0.5837916480685077,2.1376484723156848,3.1718964750480865,4.678687769727618]",1
27939.0,3.0,8.5,1.0,"[27939.0,3.0,8.5,1.0]","[0.15229134046727888,1.6032363542367636,3.2096571473700872,4.678687769727618]",1
191574.0,1.0,7.2,1.0,"[191574.0,1.0,7.2,1.0]","[1.0442414280639423,0.5344121180789212,2.718768407184074,4.678687769727618]",0
53730.0,3.0,8.0,1.0,"[53730.0,3.0,8.0,1.0]","[0.29287425188113014,1.6032363542367636,3.020853785760082,4.678687769727618]",1
77350.0,2.0,8.8,1.0,"[77350.0,2.0,8.8,1.0]","[0.4216233646567172,1.0688242361578424,3.322939164336091,4.678687769727618]",1
37856.0,0.0,8.9,1.0,"[37856.0,0.0,8.9,1.0]","[0.20634743493787572,0.0,3.3606998366580916,4.678687769727618]",0
74764.0,0.0,8.9,1.0,"[74764.0,0.0,8.9,1.0]","[0.4075274626398811,0.0,3.3606998366580916,4.678687769727618]",0
0.0,0.0,0.0,1.0,"(4,[3],[1.0])","(4,[3],[4.678687769727618])",0
80122.0,0.0,0.0,1.0,"[80122.0,0.0,0.0,1.0]","[0.4367331250552747,0.0,0.0,4.678687769727618]",0
163680.0,0.0,8.6,1.0,"[163680.0,0.0,8.6,1.0]","[0.8921953759148218,0.0,3.247417819692088,4.678687769727618]",0
42984.0,3.0,7.7,1.0,"[42984.0,3.0,7.7,1.0]","[0.23429940150490408,1.6032363542367636,2.907571768794079,4.678687769727618]",1
151369.0,4.0,7.3,1.0,"[151369.0,4.0,7.3,1.0]","[0.8250899429181981,2.1376484723156848,2.756529079506075,4.678687769727618]",1
348075.0,0.0,8.2,1.0,"[348075.0,0.0,8.2,1.0]","[1.8973051409552273,0.0,3.096375130404084,4.678687769727618]",0
237450.0,5.0,7.9,1.0,"[237450.0,5.0,7.9,1.0]","[1.2943046921491597,2.672060590394606,2.9830931134380814,4.678687769727618]",1
51815.0,1.0,9.1,1.0,"[51815.0,1.0,9.1,1.0]","[0.28243587123061153,0.5344121180789212,3.436221181302093,4.678687769727618]",0
135779.0,1.0,7.1,1.0,"[135779.0,1.0,7.1,1.0]","[0.7401111678050989,0.5344121180789212,2.6810077348620727,4.678687769727618]",0
0.0,0.0,0.0,1.0,"(4,[3],[1.0])","(4,[3],[4.678687769727618])",0
0.0,0.0,0.0,1.0,"(4,[3],[1.0])","(4,[3],[4.678687769727618])",0
134547.0,3.0,8.9,1.0,"[134547.0,3.0,8.9,1.0]","[0.7333957187390734,1.6032363542367636,3.3606998366580916,4.678687769727618]",1
149204.0,5.0,8.5,1.0,"[149204.0,5.0,8.5,1.0]","[0.8132888493890217,2.672060590394606,3.2096571473700872,4.678687769727618]",1
267750.0,0.0,9.4,1.0,"[267750.0,0.0,9.4,1.0]","[1.4594654930424826,0.0,3.5495031982680967,4.678687769727618]",0
36740.0,0.0,0.0,1.0,"[36740.0,0.0,0.0,1.0]","[0.20026428464754736,0.0,0.0,4.678687769727618]",0
211794.0,1.0,8.2,1.0,"[211794.0,1.0,8.2,1.0]","[1.1544576456897835,0.5344121180789212,3.096375130404084,4.678687769727618]",0
68715.0,1.0,8.4,1.0,"[68715.0,1.0,8.4,1.0]","[0.37455526182787746,0.5344121180789212,3.1718964750480865,4.678687769727618]",0
61252.0,3.0,8.7,1.0,"[61252.0,3.0,8.7,1.0]","[0.3338755569741854,1.6032363542367636,3.285178492014089,4.678687769727618]",1
137012.0,1.0,9.5,1.0,"[137012.0,1.0,9.5,1.0]","[0.7468320677226391,0.5344121180789212,3.5872638705900974,4.678687769727618]",0
95993.0,3.0,6.1,1.0,"[95993.0,3.0,6.1,1.0]","[0.5232435894439852,1.6032363542367636,2.3034010116420625,4.678687769727618]",1
106493.0,0.0,9.4,1.0,"[106493.0,0.0,9.4,1.0]","[0.580477530347612,0.0,3.5495031982680967,4.678687769727618]",0
102086.0,4.0,8.8,1.0,"[102086.0,4.0,8.8,1.0]","[0.5564556277226326,2.1376484723156848,3.322939164336091,4.678687769727618]",1
92558.0,3.0,7.8,1.0,"[92558.0,3.0,7.8,1.0]","[0.5045199144912272,1.6032363542367636,2.94533244111608,4.678687769727618]",1
44775.0,3.0,0.0,1.0,"[44775.0,3.0,0.0,1.0]","[0.24406187656760844,1.6032363542367636,0.0,4.678687769727618]",0
90313.0,1.0,10.0,1.0,"[90313.0,1.0,10.0,1.0]","[0.4922827528408804,0.5344121180789212,3.7760672322001025,4.678687769727618]",0
189383.0,4.0,6.6,1.0,"[189383.0,4.0,6.6,1.0]","[1.0322986123953855,2.1376484723156848,2.4922043732520676,4.678687769727618]",1
30844.0,0.0,8.7,1.0,"[30844.0,0.0,8.7,1.0]","[0.1681260641172823,0.0,3.285178492014089,4.678687769727618]",0
75938.0,4.0,8.0,1.0,"[75938.0,4.0,8.0,1.0]","[0.41392676231805803,2.1376484723156848,3.020853785760082,4.678687769727618]",1
50710.0,3.0,8.9,1.0,"[50710.0,3.0,8.9,1.0]","[0.27641268030694416,1.6032363542367636,3.3606998366580916,4.678687769727618]",1
170523.0,1.0,6.2,1.0,"[170523.0,1.0,6.2,1.0]","[0.9294955528294426,0.5344121180789212,2.3411616839640637,4.678687769727618]",0
85408.0,3.0,7.3,1.0,"[85408.0,3.0,7.3,1.0]","[0.46554632616161473,1.6032363542367636,2.756529079506075,4.678687769727618]",1
118836.0,4.0,8.3,1.0,"[118836.0,4.0,8.3,1.0]","[0.6477573905927039,2.1376484723156848,3.1341358027260853,4.678687769727618]",1
118313.0,3.0,8.2,1.0,"[118313.0,3.0,8.2,1.0]","[0.6449065952505518,1.6032363542367636,3.096375130404084,4.678687769727618]",1
77371.0,0.0,8.0,1.0,"[77371.0,0.0,8.0,1.0]","[0.4217378325385244,0.0,3.020853785760082,4.678687769727618]",0
150443.0,3.0,8.6,1.0,"[150443.0,3.0,8.6,1.0]","[0.8200424544156497,1.6032363542367636,3.247417819692088,4.678687769727618]",1
0.0,0.0,0.0,1.0,"(4,[3],[1.0])","(4,[3],[4.678687769727618])",0
92027.0,3.0,8.5,1.0,"[92027.0,3.0,8.5,1.0]","[0.5016255123369582,1.6032363542367636,3.2096571473700872,4.678687769727618]",1
91341.0,0.0,8.9,1.0,"[91341.0,0.0,8.9,1.0]","[0.4978862281979212,0.0,3.3606998366580916,4.678687769727618]",0
304400.0,4.0,9.0,1.0,"[304400.0,4.0,9.0,1.0]","[1.6592392010537131,2.1376484723156848,3.3984605089800923,4.678687769727618]",1
225000.0,0.0,6.0,1.0,"[225000.0,0.0,6.0,1.0]","[1.226441590792002,0.0,2.2656403393200617,4.678687769727618]",0
118205.0,3.0,8.6,1.0,"[118205.0,3.0,8.6,1.0]","[0.6443179032869716,1.6032363542367636,3.247417819692088,4.678687769727618]",1
40857.0,3.0,8.4,1.0,"[40857.0,3.0,8.4,1.0]","[0.2227054403332837,1.6032363542367636,3.1718964750480865,4.678687769727618]",1
84862.0,5.0,9.8,1.0,"[84862.0,5.0,9.8,1.0]","[0.4625701612346262,2.672060590394606,3.700545887556101,4.678687769727618]",1
209110.0,4.0,8.8,1.0,"[209110.0,4.0,8.8,1.0]","[1.1398275602245136,2.1376484723156848,3.322939164336091,4.678687769727618]",1
40000.0,0.0,6.5,1.0,"[40000.0,0.0,6.5,1.0]","[0.21803406058524483,0.0,2.454443700930067,4.678687769727618]",0
98558.0,3.0,8.7,1.0,"[98558.0,3.0,8.7,1.0]","[0.537225023579014,1.6032363542367636,3.285178492014089,4.678687769727618]",1
198000.0,0.0,7.1,1.0,"[198000.0,0.0,7.1,1.0]","[1.079268599896962,0.0,2.6810077348620727,4.678687769727618]",0
128485.0,4.0,8.6,1.0,"[128485.0,4.0,8.6,1.0]","[0.7003526568573796,2.1376484723156848,3.247417819692088,4.678687769727618]",1
204330.0,4.0,6.6,1.0,"[204330.0,4.0,6.6,1.0]","[1.113772489984577,2.1376484723156848,2.4922043732520676,4.678687769727618]",1
45000.0,0.0,7.5,1.0,"[45000.0,0.0,7.5,1.0]","[0.24528831815840044,0.0,2.832050424150077,4.678687769727618]",0
297500.0,0.0,10.0,1.0,"[297500.0,0.0,10.0,1.0]","[1.6216283256027584,0.0,3.7760672322001025,4.678687769727618]",0
72535.0,0.0,0.0,1.0,"[72535.0,0.0,0.0,1.0]","[0.39537751461376835,0.0,0.0,4.678687769727618]",0
48034.0,0.0,0.0,1.0,"[48034.0,0.0,0.0,1.0]","[0.2618262016537913,0.0,0.0,4.678687769727618]",0
62185.0,0.0,9.1,1.0,"[62185.0,0.0,9.1,1.0]","[0.33896120143733627,0.0,3.436221181302093,4.678687769727618]",0
80595.0,3.0,8.5,1.0,"[80595.0,3.0,8.5,1.0]","[0.43931137782169516,1.6032363542367636,3.2096571473700872,4.678687769727618]",1
270401.0,0.0,8.1,1.0,"[270401.0,0.0,8.1,1.0]","[1.4739157004077696,0.0,3.058614458082083,4.678687769727618]",0
0.0,4.0,8.6,1.0,"[0.0,4.0,8.6,1.0]","[0.0,2.1376484723156848,3.247417819692088,4.678687769727618]",1
211161.0,3.0,9.2,1.0,"[211161.0,3.0,9.2,1.0]","[1.151007256681022,1.6032363542367636,3.4739818536240943,4.678687769727618]",1
37815.0,0.0,8.0,1.0,"[37815.0,0.0,8.0,1.0]","[0.20612395002577583,0.0,3.020853785760082,4.678687769727618]",0
65192.0,4.0,8.7,1.0,"[65192.0,4.0,8.7,1.0]","[0.355351911941832,2.1376484723156848,3.285178492014089,4.678687769727618]",1
177801.0,4.0,8.3,1.0,"[177801.0,4.0,8.3,1.0]","[0.9691668501529279,2.1376484723156848,3.1341358027260853,4.678687769727618]",1
92443.0,2.0,7.6,1.0,"[92443.0,2.0,7.6,1.0]","[0.5038930665670447,1.0688242361578424,2.8698110964720778,4.678687769727618]",1
176211.0,4.0,8.4,1.0,"[176211.0,4.0,8.4,1.0]","[0.9604999962446644,2.1376484723156848,3.1718964750480865,4.678687769727618]",1
91884.0,1.0,9.9,1.0,"[91884.0,1.0,9.9,1.0]","[0.5008460405703659,0.5344121180789212,3.738306559878102,4.678687769727618]",0
168617.0,1.0,7.5,1.0,"[168617.0,1.0,7.5,1.0]","[0.9191062298425556,0.5344121180789212,2.832050424150077,4.678687769727618]",0
78931.0,5.0,6.5,1.0,"[78931.0,5.0,6.5,1.0]","[0.430241160901349,2.672060590394606,2.454443700930067,4.678687769727618]",1
124925.0,0.0,9.2,1.0,"[124925.0,0.0,9.2,1.0]","[0.6809476254652927,0.0,3.4739818536240943,4.678687769727618]",0
126024.0,3.0,8.8,1.0,"[126024.0,3.0,8.8,1.0]","[0.6869381112798724,1.6032363542367636,3.322939164336091,4.678687769727618]",1
40749.0,0.0,8.3,1.0,"[40749.0,0.0,8.3,1.0]","[0.22211674836970355,0.0,3.1341358027260853,4.678687769727618]",0
36482.0,3.0,8.4,1.0,"[36482.0,3.0,8.4,1.0]","[0.19885796495677255,1.6032363542367636,3.1718964750480865,4.678687769727618]",1
462677.0,0.0,0.0,1.0,"[462677.0,0.0,0.0,1.0]","[2.521983626234983,0.0,0.0,4.678687769727618]",0
47600.0,0.0,0.0,1.0,"[47600.0,0.0,0.0,1.0]","[0.2594605320964413,0.0,0.0,4.678687769727618]",0
113396.0,5.0,8.7,1.0,"[113396.0,5.0,8.7,1.0]","[0.6181047583531105,2.672060590394606,3.285178492014089,4.678687769727618]",1
0.0,0.0,0.0,1.0,"(4,[3],[1.0])","(4,[3],[4.678687769727618])",0
106208.0,0.0,8.3,1.0,"[106208.0,0.0,8.3,1.0]","[0.578924037665942,0.0,3.1341358027260853,4.678687769727618]",0
227528.0,3.0,8.8,1.0,"[227528.0,3.0,8.8,1.0]","[1.2402213434209897,1.6032363542367636,3.322939164336091,4.678687769727618]",1
43886.0,0.0,8.7,1.0,"[43886.0,0.0,8.7,1.0]","[0.23921606957110136,0.0,3.285178492014089,4.678687769727618]",0
56876.0,0.0,8.9,1.0,"[56876.0,0.0,8.9,1.0]","[0.3100226307461596,0.0,3.3606998366580916,4.678687769727618]",0
60000.0,0.0,10.0,1.0,"[60000.0,0.0,10.0,1.0]","[0.32705109087786727,0.0,3.7760672322001025,4.678687769727618]",0
103072.0,4.0,8.9,1.0,"[103072.0,4.0,8.9,1.0]","[0.5618301673160588,2.1376484723156848,3.3606998366580916,4.678687769727618]",1
115209.0,0.0,9.2,1.0,"[115209.0,0.0,9.2,1.0]","[0.6279871521491368,0.0,3.4739818536240943,4.678687769727618]",0
207307.0,3.0,7.5,1.0,"[207307.0,3.0,7.5,1.0]","[1.1299996749436338,1.6032363542367636,2.832050424150077,4.678687769727618]",1
216715.0,3.0,9.1,1.0,"[216715.0,3.0,9.1,1.0]","[1.1812812859932833,1.6032363542367636,3.436221181302093,4.678687769727618]",1
100490.0,0.0,8.4,1.0,"[100490.0,0.0,8.4,1.0]","[0.5477560687052814,0.0,3.1718964750480865,4.678687769727618]",0
0.0,0.0,0.0,1.0,"(4,[3],[1.0])","(4,[3],[4.678687769727618])",0
30089.0,3.0,7.9,1.0,"[30089.0,3.0,7.9,1.0]","[0.1640106712237358,1.6032363542367636,2.9830931134380814,4.678687769727618]",1
40835.0,0.0,8.4,1.0,"[40835.0,0.0,8.4,1.0]","[0.2225855215999618,0.0,3.1718964750480865,4.678687769727618]",0
40835.0,3.0,8.1,1.0,"[40835.0,3.0,8.1,1.0]","[0.2225855215999618,1.6032363542367636,3.058614458082083,4.678687769727618]",1
64423.0,0.0,10.0,1.0,"[64423.0,0.0,10.0,1.0]","[0.3511602071270807,0.0,3.7760672322001025,4.678687769727618]",0
0.0,0.0,0.0,1.0,"(4,[3],[1.0])","(4,[3],[4.678687769727618])",0
162240.0,0.0,5.7,1.0,"[162240.0,0.0,5.7,1.0]","[0.884346149733753,0.0,2.1523583223540586,4.678687769727618]",0
75081.0,0.0,0.0,1.0,"[75081.0,0.0,0.0,1.0]","[0.4092553825700192,0.0,0.0,4.678687769727618]",0
227614.0,1.0,8.3,1.0,"[227614.0,1.0,8.3,1.0]","[1.2406901166512478,0.5344121180789212,3.1341358027260853,4.678687769727618]",0
141750.0,1.0,7.6,1.0,"[141750.0,1.0,7.6,1.0]","[0.7726582021989613,0.5344121180789212,2.8698110964720778,4.678687769727618]",0
0.0,0.0,0.0,1.0,"(4,[3],[1.0])","(4,[3],[4.678687769727618])",0
84093.0,3.0,7.9,1.0,"[84093.0,3.0,7.9,1.0]","[0.45837845641987485,1.6032363542367636,2.9830931134380814,4.678687769727618]",1
121820.0,2.0,8.1,1.0,"[121820.0,2.0,8.1,1.0]","[0.6640227315123631,1.0688242361578424,3.058614458082083,4.678687769727618]",1
108030.0,1.0,9.0,1.0,"[108030.0,1.0,9.0,1.0]","[0.5888554891255999,0.5344121180789212,3.3984605089800923,4.678687769727618]",0
357000.0,0.0,0.0,1.0,"[357000.0,0.0,0.0,1.0]","[1.94595399072331,0.0,0.0,4.678687769727618]",0
57158.0,0.0,9.1,1.0,"[57158.0,0.0,9.1,1.0]","[0.3115597708732856,0.0,3.436221181302093,4.678687769727618]",0
59103.0,3.0,7.3,1.0,"[59103.0,3.0,7.3,1.0]","[0.32216167706924315,1.6032363542367636,2.756529079506075,4.678687769727618]",1
94407.0,4.0,8.8,1.0,"[94407.0,4.0,8.8,1.0]","[0.5145985389417802,2.1376484723156848,3.322939164336091,4.678687769727618]",1
49166.0,0.0,0.0,1.0,"[49166.0,0.0,0.0,1.0]","[0.26799656556835366,0.0,0.0,4.678687769727618]",0
166650.0,1.0,8.9,1.0,"[166650.0,1.0,8.9,1.0]","[0.9083844049132763,0.5344121180789212,3.3606998366580916,4.678687769727618]",0
292813.0,5.0,8.8,1.0,"[292813.0,5.0,8.8,1.0]","[1.5960801845536823,2.672060590394606,3.322939164336091,4.678687769727618]",1
45000.0,0.0,7.7,1.0,"[45000.0,0.0,7.7,1.0]","[0.24528831815840044,0.0,2.907571768794079,4.678687769727618]",0
49252.0,0.0,8.6,1.0,"[49252.0,0.0,8.6,1.0]","[0.26846533879861195,0.0,3.247417819692088,4.678687769727618]",0
49654.0,0.0,10.0,1.0,"[49654.0,0.0,10.0,1.0]","[0.2706565811074937,0.0,3.7760672322001025,4.678687769727618]",0
47600.0,0.0,0.0,1.0,"[47600.0,0.0,0.0,1.0]","[0.2594605320964413,0.0,0.0,4.678687769727618]",0
99061.0,5.0,8.7,1.0,"[99061.0,5.0,8.7,1.0]","[0.5399668018908734,2.672060590394606,3.285178492014089,4.678687769727618]",1
54804.0,0.0,0.0,1.0,"[54804.0,0.0,0.0,1.0]","[0.29872846640784395,0.0,0.0,4.678687769727618]",0
70375.0,3.0,9.5,1.0,"[70375.0,3.0,9.5,1.0]","[0.3836036753421651,1.6032363542367636,3.5872638705900974,4.678687769727618]",1
63507.0,4.0,9.6,1.0,"[63507.0,4.0,9.6,1.0]","[0.34616722713967857,2.1376484723156848,3.625024542912098,4.678687769727618]",1
0.0,0.0,0.0,1.0,"(4,[3],[1.0])","(4,[3],[4.678687769727618])",0
0.0,0.0,0.0,1.0,"(4,[3],[1.0])","(4,[3],[4.678687769727618])",0
206423.0,4.0,9.0,1.0,"[206423.0,4.0,9.0,1.0]","[1.1251811222047,2.1376484723156848,3.3984605089800923,4.678687769727618]",1
68425.0,0.0,9.0,1.0,"[68425.0,0.0,9.0,1.0]","[0.3729745148886344,0.0,3.3984605089800923,4.678687769727618]",0
0.0,0.0,0.0,1.0,"(4,[3],[1.0])","(4,[3],[4.678687769727618])",0
0.0,0.0,0.0,1.0,"(4,[3],[1.0])","(4,[3],[4.678687769727618])",0
0.0,0.0,0.0,1.0,"(4,[3],[1.0])","(4,[3],[4.678687769727618])",0
0.0,0.0,0.0,1.0,"(4,[3],[1.0])","(4,[3],[4.678687769727618])",0
0.0,0.0,0.0,1.0,"(4,[3],[1.0])","(4,[3],[4.678687769727618])",0
82529.0,4.0,8.3,1.0,"[82529.0,4.0,8.3,1.0]","[0.44985332465099176,2.1376484723156848,3.1341358027260853,4.678687769727618]",1
0.0,4.0,8.5,1.0,"[0.0,4.0,8.5,1.0]","[0.0,2.1376484723156848,3.2096571473700872,4.678687769727618]",1
40835.0,3.0,7.3,1.0,"[40835.0,3.0,7.3,1.0]","[0.2225855215999618,1.6032363542367636,2.756529079506075,4.678687769727618]",1
56311.0,0.0,0.0,1.0,"[56311.0,0.0,0.0,1.0]","[0.30694289964039306,0.0,0.0,4.678687769727618]",0
50790.0,2.0,10.0,1.0,"[50790.0,2.0,10.0,1.0]","[0.27684874842811463,1.0688242361578424,3.7760672322001025,4.678687769727618]",1
50000.0,0.0,8.8,1.0,"[50000.0,0.0,8.8,1.0]","[0.27254257573155605,0.0,3.322939164336091,4.678687769727618]",0
202398.0,4.0,7.0,1.0,"[202398.0,4.0,7.0,1.0]","[1.1032414448583097,2.1376484723156848,2.643247062540072,4.678687769727618]",1
45067.0,0.0,9.6,1.0,"[45067.0,0.0,9.6,1.0]","[0.2456535252098807,0.0,3.625024542912098,4.678687769727618]",0
105310.0,3.0,9.5,1.0,"[105310.0,3.0,9.5,1.0]","[0.5740291730058034,1.6032363542367636,3.5872638705900974,4.678687769727618]",1
79903.0,0.0,9.7,1.0,"[79903.0,0.0,9.7,1.0]","[0.43553938857357044,0.0,3.6627852152340994,4.678687769727618]",0
173228.0,4.0,9.0,1.0,"[173228.0,4.0,9.0,1.0]","[0.9442401061765198,2.1376484723156848,3.3984605089800923,4.678687769727618]",1
58028.0,0.0,0.0,1.0,"[58028.0,0.0,0.0,1.0]","[0.3163020116910147,0.0,0.0,4.678687769727618]",0
90624.0,0.0,8.6,1.0,"[90624.0,0.0,8.6,1.0]","[0.4939779676619307,0.0,3.247417819692088,4.678687769727618]",0
91392.0,3.0,8.2,1.0,"[91392.0,3.0,8.2,1.0]","[0.4981642216251674,1.6032363542367636,3.096375130404084,4.678687769727618]",1
73840.0,0.0,9.1,1.0,"[73840.0,0.0,9.1,1.0]","[0.402490875840362,0.0,3.436221181302093,4.678687769727618]",0
354200.0,0.0,9.6,1.0,"[354200.0,0.0,9.6,1.0]","[1.930691606482343,0.0,3.625024542912098,4.678687769727618]",0
0.0,0.0,0.0,1.0,"(4,[3],[1.0])","(4,[3],[4.678687769727618])",0
47600.0,0.0,0.0,1.0,"[47600.0,0.0,0.0,1.0]","[0.2594605320964413,0.0,0.0,4.678687769727618]",0
99598.0,0.0,8.4,1.0,"[99598.0,0.0,8.4,1.0]","[0.5428939091542304,0.0,3.1718964750480865,4.678687769727618]",0
0.0,0.0,0.0,1.0,"(4,[3],[1.0])","(4,[3],[4.678687769727618])",0
59341.0,3.0,9.0,1.0,"[59341.0,3.0,9.0,1.0]","[0.3234589797297253,1.6032363542367636,3.3984605089800923,4.678687769727618]",1
49860.0,2.0,6.7,1.0,"[49860.0,2.0,6.7,1.0]","[0.2717794565195077,1.0688242361578424,2.5299650455740688,4.678687769727618]",0
64476.0,0.0,0.0,1.0,"[64476.0,0.0,0.0,1.0]","[0.35144910225735615,0.0,0.0,4.678687769727618]",0
43399.0,0.0,8.2,1.0,"[43399.0,0.0,8.2,1.0]","[0.23656150488347602,0.0,3.096375130404084,4.678687769727618]",0
131409.0,2.0,7.9,1.0,"[131409.0,2.0,7.9,1.0]","[0.7162909466861609,1.0688242361578424,2.9830931134380814,4.678687769727618]",1
55000.0,0.0,9.4,1.0,"[55000.0,0.0,9.4,1.0]","[0.29979683330471163,0.0,3.5495031982680967,4.678687769727618]",0
0.0,0.0,0.0,1.0,"(4,[3],[1.0])","(4,[3],[4.678687769727618])",0
84177.0,3.0,8.2,1.0,"[84177.0,3.0,8.2,1.0]","[0.45883632794710383,1.6032363542367636,3.096375130404084,4.678687769727618]",1
63467.0,3.0,8.0,1.0,"[63467.0,3.0,8.0,1.0]","[0.34594919307909333,1.6032363542367636,3.020853785760082,4.678687769727618]",1
0.0,0.0,0.0,1.0,"(4,[3],[1.0])","(4,[3],[4.678687769727618])",0
0.0,0.0,0.0,1.0,"(4,[3],[1.0])","(4,[3],[4.678687769727618])",0
0.0,0.0,0.0,1.0,"(4,[3],[1.0])","(4,[3],[4.678687769727618])",0
69833.0,0.0,9.5,1.0,"[69833.0,0.0,9.5,1.0]","[0.38064931382123507,0.0,3.5872638705900974,4.678687769727618]",0
80595.0,3.0,8.7,1.0,"[80595.0,3.0,8.7,1.0]","[0.43931137782169516,1.6032363542367636,3.285178492014089,4.678687769727618]",1
329000.0,0.0,9.3,1.0,"[329000.0,0.0,9.3,1.0]","[1.7933301483136388,0.0,3.511742525946096,4.678687769727618]",0
0.0,0.0,0.0,1.0,"(4,[3],[1.0])","(4,[3],[4.678687769727618])",0
0.0,0.0,0.0,1.0,"(4,[3],[1.0])","(4,[3],[4.678687769727618])",0
78607.0,0.0,8.9,1.0,"[78607.0,0.0,8.9,1.0]","[0.4284750850106085,0.0,3.3606998366580916,4.678687769727618]",0
127674.0,0.0,8.9,1.0,"[127674.0,0.0,8.9,1.0]","[0.6959320162790137,0.0,3.3606998366580916,4.678687769727618]",0
41103.0,3.0,7.9,1.0,"[41103.0,3.0,7.9,1.0]","[0.22404634980588295,1.6032363542367636,2.9830931134380814,4.678687769727618]",1
100475.0,0.0,8.2,1.0,"[100475.0,0.0,8.2,1.0]","[0.5476743059325618,0.0,3.096375130404084,4.678687769727618]",0
78470.0,5.0,7.9,1.0,"[78470.0,5.0,7.9,1.0]","[0.42772831835310404,2.672060590394606,2.9830931134380814,4.678687769727618]",1
287489.0,5.0,8.2,1.0,"[287489.0,5.0,8.2,1.0]","[1.5670598510897862,2.672060590394606,3.096375130404084,4.678687769727618]",1
0.0,4.0,8.3,1.0,"[0.0,4.0,8.3,1.0]","[0.0,2.1376484723156848,3.1341358027260853,4.678687769727618]",1
50575.0,0.0,9.8,1.0,"[50575.0,0.0,9.8,1.0]","[0.2756768153524689,0.0,3.700545887556101,4.678687769727618]",0
83174.0,2.0,8.4,1.0,"[83174.0,2.0,8.4,1.0]","[0.4533691238779288,1.0688242361578424,3.1718964750480865,4.678687769727618]",1
211434.0,4.0,8.4,1.0,"[211434.0,4.0,8.4,1.0]","[1.1524953391445163,2.1376484723156848,3.1718964750480865,4.678687769727618]",1
249730.0,3.0,8.8,1.0,"[249730.0,3.0,8.8,1.0]","[1.3612411487488298,1.6032363542367636,3.322939164336091,4.678687769727618]",1
0.0,0.0,0.0,1.0,"(4,[3],[1.0])","(4,[3],[4.678687769727618])",0
0.0,0.0,0.0,1.0,"(4,[3],[1.0])","(4,[3],[4.678687769727618])",0
0.0,0.0,0.0,1.0,"(4,[3],[1.0])","(4,[3],[4.678687769727618])",0
60177.0,3.0,8.6,1.0,"[60177.0,3.0,8.6,1.0]","[0.32801589159595695,1.6032363542367636,3.247417819692088,4.678687769727618]",1
50656.0,0.0,9.6,1.0,"[50656.0,0.0,9.6,1.0]","[0.27611833432515404,0.0,3.625024542912098,4.678687769727618]",0
76041.0,0.0,0.0,1.0,"[76041.0,0.0,0.0,1.0]","[0.41448820002406506,0.0,0.0,4.678687769727618]",0
168683.0,0.0,7.4,1.0,"[168683.0,0.0,7.4,1.0]","[0.9194659860425214,0.0,2.7942897518280763,4.678687769727618]",0
152608.0,4.0,7.5,1.0,"[152608.0,4.0,7.5,1.0]","[0.8318435479448261,2.1376484723156848,2.832050424150077,4.678687769727618]",1
0.0,0.0,0.0,1.0,"(4,[3],[1.0])","(4,[3],[4.678687769727618])",0
0.0,0.0,0.0,1.0,"(4,[3],[1.0])","(4,[3],[4.678687769727618])",0
0.0,4.0,8.3,1.0,"[0.0,4.0,8.3,1.0]","[0.0,2.1376484723156848,3.1341358027260853,4.678687769727618]",1
137498.0,3.0,7.8,1.0,"[137498.0,3.0,7.8,1.0]","[0.7494811815587499,1.6032363542367636,2.94533244111608,4.678687769727618]",1
158503.0,4.0,7.8,1.0,"[158503.0,4.0,7.8,1.0]","[0.8639763176235765,2.1376484723156848,2.94533244111608,4.678687769727618]",1
39115.0,3.0,8.5,1.0,"[39115.0,3.0,8.5,1.0]","[0.21321005699479628,1.6032363542367636,3.2096571473700872,4.678687769727618]",1
61291.0,0.0,0.0,1.0,"[61291.0,0.0,0.0,1.0]","[0.334088140183256,0.0,0.0,4.678687769727618]",0
75763.0,4.0,8.0,1.0,"[75763.0,4.0,8.0,1.0]","[0.4129728633029976,2.1376484723156848,3.020853785760082,4.678687769727618]",1
348075.0,0.0,0.0,1.0,"[348075.0,0.0,0.0,1.0]","[1.8973051409552273,0.0,0.0,4.678687769727618]",0
0.0,0.0,0.0,1.0,"(4,[3],[1.0])","(4,[3],[4.678687769727618])",0
47114.0,3.0,8.8,1.0,"[47114.0,3.0,8.8,1.0]","[0.2568114182603306,1.6032363542367636,3.322939164336091,4.678687769727618]",1
160000.0,0.0,8.9,1.0,"[160000.0,0.0,8.9,1.0]","[0.8721362423409793,0.0,3.3606998366580916,4.678687769727618]",0
0.0,0.0,0.0,1.0,"(4,[3],[1.0])","(4,[3],[4.678687769727618])",0
144480.0,2.0,8.6,1.0,"[144480.0,2.0,8.6,1.0]","[0.7875390268339043,1.0688242361578424,3.247417819692088,4.678687769727618]",1
53550.0,0.0,0.0,1.0,"[53550.0,0.0,0.0,1.0]","[0.2918930986084965,0.0,0.0,4.678687769727618]",0
89197.0,2.0,7.6,1.0,"[89197.0,2.0,7.6,1.0]","[0.48619960255055206,1.0688242361578424,2.8698110964720778,4.678687769727618]",1
246931.0,2.0,8.1,1.0,"[246931.0,2.0,8.1,1.0]","[1.3459842153593773,1.0688242361578424,3.058614458082083,4.678687769727618]",1
126802.0,0.0,8.3,1.0,"[126802.0,0.0,8.3,1.0]","[0.6911788737582554,0.0,3.1341358027260853,4.678687769727618]",0
180610.0,3.0,9.9,1.0,"[180610.0,3.0,9.9,1.0]","[0.9844782920575267,1.6032363542367636,3.738306559878102,4.678687769727618]",1
229310.0,5.0,7.8,1.0,"[229310.0,5.0,7.8,1.0]","[1.2499347608200624,2.672060590394606,2.94533244111608,4.678687769727618]",1
125369.0,4.0,8.7,1.0,"[125369.0,4.0,8.7,1.0]","[0.6833678035377889,2.1376484723156848,3.285178492014089,4.678687769727618]",1
232878.0,5.0,9.0,1.0,"[232878.0,5.0,9.0,1.0]","[1.2693833990242662,2.672060590394606,3.3984605089800923,4.678687769727618]",1
273700.0,0.0,9.4,1.0,"[273700.0,0.0,9.4,1.0]","[1.4918980595545377,0.0,3.5495031982680967,4.678687769727618]",0
0.0,4.0,8.0,1.0,"[0.0,4.0,8.0,1.0]","[0.0,2.1376484723156848,3.020853785760082,4.678687769727618]",1
97602.0,0.0,0.0,1.0,"[97602.0,0.0,0.0,1.0]","[0.5320140095310266,0.0,0.0,4.678687769727618]",0
64271.0,0.0,7.2,1.0,"[64271.0,0.0,7.2,1.0]","[0.35033167769685675,0.0,2.718768407184074,4.678687769727618]",0
0.0,0.0,0.0,1.0,"(4,[3],[1.0])","(4,[3],[4.678687769727618])",0
66356.0,3.0,8.4,1.0,"[66356.0,3.0,8.4,1.0]","[0.3616967031048626,1.6032363542367636,3.1718964750480865,4.678687769727618]",1
37611.0,0.0,0.0,1.0,"[37611.0,0.0,0.0,1.0]","[0.20501197631679108,0.0,0.0,4.678687769727618]",0
69999.0,0.0,9.5,1.0,"[69999.0,0.0,9.5,1.0]","[0.38155415517266383,0.0,3.5872638705900974,4.678687769727618]",0
232287.0,5.0,8.1,1.0,"[232287.0,5.0,8.1,1.0]","[1.2661619457791191,2.672060590394606,3.058614458082083,4.678687769727618]",1
70443.0,1.0,6.5,1.0,"[70443.0,1.0,6.5,1.0]","[0.38397433324516006,0.5344121180789212,2.454443700930067,4.678687769727618]",0
64260.0,2.0,8.7,1.0,"[64260.0,2.0,8.7,1.0]","[0.3502717183301958,1.0688242361578424,3.285178492014089,4.678687769727618]",1
109924.0,3.0,6.7,1.0,"[109924.0,3.0,6.7,1.0]","[0.5991794018943113,1.6032363542367636,2.5299650455740688,4.678687769727618]",1
55000.0,0.0,9.3,1.0,"[55000.0,0.0,9.3,1.0]","[0.29979683330471163,0.0,3.511742525946096,4.678687769727618]",0
19018.0,0.0,8.7,1.0,"[19018.0,0.0,8.7,1.0]","[0.10366429410525466,0.0,3.285178492014089,4.678687769727618]",0
62864.0,0.0,8.4,1.0,"[62864.0,0.0,8.4,1.0]","[0.34266232961577076,0.0,3.1718964750480865,4.678687769727618]",0
113391.0,5.0,6.9,1.0,"[113391.0,5.0,6.9,1.0]","[0.6180775040955374,2.672060590394606,2.605486390218071,4.678687769727618]",1
28843.0,0.0,9.1,1.0,"[28843.0,0.0,9.1,1.0]","[0.15721891023650542,0.0,3.436221181302093,4.678687769727618]",0
164811.0,4.0,7.9,1.0,"[164811.0,4.0,7.9,1.0]","[0.8983602889778697,2.1376484723156848,2.9830931134380814,4.678687769727618]",1
50456.0,0.0,8.8,1.0,"[50456.0,0.0,8.8,1.0]","[0.27502816402222785,0.0,3.322939164336091,4.678687769727618]",0
55097.0,2.0,8.4,1.0,"[55097.0,2.0,8.4,1.0]","[0.30032556590163084,1.0688242361578424,3.1718964750480865,4.678687769727618]",1
169262.0,3.0,6.4,1.0,"[169262.0,3.0,6.4,1.0]","[0.9226220290694928,1.6032363542367636,2.416683028608066,4.678687769727618]",1
176163.0,4.0,8.8,1.0,"[176163.0,4.0,8.8,1.0]","[0.9602383553719621,2.1376484723156848,3.322939164336091,4.678687769727618]",1
174771.0,1.0,9.5,1.0,"[174771.0,1.0,9.5,1.0]","[0.9526507700635956,0.5344121180789212,3.5872638705900974,4.678687769727618]",0
64000.0,4.0,9.4,1.0,"[64000.0,4.0,9.4,1.0]","[0.3488544969363917,2.1376484723156848,3.5495031982680967,4.678687769727618]",1
0.0,0.0,0.0,1.0,"(4,[3],[1.0])","(4,[3],[4.678687769727618])",0
146901.0,3.0,9.5,1.0,"[146901.0,3.0,9.5,1.0]","[0.8007355383508262,1.6032363542367636,3.5872638705900974,4.678687769727618]",1
40233.0,0.0,9.7,1.0,"[40233.0,0.0,9.7,1.0]","[0.2193041089881539,0.0,3.6627852152340994,4.678687769727618]",0
158635.0,0.0,8.0,1.0,"[158635.0,0.0,8.0,1.0]","[0.8646958300235078,0.0,3.020853785760082,4.678687769727618]",0
38307.0,0.0,8.4,1.0,"[38307.0,0.0,8.4,1.0]","[0.20880576897097433,0.0,3.1718964750480865,4.678687769727618]",0
47637.0,0.0,0.0,1.0,"[47637.0,0.0,0.0,1.0]","[0.2596622136024827,0.0,0.0,4.678687769727618]",0
352450.0,0.0,9.8,1.0,"[352450.0,0.0,9.8,1.0]","[1.9211526163317385,0.0,3.700545887556101,4.678687769727618]",0
116785.0,5.0,8.7,1.0,"[116785.0,5.0,8.7,1.0]","[0.6365776941361955,2.672060590394606,3.285178492014089,4.678687769727618]",1
67699.0,0.0,0.0,1.0,"[67699.0,0.0,0.0,1.0]","[0.36901719668901223,0.0,0.0,4.678687769727618]",0
40000.0,0.0,10.0,1.0,"[40000.0,0.0,10.0,1.0]","[0.21803406058524483,0.0,3.7760672322001025,4.678687769727618]",0
63288.0,0.0,9.9,1.0,"[63288.0,0.0,9.9,1.0]","[0.3449734906579744,0.0,3.738306559878102,4.678687769727618]",0
241002.0,3.0,6.6,1.0,"[241002.0,3.0,6.6,1.0]","[1.3136661167291293,1.6032363542367636,2.4922043732520676,4.678687769727618]",1
55985.0,1.0,9.2,1.0,"[55985.0,1.0,9.2,1.0]","[0.3051659220466233,0.5344121180789212,3.4739818536240943,4.678687769727618]",0
119326.0,4.0,9.6,1.0,"[119326.0,4.0,9.6,1.0]","[0.6504283078348732,2.1376484723156848,3.625024542912098,4.678687769727618]",1
216979.0,2.0,6.3,1.0,"[216979.0,2.0,6.3,1.0]","[1.1827203107931459,1.0688242361578424,2.3789223562860644,4.678687769727618]",1
98601.0,1.0,7.9,1.0,"[98601.0,1.0,7.9,1.0]","[0.5374594101941431,0.5344121180789212,2.9830931134380814,4.678687769727618]",0
115167.0,5.0,9.7,1.0,"[115167.0,5.0,9.7,1.0]","[0.6277582163855223,2.672060590394606,3.6627852152340994,4.678687769727618]",1
88211.0,2.0,8.6,1.0,"[88211.0,2.0,8.6,1.0]","[0.4808250629571258,1.0688242361578424,3.247417819692088,4.678687769727618]",1
0.0,0.0,0.0,1.0,"(4,[3],[1.0])","(4,[3],[4.678687769727618])",0
120389.0,2.0,8.9,1.0,"[120389.0,2.0,8.9,1.0]","[0.656222562994926,1.0688242361578424,3.3606998366580916,4.678687769727618]",1
144000.0,0.0,4.0,1.0,"[144000.0,0.0,4.0,1.0]","[0.7849226181068814,0.0,1.510426892880041,4.678687769727618]",0
212058.0,0.0,0.0,1.0,"[212058.0,0.0,0.0,1.0]","[1.1558966704896463,0.0,0.0,4.678687769727618]",0
0.0,0.0,0.0,1.0,"(4,[3],[1.0])","(4,[3],[4.678687769727618])",0
68058.0,0.0,0.0,1.0,"[68058.0,0.0,0.0,1.0]","[0.3709740523827648,0.0,0.0,4.678687769727618]",0
47852.0,1.0,7.7,1.0,"[47852.0,1.0,7.7,1.0]","[0.2608341466781284,0.5344121180789212,2.907571768794079,4.678687769727618]",0
0.0,0.0,0.0,1.0,"(4,[3],[1.0])","(4,[3],[4.678687769727618])",0
230346.0,4.0,9.4,1.0,"[230346.0,4.0,9.4,1.0]","[1.25558184298922,2.1376484723156848,3.5495031982680967,4.678687769727618]",1
55440.0,0.0,0.0,1.0,"[55440.0,0.0,0.0,1.0]","[0.30219520797114935,0.0,0.0,4.678687769727618]",0
288590.0,5.0,7.8,1.0,"[288590.0,5.0,7.8,1.0]","[1.5730612386073952,2.672060590394606,2.94533244111608,4.678687769727618]",1
287301.0,0.0,9.9,1.0,"[287301.0,0.0,9.9,1.0]","[1.5660350910050356,0.0,3.738306559878102,4.678687769727618]",0
64242.0,0.0,8.6,1.0,"[64242.0,0.0,8.6,1.0]","[0.35017360300293243,0.0,3.247417819692088,4.678687769727618]",0
157611.0,0.0,0.0,1.0,"[157611.0,0.0,0.0,1.0]","[0.8591141580725256,0.0,0.0,4.678687769727618]",0
62667.0,4.0,8.0,1.0,"[62667.0,4.0,8.0,1.0]","[0.3415885118673884,2.1376484723156848,3.020853785760082,4.678687769727618]",1
209570.0,4.0,9.2,1.0,"[209570.0,4.0,9.2,1.0]","[1.142334951921244,2.1376484723156848,3.4739818536240943,4.678687769727618]",1
76834.0,0.0,7.1,1.0,"[76834.0,0.0,7.1,1.0]","[0.41881072527516755,0.0,2.6810077348620727,4.678687769727618]",0
222238.0,1.0,6.2,1.0,"[222238.0,1.0,6.2,1.0]","[1.211386338908591,0.5344121180789212,2.3411616839640637,4.678687769727618]",0
150956.0,1.0,8.2,1.0,"[150956.0,1.0,8.2,1.0]","[0.8228387412426554,0.5344121180789212,3.096375130404084,4.678687769727618]",0
217204.0,5.0,8.8,1.0,"[217204.0,5.0,8.8,1.0]","[1.183946752383938,2.672060590394606,3.322939164336091,4.678687769727618]",1
51742.0,3.0,8.0,1.0,"[51742.0,3.0,8.0,1.0]","[0.2820379590700435,1.6032363542367636,3.020853785760082,4.678687769727618]",1
0.0,0.0,0.0,1.0,"(4,[3],[1.0])","(4,[3],[4.678687769727618])",0
157173.0,1.0,7.4,1.0,"[157173.0,1.0,7.4,1.0]","[0.8567266851091171,0.5344121180789212,2.7942897518280763,4.678687769727618]",0
190760.0,2.0,7.1,1.0,"[190760.0,2.0,7.1,1.0]","[1.0398044349310327,1.0688242361578424,2.6810077348620727,4.678687769727618]",1
185250.0,0.0,7.1,1.0,"[185250.0,0.0,7.1,1.0]","[1.0097702430854152,0.0,2.6810077348620727,4.678687769727618]",0
110866.0,3.0,7.0,1.0,"[110866.0,3.0,7.0,1.0]","[0.6043141040210939,1.6032363542367636,2.643247062540072,4.678687769727618]",1
84177.0,0.0,8.2,1.0,"[84177.0,0.0,8.2,1.0]","[0.45883632794710383,0.0,3.096375130404084,4.678687769727618]",0
96390.0,0.0,9.6,1.0,"[96390.0,0.0,9.6,1.0]","[0.5254075774952938,0.0,3.625024542912098,4.678687769727618]",0
42446.0,0.0,8.3,1.0,"[42446.0,0.0,8.3,1.0]","[0.23136684339003255,0.0,3.1341358027260853,4.678687769727618]",0
26891.0,0.0,7.9,1.0,"[26891.0,0.0,7.9,1.0]","[0.14657884807994548,0.0,2.9830931134380814,4.678687769727618]",0
91392.0,3.0,7.9,1.0,"[91392.0,3.0,7.9,1.0]","[0.4981642216251674,1.6032363542367636,2.9830931134380814,4.678687769727618]",1
76296.0,3.0,8.9,1.0,"[76296.0,3.0,8.9,1.0]","[0.41587816716029596,1.6032363542367636,3.3606998366580916,4.678687769727618]",1
155573.0,5.0,9.9,1.0,"[155573.0,5.0,9.9,1.0]","[0.8480053226857074,2.672060590394606,3.738306559878102,4.678687769727618]",1
120892.0,5.0,0.0,1.0,"[120892.0,5.0,0.0,1.0]","[0.6589643413067855,2.672060590394606,0.0,4.678687769727618]",1
54145.0,0.0,8.9,1.0,"[54145.0,0.0,8.9,1.0]","[0.29513635525970205,0.0,3.3606998366580916,4.678687769727618]",0
413000.0,0.0,9.7,1.0,"[413000.0,0.0,9.7,1.0]","[2.251201675542653,0.0,3.6627852152340994,4.678687769727618]",0
40000.0,0.0,8.2,1.0,"[40000.0,0.0,8.2,1.0]","[0.21803406058524483,0.0,3.096375130404084,4.678687769727618]",0
100111.0,0.0,8.0,1.0,"[100111.0,0.0,8.0,1.0]","[0.5456901959812361,0.0,3.020853785760082,4.678687769727618]",0
29014.0,0.0,0.0,1.0,"[29014.0,0.0,0.0,1.0]","[0.15815100584550734,0.0,0.0,4.678687769727618]",0
87251.0,5.0,7.2,1.0,"[87251.0,5.0,7.2,1.0]","[0.47559224550307994,2.672060590394606,2.718768407184074,4.678687769727618]",1
193800.0,0.0,8.3,1.0,"[193800.0,0.0,8.3,1.0]","[1.0563750235355112,0.0,3.1341358027260853,4.678687769727618]",0
50000.0,0.0,8.0,1.0,"[50000.0,0.0,8.0,1.0]","[0.27254257573155605,0.0,3.020853785760082,4.678687769727618]",0
81658.0,3.0,7.7,1.0,"[81658.0,3.0,7.7,1.0]","[0.44510563298174805,1.6032363542367636,2.907571768794079,4.678687769727618]",1
54080.0,0.0,9.5,1.0,"[54080.0,0.0,9.5,1.0]","[0.294782049911251,0.0,3.5872638705900974,4.678687769727618]",0
72000.0,0.0,0.0,1.0,"[72000.0,0.0,0.0,1.0]","[0.3924613090534407,0.0,0.0,4.678687769727618]",0
36504.0,0.0,8.4,1.0,"[36504.0,0.0,8.4,1.0]","[0.19897788369009442,0.0,3.1718964750480865,4.678687769727618]",0
67459.0,3.0,8.6,1.0,"[67459.0,3.0,8.6,1.0]","[0.36770899232550075,1.6032363542367636,3.247417819692088,4.678687769727618]",1
86609.0,3.0,8.4,1.0,"[86609.0,3.0,8.4,1.0]","[0.4720927988306867,1.6032363542367636,3.1718964750480865,4.678687769727618]",1
88654.0,0.0,0.0,1.0,"[88654.0,0.0,0.0,1.0]","[0.48323979017810736,0.0,0.0,4.678687769727618]",0
72892.0,2.0,7.9,1.0,"[72892.0,2.0,7.9,1.0]","[0.39732346860449164,1.0688242361578424,2.9830931134380814,4.678687769727618]",1
172053.0,3.0,6.9,1.0,"[172053.0,3.0,6.9,1.0]","[0.9378353556468282,1.6032363542367636,2.605486390218071,4.678687769727618]",1
120355.0,3.0,7.7,1.0,"[120355.0,3.0,7.7,1.0]","[0.6560372340434285,1.6032363542367636,2.907571768794079,4.678687769727618]",1
319155.0,0.0,8.3,1.0,"[319155.0,0.0,8.3,1.0]","[1.7396665151520954,0.0,3.1341358027260853,4.678687769727618]",0
90709.0,3.0,8.1,1.0,"[90709.0,3.0,8.1,1.0]","[0.49444129004067433,1.6032363542367636,3.058614458082083,4.678687769727618]",1
45000.0,0.0,8.5,1.0,"[45000.0,0.0,8.5,1.0]","[0.24528831815840044,0.0,3.2096571473700872,4.678687769727618]",0
52377.0,0.0,8.6,1.0,"[52377.0,0.0,8.6,1.0]","[0.2854992497818342,0.0,3.247417819692088,4.678687769727618]",0
0.0,0.0,0.0,1.0,"(4,[3],[1.0])","(4,[3],[4.678687769727618])",0
113173.0,3.0,8.3,1.0,"[113173.0,3.0,8.3,1.0]","[0.6168892184653478,1.6032363542367636,3.1341358027260853,4.678687769727618]",1
346528.0,0.0,10.0,1.0,"[346528.0,0.0,10.0,1.0]","[1.888872673662093,0.0,3.7760672322001025,4.678687769727618]",0
0.0,4.0,9.0,1.0,"[0.0,4.0,9.0,1.0]","[0.0,2.1376484723156848,3.3984605089800923,4.678687769727618]",1
81813.0,2.0,9.1,1.0,"[81813.0,2.0,9.1,1.0]","[0.4459505149665159,1.0688242361578424,3.436221181302093,4.678687769727618]",1
137904.0,0.0,9.6,1.0,"[137904.0,0.0,9.6,1.0]","[0.7516942272736901,0.0,3.625024542912098,4.678687769727618]",0
158451.0,5.0,8.8,1.0,"[158451.0,5.0,8.8,1.0]","[0.8636928733448157,2.672060590394606,3.322939164336091,4.678687769727618]",1
102211.0,0.0,8.8,1.0,"[102211.0,0.0,8.8,1.0]","[0.5571369841619614,0.0,3.322939164336091,4.678687769727618]",0
35429.0,2.0,8.4,1.0,"[35429.0,2.0,8.4,1.0]","[0.19311821831186599,1.0688242361578424,3.1718964750480865,4.678687769727618]",1
205908.0,5.0,8.3,1.0,"[205908.0,5.0,8.3,1.0]","[1.1223739336746648,2.672060590394606,3.1341358027260853,4.678687769727618]",1
139429.0,1.0,6.9,1.0,"[139429.0,1.0,6.9,1.0]","[0.7600067758335025,0.5344121180789212,2.605486390218071,4.678687769727618]",0
0.0,4.0,8.7,1.0,"[0.0,4.0,8.7,1.0]","[0.0,2.1376484723156848,3.285178492014089,4.678687769727618]",1
94010.0,0.0,8.0,1.0,"[94010.0,0.0,8.0,1.0]","[0.5124345508904716,0.0,3.020853785760082,4.678687769727618]",0
119754.0,3.0,8.4,1.0,"[119754.0,3.0,8.4,1.0]","[0.6527612722831352,1.6032363542367636,3.1718964750480865,4.678687769727618]",1
97822.0,2.0,10.0,1.0,"[97822.0,2.0,10.0,1.0]","[0.5332131968642455,1.0688242361578424,3.7760672322001025,4.678687769727618]",1
96225.0,5.0,7.9,1.0,"[96225.0,5.0,7.9,1.0]","[0.5245081869953796,2.672060590394606,2.9830931134380814,4.678687769727618]",1
120000.0,0.0,0.0,1.0,"[120000.0,0.0,0.0,1.0]","[0.6541021817557345,0.0,0.0,4.678687769727618]",0
102211.0,0.0,8.4,1.0,"[102211.0,0.0,8.4,1.0]","[0.5571369841619614,0.0,3.1718964750480865,4.678687769727618]",0
0.0,0.0,0.0,1.0,"(4,[3],[1.0])","(4,[3],[4.678687769727618])",0
0.0,0.0,0.0,1.0,"(4,[3],[1.0])","(4,[3],[4.678687769727618])",0
149345.0,1.0,8.8,1.0,"[149345.0,1.0,8.8,1.0]","[0.8140574194525847,0.5344121180789212,3.322939164336091,4.678687769727618]",0
82680.0,0.0,8.1,1.0,"[82680.0,0.0,8.1,1.0]","[0.45067640322970104,0.0,3.058614458082083,4.678687769727618]",0
85968.0,0.0,8.0,1.0,"[85968.0,0.0,8.0,1.0]","[0.46859880300980816,0.0,3.020853785760082,4.678687769727618]",0
98863.0,4.0,8.0,1.0,"[98863.0,4.0,8.0,1.0]","[0.5388875332909765,2.1376484723156848,3.020853785760082,4.678687769727618]",1
76336.0,0.0,8.9,1.0,"[76336.0,0.0,8.9,1.0]","[0.41609620122088126,0.0,3.3606998366580916,4.678687769727618]",0
40644.0,0.0,0.0,1.0,"[40644.0,0.0,0.0,1.0]","[0.22154440896066727,0.0,0.0,4.678687769727618]",0
374850.0,0.0,10.0,1.0,"[374850.0,0.0,10.0,1.0]","[2.0432516902594755,0.0,3.7760672322001025,4.678687769727618]",0
282461.0,0.0,9.1,1.0,"[282461.0,0.0,9.1,1.0]","[1.539652969674221,0.0,3.436221181302093,4.678687769727618]",0
0.0,4.0,8.0,1.0,"[0.0,4.0,8.0,1.0]","[0.0,2.1376484723156848,3.020853785760082,4.678687769727618]",1
0.0,0.0,0.0,1.0,"(4,[3],[1.0])","(4,[3],[4.678687769727618])",0
63043.0,4.0,8.4,1.0,"[63043.0,4.0,8.4,1.0]","[0.34363803203688975,2.1376484723156848,3.1718964750480865,4.678687769727618]",1
209276.0,2.0,7.9,1.0,"[209276.0,2.0,7.9,1.0]","[1.1407324015759424,1.0688242361578424,2.9830931134380814,4.678687769727618]",1
136542.0,0.0,8.3,1.0,"[136542.0,0.0,8.3,1.0]","[0.7442701675107625,0.0,3.1341358027260853,4.678687769727618]",0
45067.0,0.0,8.9,1.0,"[45067.0,0.0,8.9,1.0]","[0.2456535252098807,0.0,3.3606998366580916,4.678687769727618]",0
120667.0,5.0,8.6,1.0,"[120667.0,5.0,8.6,1.0]","[0.6577378997159934,2.672060590394606,3.247417819692088,4.678687769727618]",1
27000.0,0.0,0.0,1.0,"[27000.0,0.0,0.0,1.0]","[0.14717299089504027,0.0,0.0,4.678687769727618]",0
118313.0,0.0,8.5,1.0,"[118313.0,0.0,8.5,1.0]","[0.6449065952505518,0.0,3.2096571473700872,4.678687769727618]",0
100712.0,1.0,8.8,1.0,"[100712.0,1.0,8.8,1.0]","[0.5489661577415295,0.5344121180789212,3.322939164336091,4.678687769727618]",0
103314.0,5.0,9.5,1.0,"[103314.0,5.0,9.5,1.0]","[0.5631492733825996,2.672060590394606,3.5872638705900974,4.678687769727618]",1
131277.0,0.0,9.3,1.0,"[131277.0,0.0,9.3,1.0]","[0.7155714342862296,0.0,3.511742525946096,4.678687769727618]",0
149507.0,5.0,7.9,1.0,"[149507.0,5.0,7.9,1.0]","[0.814940457397955,2.672060590394606,2.9830931134380814,4.678687769727618]",1
127749.0,4.0,9.5,1.0,"[127749.0,4.0,9.5,1.0]","[0.6963408301426111,2.1376484723156848,3.5872638705900974,4.678687769727618]",1
86917.0,4.0,7.9,1.0,"[86917.0,4.0,7.9,1.0]","[0.4737716610971931,2.1376484723156848,2.9830931134380814,4.678687769727618]",1
91341.0,0.0,8.4,1.0,"[91341.0,0.0,8.4,1.0]","[0.4978862281979212,0.0,3.1718964750480865,4.678687769727618]",0
0.0,0.0,0.0,1.0,"(4,[3],[1.0])","(4,[3],[4.678687769727618])",0
60833.0,4.0,8.1,1.0,"[60833.0,4.0,8.1,1.0]","[0.33159165018955494,2.1376484723156848,3.058614458082083,4.678687769727618]",1
60177.0,4.0,8.4,1.0,"[60177.0,4.0,8.4,1.0]","[0.32801589159595695,2.1376484723156848,3.1718964750480865,4.678687769727618]",1
212181.0,1.0,8.7,1.0,"[212181.0,1.0,8.7,1.0]","[1.1565671252259457,0.5344121180789212,3.285178492014089,4.678687769727618]",0
434000.0,0.0,9.6,1.0,"[434000.0,0.0,9.6,1.0]","[2.3656695573499062,0.0,3.625024542912098,4.678687769727618]",0
82124.0,5.0,6.7,1.0,"[82124.0,5.0,6.7,1.0]","[0.44764572978756617,2.672060590394606,2.5299650455740688,4.678687769727618]",1
71889.0,2.0,8.0,1.0,"[71889.0,2.0,8.0,1.0]","[0.39185626453531663,1.0688242361578424,3.020853785760082,4.678687769727618]",1
137489.0,2.0,6.2,1.0,"[137489.0,2.0,6.2,1.0]","[0.7494321238951182,1.0688242361578424,2.3411616839640637,4.678687769727618]",0
36053.0,0.0,9.3,1.0,"[36053.0,0.0,9.3,1.0]","[0.1965195496569958,0.0,3.511742525946096,4.678687769727618]",0
0.0,0.0,0.0,1.0,"(4,[3],[1.0])","(4,[3],[4.678687769727618])",0
127877.0,3.0,0.0,1.0,"[127877.0,3.0,0.0,1.0]","[0.6970385391364838,1.6032363542367636,0.0,4.678687769727618]",0
127877.0,0.0,9.2,1.0,"[127877.0,0.0,9.2,1.0]","[0.6970385391364838,0.0,3.4739818536240943,4.678687769727618]",0
416500.0,0.0,9.3,1.0,"[416500.0,0.0,9.3,1.0]","[2.270279655843862,0.0,3.511742525946096,4.678687769727618]",0
33312.0,3.0,8.3,1.0,"[33312.0,3.0,8.3,1.0]","[0.18157876565539188,1.6032363542367636,3.1341358027260853,4.678687769727618]",1
65622.0,3.0,8.8,1.0,"[65622.0,3.0,8.8,1.0]","[0.3576957780931234,1.6032363542367636,3.322939164336091,4.678687769727618]",1
134547.0,4.0,8.3,1.0,"[134547.0,4.0,8.3,1.0]","[0.7333957187390734,2.1376484723156848,3.1341358027260853,4.678687769727618]",1
72020.0,0.0,7.6,1.0,"[72020.0,0.0,7.6,1.0]","[0.3925703260837333,0.0,2.8698110964720778,4.678687769727618]",0
83078.0,0.0,9.7,1.0,"[83078.0,0.0,9.7,1.0]","[0.45284584213252427,0.0,3.6627852152340994,4.678687769727618]",0
145267.0,0.0,0.0,1.0,"[145267.0,0.0,0.0,1.0]","[0.791828846975919,0.0,0.0,4.678687769727618]",0
537705.0,0.0,0.0,1.0,"[537705.0,0.0,0.0,1.0]","[2.9309501136747267,0.0,0.0,4.678687769727618]",0
64476.0,0.0,0.0,1.0,"[64476.0,0.0,0.0,1.0]","[0.35144910225735615,0.0,0.0,4.678687769727618]",0
297840.0,5.0,4.97,1.0,"[297840.0,5.0,4.97,1.0]","[1.623481615117733,2.672060590394606,1.876705414403451,4.678687769727618]",1
391280.0,0.0,0.0,1.0,"[391280.0,0.0,0.0,1.0]","[2.132809180644865,0.0,0.0,4.678687769727618]",0
121905.0,3.0,8.6,1.0,"[121905.0,3.0,8.6,1.0]","[0.6644860538911068,1.6032363542367636,3.247417819692088,4.678687769727618]",1
322065.0,5.0,4.91,1.0,"[322065.0,5.0,4.91,1.0]","[1.755528493059672,2.672060590394606,1.8540490110102505,4.678687769727618]",1
243646.0,0.0,0.0,1.0,"[243646.0,0.0,0.0,1.0]","[1.328078168133814,0.0,0.0,4.678687769727618]",0
151840.0,0.0,0.0,1.0,"[151840.0,0.0,0.0,1.0]","[0.8276572939815894,0.0,0.0,4.678687769727618]",0
90624.0,0.0,9.0,1.0,"[90624.0,0.0,9.0,1.0]","[0.4939779676619307,0.0,3.3984605089800923,4.678687769727618]",0
121628.0,4.0,4.76,1.0,"[121628.0,4.0,4.76,1.0]","[0.6629761680215539,2.1376484723156848,1.7974080025272487,4.678687769727618]",1
276040.0,5.0,4.96,1.0,"[276040.0,5.0,4.96,1.0]","[1.5046530520987746,2.672060590394606,1.872929347171251,4.678687769727618]",1
204400.0,5.0,4.88,1.0,"[204400.0,5.0,4.88,1.0]","[1.114154049590601,2.672060590394606,1.84272080931365,4.678687769727618]",1
280320.0,5.0,4.91,1.0,"[280320.0,5.0,4.91,1.0]","[1.5279826965813958,2.672060590394606,1.8540490110102505,4.678687769727618]",1
146345.0,4.0,4.72,1.0,"[146345.0,4.0,4.72,1.0]","[0.7977048649086914,2.1376484723156848,1.7823037335984484,4.678687769727618]",1
204120.0,0.0,0.0,1.0,"[204120.0,0.0,0.0,1.0]","[1.1126278111665044,0.0,0.0,4.678687769727618]",0
84000.0,0.0,0.0,1.0,"[84000.0,0.0,0.0,1.0]","[0.45787152722901414,0.0,0.0,4.678687769727618]",0
210240.0,5.0,4.81,1.0,"[210240.0,5.0,4.81,1.0]","[1.1459870224360469,2.672060590394606,1.8162883386882491,4.678687769727618]",1
351000.0,4.0,4.6,1.0,"[351000.0,4.0,4.6,1.0]","[1.9132488816355233,2.1376484723156848,1.7369909268120471,4.678687769727618]",1
182209.0,5.0,5.0,1.0,"[182209.0,5.0,5.0,1.0]","[0.9931942036294219,2.672060590394606,1.8880336161000513,4.678687769727618]",1
267473.0,5.0,4.93,1.0,"[267473.0,5.0,4.93,1.0]","[1.4579556071729298,2.672060590394606,1.8616011454746506,4.678687769727618]",1
572321.0,5.0,5.0,1.0,"[572321.0,5.0,5.0,1.0]","[3.1196367897051975,2.672060590394606,1.8880336161000513,4.678687769727618]",1
231147.0,5.0,5.0,1.0,"[231147.0,5.0,5.0,1.0]","[1.2599479750524396,2.672060590394606,1.8880336161000513,4.678687769727618]",1
237586.0,5.0,5.0,1.0,"[237586.0,5.0,5.0,1.0]","[1.2950460079551493,2.672060590394606,1.8880336161000513,4.678687769727618]",1
262800.0,5.0,4.97,1.0,"[262800.0,5.0,4.97,1.0]","[1.4324837780450586,2.672060590394606,1.876705414403451,4.678687769727618]",1
90785.0,5.0,9.1,1.0,"[90785.0,5.0,9.1,1.0]","[0.4948555547557863,2.672060590394606,3.436221181302093,4.678687769727618]",1
85108.0,4.0,8.3,1.0,"[85108.0,4.0,8.3,1.0]","[0.4639110707072254,2.1376484723156848,3.1341358027260853,4.678687769727618]",1
262800.0,5.0,4.82,1.0,"[262800.0,5.0,4.82,1.0]","[1.4324837780450586,2.672060590394606,1.8200644059204496,4.678687769727618]",1
29200.0,4.0,4.74,1.0,"[29200.0,4.0,4.74,1.0]","[0.15916486422722873,2.1376484723156848,1.7898558680628487,4.678687769727618]",1
46566.0,0.0,8.2,1.0,"[46566.0,0.0,8.2,1.0]","[0.25382435163031275,0.0,3.096375130404084,4.678687769727618]",0
324202.0,4.0,4.76,1.0,"[324202.0,4.0,4.76,1.0]","[1.7671769627464387,2.1376484723156848,1.7974080025272487,4.678687769727618]",1
102785.0,0.0,0.0,1.0,"[102785.0,0.0,0.0,1.0]","[0.5602657729313597,0.0,0.0,4.678687769727618]",0
115811.0,3.0,7.7,1.0,"[115811.0,3.0,7.7,1.0]","[0.6312685647609447,1.6032363542367636,2.907571768794079,4.678687769727618]",1
186795.0,3.0,4.48,1.0,"[186795.0,3.0,4.48,1.0]","[1.0181918086755202,1.6032363542367636,1.691678120025646,4.678687769727618]",1
262800.0,5.0,4.94,1.0,"[262800.0,5.0,4.94,1.0]","[1.4324837780450586,2.672060590394606,1.8653772127068509,4.678687769727618]",1
53619.0,4.0,8.4,1.0,"[53619.0,4.0,8.4,1.0]","[0.29226920736300604,2.1376484723156848,3.1718964750480865,4.678687769727618]",1
101012.0,3.0,8.2,1.0,"[101012.0,3.0,8.2,1.0]","[0.5506014131959188,1.6032363542367636,3.096375130404084,4.678687769727618]",1
140000.0,3.0,8.3,1.0,"[140000.0,3.0,8.3,1.0]","[0.7631192120483569,1.6032363542367636,3.1341358027260853,4.678687769727618]",1
254625.0,5.0,4.99,1.0,"[254625.0,5.0,4.99,1.0]","[1.3879230669129492,2.672060590394606,1.8842575488678512,4.678687769727618]",1
272962.0,5.0,5.0,1.0,"[272962.0,5.0,5.0,1.0]","[1.4878753311367399,2.672060590394606,1.8880336161000513,4.678687769727618]",1
304144.0,5.0,4.98,1.0,"[304144.0,5.0,4.98,1.0]","[1.6578437830659676,2.672060590394606,1.8804814816356512,4.678687769727618]",1
350000.0,5.0,5.0,1.0,"[350000.0,5.0,5.0,1.0]","[1.9077980301208923,2.672060590394606,1.8880336161000513,4.678687769727618]",1
74738.0,0.0,0.0,1.0,"[74738.0,0.0,0.0,1.0]","[0.4073857405005007,0.0,0.0,4.678687769727618]",0
130138.0,5.0,5.0,1.0,"[130138.0,5.0,5.0,1.0]","[0.7093629144110648,2.672060590394606,1.8880336161000513,4.678687769727618]",1
481119.0,0.0,0.0,1.0,"[481119.0,0.0,0.0,1.0]","[2.62250822986781,0.0,0.0,4.678687769727618]",0
32238.0,4.0,8.4,1.0,"[32238.0,4.0,8.4,1.0]","[0.17572455112867807,2.1376484723156848,3.1718964750480865,4.678687769727618]",1
301650.0,5.0,4.95,1.0,"[301650.0,5.0,4.95,1.0]","[1.6442493593884775,2.672060590394606,1.869153279939051,4.678687769727618]",1
466100.0,4.0,4.5,1.0,"[466100.0,4.0,4.5,1.0]","[2.540641890969565,2.1376484723156848,1.6992302544900462,4.678687769727618]",1
114565.0,0.0,8.9,1.0,"[114565.0,0.0,8.9,1.0]","[0.6244768037737144,0.0,3.3606998366580916,4.678687769727618]",0
210240.0,5.0,5.0,1.0,"[210240.0,5.0,5.0,1.0]","[1.1459870224360469,2.672060590394606,1.8880336161000513,4.678687769727618]",1
82206.0,0.0,9.3,1.0,"[82206.0,0.0,9.3,1.0]","[0.4480926996117659,0.0,3.511742525946096,4.678687769727618]",0
220752.0,5.0,4.91,1.0,"[220752.0,5.0,4.91,1.0]","[1.2032863735578492,2.672060590394606,1.8540490110102505,4.678687769727618]",1
197296.0,0.0,7.8,1.0,"[197296.0,0.0,7.8,1.0]","[1.0754312004306616,0.0,2.94533244111608,4.678687769727618]",0
315302.0,5.0,4.83,1.0,"[315302.0,5.0,4.83,1.0]","[1.7186643842662217,2.672060590394606,1.8238404731526496,4.678687769727618]",1
313235.0,5.0,4.88,1.0,"[313235.0,5.0,4.88,1.0]","[1.7073974741854792,2.672060590394606,1.84272080931365,4.678687769727618]",1
623417.0,0.0,0.0,1.0,"[623417.0,0.0,0.0,1.0]","[3.3981534986967894,0.0,0.0,4.678687769727618]",0
600000.0,2.0,2.5,1.0,"[600000.0,2.0,2.5,1.0]","[3.2705109087786726,1.0688242361578424,0.9440168080500256,4.678687769727618]",1
192720.0,4.0,4.69,1.0,"[192720.0,4.0,4.69,1.0]","[1.0504881038997096,2.1376484723156848,1.7709755319018483,4.678687769727618]",1
15418.0,5.0,5.0,1.0,"[15418.0,5.0,5.0,1.0]","[0.08404122865258262,2.672060590394606,1.8880336161000513,4.678687769727618]",1
196560.0,4.0,4.75,1.0,"[196560.0,4.0,4.75,1.0]","[1.071419373715893,2.1376484723156848,1.7936319352950487,4.678687769727618]",1
239440.0,5.0,5.0,1.0,"[239440.0,5.0,5.0,1.0]","[1.3051518866632756,2.672060590394606,1.8880336161000513,4.678687769727618]",1
134320.0,5.0,5.0,1.0,"[134320.0,5.0,5.0,1.0]","[0.7321583754452521,2.672060590394606,1.8880336161000513,4.678687769727618]",1
199170.0,5.0,4.92,1.0,"[199170.0,5.0,4.92,1.0]","[1.0856460961690804,2.672060590394606,1.8578250782424506,4.678687769727618]",1
247032.0,4.0,4.65,1.0,"[247032.0,4.0,4.65,1.0]","[1.3465347513623551,2.1376484723156848,1.755871262973048,4.678687769727618]",1
75921.0,5.0,4.96,1.0,"[75921.0,5.0,4.96,1.0]","[0.4138340978423093,2.672060590394606,1.872929347171251,4.678687769727618]",1
267673.0,4.0,4.73,1.0,"[267673.0,4.0,4.73,1.0]","[1.459045777475856,2.1376484723156848,1.7860798008306487,4.678687769727618]",1
537297.0,3.0,8.0,1.0,"[537297.0,3.0,8.0,1.0]","[2.9287261662567574,1.6032363542367636,3.020853785760082,4.678687769727618]",1
80595.0,2.0,9.3,1.0,"[80595.0,2.0,9.3,1.0]","[0.43931137782169516,1.0688242361578424,3.511742525946096,4.678687769727618]",1
227761.0,5.0,4.8,1.0,"[227761.0,5.0,4.8,1.0]","[1.2414913918238988,2.672060590394606,1.812512271456049,4.678687769727618]",1
233600.0,5.0,5.0,1.0,"[233600.0,5.0,5.0,1.0]","[1.2733189138178298,2.672060590394606,1.8880336161000513,4.678687769727618]",1
115636.0,0.0,0.0,1.0,"[115636.0,0.0,0.0,1.0]","[0.6303146657458842,0.0,0.0,4.678687769727618]",0
584001.0,5.0,4.96,1.0,"[584001.0,5.0,4.96,1.0]","[3.183302735396089,2.672060590394606,1.872929347171251,4.678687769727618]",1
118205.0,3.0,9.4,1.0,"[118205.0,3.0,9.4,1.0]","[0.6443179032869716,1.6032363542367636,3.5495031982680967,4.678687769727618]",1
292000.0,4.0,4.6,1.0,"[292000.0,4.0,4.6,1.0]","[1.5916486422722873,2.1376484723156848,1.7369909268120471,4.678687769727618]",1
80595.0,3.0,8.9,1.0,"[80595.0,3.0,8.9,1.0]","[0.43931137782169516,1.6032363542367636,3.3606998366580916,4.678687769727618]",1
79090.0,0.0,0.0,1.0,"[79090.0,0.0,0.0,1.0]","[0.43110784629217536,0.0,0.0,4.678687769727618]",0
135399.0,3.0,8.5,1.0,"[135399.0,3.0,8.5,1.0]","[0.7380398442295392,1.6032363542367636,3.2096571473700872,4.678687769727618]",1
193427.0,3.0,9.0,1.0,"[193427.0,3.0,9.0,1.0]","[1.0543418559205537,1.6032363542367636,3.3984605089800923,4.678687769727618]",1
181753.0,4.0,4.75,1.0,"[181753.0,4.0,4.75,1.0]","[0.9907086153387501,2.1376484723156848,1.7936319352950487,4.678687769727618]",1
152618.0,0.0,0.0,1.0,"[152618.0,0.0,0.0,1.0]","[0.8318980564599724,0.0,0.0,4.678687769727618]",0
77088.0,5.0,4.96,1.0,"[77088.0,5.0,4.96,1.0]","[0.42019524155988386,2.672060590394606,1.872929347171251,4.678687769727618]",1
99280.0,0.0,0.0,1.0,"[99280.0,0.0,0.0,1.0]","[0.5411605383725777,0.0,0.0,4.678687769727618]",0
197760.0,5.0,4.94,1.0,"[197760.0,5.0,4.94,1.0]","[1.0779603955334505,2.672060590394606,1.8653772127068509,4.678687769727618]",1
280320.0,5.0,4.81,1.0,"[280320.0,5.0,4.81,1.0]","[1.5279826965813958,2.672060590394606,1.8162883386882491,4.678687769727618]",1
233600.0,0.0,0.0,1.0,"[233600.0,0.0,0.0,1.0]","[1.2733189138178298,0.0,0.0,4.678687769727618]",0
229385.0,0.0,0.0,1.0,"[229385.0,0.0,0.0,1.0]","[1.2503435746836595,0.0,0.0,4.678687769727618]",0
270976.0,5.0,4.97,1.0,"[270976.0,5.0,4.97,1.0]","[1.4770499400286825,2.672060590394606,1.876705414403451,4.678687769727618]",1
34387.0,3.0,0.0,1.0,"[34387.0,3.0,0.0,1.0]","[0.18743843103362035,1.6032363542367636,0.0,4.678687769727618]",0
32238.0,0.0,9.8,1.0,"[32238.0,0.0,9.8,1.0]","[0.17572455112867807,0.0,3.700545887556101,4.678687769727618]",0
88654.0,3.0,8.7,1.0,"[88654.0,3.0,8.7,1.0]","[0.48323979017810736,1.6032363542367636,3.285178492014089,4.678687769727618]",1
50506.0,0.0,0.0,1.0,"[50506.0,0.0,0.0,1.0]","[0.2753007065979594,0.0,0.0,4.678687769727618]",0
634778.0,5.0,4.99,1.0,"[634778.0,5.0,4.99,1.0]","[3.4600806227545133,2.672060590394606,1.8842575488678512,4.678687769727618]",1
157961.0,0.0,0.0,1.0,"[157961.0,0.0,0.0,1.0]","[0.8610219561026464,0.0,0.0,4.678687769727618]",0
146000.0,5.0,4.83,1.0,"[146000.0,5.0,4.83,1.0]","[0.7958243211361437,2.672060590394606,1.8238404731526496,4.678687769727618]",1
37611.0,0.0,8.8,1.0,"[37611.0,0.0,8.8,1.0]","[0.20501197631679108,0.0,3.322939164336091,4.678687769727618]",0
100206.0,0.0,9.1,1.0,"[100206.0,0.0,9.1,1.0]","[0.546208026875126,0.0,3.436221181302093,4.678687769727618]",0
279842.0,5.0,5.0,1.0,"[279842.0,5.0,5.0,1.0]","[1.525377189557402,2.672060590394606,1.8880336161000513,4.678687769727618]",1
386288.0,5.0,5.0,1.0,"[386288.0,5.0,5.0,1.0]","[2.1055985298838262,2.672060590394606,1.8880336161000513,4.678687769727618]",1
198560.0,5.0,4.95,1.0,"[198560.0,5.0,4.95,1.0]","[1.0823210767451554,2.672060590394606,1.869153279939051,4.678687769727618]",1
209310.0,5.0,4.91,1.0,"[209310.0,5.0,4.91,1.0]","[1.1409177305274398,2.672060590394606,1.8540490110102505,4.678687769727618]",1
85968.0,0.0,9.1,1.0,"[85968.0,0.0,9.1,1.0]","[0.46859880300980816,0.0,3.436221181302093,4.678687769727618]",0
274481.0,0.0,0.0,1.0,"[274481.0,0.0,0.0,1.0]","[1.4961551745874646,0.0,0.0,4.678687769727618]",0
250335.0,5.0,4.98,1.0,"[250335.0,5.0,4.98,1.0]","[1.3645389139151816,2.672060590394606,1.8804814816356512,4.678687769727618]",1
250576.0,5.0,4.86,1.0,"[250576.0,5.0,4.86,1.0]","[1.3658525691302077,2.672060590394606,1.83516867484925,4.678687769727618]",1
262800.0,5.0,4.8,1.0,"[262800.0,5.0,4.8,1.0]","[1.4324837780450586,2.672060590394606,1.812512271456049,4.678687769727618]",1
87600.0,5.0,4.83,1.0,"[87600.0,5.0,4.83,1.0]","[0.47749459268168615,2.672060590394606,1.8238404731526496,4.678687769727618]",1
143816.0,0.0,0.0,1.0,"[143816.0,0.0,0.0,1.0]","[0.7839196614281893,0.0,0.0,4.678687769727618]",0
116800.0,4.0,4.67,1.0,"[116800.0,4.0,4.67,1.0]","[0.6366594569089149,2.1376484723156848,1.7634233974374478,4.678687769727618]",1
70000.0,5.0,4.9,1.0,"[70000.0,5.0,4.9,1.0]","[0.38155960602417843,2.672060590394606,1.8502729437780505,4.678687769727618]",1
146000.0,5.0,4.84,1.0,"[146000.0,5.0,4.84,1.0]","[0.7958243211361437,2.672060590394606,1.8276165403848497,4.678687769727618]",1
91111.0,3.0,9.1,1.0,"[91111.0,3.0,9.1,1.0]","[0.49663253234955607,1.6032363542367636,3.436221181302093,4.678687769727618]",1
125728.0,4.0,7.0,1.0,"[125728.0,4.0,7.0,1.0]","[0.6853246592315415,2.1376484723156848,2.643247062540072,4.678687769727618]",1
302265.0,0.0,0.0,1.0,"[302265.0,0.0,0.0,1.0]","[1.6476016330699756,0.0,0.0,4.678687769727618]",0
400000.0,5.0,5.0,1.0,"[400000.0,5.0,5.0,1.0]","[2.1803406058524484,2.672060590394606,1.8880336161000513,4.678687769727618]",1
134320.0,5.0,4.88,1.0,"[134320.0,5.0,4.88,1.0]","[0.7321583754452521,2.672060590394606,1.84272080931365,4.678687769727618]",1
194472.0,5.0,4.82,1.0,"[194472.0,5.0,4.82,1.0]","[1.0600379957533432,2.672060590394606,1.8200644059204496,4.678687769727618]",1
33320.0,0.0,0.0,1.0,"[33320.0,0.0,0.0,1.0]","[0.18162237246750895,0.0,0.0,4.678687769727618]",0
98648.0,3.0,7.9,1.0,"[98648.0,3.0,7.9,1.0]","[0.5377156002153308,1.6032363542367636,2.9830931134380814,4.678687769727618]",1
262800.0,5.0,4.99,1.0,"[262800.0,5.0,4.99,1.0]","[1.4324837780450586,2.672060590394606,1.8842575488678512,4.678687769727618]",1
123310.0,3.0,8.3,1.0,"[123310.0,3.0,8.3,1.0]","[0.6721445002691635,1.6032363542367636,3.1341358027260853,4.678687769727618]",1
81293.0,0.0,0.0,1.0,"[81293.0,0.0,0.0,1.0]","[0.4431160721789077,0.0,0.0,4.678687769727618]",0
98648.0,0.0,9.0,1.0,"[98648.0,0.0,9.0,1.0]","[0.5377156002153308,0.0,3.3984605089800923,4.678687769727618]",0
33192.0,0.0,9.1,1.0,"[33192.0,0.0,9.1,1.0]","[0.18092466347363617,0.0,3.436221181302093,4.678687769727618]",0
75222.0,0.0,0.0,1.0,"[75222.0,0.0,0.0,1.0]","[0.41002395263358216,0.0,0.0,4.678687769727618]",0
90302.0,0.0,0.0,1.0,"[90302.0,0.0,0.0,1.0]","[0.4922227934742195,0.0,0.0,4.678687769727618]",0
168706.0,0.0,0.0,1.0,"[168706.0,0.0,0.0,1.0]","[0.9195913556273578,0.0,0.0,4.678687769727618]",0
84096.0,5.0,4.82,1.0,"[84096.0,5.0,4.82,1.0]","[0.45839480897441875,2.672060590394606,1.8200644059204496,4.678687769727618]",1
161189.0,0.0,8.0,1.0,"[161189.0,0.0,8.0,1.0]","[0.8786173047918757,0.0,3.020853785760082,4.678687769727618]",0
210000.0,4.0,4.59,1.0,"[210000.0,4.0,4.59,1.0]","[1.1446788180725354,2.1376484723156848,1.7332148595798471,4.678687769727618]",1
283824.0,5.0,4.95,1.0,"[283824.0,5.0,4.95,1.0]","[1.5470824802886631,2.672060590394606,1.869153279939051,4.678687769727618]",1
39545.0,0.0,9.2,1.0,"[39545.0,0.0,9.2,1.0]","[0.21555392314608768,0.0,3.4739818536240943,4.678687769727618]",0
232257.0,5.0,5.0,1.0,"[232257.0,5.0,5.0,1.0]","[1.2659984202336803,2.672060590394606,1.8880336161000513,4.678687769727618]",1
96714.0,2.0,9.1,1.0,"[96714.0,2.0,9.1,1.0]","[0.5271736533860342,1.0688242361578424,3.436221181302093,4.678687769727618]",1
233600.0,5.0,4.91,1.0,"[233600.0,5.0,4.91,1.0]","[1.2733189138178298,2.672060590394606,1.8540490110102505,4.678687769727618]",1
52279.0,0.0,0.0,1.0,"[52279.0,0.0,0.0,1.0]","[0.28496506633340035,0.0,0.0,4.678687769727618]",0
389400.0,5.0,4.86,1.0,"[389400.0,5.0,4.86,1.0]","[2.1225615797973583,2.672060590394606,1.83516867484925,4.678687769727618]",1
361613.0,0.0,0.0,1.0,"[361613.0,0.0,0.0,1.0]","[1.9710987687603034,0.0,0.0,4.678687769727618]",0
101549.0,4.0,8.4,1.0,"[101549.0,4.0,8.4,1.0]","[0.5535285204592757,2.1376484723156848,3.1718964750480865,4.678687769727618]",1
292000.0,0.0,0.0,1.0,"[292000.0,0.0,0.0,1.0]","[1.5916486422722873,0.0,0.0,4.678687769727618]",0
50575.0,0.0,8.3,1.0,"[50575.0,0.0,8.3,1.0]","[0.2756768153524689,0.0,3.1341358027260853,4.678687769727618]",0
119513.0,0.0,8.5,1.0,"[119513.0,0.0,8.5,1.0]","[0.6514476170681092,0.0,3.2096571473700872,4.678687769727618]",0
292000.0,5.0,4.93,1.0,"[292000.0,5.0,4.93,1.0]","[1.5916486422722873,2.672060590394606,1.8616011454746506,4.678687769727618]",1
178920.0,0.0,0.0,1.0,"[178920.0,0.0,0.0,1.0]","[0.9752663529978001,0.0,0.0,4.678687769727618]",0
523796.0,5.0,5.0,1.0,"[523796.0,5.0,5.0,1.0]","[2.8551342199577223,2.672060590394606,1.8880336161000513,4.678687769727618]",1
170995.0,5.0,4.84,1.0,"[170995.0,5.0,4.84,1.0]","[0.9320683547443485,2.672060590394606,1.8276165403848497,4.678687769727618]",1
276232.0,5.0,5.0,1.0,"[276232.0,5.0,5.0,1.0]","[1.5056996155895837,2.672060590394606,1.8880336161000513,4.678687769727618]",1
96714.0,0.0,0.0,1.0,"[96714.0,0.0,0.0,1.0]","[0.5271736533860342,0.0,0.0,4.678687769727618]",0
515498.0,5.0,4.85,1.0,"[515498.0,5.0,4.85,1.0]","[2.8099030540893133,2.672060590394606,1.8313926076170497,4.678687769727618]",1
95997.0,0.0,8.3,1.0,"[95997.0,0.0,8.3,1.0]","[0.5232653928500437,0.0,3.1341358027260853,4.678687769727618]",0
168192.0,4.0,4.59,1.0,"[168192.0,4.0,4.59,1.0]","[0.9167896179488375,2.1376484723156848,1.7332148595798471,4.678687769727618]",1
89936.0,5.0,4.95,1.0,"[89936.0,5.0,4.95,1.0]","[0.4902277818198645,2.672060590394606,1.869153279939051,4.678687769727618]",1
219506.0,0.0,0.0,1.0,"[219506.0,0.0,0.0,1.0]","[1.1964946125706188,0.0,0.0,4.678687769727618]",0
676906.0,0.0,0.0,1.0,"[676906.0,0.0,0.0,1.0]","[3.6897140953628935,0.0,0.0,4.678687769727618]",0
256960.0,5.0,4.92,1.0,"[256960.0,5.0,4.92,1.0]","[1.4006508051996127,2.672060590394606,1.8578250782424506,4.678687769727618]",1
127519.0,4.0,8.6,1.0,"[127519.0,4.0,8.6,1.0]","[0.6950871342942458,2.1376484723156848,3.247417819692088,4.678687769727618]",1
464053.0,4.0,4.64,1.0,"[464053.0,4.0,4.64,1.0]","[2.5294839979191153,2.1376484723156848,1.7520951957408475,4.678687769727618]",1
75222.0,2.0,8.4,1.0,"[75222.0,2.0,8.4,1.0]","[0.41002395263358216,1.0688242361578424,3.1718964750480865,4.678687769727618]",1
204400.0,5.0,4.94,1.0,"[204400.0,5.0,4.94,1.0]","[1.114154049590601,2.672060590394606,1.8653772127068509,4.678687769727618]",1
134596.0,2.0,3.6,1.0,"[134596.0,2.0,3.6,1.0]","[0.7336628104632903,1.0688242361578424,1.359384203592037,4.678687769727618]",0
69849.0,3.0,7.8,1.0,"[69849.0,3.0,7.8,1.0]","[0.38073652744546915,1.6032363542367636,2.94533244111608,4.678687769727618]",1
61241.0,0.0,9.2,1.0,"[61241.0,0.0,9.2,1.0]","[0.33381559760752444,0.0,3.4739818536240943,4.678687769727618]",0
302803.0,5.0,4.94,1.0,"[302803.0,5.0,4.94,1.0]","[1.6505341911848472,2.672060590394606,1.8653772127068509,4.678687769727618]",1
30000.0,3.0,7.7,1.0,"[30000.0,3.0,7.7,1.0]","[0.16352554543893363,1.6032363542367636,2.907571768794079,4.678687769727618]",1
167024.0,0.0,0.0,1.0,"[167024.0,0.0,0.0,1.0]","[0.9104230233797483,0.0,0.0,4.678687769727618]",0
67982.0,3.0,8.9,1.0,"[67982.0,3.0,8.9,1.0]","[0.37055978766765285,1.6032363542367636,3.3606998366580916,4.678687769727618]",1
445008.0,5.0,4.94,1.0,"[445008.0,5.0,4.94,1.0]","[2.4256725308229656,2.672060590394606,1.8653772127068509,4.678687769727618]",1
374140.0,5.0,4.82,1.0,"[374140.0,5.0,4.82,1.0]","[2.0393815856840876,2.672060590394606,1.8200644059204496,4.678687769727618]",1
145984.0,0.0,0.0,1.0,"[145984.0,0.0,0.0,1.0]","[0.7957371075119095,0.0,0.0,4.678687769727618]",0
93877.0,0.0,9.1,1.0,"[93877.0,0.0,9.1,1.0]","[0.5117095876390257,0.0,3.436221181302093,4.678687769727618]",0
265550.0,0.0,0.0,1.0,"[265550.0,0.0,0.0,1.0]","[1.4474736197102942,0.0,0.0,4.678687769727618]",0
96714.0,3.0,8.3,1.0,"[96714.0,3.0,8.3,1.0]","[0.5271736533860342,1.6032363542367636,3.1341358027260853,4.678687769727618]",1
268640.0,5.0,4.86,1.0,"[268640.0,5.0,4.86,1.0]","[1.4643167508905042,2.672060590394606,1.83516867484925,4.678687769727618]",1
204400.0,5.0,4.81,1.0,"[204400.0,5.0,4.81,1.0]","[1.114154049590601,2.672060590394606,1.8162883386882491,4.678687769727618]",1
236403.0,0.0,0.0,1.0,"[236403.0,0.0,0.0,1.0]","[1.2885976506133408,0.0,0.0,4.678687769727618]",0
70607.0,3.0,8.5,1.0,"[70607.0,3.0,8.5,1.0]","[0.3848682728935595,1.6032363542367636,3.2096571473700872,4.678687769727618]",1
94460.0,4.0,8.3,1.0,"[94460.0,4.0,8.3,1.0]","[0.5148874340720556,2.1376484723156848,3.1341358027260853,4.678687769727618]",1
83709.0,3.0,7.8,1.0,"[83709.0,3.0,7.8,1.0]","[0.4562853294382565,1.6032363542367636,2.94533244111608,4.678687769727618]",1
192720.0,4.0,4.7,1.0,"[192720.0,4.0,4.7,1.0]","[1.0504881038997096,2.1376484723156848,1.7747515991340483,4.678687769727618]",1
122460.0,2.0,1.5,1.0,"[122460.0,2.0,1.5,1.0]","[0.667511276481727,1.0688242361578424,0.5664100848300154,4.678687769727618]",0
626048.0,4.0,4.7,1.0,"[626048.0,4.0,4.7,1.0]","[3.4124946890317838,2.1376484723156848,1.7747515991340483,4.678687769727618]",1
24382.0,0.0,0.0,1.0,"[24382.0,0.0,0.0,1.0]","[0.132902661629736,0.0,0.0,4.678687769727618]",0
176088.0,5.0,5.0,1.0,"[176088.0,5.0,5.0,1.0]","[0.9598295415083647,2.672060590394606,1.8880336161000513,4.678687769727618]",1
74000.0,0.0,8.4,1.0,"[74000.0,0.0,8.4,1.0]","[0.4033630120827029,0.0,3.1718964750480865,4.678687769727618]",0
75684.0,0.0,8.9,1.0,"[75684.0,0.0,8.9,1.0]","[0.4125422460333417,0.0,3.3606998366580916,4.678687769727618]",0
59103.0,0.0,9.6,1.0,"[59103.0,0.0,9.6,1.0]","[0.32216167706924315,0.0,3.625024542912098,4.678687769727618]",0
538970.0,5.0,5.0,1.0,"[538970.0,5.0,5.0,1.0]","[2.9378454408407353,2.672060590394606,1.8880336161000513,4.678687769727618]",1
48357.0,0.0,0.0,1.0,"[48357.0,0.0,0.0,1.0]","[0.2635868266930171,0.0,0.0,4.678687769727618]",0
83300.0,0.0,9.4,1.0,"[83300.0,0.0,9.4,1.0]","[0.45405593116877235,0.0,3.5495031982680967,4.678687769727618]",0
89600.0,0.0,0.0,1.0,"[89600.0,0.0,0.0,1.0]","[0.4883962957109484,0.0,0.0,4.678687769727618]",0
123310.0,4.0,8.1,1.0,"[123310.0,4.0,8.1,1.0]","[0.6721445002691635,2.1376484723156848,3.058614458082083,4.678687769727618]",1
87501.0,3.0,8.5,1.0,"[87501.0,3.0,8.5,1.0]","[0.4769549583817377,1.6032363542367636,3.2096571473700872,4.678687769727618]",1
268640.0,5.0,5.0,1.0,"[268640.0,5.0,5.0,1.0]","[1.4643167508905042,2.672060590394606,1.8880336161000513,4.678687769727618]",1
24957.0,0.0,0.0,1.0,"[24957.0,0.0,0.0,1.0]","[0.13603690125064888,0.0,0.0,4.678687769727618]",0
190898.0,5.0,4.98,1.0,"[190898.0,5.0,4.98,1.0]","[1.0405566524400516,2.672060590394606,1.8804814816356512,4.678687769727618]",1
114337.0,0.0,0.0,1.0,"[114337.0,0.0,0.0,1.0]","[0.6232340096283785,0.0,0.0,4.678687769727618]",0
210240.0,5.0,4.94,1.0,"[210240.0,5.0,4.94,1.0]","[1.1459870224360469,2.672060590394606,1.8653772127068509,4.678687769727618]",1
134625.0,0.0,9.2,1.0,"[134625.0,0.0,9.2,1.0]","[0.7338208851572147,0.0,3.4739818536240943,4.678687769727618]",0
89503.0,0.0,9.9,1.0,"[89503.0,0.0,9.9,1.0]","[0.4878675631140292,0.0,3.738306559878102,4.678687769727618]",0
288496.0,5.0,5.0,1.0,"[288496.0,5.0,5.0,1.0]","[1.5725488585650198,2.672060590394606,1.8880336161000513,4.678687769727618]",1
203979.0,5.0,4.8,1.0,"[203979.0,5.0,4.8,1.0]","[1.1118592411029413,2.672060590394606,1.812512271456049,4.678687769727618]",1
126587.0,0.0,0.0,1.0,"[126587.0,0.0,0.0,1.0]","[0.6900069406826097,0.0,0.0,4.678687769727618]",0
192720.0,5.0,4.96,1.0,"[192720.0,5.0,4.96,1.0]","[1.0504881038997096,2.672060590394606,1.872929347171251,4.678687769727618]",1
206736.0,5.0,5.0,1.0,"[206736.0,5.0,5.0,1.0]","[1.1268872387287794,2.672060590394606,1.8880336161000513,4.678687769727618]",1
67699.0,3.0,8.1,1.0,"[67699.0,3.0,8.1,1.0]","[0.36901719668901223,1.6032363542367636,3.058614458082083,4.678687769727618]",1
280320.0,5.0,5.0,1.0,"[280320.0,5.0,5.0,1.0]","[1.5279826965813958,2.672060590394606,1.8880336161000513,4.678687769727618]",1
81760.0,5.0,4.94,1.0,"[81760.0,5.0,4.94,1.0]","[0.4456616198362404,2.672060590394606,1.8653772127068509,4.678687769727618]",1
64476.0,0.0,0.0,1.0,"[64476.0,0.0,0.0,1.0]","[0.35144910225735615,0.0,0.0,4.678687769727618]",0
245280.0,5.0,4.91,1.0,"[245280.0,5.0,4.91,1.0]","[1.3369848595087213,2.672060590394606,1.8540490110102505,4.678687769727618]",1
153008.0,4.0,4.66,1.0,"[153008.0,4.0,4.66,1.0]","[0.8340238885506785,2.1376484723156848,1.759647330205248,4.678687769727618]",1
306555.0,5.0,5.0,1.0,"[306555.0,5.0,5.0,1.0]","[1.6709857860677433,2.672060590394606,1.8880336161000513,4.678687769727618]",1
181624.0,5.0,4.9,1.0,"[181624.0,5.0,4.9,1.0]","[0.9900054554933627,2.672060590394606,1.8502729437780505,4.678687769727618]",1
57645.0,0.0,0.0,1.0,"[57645.0,0.0,0.0,1.0]","[0.31421433556091094,0.0,0.0,4.678687769727618]",0
220480.0,5.0,4.93,1.0,"[220480.0,5.0,4.93,1.0]","[1.2018037419458696,2.672060590394606,1.8616011454746506,4.678687769727618]",1
170160.0,0.0,0.0,1.0,"[170160.0,0.0,0.0,1.0]","[0.9275168937296315,0.0,0.0,4.678687769727618]",0
172689.0,0.0,0.0,1.0,"[172689.0,0.0,0.0,1.0]","[0.9413020972101336,0.0,0.0,4.678687769727618]",0
38610.0,5.0,4.91,1.0,"[38610.0,5.0,4.91,1.0]","[0.21045737697990757,2.672060590394606,1.8540490110102505,4.678687769727618]",1
111720.0,5.0,9.1,1.0,"[111720.0,5.0,9.1,1.0]","[0.6089691312145888,2.672060590394606,3.436221181302093,4.678687769727618]",1
82206.0,0.0,0.0,1.0,"[82206.0,0.0,0.0,1.0]","[0.4480926996117659,0.0,0.0,4.678687769727618]",0
274761.0,5.0,4.93,1.0,"[274761.0,5.0,4.93,1.0]","[1.4976814130115614,2.672060590394606,1.8616011454746506,4.678687769727618]",1
101650.0,0.0,0.0,3.0,"[101650.0,0.0,0.0,3.0]","[0.5540790564622534,0.0,0.0,14.036063309182854]",2
161069.0,3.0,6.6,1.0,"[161069.0,3.0,6.6,1.0]","[0.87796320261012,1.6032363542367636,2.4922043732520676,4.678687769727618]",1
90266.0,3.0,9.2,1.0,"[90266.0,3.0,9.2,1.0]","[0.49202656281969276,1.6032363542367636,3.4739818536240943,4.678687769727618]",1
196675.0,3.0,7.4,1.0,"[196675.0,3.0,7.4,1.0]","[1.0720462216400757,1.6032363542367636,2.7942897518280763,4.678687769727618]",1
42471.0,4.0,9.7,1.0,"[42471.0,4.0,9.7,1.0]","[0.23150311467789833,2.1376484723156848,3.6627852152340994,4.678687769727618]",1
62700.0,0.0,0.0,3.0,"[62700.0,0.0,0.0,3.0]","[0.34176838996737124,0.0,0.0,14.036063309182854]",2
57381.0,0.0,0.0,1.0,"[57381.0,0.0,0.0,1.0]","[0.31277531076104836,0.0,0.0,4.678687769727618]",0
80665.0,3.0,7.3,1.0,"[80665.0,3.0,7.3,1.0]","[0.43969293742771937,1.6032363542367636,2.756529079506075,4.678687769727618]",1
261340.0,4.0,4.7,1.0,"[261340.0,4.0,4.7,1.0]","[1.4245255348336971,2.1376484723156848,1.7747515991340483,4.678687769727618]",1
54804.0,2.0,8.6,1.0,"[54804.0,2.0,8.6,1.0]","[0.29872846640784395,1.0688242361578424,3.247417819692088,4.678687769727618]",1
28909.0,3.0,8.3,1.0,"[28909.0,3.0,8.3,1.0]","[0.15757866643647106,1.6032363542367636,3.1341358027260853,4.678687769727618]",1
85108.0,3.0,9.6,1.0,"[85108.0,3.0,9.6,1.0]","[0.4639110707072254,1.6032363542367636,3.625024542912098,4.678687769727618]",1
35333.0,3.0,8.9,1.0,"[35333.0,3.0,8.9,1.0]","[0.1925949365664614,1.6032363542367636,3.3606998366580916,4.678687769727618]",1
121472.0,5.0,4.96,1.0,"[121472.0,5.0,4.96,1.0]","[0.6621258351852715,2.672060590394606,1.872929347171251,4.678687769727618]",1
110197.0,5.0,9.3,1.0,"[110197.0,5.0,9.3,1.0]","[0.6006674843578056,2.672060590394606,3.511742525946096,4.678687769727618]",1
43204.0,0.0,0.0,1.0,"[43204.0,0.0,0.0,1.0]","[0.23549858883812294,0.0,0.0,4.678687769727618]",0
24700.0,0.0,0.0,3.0,"[24700.0,0.0,0.0,3.0]","[0.1346360324113887,0.0,0.0,14.036063309182854]",2
69350.0,0.0,0.0,1.0,"[69350.0,0.0,0.0,1.0]","[0.3780165525396682,0.0,0.0,4.678687769727618]",0
112706.0,4.0,7.1,1.0,"[112706.0,4.0,7.1,1.0]","[0.6143436708080151,2.1376484723156848,2.6810077348620727,4.678687769727618]",1
63650.0,0.0,0.0,3.0,"[63650.0,0.0,0.0,3.0]","[0.34694669890627083,0.0,0.0,14.036063309182854]",2
233600.0,5.0,4.94,1.0,"[233600.0,5.0,4.94,1.0]","[1.2733189138178298,2.672060590394606,1.8653772127068509,4.678687769727618]",1
309572.0,5.0,4.88,1.0,"[309572.0,5.0,4.88,1.0]","[1.6874310050873853,2.672060590394606,1.84272080931365,4.678687769727618]",1
30400.0,0.0,0.0,1.0,"[30400.0,0.0,0.0,1.0]","[0.16570588604478606,0.0,0.0,4.678687769727618]",0
91953.0,4.0,7.8,1.0,"[91953.0,4.0,7.8,1.0]","[0.5012221493248754,2.1376484723156848,2.94533244111608,4.678687769727618]",1
106289.0,3.0,8.3,1.0,"[106289.0,3.0,8.3,1.0]","[0.5793655566386272,1.6032363542367636,3.1341358027260853,4.678687769727618]",1
85405.0,0.0,0.0,1.0,"[85405.0,0.0,0.0,1.0]","[0.4655299736070709,0.0,0.0,4.678687769727618]",0
51258.0,3.0,8.1,1.0,"[51258.0,3.0,8.1,1.0]","[0.279399746936962,1.6032363542367636,3.058614458082083,4.678687769727618]",1
80750.0,3.0,8.3,3.0,"[80750.0,3.0,8.3,3.0]","[0.440156259806463,1.6032363542367636,3.1341358027260853,14.036063309182854]",2
72164.0,4.0,8.5,1.0,"[72164.0,4.0,8.5,1.0]","[0.3933552487018402,2.1376484723156848,3.2096571473700872,4.678687769727618]",1
107567.0,5.0,5.0,1.0,"[107567.0,5.0,5.0,1.0]","[0.5863317448743257,2.672060590394606,1.8880336161000513,4.678687769727618]",1
122550.0,3.0,9.4,1.0,"[122550.0,3.0,9.4,1.0]","[0.6680018531180438,1.6032363542367636,3.5495031982680967,4.678687769727618]",1
89268.0,4.0,7.1,1.0,"[89268.0,4.0,7.1,1.0]","[0.48658661300809086,2.1376484723156848,2.6810077348620727,4.678687769727618]",1
54490.0,4.0,8.4,1.0,"[54490.0,4.0,8.4,1.0]","[0.29701689903224976,2.1376484723156848,3.1718964750480865,4.678687769727618]",1
61673.0,0.0,8.2,1.0,"[61673.0,0.0,8.2,1.0]","[0.3361703654618451,0.0,3.096375130404084,4.678687769727618]",0
33250.0,0.0,0.0,3.0,"[33250.0,0.0,0.0,3.0]","[0.18124081286148477,0.0,0.0,14.036063309182854]",2
104307.0,4.0,7.5,1.0,"[104307.0,4.0,7.5,1.0]","[0.5685619689366284,2.1376484723156848,2.832050424150077,4.678687769727618]",1
85656.0,3.0,8.2,1.0,"[85656.0,3.0,8.2,1.0]","[0.4668981373372433,1.6032363542367636,3.096375130404084,4.678687769727618]",1
107457.0,4.0,8.7,1.0,"[107457.0,4.0,8.7,1.0]","[0.5857321512077164,2.1376484723156848,3.285178492014089,4.678687769727618]",1
46002.0,0.0,0.0,1.0,"[46002.0,0.0,0.0,1.0]","[0.2507500713760608,0.0,0.0,4.678687769727618]",0
46550.0,0.0,0.0,1.0,"[46550.0,0.0,0.0,1.0]","[0.25373713800607867,0.0,0.0,4.678687769727618]",0
35040.0,0.0,0.0,1.0,"[35040.0,0.0,0.0,1.0]","[0.19099783707267448,0.0,0.0,4.678687769727618]",0
39900.0,0.0,0.0,3.0,"[39900.0,0.0,0.0,3.0]","[0.2174889754337817,0.0,0.0,14.036063309182854]",2
68400.0,0.0,0.0,3.0,"[68400.0,0.0,0.0,3.0]","[0.37283824360076867,0.0,0.0,14.036063309182854]",2
44486.0,4.0,8.5,1.0,"[44486.0,4.0,8.5,1.0]","[0.24248658047988003,2.1376484723156848,3.2096571473700872,4.678687769727618]",1
46002.0,0.0,0.0,1.0,"[46002.0,0.0,0.0,1.0]","[0.2507500713760608,0.0,0.0,4.678687769727618]",0
48335.0,3.0,8.9,1.0,"[48335.0,3.0,8.9,1.0]","[0.26346690795969524,1.6032363542367636,3.3606998366580916,4.678687769727618]",1
79615.0,5.0,4.97,1.0,"[79615.0,5.0,4.97,1.0]","[0.43396954333735666,2.672060590394606,1.876705414403451,4.678687769727618]",1
65330.0,0.0,0.0,1.0,"[65330.0,0.0,0.0,1.0]","[0.3561041294508511,0.0,0.0,4.678687769727618]",0
141947.0,4.0,8.1,1.0,"[141947.0,4.0,8.1,1.0]","[0.7737320199473436,2.1376484723156848,3.058614458082083,4.678687769727618]",1
96667.0,3.0,8.6,1.0,"[96667.0,3.0,8.6,1.0]","[0.5269174633648466,1.6032363542367636,3.247417819692088,4.678687769727618]",1
157680.0,5.0,4.88,1.0,"[157680.0,5.0,4.88,1.0]","[0.8594902668270351,2.672060590394606,1.84272080931365,4.678687769727618]",1
80303.0,3.0,0.0,1.0,"[80303.0,3.0,0.0,1.0]","[0.43771972917942287,1.6032363542367636,0.0,4.678687769727618]",0
76000.0,0.0,0.0,1.0,"[76000.0,0.0,0.0,1.0]","[0.41426471511196516,0.0,0.0,4.678687769727618]",0
59103.0,0.0,8.8,1.0,"[59103.0,0.0,8.8,1.0]","[0.32216167706924315,0.0,3.322939164336091,4.678687769727618]",0
68400.0,0.0,0.0,3.0,"[68400.0,0.0,0.0,3.0]","[0.37283824360076867,0.0,0.0,14.036063309182854]",2
32000.0,0.0,0.0,1.0,"[32000.0,0.0,0.0,1.0]","[0.17442724846819585,0.0,0.0,4.678687769727618]",0
43862.0,0.0,0.0,1.0,"[43862.0,0.0,0.0,1.0]","[0.2390852491347502,0.0,0.0,4.678687769727618]",0
93965.0,0.0,8.5,1.0,"[93965.0,0.0,8.5,1.0]","[0.5121892625723132,0.0,3.2096571473700872,4.678687769727618]",0
169255.0,4.0,7.8,1.0,"[169255.0,4.0,7.8,1.0]","[0.9225838731088903,2.1376484723156848,2.94533244111608,4.678687769727618]",1
188516.0,3.0,6.8,1.0,"[188516.0,3.0,6.8,1.0]","[1.0275727241322004,1.6032363542367636,2.5677257178960695,4.678687769727618]",1
89024.0,3.0,7.1,1.0,"[89024.0,3.0,7.1,1.0]","[0.4852566052385209,1.6032363542367636,2.6810077348620727,4.678687769727618]",1
70607.0,0.0,0.0,1.0,"[70607.0,0.0,0.0,1.0]","[0.3848682728935595,0.0,0.0,4.678687769727618]",0
51222.0,3.0,8.0,1.0,"[51222.0,3.0,8.0,1.0]","[0.2792035162824353,1.6032363542367636,3.020853785760082,4.678687769727618]",1
79800.0,4.0,8.4,3.0,"[79800.0,4.0,8.4,3.0]","[0.4349779508675634,2.1376484723156848,3.1718964750480865,14.036063309182854]",2
34200.0,0.0,0.0,3.0,"[34200.0,0.0,0.0,3.0]","[0.18641912180038434,0.0,0.0,14.036063309182854]",2
76156.0,4.0,7.6,1.0,"[76156.0,4.0,7.6,1.0]","[0.4151150479482476,2.1376484723156848,2.8698110964720778,4.678687769727618]",1
414640.0,5.0,4.94,1.0,"[414640.0,5.0,4.94,1.0]","[2.2601410720266477,2.672060590394606,1.8653772127068509,4.678687769727618]",1
53535.0,0.0,9.7,1.0,"[53535.0,0.0,9.7,1.0]","[0.29181133583577706,0.0,3.6627852152340994,4.678687769727618]",0
475000.0,0.0,8.3,3.0,"[475000.0,0.0,8.3,3.0]","[2.5891544694497823,0.0,3.1341358027260853,14.036063309182854]",2
68400.0,0.0,0.0,3.0,"[68400.0,0.0,0.0,3.0]","[0.37283824360076867,0.0,0.0,14.036063309182854]",2
77900.0,0.0,0.0,1.0,"[77900.0,0.0,0.0,1.0]","[0.4246213329897643,0.0,0.0,4.678687769727618]",0
72535.0,3.0,7.7,1.0,"[72535.0,3.0,7.7,1.0]","[0.39537751461376835,1.6032363542367636,2.907571768794079,4.678687769727618]",1
66319.0,0.0,9.1,1.0,"[66319.0,0.0,9.1,1.0]","[0.3614950215988213,0.0,3.436221181302093,4.678687769727618]",0
141550.0,0.0,0.0,1.0,"[141550.0,0.0,0.0,1.0]","[0.7715680318960352,0.0,0.0,4.678687769727618]",0
66059.0,0.0,0.0,1.0,"[66059.0,0.0,0.0,1.0]","[0.36007780020501723,0.0,0.0,4.678687769727618]",0
91457.0,2.0,6.9,1.0,"[91457.0,2.0,6.9,1.0]","[0.4985185269736184,1.0688242361578424,2.605486390218071,4.678687769727618]",0
124253.0,4.0,8.6,1.0,"[124253.0,4.0,8.6,1.0]","[0.6772846532474607,2.1376484723156848,3.247417819692088,4.678687769727618]",1
150969.0,4.0,8.5,1.0,"[150969.0,4.0,8.5,1.0]","[0.8229096023123457,2.1376484723156848,3.2096571473700872,4.678687769727618]",1
58362.0,3.0,7.3,1.0,"[58362.0,3.0,7.3,1.0]","[0.31812259609690147,1.6032363542367636,2.756529079506075,4.678687769727618]",1
157457.0,0.0,7.6,1.0,"[157457.0,0.0,7.6,1.0]","[0.8582747269392724,0.0,2.8698110964720778,4.678687769727618]",0
73566.0,3.0,6.6,1.0,"[73566.0,3.0,6.6,1.0]","[0.400997342525353,1.6032363542367636,2.4922043732520676,4.678687769727618]",1
90561.0,4.0,8.6,1.0,"[90561.0,4.0,8.6,1.0]","[0.4936345640165089,2.1376484723156848,3.247417819692088,4.678687769727618]",1
356240.0,5.0,5.0,1.0,"[356240.0,5.0,5.0,1.0]","[1.9418113435721904,2.672060590394606,1.8880336161000513,4.678687769727618]",1
130900.0,2.0,0.0,1.0,"[130900.0,2.0,0.0,1.0]","[0.7135164632652137,1.0688242361578424,0.0,4.678687769727618]",0
64476.0,3.0,0.0,1.0,"[64476.0,3.0,0.0,1.0]","[0.35144910225735615,1.6032363542367636,0.0,4.678687769727618]",0
43560.0,0.0,8.9,1.0,"[43560.0,0.0,8.9,1.0]","[0.23743909197733162,0.0,3.3606998366580916,4.678687769727618]",0
117025.0,3.0,7.1,1.0,"[117025.0,3.0,7.1,1.0]","[0.6378858984997069,1.6032363542367636,2.6810077348620727,4.678687769727618]",1
106270.0,3.0,7.9,1.0,"[106270.0,3.0,7.9,1.0]","[0.5792619904598492,1.6032363542367636,2.9830931134380814,4.678687769727618]",1
94698.0,4.0,8.2,1.0,"[94698.0,4.0,8.2,1.0]","[0.5161847367325378,2.1376484723156848,3.096375130404084,4.678687769727618]",1
59699.0,5.0,9.3,1.0,"[59699.0,5.0,9.3,1.0]","[0.32541038457196325,2.672060590394606,3.511742525946096,4.678687769727618]",1
273030.0,0.0,7.2,1.0,"[273030.0,0.0,7.2,1.0]","[1.4882459890397348,0.0,2.718768407184074,4.678687769727618]",0
41507.0,0.0,0.0,1.0,"[41507.0,0.0,0.0,1.0]","[0.22624849381779394,0.0,0.0,4.678687769727618]",0
141550.0,3.0,7.8,3.0,"[141550.0,3.0,7.8,3.0]","[0.7715680318960352,1.6032363542367636,2.94533244111608,14.036063309182854]",2
47500.0,4.0,8.4,1.0,"[47500.0,4.0,8.4,1.0]","[0.25891544694497826,2.1376484723156848,3.1718964750480865,4.678687769727618]",1
84708.0,5.0,4.94,1.0,"[84708.0,5.0,4.94,1.0]","[0.461730730101373,2.672060590394606,1.8653772127068509,4.678687769727618]",1
123500.0,0.0,0.0,3.0,"[123500.0,0.0,0.0,3.0]","[0.6731801620569434,0.0,0.0,14.036063309182854]",2
128485.0,0.0,9.6,1.0,"[128485.0,0.0,9.6,1.0]","[0.7003526568573796,0.0,3.625024542912098,4.678687769727618]",0
297878.0,3.0,8.6,1.0,"[297878.0,3.0,8.6,1.0]","[1.623688747475289,1.6032363542367636,3.247417819692088,4.678687769727618]",1
53535.0,3.0,9.6,1.0,"[53535.0,3.0,9.6,1.0]","[0.29181133583577706,1.6032363542367636,3.625024542912098,4.678687769727618]",1
160000.0,2.0,2.5,1.0,"[160000.0,2.0,2.5,1.0]","[0.8721362423409793,1.0688242361578424,0.9440168080500256,4.678687769727618]",0
96467.0,5.0,8.5,1.0,"[96467.0,5.0,8.5,1.0]","[0.5258272930619203,2.672060590394606,3.2096571473700872,4.678687769727618]",1
83090.0,0.0,0.0,1.0,"[83090.0,0.0,0.0,1.0]","[0.45291125235069984,0.0,0.0,4.678687769727618]",0
126250.0,2.0,6.7,1.0,"[126250.0,2.0,6.7,1.0]","[0.688170003722179,1.0688242361578424,2.5299650455740688,4.678687769727618]",1
64190.0,3.0,6.8,1.0,"[64190.0,3.0,6.8,1.0]","[0.3498901587241716,1.6032363542367636,2.5677257178960695,4.678687769727618]",1
107187.0,4.0,8.3,1.0,"[107187.0,4.0,8.3,1.0]","[0.584260421298766,2.1376484723156848,3.1341358027260853,4.678687769727618]",1
25675.0,0.0,0.0,1.0,"[25675.0,0.0,0.0,1.0]","[0.13995061263815403,0.0,0.0,4.678687769727618]",0
87600.0,4.0,4.62,1.0,"[87600.0,4.0,4.62,1.0]","[0.47749459268168615,2.1376484723156848,1.7445430612764474,4.678687769727618]",1
50323.0,3.0,8.0,1.0,"[50323.0,3.0,8.0,1.0]","[0.2743032007707819,1.6032363542367636,3.020853785760082,4.678687769727618]",1
86727.0,3.0,8.7,1.0,"[86727.0,3.0,8.7,1.0]","[0.4727359993094132,1.6032363542367636,3.285178492014089,4.678687769727618]",1
43700.0,0.0,0.0,3.0,"[43700.0,0.0,0.0,3.0]","[0.23820221118937998,0.0,0.0,14.036063309182854]",2
44650.0,0.0,0.0,3.0,"[44650.0,0.0,0.0,3.0]","[0.24338052012827954,0.0,0.0,14.036063309182854]",2
166784.0,4.0,7.6,1.0,"[166784.0,4.0,7.6,1.0]","[0.9091148190162368,2.1376484723156848,2.8698110964720778,4.678687769727618]",1
42984.0,3.0,7.9,1.0,"[42984.0,3.0,7.9,1.0]","[0.23429940150490408,1.6032363542367636,2.9830931134380814,4.678687769727618]",1
93005.0,4.0,7.9,1.0,"[93005.0,4.0,7.9,1.0]","[0.5069564451182674,2.1376484723156848,2.9830931134380814,4.678687769727618]",1
28500.0,0.0,0.0,3.0,"[28500.0,0.0,0.0,3.0]","[0.15534926816698694,0.0,0.0,14.036063309182854]",2
78161.0,0.0,7.7,1.0,"[78161.0,0.0,7.7,1.0]","[0.426044005235083,0.0,2.907571768794079,4.678687769727618]",0
36724.0,0.0,0.0,1.0,"[36724.0,0.0,0.0,1.0]","[0.20017707102331328,0.0,0.0,4.678687769727618]",0
68400.0,0.0,0.0,3.0,"[68400.0,0.0,0.0,3.0]","[0.37283824360076867,0.0,0.0,14.036063309182854]",2
350400.0,5.0,4.85,1.0,"[350400.0,5.0,4.85,1.0]","[1.9099783707267446,2.672060590394606,1.8313926076170497,4.678687769727618]",1
70300.0,0.0,7.5,3.0,"[70300.0,0.0,7.5,3.0]","[0.3831948614785678,0.0,2.832050424150077,14.036063309182854]",2
64242.0,0.0,9.5,1.0,"[64242.0,0.0,9.5,1.0]","[0.35017360300293243,0.0,3.5872638705900974,4.678687769727618]",0
89250.0,0.0,9.8,1.0,"[89250.0,0.0,9.8,1.0]","[0.4864884976808275,0.0,3.700545887556101,4.678687769727618]",0
21846.0,0.0,0.0,1.0,"[21846.0,0.0,0.0,1.0]","[0.11907930218863147,0.0,0.0,4.678687769727618]",0
43338.0,0.0,0.0,1.0,"[43338.0,0.0,0.0,1.0]","[0.2362290029410835,0.0,0.0,4.678687769727618]",0
128485.0,0.0,9.4,1.0,"[128485.0,0.0,9.4,1.0]","[0.7003526568573796,0.0,3.5495031982680967,4.678687769727618]",0
138763.0,0.0,8.5,1.0,"[138763.0,0.0,8.5,1.0]","[0.7563765087247583,0.0,3.2096571473700872,4.678687769727618]",0
32600.0,3.0,8.9,1.0,"[32600.0,3.0,8.9,1.0]","[0.17769775937697455,1.6032363542367636,3.3606998366580916,4.678687769727618]",1
65450.0,0.0,9.1,1.0,"[65450.0,0.0,9.1,1.0]","[0.35675823163260684,0.0,3.436221181302093,4.678687769727618]",0
320943.0,0.0,0.0,1.0,"[320943.0,0.0,0.0,1.0]","[1.7494126376602557,0.0,0.0,4.678687769727618]",0
68400.0,0.0,0.0,1.0,"[68400.0,0.0,0.0,1.0]","[0.37283824360076867,0.0,0.0,4.678687769727618]",0
68400.0,0.0,0.0,3.0,"[68400.0,0.0,0.0,3.0]","[0.37283824360076867,0.0,0.0,14.036063309182854]",2
69897.0,5.0,9.0,1.0,"[69897.0,5.0,9.0,1.0]","[0.38099816831817146,2.672060590394606,3.3984605089800923,4.678687769727618]",1
61750.0,0.0,0.0,3.0,"[61750.0,0.0,0.0,3.0]","[0.3365900810284717,0.0,0.0,14.036063309182854]",2
63718.0,3.0,8.8,1.0,"[63718.0,3.0,8.8,1.0]","[0.34731735680926573,1.6032363542367636,3.322939164336091,4.678687769727618]",1
152137.0,4.0,7.9,1.0,"[152137.0,4.0,7.9,1.0]","[0.8292761968814348,2.1376484723156848,2.9830931134380814,4.678687769727618]",1
262800.0,5.0,4.87,1.0,"[262800.0,5.0,4.87,1.0]","[1.4324837780450586,2.672060590394606,1.83894474208145,4.678687769727618]",1
83515.0,3.0,9.5,1.0,"[83515.0,3.0,9.5,1.0]","[0.455227864244418,1.6032363542367636,3.5872638705900974,4.678687769727618]",1
111060.0,5.0,8.9,1.0,"[111060.0,5.0,8.9,1.0]","[0.6053715692149323,2.672060590394606,3.3606998366580916,4.678687769727618]",1
50344.0,0.0,0.0,1.0,"[50344.0,0.0,0.0,1.0]","[0.27441766865258915,0.0,0.0,4.678687769727618]",0
51234.0,0.0,0.0,1.0,"[51234.0,0.0,0.0,1.0]","[0.27926892650061086,0.0,0.0,4.678687769727618]",0
85656.0,3.0,8.8,1.0,"[85656.0,3.0,8.8,1.0]","[0.4668981373372433,1.6032363542367636,3.322939164336091,4.678687769727618]",1
56205.0,3.0,7.2,1.0,"[56205.0,3.0,7.2,1.0]","[0.3063651093798421,1.6032363542367636,2.718768407184074,4.678687769727618]",1
42750.0,0.0,0.0,3.0,"[42750.0,0.0,0.0,3.0]","[0.23302390225048042,0.0,0.0,14.036063309182854]",2
69320.0,4.0,8.6,1.0,"[69320.0,4.0,8.6,1.0]","[0.3778530269942293,2.1376484723156848,3.247417819692088,4.678687769727618]",1
83706.0,3.0,7.9,1.0,"[83706.0,3.0,7.9,1.0]","[0.4562689768837126,1.6032363542367636,2.9830931134380814,4.678687769727618]",1
68400.0,0.0,0.0,3.0,"[68400.0,0.0,0.0,3.0]","[0.37283824360076867,0.0,0.0,14.036063309182854]",2
68400.0,0.0,0.0,3.0,"[68400.0,0.0,0.0,3.0]","[0.37283824360076867,0.0,0.0,14.036063309182854]",2
112128.0,5.0,4.9,1.0,"[112128.0,5.0,4.9,1.0]","[0.6111930786325583,2.672060590394606,1.8502729437780505,4.678687769727618]",1
92081.0,0.0,9.0,1.0,"[92081.0,0.0,9.0,1.0]","[0.5019198583187482,0.0,3.3984605089800923,4.678687769727618]",0
63738.0,4.0,8.0,1.0,"[63738.0,4.0,8.0,1.0]","[0.3474263738395584,2.1376484723156848,3.020853785760082,4.678687769727618]",1
68324.0,0.0,0.0,1.0,"[68324.0,0.0,0.0,1.0]","[0.3724239788856567,0.0,0.0,4.678687769727618]",0
182020.0,4.0,8.4,1.0,"[182020.0,4.0,8.4,1.0]","[0.9921639926931566,2.1376484723156848,3.1718964750480865,4.678687769727618]",1
193016.0,4.0,7.9,1.0,"[193016.0,4.0,7.9,1.0]","[1.0521015559480404,2.1376484723156848,2.9830931134380814,4.678687769727618]",1
90250.0,2.0,9.1,3.0,"[90250.0,2.0,9.1,3.0]","[0.4919393491954586,1.0688242361578424,3.436221181302093,14.036063309182854]",2
88048.0,2.0,8.5,1.0,"[88048.0,2.0,8.5,1.0]","[0.47993657416024094,1.0688242361578424,3.2096571473700872,4.678687769727618]",1
88260.0,4.0,8.5,1.0,"[88260.0,4.0,8.5,1.0]","[0.4810921546813427,2.1376484723156848,3.2096571473700872,4.678687769727618]",1
68400.0,0.0,0.0,3.0,"[68400.0,0.0,0.0,3.0]","[0.37283824360076867,0.0,0.0,14.036063309182854]",2
68416.0,0.0,7.8,1.0,"[68416.0,0.0,7.8,1.0]","[0.37292545722500275,0.0,2.94533244111608,4.678687769727618]",0
95000.0,3.0,9.2,3.0,"[95000.0,3.0,9.2,3.0]","[0.5178308938899565,1.6032363542367636,3.4739818536240943,14.036063309182854]",2
178500.0,0.0,0.0,1.0,"[178500.0,0.0,0.0,1.0]","[0.972976995361655,0.0,0.0,4.678687769727618]",0
101442.0,3.0,8.7,1.0,"[101442.0,3.0,8.7,1.0]","[0.5529452793472102,1.6032363542367636,3.285178492014089,4.678687769727618]",1
67450.0,0.0,0.0,3.0,"[67450.0,0.0,0.0,3.0]","[0.3676599346618691,0.0,0.0,14.036063309182854]",2
56133.0,4.0,7.3,1.0,"[56133.0,4.0,7.3,1.0]","[0.3059726480707887,2.1376484723156848,2.756529079506075,4.678687769727618]",1
144118.0,4.0,9.4,1.0,"[144118.0,4.0,9.4,1.0]","[0.7855658185856078,2.1376484723156848,3.5495031982680967,4.678687769727618]",1
308157.0,5.0,9.1,1.0,"[308157.0,5.0,9.1,1.0]","[1.6797180501941822,2.672060590394606,3.436221181302093,4.678687769727618]",1
74346.0,3.0,7.6,1.0,"[74346.0,3.0,7.6,1.0]","[0.4052490067067653,1.6032363542367636,2.8698110964720778,4.678687769727618]",1
62465.0,5.0,9.4,1.0,"[62465.0,5.0,9.4,1.0]","[0.340487439861433,2.672060590394606,3.5495031982680967,4.678687769727618]",1
237633.0,0.0,0.0,1.0,"[237633.0,0.0,0.0,1.0]","[1.295302197976337,0.0,0.0,4.678687769727618]",0
55247.0,0.0,0.0,1.0,"[55247.0,0.0,0.0,1.0]","[0.3011431936288255,0.0,0.0,4.678687769727618]",0
83300.0,3.0,8.1,1.0,"[83300.0,3.0,8.1,1.0]","[0.45405593116877235,1.6032363542367636,3.058614458082083,4.678687769727618]",1
92174.0,3.0,8.0,1.0,"[92174.0,3.0,8.0,1.0]","[0.5024267875096089,1.6032363542367636,3.020853785760082,4.678687769727618]",1
52807.0,0.0,8.2,1.0,"[52807.0,0.0,8.2,1.0]","[0.2878431159331256,0.0,3.096375130404084,4.678687769727618]",0
77900.0,0.0,0.0,1.0,"[77900.0,0.0,0.0,1.0]","[0.4246213329897643,0.0,0.0,4.678687769727618]",0
54056.0,5.0,9.4,1.0,"[54056.0,5.0,9.4,1.0]","[0.29465122947489986,2.672060590394606,3.5495031982680967,4.678687769727618]",1
77900.0,0.0,0.0,3.0,"[77900.0,0.0,0.0,3.0]","[0.4246213329897643,0.0,0.0,14.036063309182854]",2
27550.0,0.0,0.0,3.0,"[27550.0,0.0,0.0,3.0]","[0.15017095922808738,0.0,0.0,14.036063309182854]",2
27876.0,0.0,0.0,1.0,"[27876.0,0.0,0.0,1.0]","[0.15194793682185712,0.0,0.0,4.678687769727618]",0
69849.0,0.0,9.5,1.0,"[69849.0,0.0,9.5,1.0]","[0.38073652744546915,0.0,3.5872638705900974,4.678687769727618]",0
65972.0,5.0,9.7,1.0,"[65972.0,5.0,9.7,1.0]","[0.3596035761232443,2.672060590394606,3.6627852152340994,4.678687769727618]",1
216376.0,4.0,8.3,1.0,"[216376.0,4.0,8.3,1.0]","[1.1794334473298234,2.1376484723156848,3.1341358027260853,4.678687769727618]",1
56212.0,0.0,8.7,1.0,"[56212.0,0.0,8.7,1.0]","[0.30640326534044454,0.0,3.285178492014089,4.678687769727618]",0
114000.0,4.0,9.1,3.0,"[114000.0,4.0,9.1,3.0]","[0.6213970726679477,2.1376484723156848,3.436221181302093,14.036063309182854]",2
55844.0,0.0,0.0,1.0,"[55844.0,0.0,0.0,1.0]","[0.3043973519830603,0.0,0.0,4.678687769727618]",0
104500.0,3.0,8.3,1.0,"[104500.0,3.0,8.3,1.0]","[0.5696139832789521,1.6032363542367636,3.1341358027260853,4.678687769727618]",1
84894.0,4.0,8.8,1.0,"[84894.0,4.0,8.8,1.0]","[0.46274458848309435,2.1376484723156848,3.322939164336091,4.678687769727618]",1
94395.0,0.0,0.0,1.0,"[94395.0,0.0,0.0,1.0]","[0.5145331287236047,0.0,0.0,4.678687769727618]",0
42840.0,0.0,0.0,1.0,"[42840.0,0.0,0.0,1.0]","[0.23351447888679722,0.0,0.0,4.678687769727618]",0
172310.0,3.0,7.5,1.0,"[172310.0,3.0,7.5,1.0]","[0.9392362244860885,1.6032363542367636,2.832050424150077,4.678687769727618]",1
137445.0,4.0,9.0,1.0,"[137445.0,4.0,9.0,1.0]","[0.7491922864284744,2.1376484723156848,3.3984605089800923,4.678687769727618]",1
261252.0,5.0,9.0,1.0,"[261252.0,5.0,9.0,1.0]","[1.4240458599004095,2.672060590394606,3.3984605089800923,4.678687769727618]",1
29450.0,0.0,0.0,1.0,"[29450.0,0.0,0.0,1.0]","[0.1605275771058865,0.0,0.0,4.678687769727618]",0
106400.0,4.0,8.7,3.0,"[106400.0,4.0,8.7,3.0]","[0.5799706011567513,2.1376484723156848,3.285178492014089,14.036063309182854]",2
49400.0,0.0,0.0,1.0,"[49400.0,0.0,0.0,1.0]","[0.2692720648227774,0.0,0.0,4.678687769727618]",0
91630.0,2.0,0.0,1.0,"[91630.0,2.0,0.0,1.0]","[0.4994615242856496,1.0688242361578424,0.0,4.678687769727618]",0
50350.0,0.0,0.0,3.0,"[50350.0,0.0,0.0,3.0]","[0.2744503737616769,0.0,0.0,14.036063309182854]",2
62340.0,4.0,8.0,1.0,"[62340.0,4.0,8.0,1.0]","[0.33980608342210405,2.1376484723156848,3.020853785760082,4.678687769727618]",1
49043.0,4.0,8.5,1.0,"[49043.0,4.0,8.5,1.0]","[0.26732611083205404,2.1376484723156848,3.2096571473700872,4.678687769727618]",1
48762.0,0.0,0.0,1.0,"[48762.0,0.0,0.0,1.0]","[0.26579442155644273,0.0,0.0,4.678687769727618]",0
57950.0,0.0,0.0,3.0,"[57950.0,0.0,0.0,3.0]","[0.31587684527287346,0.0,0.0,14.036063309182854]",2
88730.0,4.0,8.3,1.0,"[88730.0,4.0,8.3,1.0]","[0.48365405489321933,2.1376484723156848,3.1341358027260853,4.678687769727618]",1
158650.0,0.0,0.0,3.0,"[158650.0,0.0,0.0,3.0]","[0.8647775927962273,0.0,0.0,14.036063309182854]",2
28500.0,0.0,0.0,1.0,"[28500.0,0.0,0.0,1.0]","[0.15534926816698694,0.0,0.0,4.678687769727618]",0
236957.0,2.0,7.2,1.0,"[236957.0,2.0,7.2,1.0]","[1.2916174223524464,1.0688242361578424,2.718768407184074,4.678687769727618]",1
145721.0,4.0,8.5,1.0,"[145721.0,4.0,8.5,1.0]","[0.7943035335635615,2.1376484723156848,3.2096571473700872,4.678687769727618]",1
80750.0,0.0,0.0,3.0,"[80750.0,0.0,0.0,3.0]","[0.440156259806463,0.0,0.0,14.036063309182854]",2
90250.0,3.0,8.1,3.0,"[90250.0,3.0,8.1,3.0]","[0.4919393491954586,1.6032363542367636,3.058614458082083,14.036063309182854]",2
62584.0,0.0,0.0,1.0,"[62584.0,0.0,0.0,1.0]","[0.34113609119167404,0.0,0.0,4.678687769727618]",0
65448.0,0.0,0.0,1.0,"[65448.0,0.0,0.0,1.0]","[0.3567473299295776,0.0,0.0,4.678687769727618]",0
23402.0,0.0,0.0,1.0,"[23402.0,0.0,0.0,1.0]","[0.1275608271453975,0.0,0.0,4.678687769727618]",0
110522.0,2.0,8.1,1.0,"[110522.0,2.0,8.1,1.0]","[0.6024390111000607,1.0688242361578424,3.058614458082083,4.678687769727618]",1
31703.0,0.0,0.0,1.0,"[31703.0,0.0,0.0,1.0]","[0.17280834556835042,0.0,0.0,4.678687769727618]",0
39900.0,0.0,0.0,3.0,"[39900.0,0.0,0.0,3.0]","[0.2174889754337817,0.0,0.0,14.036063309182854]",2
89499.0,4.0,8.4,1.0,"[89499.0,4.0,8.4,1.0]","[0.48784575970797067,2.1376484723156848,3.1718964750480865,4.678687769727618]",1
64476.0,0.0,7.8,1.0,"[64476.0,0.0,7.8,1.0]","[0.35144910225735615,0.0,2.94533244111608,4.678687769727618]",0
60435.0,4.0,8.7,1.0,"[60435.0,4.0,8.7,1.0]","[0.32942221128673177,2.1376484723156848,3.285178492014089,4.678687769727618]",1
76320.0,5.0,9.6,1.0,"[76320.0,5.0,9.6,1.0]","[0.4160089875966471,2.672060590394606,3.625024542912098,4.678687769727618]",1
36374.0,0.0,0.0,1.0,"[36374.0,0.0,0.0,1.0]","[0.19826927299319239,0.0,0.0,4.678687769727618]",0
114000.0,4.0,8.6,3.0,"[114000.0,4.0,8.6,3.0]","[0.6213970726679477,2.1376484723156848,3.247417819692088,14.036063309182854]",2
46550.0,0.0,0.0,3.0,"[46550.0,0.0,0.0,3.0]","[0.25373713800607867,0.0,0.0,14.036063309182854]",2
175201.0,5.0,4.85,1.0,"[175201.0,5.0,4.85,1.0]","[0.954994636214887,2.672060590394606,1.8313926076170497,4.678687769727618]",1
44082.0,4.0,8.5,1.0,"[44082.0,4.0,8.5,1.0]","[0.24028443646796907,2.1376484723156848,3.2096571473700872,4.678687769727618]",1
48572.0,3.0,7.7,1.0,"[48572.0,3.0,7.7,1.0]","[0.2647587597686628,1.6032363542367636,2.907571768794079,4.678687769727618]",1
109947.0,4.0,4.67,1.0,"[109947.0,4.0,4.67,1.0]","[0.5993047714791478,2.1376484723156848,1.7634233974374478,4.678687769727618]",1
70300.0,4.0,8.6,3.0,"[70300.0,4.0,8.6,3.0]","[0.3831948614785678,2.1376484723156848,3.247417819692088,14.036063309182854]",2
28500.0,0.0,0.0,1.0,"[28500.0,0.0,0.0,1.0]","[0.15534926816698694,0.0,0.0,4.678687769727618]",0
25172.0,0.0,0.0,1.0,"[25172.0,0.0,0.0,1.0]","[0.13720883432629458,0.0,0.0,4.678687769727618]",0
48182.0,0.0,9.3,1.0,"[48182.0,0.0,9.3,1.0]","[0.26263292767795665,0.0,3.511742525946096,4.678687769727618]",0
54150.0,0.0,0.0,3.0,"[54150.0,0.0,0.0,3.0]","[0.29516360951727516,0.0,0.0,14.036063309182854]",2
161500.0,0.0,0.0,1.0,"[161500.0,0.0,0.0,1.0]","[0.880312519612926,0.0,0.0,4.678687769727618]",0
152392.0,5.0,8.9,1.0,"[152392.0,5.0,8.9,1.0]","[0.8306661640176658,2.672060590394606,3.3606998366580916,4.678687769727618]",1
40315.0,3.0,7.8,1.0,"[40315.0,3.0,7.8,1.0]","[0.21975107881235365,1.6032363542367636,2.94533244111608,4.678687769727618]",1
82650.0,0.0,0.0,3.0,"[82650.0,0.0,0.0,3.0]","[0.4505128776842621,0.0,0.0,14.036063309182854]",2
23750.0,0.0,0.0,3.0,"[23750.0,0.0,0.0,3.0]","[0.12945772347248913,0.0,0.0,14.036063309182854]",2
69350.0,4.0,8.2,1.0,"[69350.0,4.0,8.2,1.0]","[0.3780165525396682,2.1376484723156848,3.096375130404084,4.678687769727618]",1
30400.0,0.0,0.0,3.0,"[30400.0,0.0,0.0,3.0]","[0.16570588604478606,0.0,0.0,14.036063309182854]",2
39107.0,0.0,0.0,1.0,"[39107.0,0.0,0.0,1.0]","[0.21316645018267924,0.0,0.0,4.678687769727618]",0
70300.0,4.0,8.5,3.0,"[70300.0,4.0,8.5,3.0]","[0.3831948614785678,2.1376484723156848,3.2096571473700872,14.036063309182854]",2
69507.0,0.0,7.1,1.0,"[69507.0,0.0,7.1,1.0]","[0.3788723362274653,0.0,2.6810077348620727,4.678687769727618]",0
73780.0,3.0,8.0,1.0,"[73780.0,3.0,8.0,1.0]","[0.4021638247494841,1.6032363542367636,3.020853785760082,4.678687769727618]",1
210994.0,5.0,4.96,1.0,"[210994.0,5.0,4.96,1.0]","[1.1500969644780787,2.672060590394606,1.872929347171251,4.678687769727618]",1
26600.0,0.0,0.0,1.0,"[26600.0,0.0,0.0,1.0]","[0.1449926502891878,0.0,0.0,4.678687769727618]",0
59500.0,0.0,8.9,1.0,"[59500.0,0.0,8.9,1.0]","[0.32432566512055166,0.0,3.3606998366580916,4.678687769727618]",0
84482.0,4.0,8.0,1.0,"[84482.0,4.0,8.0,1.0]","[0.46049883765906635,2.1376484723156848,3.020853785760082,4.678687769727618]",1
117221.0,5.0,5.0,1.0,"[117221.0,5.0,5.0,1.0]","[0.6389542653965746,2.672060590394606,1.8880336161000513,4.678687769727618]",1
97092.0,0.0,0.0,1.0,"[97092.0,0.0,0.0,1.0]","[0.5292340752585648,0.0,0.0,4.678687769727618]",0
85968.0,0.0,8.9,1.0,"[85968.0,0.0,8.9,1.0]","[0.46859880300980816,0.0,3.3606998366580916,4.678687769727618]",0
400650.0,5.0,5.0,1.0,"[400650.0,5.0,5.0,1.0]","[2.1838836593369586,2.672060590394606,1.8880336161000513,4.678687769727618]",1
161906.0,3.0,8.4,1.0,"[161906.0,3.0,8.4,1.0]","[0.8825255653278662,1.6032363542367636,3.1718964750480865,4.678687769727618]",1
26556.0,0.0,0.0,1.0,"[26556.0,0.0,0.0,1.0]","[0.14475281282254404,0.0,0.0,4.678687769727618]",0
74100.0,3.0,7.8,1.0,"[74100.0,3.0,7.8,1.0]","[0.40390809723416604,1.6032363542367636,2.94533244111608,4.678687769727618]",1
56212.0,3.0,6.6,1.0,"[56212.0,3.0,6.6,1.0]","[0.30640326534044454,1.6032363542367636,2.4922043732520676,4.678687769727618]",1
165317.0,3.0,7.4,1.0,"[165317.0,3.0,7.4,1.0]","[0.901118419844273,1.6032363542367636,2.7942897518280763,4.678687769727618]",1
119248.0,3.0,7.8,1.0,"[119248.0,3.0,7.8,1.0]","[0.6500031414167319,1.6032363542367636,2.94533244111608,4.678687769727618]",1
1248000.0,2.0,1.248,1.0,"[1248000.0,2.0,1.248,1.0]","[6.8026626902596385,1.0688242361578424,0.4712531905785728,4.678687769727618]",1
176366.0,4.0,8.5,1.0,"[176366.0,4.0,8.5,1.0]","[0.9613448782294323,2.1376484723156848,3.2096571473700872,4.678687769727618]",1
311154.0,5.0,8.0,1.0,"[311154.0,5.0,8.0,1.0]","[1.6960542521835318,2.672060590394606,3.020853785760082,4.678687769727618]",1
36100.0,0.0,0.0,3.0,"[36100.0,0.0,0.0,3.0]","[0.19677573967818346,0.0,0.0,14.036063309182854]",2
78513.0,0.0,0.0,1.0,"[78513.0,0.0,0.0,1.0]","[0.4279627049682332,0.0,0.0,4.678687769727618]",0
99062.0,2.0,9.1,1.0,"[99062.0,2.0,9.1,1.0]","[0.539972252742388,1.0688242361578424,3.436221181302093,4.678687769727618]",1
68400.0,0.0,0.0,3.0,"[68400.0,0.0,0.0,3.0]","[0.37283824360076867,0.0,0.0,14.036063309182854]",2
63650.0,3.0,8.6,1.0,"[63650.0,3.0,8.6,1.0]","[0.34694669890627083,1.6032363542367636,3.247417819692088,4.678687769727618]",1
70300.0,4.0,7.9,3.0,"[70300.0,4.0,7.9,3.0]","[0.3831948614785678,2.1376484723156848,2.9830931134380814,14.036063309182854]",2
161500.0,0.0,0.0,1.0,"[161500.0,0.0,0.0,1.0]","[0.880312519612926,0.0,0.0,4.678687769727618]",0
155132.0,4.0,8.2,1.0,"[155132.0,4.0,8.2,1.0]","[0.845601497167755,2.1376484723156848,3.096375130404084,4.678687769727618]",1
39900.0,0.0,0.0,3.0,"[39900.0,0.0,0.0,3.0]","[0.2174889754337817,0.0,0.0,14.036063309182854]",2
114893.0,3.0,7.2,1.0,"[114893.0,3.0,7.2,1.0]","[0.6262646830705133,1.6032363542367636,2.718768407184074,4.678687769727618]",1
76380.0,4.0,8.4,1.0,"[76380.0,4.0,8.4,1.0]","[0.416336038687525,2.1376484723156848,3.1718964750480865,4.678687769727618]",1
50596.0,3.0,6.9,1.0,"[50596.0,3.0,6.9,1.0]","[0.2757912832342762,1.6032363542367636,2.605486390218071,4.678687769727618]",1
98688.0,4.0,8.8,1.0,"[98688.0,4.0,8.8,1.0]","[0.537933634275916,2.1376484723156848,3.322939164336091,4.678687769727618]",1
54113.0,3.0,7.4,1.0,"[54113.0,3.0,7.4,1.0]","[0.29496192801123383,1.6032363542367636,2.7942897518280763,4.678687769727618]",1
332500.0,0.0,8.4,1.0,"[332500.0,0.0,8.4,1.0]","[1.8124081286148477,0.0,3.1718964750480865,4.678687769727618]",0
76581.0,4.0,7.9,1.0,"[76581.0,4.0,7.9,1.0]","[0.41743165984196584,2.1376484723156848,2.9830931134380814,4.678687769727618]",1
97905.0,5.0,9.0,1.0,"[97905.0,5.0,9.0,1.0]","[0.5336656175399599,2.672060590394606,3.3984605089800923,4.678687769727618]",1
103787.0,5.0,8.6,1.0,"[103787.0,5.0,8.6,1.0]","[0.5657275261490201,2.672060590394606,3.247417819692088,4.678687769727618]",1
92708.0,5.0,8.9,1.0,"[92708.0,5.0,8.9,1.0]","[0.505337542218422,2.672060590394606,3.3606998366580916,4.678687769727618]",1
212141.0,5.0,9.4,1.0,"[212141.0,5.0,9.4,1.0]","[1.1563490911653607,2.672060590394606,3.5495031982680967,4.678687769727618]",1
97091.0,4.0,8.7,1.0,"[97091.0,4.0,8.7,1.0]","[0.5292286244070501,2.1376484723156848,3.285178492014089,4.678687769727618]",1
73250.0,4.0,8.3,1.0,"[73250.0,4.0,8.3,1.0]","[0.3992748734467296,2.1376484723156848,3.1341358027260853,4.678687769727618]",1
63080.0,3.0,7.5,1.0,"[63080.0,3.0,7.5,1.0]","[0.3438397135429311,1.6032363542367636,2.832050424150077,4.678687769727618]",1
113773.0,4.0,8.7,1.0,"[113773.0,4.0,8.7,1.0]","[0.6201597293741264,2.1376484723156848,3.285178492014089,4.678687769727618]",1
102608.0,4.0,8.3,1.0,"[102608.0,4.0,8.3,1.0]","[0.55930097221327,2.1376484723156848,3.1341358027260853,4.678687769727618]",1
113317.0,4.0,8.0,1.0,"[113317.0,4.0,8.0,1.0]","[0.6176741410834548,2.1376484723156848,3.020853785760082,4.678687769727618]",1
41674.0,3.0,7.7,1.0,"[41674.0,3.0,7.7,1.0]","[0.22715878602073733,1.6032363542367636,2.907571768794079,4.678687769727618]",1
37450.0,3.0,7.3,1.0,"[37450.0,3.0,7.3,1.0]","[0.20413438922293548,1.6032363542367636,2.756529079506075,4.678687769727618]",1
63184.0,3.0,7.6,1.0,"[63184.0,3.0,7.6,1.0]","[0.3444066021004527,1.6032363542367636,2.8698110964720778,4.678687769727618]",1
72200.0,0.0,0.0,1.0,"[72200.0,0.0,0.0,1.0]","[0.3935514793563669,0.0,0.0,4.678687769727618]",0
475000.0,0.0,8.0,1.0,"[475000.0,0.0,8.0,1.0]","[2.5891544694497823,0.0,3.020853785760082,4.678687769727618]",0
116357.0,4.0,8.5,1.0,"[116357.0,4.0,8.5,1.0]","[0.6342447296879333,2.1376484723156848,3.2096571473700872,4.678687769727618]",1
88830.0,4.0,7.8,1.0,"[88830.0,4.0,7.8,1.0]","[0.48419914004468245,2.1376484723156848,2.94533244111608,4.678687769727618]",1
40050.0,3.0,7.3,1.0,"[40050.0,3.0,7.3,1.0]","[0.2183066031609764,1.6032363542367636,2.756529079506075,4.678687769727618]",1
63647.0,3.0,7.3,1.0,"[63647.0,3.0,7.3,1.0]","[0.3469303463517269,1.6032363542367636,2.756529079506075,4.678687769727618]",1
32300.0,0.0,9.7,1.0,"[32300.0,0.0,9.7,1.0]","[0.1760625039225852,0.0,3.6627852152340994,4.678687769727618]",0
239719.0,5.0,8.7,1.0,"[239719.0,5.0,8.7,1.0]","[1.3066726742358576,2.672060590394606,3.285178492014089,4.678687769727618]",1
109284.0,5.0,9.3,1.0,"[109284.0,5.0,9.3,1.0]","[0.5956908569249474,2.672060590394606,3.511742525946096,4.678687769727618]",1
114320.0,4.0,7.9,1.0,"[114320.0,4.0,7.9,1.0]","[0.6231413451526298,2.1376484723156848,2.9830931134380814,4.678687769727618]",1
36799.0,3.0,7.8,1.0,"[36799.0,3.0,7.8,1.0]","[0.20058588488691062,1.6032363542367636,2.94533244111608,4.678687769727618]",1
56344.0,4.0,8.8,1.0,"[56344.0,4.0,8.8,1.0]","[0.3071227777403759,2.1376484723156848,3.322939164336091,4.678687769727618]",1
104218.0,4.0,8.4,1.0,"[104218.0,4.0,8.4,1.0]","[0.5680768431518262,2.1376484723156848,3.1718964750480865,4.678687769727618]",1
41580.0,3.0,7.0,1.0,"[41580.0,3.0,7.0,1.0]","[0.226646405978362,1.6032363542367636,2.643247062540072,4.678687769727618]",1
58434.0,3.0,7.1,1.0,"[58434.0,3.0,7.1,1.0]","[0.3185150574059549,1.6032363542367636,2.6810077348620727,4.678687769727618]",1
427500.0,0.0,6.3,1.0,"[427500.0,0.0,6.3,1.0]","[2.330239022504804,0.0,2.3789223562860644,4.678687769727618]",0
49933.0,3.0,7.8,1.0,"[49933.0,3.0,7.8,1.0]","[0.27217736868007575,1.6032363542367636,2.94533244111608,4.678687769727618]",1
48639.0,3.0,7.0,1.0,"[48639.0,3.0,7.0,1.0]","[0.26512396682014305,1.6032363542367636,2.643247062540072,4.678687769727618]",1
161224.0,5.0,9.7,1.0,"[161224.0,5.0,9.7,1.0]","[0.8788080845948878,2.672060590394606,3.6627852152340994,4.678687769727618]",1
94557.0,4.0,8.0,1.0,"[94557.0,4.0,8.0,1.0]","[0.5154161666689748,2.1376484723156848,3.020853785760082,4.678687769727618]",1
118861.0,4.0,8.2,1.0,"[118861.0,4.0,8.2,1.0]","[0.6478936618805696,2.1376484723156848,3.096375130404084,4.678687769727618]",1
75570.0,4.0,8.8,1.0,"[75570.0,4.0,8.8,1.0]","[0.41192084896067377,2.1376484723156848,3.322939164336091,4.678687769727618]",1
126444.0,4.0,8.9,1.0,"[126444.0,4.0,8.9,1.0]","[0.6892274689160174,2.1376484723156848,3.3606998366580916,4.678687769727618]",1
65954.0,4.0,8.4,1.0,"[65954.0,4.0,8.4,1.0]","[0.35950546079598095,2.1376484723156848,3.1718964750480865,4.678687769727618]",1
332500.0,0.0,9.5,1.0,"[332500.0,0.0,9.5,1.0]","[1.8124081286148477,0.0,3.5872638705900974,4.678687769727618]",0
96973.0,5.0,8.9,1.0,"[96973.0,5.0,8.9,1.0]","[0.5285854239283236,2.672060590394606,3.3606998366580916,4.678687769727618]",1
70217.0,3.0,7.1,1.0,"[70217.0,3.0,7.1,1.0]","[0.3827424408028534,1.6032363542367636,2.6810077348620727,4.678687769727618]",1
285000.0,0.0,7.7,1.0,"[285000.0,0.0,7.7,1.0]","[1.5534926816698693,0.0,2.907571768794079,4.678687769727618]",0
46686.0,3.0,7.4,1.0,"[46686.0,3.0,7.4,1.0]","[0.2544784538120685,1.6032363542367636,2.7942897518280763,4.678687769727618]",1
93119.0,4.0,8.5,1.0,"[93119.0,4.0,8.5,1.0]","[0.5075778421909354,2.1376484723156848,3.2096571473700872,4.678687769727618]",1
47405.0,3.0,7.8,1.0,"[47405.0,3.0,7.8,1.0]","[0.2583976160510883,1.6032363542367636,2.94533244111608,4.678687769727618]",1
237500.0,0.0,8.5,1.0,"[237500.0,0.0,8.5,1.0]","[1.2945772347248912,0.0,3.2096571473700872,4.678687769727618]",0
66320.0,3.0,7.4,1.0,"[66320.0,3.0,7.4,1.0]","[0.36150047245033595,1.6032363542367636,2.7942897518280763,4.678687769727618]",1
90907.0,5.0,8.7,1.0,"[90907.0,5.0,8.7,1.0]","[0.4955205586405713,2.672060590394606,3.285178492014089,4.678687769727618]",1
71235.0,4.0,8.8,1.0,"[71235.0,4.0,8.8,1.0]","[0.3882914076447479,2.1376484723156848,3.322939164336091,4.678687769727618]",1
132346.0,5.0,8.8,1.0,"[132346.0,5.0,8.8,1.0]","[0.7213983945553702,2.672060590394606,3.322939164336091,4.678687769727618]",1
66533.0,3.0,7.3,1.0,"[66533.0,3.0,7.3,1.0]","[0.36266150382295237,1.6032363542367636,2.756529079506075,4.678687769727618]",1
58199.0,3.0,7.3,1.0,"[58199.0,3.0,7.3,1.0]","[0.3172341073000166,1.6032363542367636,2.756529079506075,4.678687769727618]",1
95000.0,0.0,8.8,1.0,"[95000.0,0.0,8.8,1.0]","[0.5178308938899565,0.0,3.322939164336091,4.678687769727618]",0
76482.0,4.0,8.5,1.0,"[76482.0,4.0,8.5,1.0]","[0.4168920255420174,2.1376484723156848,3.2096571473700872,4.678687769727618]",1
66963.0,4.0,8.0,1.0,"[66963.0,4.0,8.0,1.0]","[0.3650053699742437,2.1376484723156848,3.020853785760082,4.678687769727618]",1
155930.0,5.0,9.4,1.0,"[155930.0,5.0,9.4,1.0]","[0.8499512766764307,2.672060590394606,3.5495031982680967,4.678687769727618]",1
166129.0,5.0,9.2,1.0,"[166129.0,5.0,9.2,1.0]","[0.9055445112741535,2.672060590394606,3.4739818536240943,4.678687769727618]",1
88178.0,3.0,7.2,1.0,"[88178.0,3.0,7.2,1.0]","[0.48064518485714297,1.6032363542367636,2.718768407184074,4.678687769727618]",1
97421.0,4.0,7.8,1.0,"[97421.0,4.0,7.8,1.0]","[0.5310274054068784,2.1376484723156848,2.94533244111608,4.678687769727618]",1
427500.0,0.0,0.0,1.0,"[427500.0,0.0,0.0,1.0]","[2.330239022504804,0.0,0.0,4.678687769727618]",0
54203.0,3.0,7.2,1.0,"[54203.0,3.0,7.2,1.0]","[0.29545250464755063,1.6032363542367636,2.718768407184074,4.678687769727618]",1
36995.0,3.0,7.7,1.0,"[36995.0,3.0,7.7,1.0]","[0.2016542517837783,1.6032363542367636,2.907571768794079,4.678687769727618]",1
83958.0,3.0,7.6,1.0,"[83958.0,3.0,7.6,1.0]","[0.45764259146539965,1.6032363542367636,2.8698110964720778,4.678687769727618]",1
92691.0,5.0,9.2,1.0,"[92691.0,5.0,9.2,1.0]","[0.5052448777426732,2.672060590394606,3.4739818536240943,4.678687769727618]",1
104409.0,5.0,9.7,1.0,"[104409.0,5.0,9.7,1.0]","[0.5691179557911207,2.672060590394606,3.6627852152340994,4.678687769727618]",1
62965.0,4.0,8.6,1.0,"[62965.0,4.0,8.6,1.0]","[0.34321286561874853,2.1376484723156848,3.247417819692088,4.678687769727618]",1
212281.0,5.0,9.2,1.0,"[212281.0,5.0,9.2,1.0]","[1.157112210377409,2.672060590394606,3.4739818536240943,4.678687769727618]",1
51495.0,4.0,8.0,1.0,"[51495.0,4.0,8.0,1.0]","[0.2806915987459296,2.1376484723156848,3.020853785760082,4.678687769727618]",1
112727.0,4.0,8.2,1.0,"[112727.0,4.0,8.2,1.0]","[0.6144581386898224,2.1376484723156848,3.096375130404084,4.678687769727618]",1
77893.0,4.0,8.9,1.0,"[77893.0,4.0,8.9,1.0]","[0.4245831770291619,2.1376484723156848,3.3606998366580916,4.678687769727618]",1
39235.0,3.0,7.4,1.0,"[39235.0,3.0,7.4,1.0]","[0.21386415917655202,1.6032363542367636,2.7942897518280763,4.678687769727618]",1
41306.0,3.0,7.9,1.0,"[41306.0,3.0,7.9,1.0]","[0.22515287266335307,1.6032363542367636,2.9830931134380814,4.678687769727618]",1
190000.0,0.0,9.2,1.0,"[190000.0,0.0,9.2,1.0]","[1.035661787779913,0.0,3.4739818536240943,4.678687769727618]",0
51348.0,3.0,7.0,1.0,"[51348.0,3.0,7.0,1.0]","[0.2798903235732788,1.6032363542367636,2.643247062540072,4.678687769727618]",1
66302.0,4.0,8.5,1.0,"[66302.0,4.0,8.5,1.0]","[0.36140235712307256,2.1376484723156848,3.2096571473700872,4.678687769727618]",1
36438.0,3.0,7.8,1.0,"[36438.0,3.0,7.8,1.0]","[0.19861812749012878,1.6032363542367636,2.94533244111608,4.678687769727618]",1
141550.0,0.0,0.0,1.0,"[141550.0,0.0,0.0,1.0]","[0.7715680318960352,0.0,0.0,4.678687769727618]",0
66383.0,4.0,8.7,1.0,"[66383.0,4.0,8.7,1.0]","[0.3618438760957577,2.1376484723156848,3.285178492014089,4.678687769727618]",1
83608.0,4.0,8.4,1.0,"[83608.0,4.0,8.4,1.0]","[0.45573479343527873,2.1376484723156848,3.1718964750480865,4.678687769727618]",1
149230.0,4.0,8.7,1.0,"[149230.0,4.0,8.7,1.0]","[0.8134305715284021,2.1376484723156848,3.285178492014089,4.678687769727618]",1
64663.0,3.0,6.9,1.0,"[64663.0,3.0,6.9,1.0]","[0.35246841149059216,1.6032363542367636,2.605486390218071,4.678687769727618]",1
141976.0,5.0,8.8,1.0,"[141976.0,5.0,8.8,1.0]","[0.773890094641268,2.672060590394606,3.322939164336091,4.678687769727618]",1
92841.0,4.0,8.4,1.0,"[92841.0,4.0,8.4,1.0]","[0.5060625054698679,2.1376484723156848,3.1718964750480865,4.678687769727618]",1
59178.0,4.0,8.5,1.0,"[59178.0,4.0,8.5,1.0]","[0.32257049093284046,2.1376484723156848,3.2096571473700872,4.678687769727618]",1
89186.0,4.0,8.6,1.0,"[89186.0,4.0,8.6,1.0]","[0.48613964318389113,2.1376484723156848,3.247417819692088,4.678687769727618]",1
141478.0,4.0,8.1,1.0,"[141478.0,4.0,8.1,1.0]","[0.7711755705869817,2.1376484723156848,3.058614458082083,4.678687769727618]",1
86448.0,4.0,8.5,1.0,"[86448.0,4.0,8.5,1.0]","[0.4712152117368311,2.1376484723156848,3.2096571473700872,4.678687769727618]",1
68082.0,4.0,8.0,1.0,"[68082.0,4.0,8.0,1.0]","[0.37110487281911597,2.1376484723156848,3.020853785760082,4.678687769727618]",1
48643.0,3.0,7.7,1.0,"[48643.0,3.0,7.7,1.0]","[0.2651457702262016,1.6032363542367636,2.907571768794079,4.678687769727618]",1
128829.0,5.0,9.2,1.0,"[128829.0,5.0,9.2,1.0]","[0.7022277497784126,2.672060590394606,3.4739818536240943,4.678687769727618]",1
47500.0,0.0,9.5,1.0,"[47500.0,0.0,9.5,1.0]","[0.25891544694497826,0.0,3.5872638705900974,4.678687769727618]",0
73257.0,3.0,6.9,1.0,"[73257.0,3.0,6.9,1.0]","[0.399313029407332,1.6032363542367636,2.605486390218071,4.678687769727618]",1
55926.0,3.0,7.2,1.0,"[55926.0,3.0,7.2,1.0]","[0.30484432180726007,1.6032363542367636,2.718768407184074,4.678687769727618]",1
97488.0,4.0,8.0,1.0,"[97488.0,4.0,8.0,1.0]","[0.5313926124583587,2.1376484723156848,3.020853785760082,4.678687769727618]",1
60027.0,4.0,8.3,1.0,"[60027.0,4.0,8.3,1.0]","[0.3271982638687623,2.1376484723156848,3.1341358027260853,4.678687769727618]",1
165693.0,5.0,9.1,1.0,"[165693.0,5.0,9.1,1.0]","[0.9031679400137743,2.672060590394606,3.436221181302093,4.678687769727618]",1
90994.0,4.0,8.2,1.0,"[90994.0,4.0,8.2,1.0]","[0.4959947827223442,2.1376484723156848,3.096375130404084,4.678687769727618]",1
129836.0,4.0,8.9,1.0,"[129836.0,4.0,8.9,1.0]","[0.7077167572536462,2.1376484723156848,3.3606998366580916,4.678687769727618]",1
52182.0,4.0,8.4,1.0,"[52182.0,4.0,8.4,1.0]","[0.28443633373648114,2.1376484723156848,3.1718964750480865,4.678687769727618]",1
475000.0,0.0,7.8,1.0,"[475000.0,0.0,7.8,1.0]","[2.5891544694497823,0.0,2.94533244111608,4.678687769727618]",0
148518.0,4.0,8.1,1.0,"[148518.0,4.0,8.1,1.0]","[0.8095495652499848,2.1376484723156848,3.058614458082083,4.678687769727618]",1
63650.0,0.0,0.0,1.0,"[63650.0,0.0,0.0,1.0]","[0.34694669890627083,0.0,0.0,4.678687769727618]",0
64097.0,4.0,8.8,1.0,"[64097.0,4.0,8.8,1.0]","[0.34938322953331097,2.1376484723156848,3.322939164336091,4.678687769727618]",1
70939.0,3.0,7.4,1.0,"[70939.0,3.0,7.4,1.0]","[0.3866779555964171,1.6032363542367636,2.7942897518280763,4.678687769727618]",1
109276.0,5.0,8.7,1.0,"[109276.0,5.0,8.7,1.0]","[0.5956472501128304,2.672060590394606,3.285178492014089,4.678687769727618]",1
128819.0,5.0,9.2,1.0,"[128819.0,5.0,9.2,1.0]","[0.7021732412632663,2.672060590394606,3.4739818536240943,4.678687769727618]",1
148191.0,5.0,8.5,1.0,"[148191.0,5.0,8.5,1.0]","[0.8077671368047004,2.672060590394606,3.2096571473700872,4.678687769727618]",1
131330.0,5.0,8.5,1.0,"[131330.0,5.0,8.5,1.0]","[0.7158603294165051,2.672060590394606,3.2096571473700872,4.678687769727618]",1
207350.0,5.0,8.6,1.0,"[207350.0,5.0,8.6,1.0]","[1.130234061558763,2.672060590394606,3.247417819692088,4.678687769727618]",1
80076.0,4.0,8.8,1.0,"[80076.0,4.0,8.8,1.0]","[0.4364823858856016,2.1376484723156848,3.322939164336091,4.678687769727618]",1
113569.0,5.0,8.8,1.0,"[113569.0,5.0,8.8,1.0]","[0.6190477556651417,2.672060590394606,3.322939164336091,4.678687769727618]",1
62064.0,3.0,7.5,1.0,"[62064.0,3.0,7.5,1.0]","[0.3383016484040659,1.6032363542367636,2.832050424150077,4.678687769727618]",1
102515.0,4.0,8.0,1.0,"[102515.0,4.0,8.0,1.0]","[0.5587940430224093,2.1376484723156848,3.020853785760082,4.678687769727618]",1
75381.0,4.0,8.8,1.0,"[75381.0,4.0,8.8,1.0]","[0.4108906380244085,2.1376484723156848,3.322939164336091,4.678687769727618]",1
79761.0,4.0,8.7,1.0,"[79761.0,4.0,8.7,1.0]","[0.43476536765849283,2.1376484723156848,3.285178492014089,4.678687769727618]",1
65236.0,3.0,6.8,1.0,"[65236.0,3.0,6.8,1.0]","[0.35559174940847577,1.6032363542367636,2.5677257178960695,4.678687769727618]",1
74388.0,4.0,8.3,1.0,"[74388.0,4.0,8.3,1.0]","[0.4054779424703798,2.1376484723156848,3.1341358027260853,4.678687769727618]",1
82288.0,4.0,8.0,1.0,"[82288.0,4.0,8.0,1.0]","[0.4485396694359657,2.1376484723156848,3.020853785760082,4.678687769727618]",1
45017.0,3.0,7.7,1.0,"[45017.0,3.0,7.7,1.0]","[0.24538098263414918,1.6032363542367636,2.907571768794079,4.678687769727618]",1
49935.0,3.0,7.0,1.0,"[49935.0,3.0,7.0,1.0]","[0.272188270383105,1.6032363542367636,2.643247062540072,4.678687769727618]",1
237555.0,5.0,9.0,1.0,"[237555.0,5.0,9.0,1.0]","[1.294877031558196,2.672060590394606,3.3984605089800923,4.678687769727618]",1
72020.0,3.0,7.9,1.0,"[72020.0,3.0,7.9,1.0]","[0.3925703260837333,1.6032363542367636,2.9830931134380814,4.678687769727618]",1
111474.0,5.0,9.6,1.0,"[111474.0,5.0,9.6,1.0]","[0.6076282217419896,2.672060590394606,3.625024542912098,4.678687769727618]",1
35094.0,3.0,7.5,1.0,"[35094.0,3.0,7.5,1.0]","[0.19129218305446455,1.6032363542367636,2.832050424150077,4.678687769727618]",1
72200.0,0.0,0.0,1.0,"[72200.0,0.0,0.0,1.0]","[0.3935514793563669,0.0,0.0,4.678687769727618]",0
285000.0,0.0,8.8,1.0,"[285000.0,0.0,8.8,1.0]","[1.5534926816698693,0.0,3.322939164336091,4.678687769727618]",0
59808.0,4.0,8.8,1.0,"[59808.0,4.0,8.8,1.0]","[0.32600452738705804,2.1376484723156848,3.322939164336091,4.678687769727618]",1
119074.0,5.0,9.2,1.0,"[119074.0,5.0,9.2,1.0]","[0.6490546932531861,2.672060590394606,3.4739818536240943,4.678687769727618]",1
53075.0,3.0,6.9,1.0,"[53075.0,3.0,6.9,1.0]","[0.28930394413904675,1.6032363542367636,2.605486390218071,4.678687769727618]",1
147855.0,5.0,9.7,1.0,"[147855.0,5.0,9.7,1.0]","[0.8059356506957843,2.672060590394606,3.6627852152340994,4.678687769727618]",1
190000.0,0.0,7.6,1.0,"[190000.0,0.0,7.6,1.0]","[1.035661787779913,0.0,2.8698110964720778,4.678687769727618]",0
332500.0,0.0,8.8,1.0,"[332500.0,0.0,8.8,1.0]","[1.8124081286148477,0.0,3.322939164336091,4.678687769727618]",0
39987.0,3.0,7.5,1.0,"[39987.0,3.0,7.5,1.0]","[0.21796319951555462,1.6032363542367636,2.832050424150077,4.678687769727618]",1
190335.0,5.0,9.0,1.0,"[190335.0,5.0,9.0,1.0]","[1.0374878230373143,2.672060590394606,3.3984605089800923,4.678687769727618]",1
92226.0,4.0,7.8,1.0,"[92226.0,4.0,7.8,1.0]","[0.5027102317883697,2.1376484723156848,2.94533244111608,4.678687769727618]",1
116173.0,4.0,8.2,1.0,"[116173.0,4.0,8.2,1.0]","[0.6332417730092412,2.1376484723156848,3.096375130404084,4.678687769727618]",1
132829.0,5.0,9.2,1.0,"[132829.0,5.0,9.2,1.0]","[0.7240311558369371,2.672060590394606,3.4739818536240943,4.678687769727618]",1
64025.0,3.0,7.2,1.0,"[64025.0,3.0,7.2,1.0]","[0.3489907682242575,1.6032363542367636,2.718768407184074,4.678687769727618]",1
55379.0,4.0,8.2,1.0,"[55379.0,4.0,8.2,1.0]","[0.3018627060287568,2.1376484723156848,3.096375130404084,4.678687769727618]",1
71172.0,4.0,8.4,1.0,"[71172.0,4.0,8.4,1.0]","[0.3879480039993261,2.1376484723156848,3.1718964750480865,4.678687769727618]",1
69676.0,3.0,6.9,1.0,"[69676.0,3.0,6.9,1.0]","[0.379793530133438,1.6032363542367636,2.605486390218071,4.678687769727618]",1
68677.0,4.0,8.8,1.0,"[68677.0,4.0,8.8,1.0]","[0.3743481294703215,2.1376484723156848,3.322939164336091,4.678687769727618]",1
56669.0,3.0,7.0,1.0,"[56669.0,3.0,7.0,1.0]","[0.308894304482631,1.6032363542367636,2.643247062540072,4.678687769727618]",1
98966.0,5.0,9.0,1.0,"[98966.0,5.0,9.0,1.0]","[0.5394489709969835,2.672060590394606,3.3984605089800923,4.678687769727618]",1
92267.0,4.0,8.4,1.0,"[92267.0,4.0,8.4,1.0]","[0.5029337167004696,2.1376484723156848,3.1718964750480865,4.678687769727618]",1
70953.0,3.0,7.5,1.0,"[70953.0,3.0,7.5,1.0]","[0.38675426751762193,1.6032363542367636,2.832050424150077,4.678687769727618]",1
154752.0,5.0,8.5,1.0,"[154752.0,5.0,8.5,1.0]","[0.8435301735921952,2.672060590394606,3.2096571473700872,4.678687769727618]",1
48709.0,3.0,6.8,1.0,"[48709.0,3.0,6.8,1.0]","[0.26550552642616726,1.6032363542367636,2.5677257178960695,4.678687769727618]",1
109029.0,4.0,8.9,1.0,"[109029.0,4.0,8.9,1.0]","[0.5943008897887164,2.1376484723156848,3.3606998366580916,4.678687769727618]",1
144394.0,5.0,8.8,1.0,"[144394.0,5.0,8.8,1.0]","[0.787070253603646,2.672060590394606,3.322939164336091,4.678687769727618]",1
88997.0,4.0,8.4,1.0,"[88997.0,4.0,8.4,1.0]","[0.48510943224762587,2.1376484723156848,3.1718964750480865,4.678687769727618]",1
63242.0,4.0,8.6,1.0,"[63242.0,4.0,8.6,1.0]","[0.34472275148830134,2.1376484723156848,3.247417819692088,4.678687769727618]",1
131669.0,4.0,8.5,1.0,"[131669.0,4.0,8.5,1.0]","[0.7177081680799651,2.1376484723156848,3.2096571473700872,4.678687769727618]",1
51284.0,3.0,7.1,1.0,"[51284.0,3.0,7.1,1.0]","[0.2795414690763424,1.6032363542367636,2.6810077348620727,4.678687769727618]",1
76738.0,4.0,8.7,1.0,"[76738.0,4.0,8.7,1.0]","[0.41828744352976294,2.1376484723156848,3.285178492014089,4.678687769727618]",1
45416.0,3.0,7.9,1.0,"[45416.0,3.0,7.9,1.0]","[0.24755587238848697,1.6032363542367636,2.9830931134380814,4.678687769727618]",1
60800.0,0.0,0.0,1.0,"[60800.0,0.0,0.0,1.0]","[0.3314117720895721,0.0,0.0,4.678687769727618]",0
33250.0,0.0,8.7,1.0,"[33250.0,0.0,8.7,1.0]","[0.18124081286148477,0.0,3.285178492014089,4.678687769727618]",0
43700.0,3.0,7.2,1.0,"[43700.0,3.0,7.2,1.0]","[0.23820221118937998,1.6032363542367636,2.718768407184074,4.678687769727618]",1
64717.0,3.0,7.9,1.0,"[64717.0,3.0,7.9,1.0]","[0.3527627574723822,1.6032363542367636,2.9830931134380814,4.678687769727618]",1
95404.0,4.0,8.1,1.0,"[95404.0,4.0,8.1,1.0]","[0.5200330379018674,2.1376484723156848,3.058614458082083,4.678687769727618]",1
44411.0,3.0,7.3,1.0,"[44411.0,3.0,7.3,1.0]","[0.2420777666162827,1.6032363542367636,2.756529079506075,4.678687769727618]",1
127504.0,5.0,8.8,1.0,"[127504.0,5.0,8.8,1.0]","[0.6950053715215264,2.672060590394606,3.322939164336091,4.678687769727618]",1
38758.0,3.0,7.1,1.0,"[38758.0,3.0,7.1,1.0]","[0.21126410300407297,1.6032363542367636,2.6810077348620727,4.678687769727618]",1
42209.0,3.0,7.1,1.0,"[42209.0,3.0,7.1,1.0]","[0.23007499158106498,1.6032363542367636,2.6810077348620727,4.678687769727618]",1
51220.0,3.0,7.7,1.0,"[51220.0,3.0,7.7,1.0]","[0.27919261457940603,1.6032363542367636,2.907571768794079,4.678687769727618]",1
76652.0,4.0,8.7,1.0,"[76652.0,4.0,8.7,1.0]","[0.41781867029950465,2.1376484723156848,3.285178492014089,4.678687769727618]",1
243200.0,0.0,0.0,1.0,"[243200.0,0.0,0.0,1.0]","[1.3256470883582885,0.0,0.0,4.678687769727618]",0
68949.0,4.0,8.0,1.0,"[68949.0,4.0,8.0,1.0]","[0.3758307610823011,2.1376484723156848,3.020853785760082,4.678687769727618]",1
138437.0,4.0,8.9,1.0,"[138437.0,4.0,8.9,1.0]","[0.7545995311309884,2.1376484723156848,3.3606998366580916,4.678687769727618]",1
64141.0,3.0,7.7,1.0,"[64141.0,3.0,7.7,1.0]","[0.3496230669999547,1.6032363542367636,2.907571768794079,4.678687769727618]",1
41972.0,3.0,7.8,1.0,"[41972.0,3.0,7.8,1.0]","[0.2287831397720974,1.6032363542367636,2.94533244111608,4.678687769727618]",1
52250.0,0.0,0.0,1.0,"[52250.0,0.0,0.0,1.0]","[0.28480699163947604,0.0,0.0,4.678687769727618]",0
92841.0,5.0,9.6,1.0,"[92841.0,5.0,9.6,1.0]","[0.5060625054698679,2.672060590394606,3.625024542912098,4.678687769727618]",1
59846.0,4.0,8.5,1.0,"[59846.0,4.0,8.5,1.0]","[0.326211659744614,2.1376484723156848,3.2096571473700872,4.678687769727618]",1
132174.0,5.0,8.6,1.0,"[132174.0,5.0,8.6,1.0]","[0.7204608480948538,2.672060590394606,3.247417819692088,4.678687769727618]",1
533900.0,0.0,9.3,1.0,"[533900.0,0.0,9.3,1.0]","[2.9102096236615553,0.0,3.511742525946096,4.678687769727618]",0
56023.0,3.0,7.8,1.0,"[56023.0,3.0,7.8,1.0]","[0.3053730544041793,1.6032363542367636,2.94533244111608,4.678687769727618]",1
65027.0,4.0,8.0,1.0,"[65027.0,4.0,8.0,1.0]","[0.3544525214419179,2.1376484723156848,3.020853785760082,4.678687769727618]",1
134625.0,4.0,8.1,1.0,"[134625.0,4.0,8.1,1.0]","[0.7338208851572147,2.1376484723156848,3.058614458082083,4.678687769727618]",1
80597.0,4.0,8.4,1.0,"[80597.0,4.0,8.4,1.0]","[0.4393222795247244,2.1376484723156848,3.1718964750480865,4.678687769727618]",1
56546.0,3.0,6.8,1.0,"[56546.0,3.0,6.8,1.0]","[0.3082238497463314,1.6032363542367636,2.5677257178960695,4.678687769727618]",1
121133.0,4.0,8.0,1.0,"[121133.0,4.0,8.0,1.0]","[0.6602779965218115,2.1376484723156848,3.020853785760082,4.678687769727618]",1
66988.0,4.0,8.1,1.0,"[66988.0,4.0,8.1,1.0]","[0.3651416412621095,2.1376484723156848,3.058614458082083,4.678687769727618]",1
68745.0,4.0,8.4,1.0,"[68745.0,4.0,8.4,1.0]","[0.3747187873733164,2.1376484723156848,3.1718964750480865,4.678687769727618]",1
332500.0,0.0,8.6,1.0,"[332500.0,0.0,8.6,1.0]","[1.8124081286148477,0.0,3.247417819692088,4.678687769727618]",0
54458.0,3.0,7.8,1.0,"[54458.0,3.0,7.8,1.0]","[0.2968424717837816,1.6032363542367636,2.94533244111608,4.678687769727618]",1
71336.0,4.0,7.8,1.0,"[71336.0,4.0,7.8,1.0]","[0.3888419436477256,2.1376484723156848,2.94533244111608,4.678687769727618]",1
61975.0,4.0,8.5,1.0,"[61975.0,4.0,8.5,1.0]","[0.3378165226192637,2.1376484723156848,3.2096571473700872,4.678687769727618]",1
88234.0,4.0,8.1,1.0,"[88234.0,4.0,8.1,1.0]","[0.4809504325419623,2.1376484723156848,3.058614458082083,4.678687769727618]",1
89458.0,4.0,8.1,1.0,"[89458.0,4.0,8.1,1.0]","[0.4876222747958708,2.1376484723156848,3.058614458082083,4.678687769727618]",1
58784.0,3.0,7.3,1.0,"[58784.0,3.0,7.3,1.0]","[0.3204228554360758,1.6032363542367636,2.756529079506075,4.678687769727618]",1
78210.0,4.0,8.6,1.0,"[78210.0,4.0,8.6,1.0]","[0.4263110969593,2.1376484723156848,3.247417819692088,4.678687769727618]",1
95518.0,4.0,8.6,1.0,"[95518.0,4.0,8.6,1.0]","[0.5206544349745353,2.1376484723156848,3.247417819692088,4.678687769727618]",1
332500.0,0.0,9.3,1.0,"[332500.0,0.0,9.3,1.0]","[1.8124081286148477,0.0,3.511742525946096,4.678687769727618]",0
104399.0,4.0,8.9,1.0,"[104399.0,4.0,8.9,1.0]","[0.5690634472759744,2.1376484723156848,3.3606998366580916,4.678687769727618]",1
44034.0,3.0,7.1,1.0,"[44034.0,3.0,7.1,1.0]","[0.24002279559526676,1.6032363542367636,2.6810077348620727,4.678687769727618]",1
138900.0,4.0,8.0,1.0,"[138900.0,4.0,8.0,1.0]","[0.7571232753822627,2.1376484723156848,3.020853785760082,4.678687769727618]",1
85501.0,4.0,8.8,1.0,"[85501.0,4.0,8.8,1.0]","[0.46605325535247544,2.1376484723156848,3.322939164336091,4.678687769727618]",1
52723.0,3.0,7.7,1.0,"[52723.0,3.0,7.7,1.0]","[0.2873852444058966,1.6032363542367636,2.907571768794079,4.678687769727618]",1
69699.0,3.0,7.6,1.0,"[69699.0,3.0,7.6,1.0]","[0.37991889971827447,1.6032363542367636,2.8698110964720778,4.678687769727618]",1
57396.0,3.0,6.9,1.0,"[57396.0,3.0,6.9,1.0]","[0.3128570735337678,1.6032363542367636,2.605486390218071,4.678687769727618]",1
54566.0,3.0,6.9,1.0,"[54566.0,3.0,6.9,1.0]","[0.2974311637473617,1.6032363542367636,2.605486390218071,4.678687769727618]",1
237500.0,0.0,8.1,1.0,"[237500.0,0.0,8.1,1.0]","[1.2945772347248912,0.0,3.058614458082083,4.678687769727618]",0
87831.0,4.0,8.3,1.0,"[87831.0,4.0,8.3,1.0]","[0.47875373938156596,2.1376484723156848,3.1341358027260853,4.678687769727618]",1
136735.0,4.0,8.5,1.0,"[136735.0,4.0,8.5,1.0]","[0.7453221818530863,2.1376484723156848,3.2096571473700872,4.678687769727618]",1
42255.0,3.0,7.4,1.0,"[42255.0,3.0,7.4,1.0]","[0.230325730750738,1.6032363542367636,2.7942897518280763,4.678687769727618]",1
243200.0,0.0,0.0,1.0,"[243200.0,0.0,0.0,1.0]","[1.3256470883582885,0.0,0.0,4.678687769727618]",0
332500.0,0.0,9.0,1.0,"[332500.0,0.0,9.0,1.0]","[1.8124081286148477,0.0,3.3984605089800923,4.678687769727618]",0
96737.0,4.0,8.6,1.0,"[96737.0,4.0,8.6,1.0]","[0.5272990229708707,2.1376484723156848,3.247417819692088,4.678687769727618]",1
133758.0,5.0,8.6,1.0,"[133758.0,5.0,8.6,1.0]","[0.7290949968940295,2.672060590394606,3.247417819692088,4.678687769727618]",1
380000.0,0.0,8.7,1.0,"[380000.0,0.0,8.7,1.0]","[2.071323575559826,0.0,3.285178492014089,4.678687769727618]",0
95450.0,4.0,8.0,1.0,"[95450.0,4.0,8.0,1.0]","[0.5202837770715405,2.1376484723156848,3.020853785760082,4.678687769727618]",1
71049.0,4.0,8.4,1.0,"[71049.0,4.0,8.4,1.0]","[0.3872775492630265,2.1376484723156848,3.1718964750480865,4.678687769727618]",1
60453.0,3.0,7.4,1.0,"[60453.0,3.0,7.4,1.0]","[0.32952032661399516,1.6032363542367636,2.7942897518280763,4.678687769727618]",1
48195.0,3.0,7.7,1.0,"[48195.0,3.0,7.7,1.0]","[0.2627037887476469,1.6032363542367636,2.907571768794079,4.678687769727618]",1
116581.0,4.0,8.4,1.0,"[116581.0,4.0,8.4,1.0]","[0.6354657204272107,2.1376484723156848,3.1718964750480865,4.678687769727618]",1
142500.0,0.0,8.9,1.0,"[142500.0,0.0,8.9,1.0]","[0.7767463408349347,0.0,3.3606998366580916,4.678687769727618]",0
72205.0,4.0,8.3,1.0,"[72205.0,4.0,8.3,1.0]","[0.3935787336139401,2.1376484723156848,3.1341358027260853,4.678687769727618]",1
131999.0,5.0,8.9,1.0,"[131999.0,5.0,8.9,1.0]","[0.7195069490797933,2.672060590394606,3.3606998366580916,4.678687769727618]",1
149091.0,5.0,9.1,1.0,"[149091.0,5.0,9.1,1.0]","[0.8126729031678684,2.672060590394606,3.436221181302093,4.678687769727618]",1
237500.0,0.0,8.8,1.0,"[237500.0,0.0,8.8,1.0]","[1.2945772347248912,0.0,3.322939164336091,4.678687769727618]",0
62348.0,3.0,7.1,1.0,"[62348.0,3.0,7.1,1.0]","[0.3398496902342211,1.6032363542367636,2.6810077348620727,4.678687769727618]",1
69481.0,3.0,7.2,1.0,"[69481.0,3.0,7.2,1.0]","[0.3787306140880849,1.6032363542367636,2.718768407184074,4.678687769727618]",1
130631.0,5.0,8.8,1.0,"[130631.0,5.0,8.8,1.0]","[0.7120501842077779,2.672060590394606,3.322939164336091,4.678687769727618]",1
65370.0,4.0,8.8,1.0,"[65370.0,4.0,8.8,1.0]","[0.35632216351143636,2.1376484723156848,3.322939164336091,4.678687769727618]",1
67727.0,3.0,7.1,1.0,"[67727.0,3.0,7.1,1.0]","[0.3691698205314219,1.6032363542367636,2.6810077348620727,4.678687769727618]",1
82193.0,4.0,8.5,1.0,"[82193.0,4.0,8.5,1.0]","[0.4480218385420757,2.1376484723156848,3.2096571473700872,4.678687769727618]",1
59870.0,3.0,7.0,1.0,"[59870.0,3.0,7.0,1.0]","[0.3263424801809652,1.6032363542367636,2.643247062540072,4.678687769727618]",1
72690.0,4.0,8.8,1.0,"[72690.0,4.0,8.8,1.0]","[0.39622239659853614,2.1376484723156848,3.322939164336091,4.678687769727618]",1
57564.0,3.0,7.4,1.0,"[57564.0,3.0,7.4,1.0]","[0.3137728165882258,1.6032363542367636,2.7942897518280763,4.678687769727618]",1
86565.0,4.0,8.5,1.0,"[86565.0,4.0,8.5,1.0]","[0.471852961364043,2.1376484723156848,3.2096571473700872,4.678687769727618]",1
70282.0,4.0,8.2,1.0,"[70282.0,4.0,8.2,1.0]","[0.3830967461513044,2.1376484723156848,3.096375130404084,4.678687769727618]",1
106477.0,5.0,9.1,1.0,"[106477.0,5.0,9.1,1.0]","[0.5803903167233778,2.672060590394606,3.436221181302093,4.678687769727618]",1
44166.0,3.0,7.7,1.0,"[44166.0,3.0,7.7,1.0]","[0.24074230799519808,1.6032363542367636,2.907571768794079,4.678687769727618]",1
85727.0,4.0,8.1,1.0,"[85727.0,4.0,8.1,1.0]","[0.4672851477947821,2.1376484723156848,3.058614458082083,4.678687769727618]",1
41061.0,3.0,7.4,1.0,"[41061.0,3.0,7.4,1.0]","[0.22381741404226846,1.6032363542367636,2.7942897518280763,4.678687769727618]",1
356250.0,0.0,0.0,1.0,"[356250.0,0.0,0.0,1.0]","[1.9418658520873369,0.0,0.0,4.678687769727618]",0
169551.0,5.0,9.2,1.0,"[169551.0,5.0,9.2,1.0]","[0.9241973251572212,2.672060590394606,3.4739818536240943,4.678687769727618]",1
49602.0,3.0,6.9,1.0,"[49602.0,3.0,6.9,1.0]","[0.2703731368287329,1.6032363542367636,2.605486390218071,4.678687769727618]",1
67587.0,4.0,8.3,1.0,"[67587.0,4.0,8.3,1.0]","[0.36840670131937353,2.1376484723156848,3.1341358027260853,4.678687769727618]",1
65443.0,3.0,7.3,1.0,"[65443.0,3.0,7.3,1.0]","[0.3567200756720044,1.6032363542367636,2.756529079506075,4.678687769727618]",1
47773.0,3.0,7.9,1.0,"[47773.0,3.0,7.9,1.0]","[0.26040352940847256,1.6032363542367636,2.9830931134380814,4.678687769727618]",1
43110.0,3.0,7.4,1.0,"[43110.0,3.0,7.4,1.0]","[0.2349862087957476,1.6032363542367636,2.7942897518280763,4.678687769727618]",1
35839.0,3.0,7.3,1.0,"[35839.0,3.0,7.3,1.0]","[0.19535306743286474,1.6032363542367636,2.756529079506075,4.678687769727618]",1
99662.0,5.0,9.4,1.0,"[99662.0,5.0,9.4,1.0]","[0.5432427636511667,2.672060590394606,3.5495031982680967,4.678687769727618]",1
61260.0,3.0,7.7,1.0,"[61260.0,3.0,7.7,1.0]","[0.33391916378630243,1.6032363542367636,2.907571768794079,4.678687769727618]",1
332500.0,0.0,8.6,1.0,"[332500.0,0.0,8.6,1.0]","[1.8124081286148477,0.0,3.247417819692088,4.678687769727618]",0
55529.0,3.0,7.0,1.0,"[55529.0,3.0,7.0,1.0]","[0.3026803337559515,1.6032363542367636,2.643247062540072,4.678687769727618]",1
160111.0,5.0,8.6,1.0,"[160111.0,5.0,8.6,1.0]","[0.8727412868591033,2.672060590394606,3.247417819692088,4.678687769727618]",1
47289.0,3.0,6.9,1.0,"[47289.0,3.0,6.9,1.0]","[0.2577653172753911,1.6032363542367636,2.605486390218071,4.678687769727618]",1
40545.0,3.0,7.9,1.0,"[40545.0,3.0,7.9,1.0]","[0.2210047746607188,1.6032363542367636,2.9830931134380814,4.678687769727618]",1
100896.0,5.0,9.3,1.0,"[100896.0,5.0,9.3,1.0]","[0.5499691144202216,2.672060590394606,3.511742525946096,4.678687769727618]",1
61459.0,4.0,8.2,1.0,"[61459.0,4.0,8.2,1.0]","[0.3350038832377141,2.1376484723156848,3.096375130404084,4.678687769727618]",1
109230.0,4.0,8.8,1.0,"[109230.0,4.0,8.8,1.0]","[0.5953965109431573,2.1376484723156848,3.322939164336091,4.678687769727618]",1
60870.0,4.0,8.9,1.0,"[60870.0,4.0,8.9,1.0]","[0.3317933316955963,2.1376484723156848,3.3606998366580916,4.678687769727618]",1
72423.0,4.0,8.5,1.0,"[72423.0,4.0,8.5,1.0]","[0.39476701924412966,2.1376484723156848,3.2096571473700872,4.678687769727618]",1
65020.0,3.0,7.7,1.0,"[65020.0,3.0,7.7,1.0]","[0.3544143654813155,1.6032363542367636,2.907571768794079,4.678687769727618]",1
68100.0,4.0,8.3,1.0,"[68100.0,4.0,8.3,1.0]","[0.3712029881463793,2.1376484723156848,3.1341358027260853,4.678687769727618]",1
60200.0,4.0,8.9,1.0,"[60200.0,4.0,8.9,1.0]","[0.32814126118079345,2.1376484723156848,3.3606998366580916,4.678687769727618]",1
77861.0,4.0,8.7,1.0,"[77861.0,4.0,8.7,1.0]","[0.4244087497806937,2.1376484723156848,3.285178492014089,4.678687769727618]",1
47837.0,3.0,7.2,1.0,"[47837.0,3.0,7.2,1.0]","[0.26075238390540895,1.6032363542367636,2.718768407184074,4.678687769727618]",1
94459.0,4.0,7.8,1.0,"[94459.0,4.0,7.8,1.0]","[0.514881983220541,2.1376484723156848,2.94533244111608,4.678687769727618]",1
315360.0,5.0,4.8,1.0,"[315360.0,5.0,4.8,1.0]","[1.7189805336540702,2.672060590394606,1.812512271456049,4.678687769727618]",1
30200.0,0.0,4.5,1.0,"[30200.0,0.0,4.5,1.0]","[0.16461571574185985,0.0,1.6992302544900462,4.678687769727618]",0
37600.0,0.0,4.5,1.0,"[37600.0,0.0,4.5,1.0]","[0.20495201695013013,0.0,1.6992302544900462,4.678687769727618]",0
52500.0,0.0,4.5,1.0,"[52500.0,0.0,4.5,1.0]","[0.28616970451813384,0.0,1.6992302544900462,4.678687769727618]",0
60500.0,0.0,4.5,1.0,"[60500.0,0.0,4.5,1.0]","[0.3297765166351828,0.0,1.6992302544900462,4.678687769727618]",0
65800.0,0.0,4.5,1.0,"[65800.0,0.0,4.5,1.0]","[0.35866602966272776,0.0,1.6992302544900462,4.678687769727618]",0
34315.0,0.0,9.1,1.0,"[34315.0,0.0,9.1,1.0]","[0.1870459697245669,0.0,3.436221181302093,4.678687769727618]",0
427500.0,0.0,0.0,1.0,"[427500.0,0.0,0.0,1.0]","[2.330239022504804,0.0,0.0,4.678687769727618]",0
32700.0,0.0,4.5,1.0,"[32700.0,0.0,4.5,1.0]","[0.17824284452843764,0.0,1.6992302544900462,4.678687769727618]",0
26200.0,0.0,4.5,1.0,"[26200.0,0.0,4.5,1.0]","[0.14281230968333536,0.0,1.6992302544900462,4.678687769727618]",0
42000.0,0.0,4.5,1.0,"[42000.0,0.0,4.5,1.0]","[0.22893576361450707,0.0,1.6992302544900462,4.678687769727618]",0
50200.0,0.0,4.5,1.0,"[50200.0,0.0,4.5,1.0]","[0.27363274603448223,0.0,1.6992302544900462,4.678687769727618]",0
47000.0,0.0,4.5,1.0,"[47000.0,0.0,4.5,1.0]","[0.25619002118766265,0.0,1.6992302544900462,4.678687769727618]",0
47500.0,0.0,4.5,1.0,"[47500.0,0.0,4.5,1.0]","[0.25891544694497826,0.0,1.6992302544900462,4.678687769727618]",0
47800.0,0.0,4.5,1.0,"[47800.0,0.0,4.5,1.0]","[0.26055070239936756,0.0,1.6992302544900462,4.678687769727618]",0
31100.0,0.0,4.5,1.0,"[31100.0,0.0,4.5,1.0]","[0.16952148210502785,0.0,1.6992302544900462,4.678687769727618]",0
38700.0,0.0,4.5,1.0,"[38700.0,0.0,4.5,1.0]","[0.21094795361622437,0.0,1.6992302544900462,4.678687769727618]",0
171696.0,5.0,4.89,1.0,"[171696.0,5.0,4.89,1.0]","[0.9358894016561049,2.672060590394606,1.84649687654585,4.678687769727618]",1
280000.0,5.0,4.84,1.0,"[280000.0,5.0,4.84,1.0]","[1.5262384240967137,2.672060590394606,1.8276165403848497,4.678687769727618]",1
26864.0,0.0,0.0,1.0,"[26864.0,0.0,0.0,1.0]","[0.14643167508905042,0.0,0.0,4.678687769727618]",0
45133.0,0.0,8.2,1.0,"[45133.0,0.0,8.2,1.0]","[0.24601328140984638,0.0,3.096375130404084,4.678687769727618]",0
344487.0,4.0,4.69,1.0,"[344487.0,4.0,4.69,1.0]","[1.8777474857207308,2.1376484723156848,1.7709755319018483,4.678687769727618]",1
62200.0,0.0,4.5,1.0,"[62200.0,0.0,4.5,1.0]","[0.3390429642100557,0.0,1.6992302544900462,4.678687769727618]",0
34300.0,0.0,4.5,1.0,"[34300.0,0.0,4.5,1.0]","[0.18696420695184743,0.0,1.6992302544900462,4.678687769727618]",0
41000.0,0.0,4.5,1.0,"[41000.0,0.0,4.5,1.0]","[0.22348491209987595,0.0,1.6992302544900462,4.678687769727618]",0
77200.0,0.0,4.5,1.0,"[77200.0,0.0,4.5,1.0]","[0.4208057369295225,0.0,1.6992302544900462,4.678687769727618]",0
117489.0,5.0,5.0,1.0,"[117489.0,5.0,5.0,1.0]","[0.6404150936024957,2.672060590394606,1.8880336161000513,4.678687769727618]",1
25400.0,0.0,4.5,1.0,"[25400.0,0.0,4.5,1.0]","[0.13845162847163048,0.0,1.6992302544900462,4.678687769727618]",0
25600.0,0.0,4.5,1.0,"[25600.0,0.0,4.5,1.0]","[0.1395417987745567,0.0,1.6992302544900462,4.678687769727618]",0
44900.0,0.0,4.5,1.0,"[44900.0,0.0,4.5,1.0]","[0.24474323300693732,0.0,1.6992302544900462,4.678687769727618]",0
52400.0,0.0,4.5,1.0,"[52400.0,0.0,4.5,1.0]","[0.2856246193666707,0.0,1.6992302544900462,4.678687769727618]",0
62100.0,0.0,4.5,1.0,"[62100.0,0.0,4.5,1.0]","[0.3384978790585926,0.0,1.6992302544900462,4.678687769727618]",0
67700.0,0.0,4.5,1.0,"[67700.0,0.0,4.5,1.0]","[0.3690226475405269,0.0,1.6992302544900462,4.678687769727618]",0
85591.0,3.0,8.7,1.0,"[85591.0,3.0,8.7,1.0]","[0.46654383198879223,1.6032363542367636,3.285178492014089,4.678687769727618]",1
122516.0,0.0,0.0,1.0,"[122516.0,0.0,0.0,1.0]","[0.6678165241665464,0.0,0.0,4.678687769727618]",0
32900.0,0.0,4.5,1.0,"[32900.0,0.0,4.5,1.0]","[0.17933301483136388,0.0,1.6992302544900462,4.678687769727618]",0
250.0,0.0,0.0,1.0,"[250.0,0.0,0.0,1.0]","[0.00136271287865778,0.0,0.0,4.678687769727618]",0
36000.0,0.0,4.5,1.0,"[36000.0,0.0,4.5,1.0]","[0.19623065452672034,0.0,1.6992302544900462,4.678687769727618]",0
66600.0,0.0,4.5,1.0,"[66600.0,0.0,4.5,1.0]","[0.3630267108744326,0.0,1.6992302544900462,4.678687769727618]",0
70600.0,0.0,4.5,1.0,"[70600.0,0.0,4.5,1.0]","[0.3848301169329571,0.0,1.6992302544900462,4.678687769727618]",0
58748.0,3.0,7.9,1.0,"[58748.0,3.0,7.9,1.0]","[0.32022662478154906,1.6032363542367636,2.9830931134380814,4.678687769727618]",1
90454.0,4.0,8.5,1.0,"[90454.0,4.0,8.5,1.0]","[0.49305132290444337,2.1376484723156848,3.2096571473700872,4.678687769727618]",1
50100.0,0.0,4.5,1.0,"[50100.0,0.0,4.5,1.0]","[0.27308766088301917,0.0,1.6992302544900462,4.678687769727618]",0
68300.0,0.0,4.5,1.0,"[68300.0,0.0,4.5,1.0]","[0.37229315844930555,0.0,1.6992302544900462,4.678687769727618]",0
28800.0,0.0,4.5,1.0,"[28800.0,0.0,4.5,1.0]","[0.15698452362137627,0.0,1.6992302544900462,4.678687769727618]",0
35400.0,0.0,4.5,1.0,"[35400.0,0.0,4.5,1.0]","[0.19296014361794167,0.0,1.6992302544900462,4.678687769727618]",0
55200.0,0.0,4.5,1.0,"[55200.0,0.0,4.5,1.0]","[0.30088700360763787,0.0,1.6992302544900462,4.678687769727618]",0
55600.0,0.0,4.5,1.0,"[55600.0,0.0,4.5,1.0]","[0.3030673442134903,0.0,1.6992302544900462,4.678687769727618]",0
68800.0,0.0,4.5,1.0,"[68800.0,0.0,4.5,1.0]","[0.3750185842066211,0.0,1.6992302544900462,4.678687769727618]",0
30600.0,0.0,4.5,1.0,"[30600.0,0.0,4.5,1.0]","[0.1667960563477123,0.0,1.6992302544900462,4.678687769727618]",0
35300.0,0.0,4.5,1.0,"[35300.0,0.0,4.5,1.0]","[0.19241505846647855,0.0,1.6992302544900462,4.678687769727618]",0
36400.0,0.0,4.5,1.0,"[36400.0,0.0,4.5,1.0]","[0.1984109951325728,0.0,1.6992302544900462,4.678687769727618]",0
68400.0,0.0,4.5,1.0,"[68400.0,0.0,4.5,1.0]","[0.37283824360076867,0.0,1.6992302544900462,4.678687769727618]",0
39100.0,0.0,4.5,1.0,"[39100.0,0.0,4.5,1.0]","[0.21312829422207683,0.0,1.6992302544900462,4.678687769727618]",0
47700.0,0.0,4.5,1.0,"[47700.0,0.0,4.5,1.0]","[0.26000561724790444,0.0,1.6992302544900462,4.678687769727618]",0
48800.0,0.0,4.5,1.0,"[48800.0,0.0,4.5,1.0]","[0.2660015539139987,0.0,1.6992302544900462,4.678687769727618]",0
51000.0,0.0,4.5,1.0,"[51000.0,0.0,4.5,1.0]","[0.27799342724618714,0.0,1.6992302544900462,4.678687769727618]",0
51400.0,0.0,4.5,1.0,"[51400.0,0.0,4.5,1.0]","[0.2801737678520396,0.0,1.6992302544900462,4.678687769727618]",0
59200.0,0.0,4.5,1.0,"[59200.0,0.0,4.5,1.0]","[0.32269040966616236,0.0,1.6992302544900462,4.678687769727618]",0
42100.0,0.0,4.5,1.0,"[42100.0,0.0,4.5,1.0]","[0.2294808487659702,0.0,1.6992302544900462,4.678687769727618]",0
59900.0,0.0,4.5,1.0,"[59900.0,0.0,4.5,1.0]","[0.32650600572640415,0.0,1.6992302544900462,4.678687769727618]",0
48357.0,3.0,8.7,1.0,"[48357.0,3.0,8.7,1.0]","[0.2635868266930171,1.6032363542367636,3.285178492014089,4.678687769727618]",1
39400.0,0.0,4.5,1.0,"[39400.0,0.0,4.5,1.0]","[0.21476354967646616,0.0,1.6992302544900462,4.678687769727618]",0
48000.0,0.0,4.5,1.0,"[48000.0,0.0,4.5,1.0]","[0.2616408727022938,0.0,1.6992302544900462,4.678687769727618]",0
70100.0,0.0,4.5,1.0,"[70100.0,0.0,4.5,1.0]","[0.38210469117564155,0.0,1.6992302544900462,4.678687769727618]",0
233306.0,5.0,4.95,1.0,"[233306.0,5.0,4.95,1.0]","[1.2717163634725281,2.672060590394606,1.869153279939051,4.678687769727618]",1
27200.0,0.0,4.5,1.0,"[27200.0,0.0,4.5,1.0]","[0.14826316119796648,0.0,1.6992302544900462,4.678687769727618]",0
33900.0,0.0,4.5,1.0,"[33900.0,0.0,4.5,1.0]","[0.184783866345995,0.0,1.6992302544900462,4.678687769727618]",0
76700.0,0.0,4.5,1.0,"[76700.0,0.0,4.5,1.0]","[0.41808031117220695,0.0,1.6992302544900462,4.678687769727618]",0
53300.0,0.0,4.5,1.0,"[53300.0,0.0,4.5,1.0]","[0.29053038572983875,0.0,1.6992302544900462,4.678687769727618]",0
58200.0,0.0,4.5,1.0,"[58200.0,0.0,4.5,1.0]","[0.3172395581515312,0.0,1.6992302544900462,4.678687769727618]",0
44800.0,0.0,4.5,1.0,"[44800.0,0.0,4.5,1.0]","[0.2441981478554742,0.0,1.6992302544900462,4.678687769727618]",0
245872.0,4.0,4.76,1.0,"[245872.0,4.0,4.76,1.0]","[1.340211763605383,2.1376484723156848,1.7974080025272487,4.678687769727618]",1
39600.0,0.0,4.5,1.0,"[39600.0,0.0,4.5,1.0]","[0.21585371997939237,0.0,1.6992302544900462,4.678687769727618]",0
48100.0,0.0,4.5,1.0,"[48100.0,0.0,4.5,1.0]","[0.2621859578537569,0.0,1.6992302544900462,4.678687769727618]",0
50400.0,0.0,4.5,1.0,"[50400.0,0.0,4.5,1.0]","[0.2747229163374085,0.0,1.6992302544900462,4.678687769727618]",0
215000.0,0.0,0.0,1.0,"[215000.0,0.0,0.0,1.0]","[1.171933075645691,0.0,0.0,4.678687769727618]",0
32600.0,0.0,4.5,1.0,"[32600.0,0.0,4.5,1.0]","[0.17769775937697455,0.0,1.6992302544900462,4.678687769727618]",0
59400.0,0.0,4.5,1.0,"[59400.0,0.0,4.5,1.0]","[0.32378057996908854,0.0,1.6992302544900462,4.678687769727618]",0
60900.0,0.0,4.5,1.0,"[60900.0,0.0,4.5,1.0]","[0.33195685724103524,0.0,1.6992302544900462,4.678687769727618]",0
65400.0,0.0,4.5,1.0,"[65400.0,0.0,4.5,1.0]","[0.3564856890568753,0.0,1.6992302544900462,4.678687769727618]",0
72900.0,0.0,4.5,1.0,"[72900.0,0.0,4.5,1.0]","[0.3973670754166087,0.0,1.6992302544900462,4.678687769727618]",0
73000.0,0.0,4.5,1.0,"[73000.0,0.0,4.5,1.0]","[0.3979121605680718,0.0,1.6992302544900462,4.678687769727618]",0
74900.0,0.0,4.5,1.0,"[74900.0,0.0,4.5,1.0]","[0.40826877844587095,0.0,1.6992302544900462,4.678687769727618]",0
41100.0,0.0,4.5,1.0,"[41100.0,0.0,4.5,1.0]","[0.22402999725133907,0.0,1.6992302544900462,4.678687769727618]",0
41900.0,0.0,4.5,1.0,"[41900.0,0.0,4.5,1.0]","[0.22839067846304395,0.0,1.6992302544900462,4.678687769727618]",0
45800.0,0.0,4.5,1.0,"[45800.0,0.0,4.5,1.0]","[0.24964899937010532,0.0,1.6992302544900462,4.678687769727618]",0
56500.0,0.0,4.5,1.0,"[56500.0,0.0,4.5,1.0]","[0.3079731105766583,0.0,1.6992302544900462,4.678687769727618]",0
41300.0,0.0,4.5,1.0,"[41300.0,0.0,4.5,1.0]","[0.22512016755426528,0.0,1.6992302544900462,4.678687769727618]",0
49900.0,0.0,4.5,1.0,"[49900.0,0.0,4.5,1.0]","[0.2719974905800929,0.0,1.6992302544900462,4.678687769727618]",0
73500.0,0.0,4.5,1.0,"[73500.0,0.0,4.5,1.0]","[0.4006375863253874,0.0,1.6992302544900462,4.678687769727618]",0
34900.0,0.0,4.5,1.0,"[34900.0,0.0,4.5,1.0]","[0.19023471786062612,0.0,1.6992302544900462,4.678687769727618]",0
45300.0,0.0,4.5,1.0,"[45300.0,0.0,4.5,1.0]","[0.24692357361278977,0.0,1.6992302544900462,4.678687769727618]",0
63000.0,0.0,4.5,1.0,"[63000.0,0.0,4.5,1.0]","[0.3434036454217606,0.0,1.6992302544900462,4.678687769727618]",0
68600.0,0.0,4.5,1.0,"[68600.0,0.0,4.5,1.0]","[0.37392841390369486,0.0,1.6992302544900462,4.678687769727618]",0
25100.0,0.0,4.5,1.0,"[25100.0,0.0,4.5,1.0]","[0.13681637301724112,0.0,1.6992302544900462,4.678687769727618]",0
41700.0,0.0,4.5,1.0,"[41700.0,0.0,4.5,1.0]","[0.22730050816011774,0.0,1.6992302544900462,4.678687769727618]",0
52600.0,0.0,4.5,1.0,"[52600.0,0.0,4.5,1.0]","[0.28671478966959696,0.0,1.6992302544900462,4.678687769727618]",0
71800.0,0.0,4.5,1.0,"[71800.0,0.0,4.5,1.0]","[0.3913711387505145,0.0,1.6992302544900462,4.678687769727618]",0
72600.0,0.0,4.5,1.0,"[72600.0,0.0,4.5,1.0]","[0.39573181996221934,0.0,1.6992302544900462,4.678687769727618]",0
28100.0,0.0,4.5,1.0,"[28100.0,0.0,4.5,1.0]","[0.15316892756113448,0.0,1.6992302544900462,4.678687769727618]",0
42900.0,0.0,4.5,1.0,"[42900.0,0.0,4.5,1.0]","[0.23384152997767507,0.0,1.6992302544900462,4.678687769727618]",0
53200.0,0.0,4.5,1.0,"[53200.0,0.0,4.5,1.0]","[0.2899853005783756,0.0,1.6992302544900462,4.678687769727618]",0
32300.0,0.0,4.5,1.0,"[32300.0,0.0,4.5,1.0]","[0.1760625039225852,0.0,1.6992302544900462,4.678687769727618]",0
57200.0,0.0,4.5,1.0,"[57200.0,0.0,4.5,1.0]","[0.3117887066369001,0.0,1.6992302544900462,4.678687769727618]",0
75300.0,0.0,4.5,1.0,"[75300.0,0.0,4.5,1.0]","[0.4104491190517234,0.0,1.6992302544900462,4.678687769727618]",0
37000.0,0.0,4.5,1.0,"[37000.0,0.0,4.5,1.0]","[0.20168150604135146,0.0,1.6992302544900462,4.678687769727618]",0
70500.0,0.0,4.5,1.0,"[70500.0,0.0,4.5,1.0]","[0.38428503178149404,0.0,1.6992302544900462,4.678687769727618]",0
76000.0,0.0,4.5,1.0,"[76000.0,0.0,4.5,1.0]","[0.41426471511196516,0.0,1.6992302544900462,4.678687769727618]",0
250.0,0.0,0.0,1.0,"[250.0,0.0,0.0,1.0]","[0.00136271287865778,0.0,0.0,4.678687769727618]",0
75000.0,0.0,4.5,1.0,"[75000.0,0.0,4.5,1.0]","[0.40881386359733407,0.0,1.6992302544900462,4.678687769727618]",0
56200.0,0.0,4.5,1.0,"[56200.0,0.0,4.5,1.0]","[0.30633785512226896,0.0,1.6992302544900462,4.678687769727618]",0
69700.0,0.0,4.5,1.0,"[69700.0,0.0,4.5,1.0]","[0.3799243505697891,0.0,1.6992302544900462,4.678687769727618]",0
25500.0,0.0,4.5,1.0,"[25500.0,0.0,4.5,1.0]","[0.13899671362309357,0.0,1.6992302544900462,4.678687769727618]",0
50800.0,0.0,4.5,1.0,"[50800.0,0.0,4.5,1.0]","[0.27690325694326096,0.0,1.6992302544900462,4.678687769727618]",0
73200.0,0.0,4.5,1.0,"[73200.0,0.0,4.5,1.0]","[0.399002330870998,0.0,1.6992302544900462,4.678687769727618]",0
319565.0,0.0,0.0,1.0,"[319565.0,0.0,0.0,1.0]","[1.741901364273094,0.0,0.0,4.678687769727618]",0
48500.0,0.0,4.5,1.0,"[48500.0,0.0,4.5,1.0]","[0.26436629845960935,0.0,1.6992302544900462,4.678687769727618]",0
69000.0,0.0,4.5,1.0,"[69000.0,0.0,4.5,1.0]","[0.37610875450954734,0.0,1.6992302544900462,4.678687769727618]",0
72700.0,0.0,4.5,1.0,"[72700.0,0.0,4.5,1.0]","[0.39627690511368246,0.0,1.6992302544900462,4.678687769727618]",0
54900.0,0.0,4.5,1.0,"[54900.0,0.0,4.5,1.0]","[0.2992517481532485,0.0,1.6992302544900462,4.678687769727618]",0
76300.0,0.0,4.5,1.0,"[76300.0,0.0,4.5,1.0]","[0.4158999705663545,0.0,1.6992302544900462,4.678687769727618]",0
76600.0,0.0,4.5,1.0,"[76600.0,0.0,4.5,1.0]","[0.41753522602074383,0.0,1.6992302544900462,4.678687769727618]",0
29100.0,0.0,4.5,1.0,"[29100.0,0.0,4.5,1.0]","[0.1586197790757656,0.0,1.6992302544900462,4.678687769727618]",0
39900.0,0.0,4.5,1.0,"[39900.0,0.0,4.5,1.0]","[0.2174889754337817,0.0,1.6992302544900462,4.678687769727618]",0
44400.0,0.0,4.5,1.0,"[44400.0,0.0,4.5,1.0]","[0.24201780724962177,0.0,1.6992302544900462,4.678687769727618]",0
46700.0,0.0,4.5,1.0,"[46700.0,0.0,4.5,1.0]","[0.25455476573327335,0.0,1.6992302544900462,4.678687769727618]",0
47400.0,0.0,4.5,1.0,"[47400.0,0.0,4.5,1.0]","[0.25837036179351514,0.0,1.6992302544900462,4.678687769727618]",0
50700.0,0.0,4.5,1.0,"[50700.0,0.0,4.5,1.0]","[0.27635817179179784,0.0,1.6992302544900462,4.678687769727618]",0
58500.0,0.0,4.5,1.0,"[58500.0,0.0,4.5,1.0]","[0.31887481360592057,0.0,1.6992302544900462,4.678687769727618]",0
38400.0,0.0,4.5,1.0,"[38400.0,0.0,4.5,1.0]","[0.20931269816183504,0.0,1.6992302544900462,4.678687769727618]",0
51900.0,0.0,4.5,1.0,"[51900.0,0.0,4.5,1.0]","[0.28289919360935517,0.0,1.6992302544900462,4.678687769727618]",0
56800.0,0.0,4.5,1.0,"[56800.0,0.0,4.5,1.0]","[0.30960836603104763,0.0,1.6992302544900462,4.678687769727618]",0
58900.0,0.0,4.5,1.0,"[58900.0,0.0,4.5,1.0]","[0.321055154211773,0.0,1.6992302544900462,4.678687769727618]",0
73100.0,0.0,4.5,1.0,"[73100.0,0.0,4.5,1.0]","[0.39845724571953495,0.0,1.6992302544900462,4.678687769727618]",0
75400.0,0.0,4.5,1.0,"[75400.0,0.0,4.5,1.0]","[0.4109942042031865,0.0,1.6992302544900462,4.678687769727618]",0
40600.0,0.0,9.0,1.0,"[40600.0,0.0,9.0,1.0]","[0.2213045714940235,0.0,3.3984605089800923,4.678687769727618]",0
1.0,0.0,0.0,1.0,"[1.0,0.0,0.0,1.0]","[5.450851514631121e-06,0.0,0.0,4.678687769727618]",0
54500.0,0.0,4.5,1.0,"[54500.0,0.0,4.5,1.0]","[0.2970714075473961,0.0,1.6992302544900462,4.678687769727618]",0
57100.0,0.0,4.5,1.0,"[57100.0,0.0,4.5,1.0]","[0.311243621485437,0.0,1.6992302544900462,4.678687769727618]",0
29700.0,0.0,4.5,1.0,"[29700.0,0.0,4.5,1.0]","[0.16189028998454427,0.0,1.6992302544900462,4.678687769727618]",0
43600.0,0.0,4.5,1.0,"[43600.0,0.0,4.5,1.0]","[0.23765712603791686,0.0,1.6992302544900462,4.678687769727618]",0
61100.0,0.0,4.5,1.0,"[61100.0,0.0,4.5,1.0]","[0.3330470275439615,0.0,1.6992302544900462,4.678687769727618]",0
66200.0,0.0,4.5,1.0,"[66200.0,0.0,4.5,1.0]","[0.3608463702685802,0.0,1.6992302544900462,4.678687769727618]",0
69200.0,0.0,4.5,1.0,"[69200.0,0.0,4.5,1.0]","[0.3771989248124736,0.0,1.6992302544900462,4.678687769727618]",0
105310.0,3.0,9.1,1.0,"[105310.0,3.0,9.1,1.0]","[0.5740291730058034,1.6032363542367636,3.436221181302093,4.678687769727618]",1
75600.0,0.0,4.5,1.0,"[75600.0,0.0,4.5,1.0]","[0.41208437450611274,0.0,1.6992302544900462,4.678687769727618]",0
69100.0,0.0,4.5,1.0,"[69100.0,0.0,4.5,1.0]","[0.37665383966101046,0.0,1.6992302544900462,4.678687769727618]",0
72100.0,0.0,4.5,1.0,"[72100.0,0.0,4.5,1.0]","[0.3930063942049038,0.0,1.6992302544900462,4.678687769727618]",0
69849.0,3.0,0.0,1.0,"[69849.0,3.0,0.0,1.0]","[0.38073652744546915,1.6032363542367636,0.0,4.678687769727618]",0
250.0,0.0,0.0,1.0,"[250.0,0.0,0.0,1.0]","[0.00136271287865778,0.0,0.0,4.678687769727618]",0
42500.0,0.0,4.5,1.0,"[42500.0,0.0,4.5,1.0]","[0.23166118937182262,0.0,1.6992302544900462,4.678687769727618]",0
28900.0,0.0,4.5,1.0,"[28900.0,0.0,4.5,1.0]","[0.1575296087728394,0.0,1.6992302544900462,4.678687769727618]",0
38800.0,0.0,4.5,1.0,"[38800.0,0.0,4.5,1.0]","[0.2114930387676875,0.0,1.6992302544900462,4.678687769727618]",0
43200.0,0.0,4.5,1.0,"[43200.0,0.0,4.5,1.0]","[0.2354767854320644,0.0,1.6992302544900462,4.678687769727618]",0
26800.0,0.0,4.5,1.0,"[26800.0,0.0,4.5,1.0]","[0.14608282059211403,0.0,1.6992302544900462,4.678687769727618]",0
29800.0,0.0,4.5,1.0,"[29800.0,0.0,4.5,1.0]","[0.1624353751360074,0.0,1.6992302544900462,4.678687769727618]",0
47200.0,0.0,4.5,1.0,"[47200.0,0.0,4.5,1.0]","[0.2572801914905889,0.0,1.6992302544900462,4.678687769727618]",0
69400.0,0.0,4.5,1.0,"[69400.0,0.0,4.5,1.0]","[0.37828909511539976,0.0,1.6992302544900462,4.678687769727618]",0
32200.0,0.0,4.5,1.0,"[32200.0,0.0,4.5,1.0]","[0.1755174187711221,0.0,1.6992302544900462,4.678687769727618]",0
33000.0,0.0,4.5,1.0,"[33000.0,0.0,4.5,1.0]","[0.17987809998282697,0.0,1.6992302544900462,4.678687769727618]",0
45700.0,0.0,4.5,1.0,"[45700.0,0.0,4.5,1.0]","[0.24910391421864223,0.0,1.6992302544900462,4.678687769727618]",0
47600.0,0.0,4.5,1.0,"[47600.0,0.0,4.5,1.0]","[0.2594605320964413,0.0,1.6992302544900462,4.678687769727618]",0
38900.0,0.0,4.5,1.0,"[38900.0,0.0,4.5,1.0]","[0.21203812391915058,0.0,1.6992302544900462,4.678687769727618]",0
70000.0,0.0,4.5,1.0,"[70000.0,0.0,4.5,1.0]","[0.38155960602417843,0.0,1.6992302544900462,4.678687769727618]",0
28500.0,0.0,4.5,1.0,"[28500.0,0.0,4.5,1.0]","[0.15534926816698694,0.0,1.6992302544900462,4.678687769727618]",0
31700.0,0.0,4.5,1.0,"[31700.0,0.0,4.5,1.0]","[0.17279199301380652,0.0,1.6992302544900462,4.678687769727618]",0
67100.0,0.0,4.5,1.0,"[67100.0,0.0,4.5,1.0]","[0.3657521366317482,0.0,1.6992302544900462,4.678687769727618]",0
68000.0,0.0,4.5,1.0,"[68000.0,0.0,4.5,1.0]","[0.3706579029949162,0.0,1.6992302544900462,4.678687769727618]",0
40600.0,0.0,7.9,1.0,"[40600.0,0.0,7.9,1.0]","[0.2213045714940235,0.0,2.9830931134380814,4.678687769727618]",0
250.0,0.0,0.0,1.0,"[250.0,0.0,0.0,1.0]","[0.00136271287865778,0.0,0.0,4.678687769727618]",0
40100.0,0.0,4.5,1.0,"[40100.0,0.0,4.5,1.0]","[0.21857914573670795,0.0,1.6992302544900462,4.678687769727618]",0
48600.0,0.0,4.5,1.0,"[48600.0,0.0,4.5,1.0]","[0.26491138361107247,0.0,1.6992302544900462,4.678687769727618]",0
55700.0,0.0,4.5,1.0,"[55700.0,0.0,4.5,1.0]","[0.3036124293649534,0.0,1.6992302544900462,4.678687769727618]",0
58000.0,0.0,4.5,1.0,"[58000.0,0.0,4.5,1.0]","[0.316149387848605,0.0,1.6992302544900462,4.678687769727618]",0
71600.0,0.0,4.5,1.0,"[71600.0,0.0,4.5,1.0]","[0.39028096844758825,0.0,1.6992302544900462,4.678687769727618]",0
1.0,0.0,0.0,1.0,"[1.0,0.0,0.0,1.0]","[5.450851514631121e-06,0.0,0.0,4.678687769727618]",0
35000.0,0.0,4.5,1.0,"[35000.0,0.0,4.5,1.0]","[0.19077980301208922,0.0,1.6992302544900462,4.678687769727618]",0
65100.0,0.0,4.5,1.0,"[65100.0,0.0,4.5,1.0]","[0.35485043360248597,0.0,1.6992302544900462,4.678687769727618]",0
29900.0,0.0,4.5,1.0,"[29900.0,0.0,4.5,1.0]","[0.1629804602874705,0.0,1.6992302544900462,4.678687769727618]",0
37900.0,0.0,4.5,1.0,"[37900.0,0.0,4.5,1.0]","[0.20658727240451946,0.0,1.6992302544900462,4.678687769727618]",0
41500.0,0.0,4.5,1.0,"[41500.0,0.0,4.5,1.0]","[0.22621033785719152,0.0,1.6992302544900462,4.678687769727618]",0
42600.0,0.0,4.5,1.0,"[42600.0,0.0,4.5,1.0]","[0.23220627452328574,0.0,1.6992302544900462,4.678687769727618]",0
64700.0,0.0,4.5,1.0,"[64700.0,0.0,4.5,1.0]","[0.3526700929966335,0.0,1.6992302544900462,4.678687769727618]",0
76900.0,0.0,4.5,1.0,"[76900.0,0.0,4.5,1.0]","[0.4191704814751332,0.0,1.6992302544900462,4.678687769727618]",0
94016.0,3.0,9.5,1.0,"[94016.0,3.0,9.5,1.0]","[0.5124672559995594,1.6032363542367636,3.5872638705900974,4.678687769727618]",1
525601.0,4.0,4.5,1.0,"[525601.0,4.0,4.5,1.0]","[2.8649730069416317,2.1376484723156848,1.6992302544900462,4.678687769727618]",1
25790.0,4.0,0.0,1.0,"[25790.0,4.0,0.0,1.0]","[0.1405774605623366,2.1376484723156848,0.0,4.678687769727618]",1
30700.0,0.0,4.5,1.0,"[30700.0,0.0,4.5,1.0]","[0.1673411414991754,0.0,1.6992302544900462,4.678687769727618]",0
35900.0,0.0,4.5,1.0,"[35900.0,0.0,4.5,1.0]","[0.19568556937525725,0.0,1.6992302544900462,4.678687769727618]",0
43700.0,0.0,4.5,1.0,"[43700.0,0.0,4.5,1.0]","[0.23820221118937998,0.0,1.6992302544900462,4.678687769727618]",0
29000.0,0.0,4.5,1.0,"[29000.0,0.0,4.5,1.0]","[0.1580746939243025,0.0,1.6992302544900462,4.678687769727618]",0
33700.0,0.0,4.5,1.0,"[33700.0,0.0,4.5,1.0]","[0.18369369604306876,0.0,1.6992302544900462,4.678687769727618]",0
77500.0,0.0,4.5,1.0,"[77500.0,0.0,4.5,1.0]","[0.42244099238391186,0.0,1.6992302544900462,4.678687769727618]",0
250.0,0.0,0.0,1.0,"[250.0,0.0,0.0,1.0]","[0.00136271287865778,0.0,0.0,4.678687769727618]",0
53500.0,0.0,4.5,1.0,"[53500.0,0.0,4.5,1.0]","[0.29162055603276493,0.0,1.6992302544900462,4.678687769727618]",0
60300.0,0.0,4.5,1.0,"[60300.0,0.0,4.5,1.0]","[0.3286863463322566,0.0,1.6992302544900462,4.678687769727618]",0
63600.0,0.0,4.5,1.0,"[63600.0,0.0,4.5,1.0]","[0.3466741563305393,0.0,1.6992302544900462,4.678687769727618]",0
70800.0,0.0,4.5,1.0,"[70800.0,0.0,4.5,1.0]","[0.38592028723588334,0.0,1.6992302544900462,4.678687769727618]",0
75500.0,0.0,4.5,1.0,"[75500.0,0.0,4.5,1.0]","[0.4115392893546496,0.0,1.6992302544900462,4.678687769727618]",0
75800.0,0.0,4.5,1.0,"[75800.0,0.0,4.5,1.0]","[0.4131745448090389,0.0,1.6992302544900462,4.678687769727618]",0
44671.0,3.0,0.0,1.0,"[44671.0,3.0,0.0,1.0]","[0.2434949880100868,1.6032363542367636,0.0,4.678687769727618]",0
25900.0,0.0,4.5,1.0,"[25900.0,0.0,4.5,1.0]","[0.14117705422894603,0.0,1.6992302544900462,4.678687769727618]",0
38300.0,0.0,4.5,1.0,"[38300.0,0.0,4.5,1.0]","[0.20876761301037192,0.0,1.6992302544900462,4.678687769727618]",0
40200.0,0.0,4.5,1.0,"[40200.0,0.0,4.5,1.0]","[0.21912423088817104,0.0,1.6992302544900462,4.678687769727618]",0
42700.0,0.0,4.5,1.0,"[42700.0,0.0,4.5,1.0]","[0.23275135967474886,0.0,1.6992302544900462,4.678687769727618]",0
46800.0,0.0,4.5,1.0,"[46800.0,0.0,4.5,1.0]","[0.25509985088473647,0.0,1.6992302544900462,4.678687769727618]",0
45100.0,0.0,4.5,1.0,"[45100.0,0.0,4.5,1.0]","[0.24583340330986356,0.0,1.6992302544900462,4.678687769727618]",0
63800.0,0.0,4.5,1.0,"[63800.0,0.0,4.5,1.0]","[0.3477643266334655,0.0,1.6992302544900462,4.678687769727618]",0
26300.0,0.0,4.5,1.0,"[26300.0,0.0,4.5,1.0]","[0.14335739483479848,0.0,1.6992302544900462,4.678687769727618]",0
45900.0,0.0,4.5,1.0,"[45900.0,0.0,4.5,1.0]","[0.25019408452156844,0.0,1.6992302544900462,4.678687769727618]",0
25800.0,0.0,4.5,1.0,"[25800.0,0.0,4.5,1.0]","[0.1406319690774829,0.0,1.6992302544900462,4.678687769727618]",0
38200.0,0.0,4.5,1.0,"[38200.0,0.0,4.5,1.0]","[0.20822252785890882,0.0,1.6992302544900462,4.678687769727618]",0
66000.0,0.0,4.5,1.0,"[66000.0,0.0,4.5,1.0]","[0.35975619996565394,0.0,1.6992302544900462,4.678687769727618]",0
53730.0,0.0,9.1,1.0,"[53730.0,0.0,9.1,1.0]","[0.29287425188113014,0.0,3.436221181302093,4.678687769727618]",0
44700.0,0.0,4.5,1.0,"[44700.0,0.0,4.5,1.0]","[0.2436530627040111,0.0,1.6992302544900462,4.678687769727618]",0
57600.0,0.0,4.5,1.0,"[57600.0,0.0,4.5,1.0]","[0.31396904724275254,0.0,1.6992302544900462,4.678687769727618]",0
60800.0,0.0,4.5,1.0,"[60800.0,0.0,4.5,1.0]","[0.3314117720895721,0.0,1.6992302544900462,4.678687769727618]",0
33400.0,0.0,4.5,1.0,"[33400.0,0.0,4.5,1.0]","[0.18205844058867943,0.0,1.6992302544900462,4.678687769727618]",0
36900.0,0.0,4.5,1.0,"[36900.0,0.0,4.5,1.0]","[0.20113642088988837,0.0,1.6992302544900462,4.678687769727618]",0
58400.0,0.0,4.5,1.0,"[58400.0,0.0,4.5,1.0]","[0.31832972845445745,0.0,1.6992302544900462,4.678687769727618]",0
64600.0,0.0,4.5,1.0,"[64600.0,0.0,4.5,1.0]","[0.3521250078451704,0.0,1.6992302544900462,4.678687769727618]",0
58888.0,0.0,0.0,1.0,"[58888.0,0.0,0.0,1.0]","[0.3209897439935974,0.0,0.0,4.678687769727618]",0
37200.0,0.0,4.5,1.0,"[37200.0,0.0,4.5,1.0]","[0.2027716763442777,0.0,1.6992302544900462,4.678687769727618]",0
77700.0,0.0,4.5,1.0,"[77700.0,0.0,4.5,1.0]","[0.4235311626868381,0.0,1.6992302544900462,4.678687769727618]",0
45200.0,0.0,4.5,1.0,"[45200.0,0.0,4.5,1.0]","[0.24637848846132665,0.0,1.6992302544900462,4.678687769727618]",0
52200.0,0.0,4.5,1.0,"[52200.0,0.0,4.5,1.0]","[0.2845344490637445,0.0,1.6992302544900462,4.678687769727618]",0
53600.0,0.0,4.5,1.0,"[53600.0,0.0,4.5,1.0]","[0.29216564118422805,0.0,1.6992302544900462,4.678687769727618]",0
250.0,0.0,0.0,1.0,"[250.0,0.0,0.0,1.0]","[0.00136271287865778,0.0,0.0,4.678687769727618]",0
33600.0,0.0,4.5,1.0,"[33600.0,0.0,4.5,1.0]","[0.18314861089160567,0.0,1.6992302544900462,4.678687769727618]",0
43500.0,0.0,4.5,1.0,"[43500.0,0.0,4.5,1.0]","[0.23711204088645374,0.0,1.6992302544900462,4.678687769727618]",0
51200.0,0.0,4.5,1.0,"[51200.0,0.0,4.5,1.0]","[0.2790835975491134,0.0,1.6992302544900462,4.678687769727618]",0
57700.0,0.0,4.5,1.0,"[57700.0,0.0,4.5,1.0]","[0.31451413239421566,0.0,1.6992302544900462,4.678687769727618]",0
70400.0,0.0,4.5,1.0,"[70400.0,0.0,4.5,1.0]","[0.3837399466300309,0.0,1.6992302544900462,4.678687769727618]",0
77600.0,0.0,4.5,1.0,"[77600.0,0.0,4.5,1.0]","[0.422986077535375,0.0,1.6992302544900462,4.678687769727618]",0
26900.0,0.0,4.5,1.0,"[26900.0,0.0,4.5,1.0]","[0.14662790574357715,0.0,1.6992302544900462,4.678687769727618]",0
39800.0,0.0,4.5,1.0,"[39800.0,0.0,4.5,1.0]","[0.2169438902823186,0.0,1.6992302544900462,4.678687769727618]",0
40500.0,0.0,4.5,1.0,"[40500.0,0.0,4.5,1.0]","[0.2207594863425604,0.0,1.6992302544900462,4.678687769727618]",0
48700.0,0.0,4.5,1.0,"[48700.0,0.0,4.5,1.0]","[0.2654564687625356,0.0,1.6992302544900462,4.678687769727618]",0
49200.0,0.0,4.5,1.0,"[49200.0,0.0,4.5,1.0]","[0.26818189451985114,0.0,1.6992302544900462,4.678687769727618]",0
50000.0,0.0,4.5,1.0,"[50000.0,0.0,4.5,1.0]","[0.27254257573155605,0.0,1.6992302544900462,4.678687769727618]",0
51300.0,0.0,4.5,1.0,"[51300.0,0.0,4.5,1.0]","[0.2796286827005765,0.0,1.6992302544900462,4.678687769727618]",0
66900.0,0.0,4.5,1.0,"[66900.0,0.0,4.5,1.0]","[0.364661966328822,0.0,1.6992302544900462,4.678687769727618]",0
250.0,0.0,0.0,1.0,"[250.0,0.0,0.0,1.0]","[0.00136271287865778,0.0,0.0,4.678687769727618]",0
35700.0,0.0,4.5,1.0,"[35700.0,0.0,4.5,1.0]","[0.194595399072331,0.0,1.6992302544900462,4.678687769727618]",0
49100.0,0.0,4.5,1.0,"[49100.0,0.0,4.5,1.0]","[0.267636809368388,0.0,1.6992302544900462,4.678687769727618]",0
66400.0,0.0,4.5,1.0,"[66400.0,0.0,4.5,1.0]","[0.3619365405715064,0.0,1.6992302544900462,4.678687769727618]",0
72000.0,0.0,4.5,1.0,"[72000.0,0.0,4.5,1.0]","[0.3924613090534407,0.0,1.6992302544900462,4.678687769727618]",0
28400.0,0.0,4.5,1.0,"[28400.0,0.0,4.5,1.0]","[0.15480418301552382,0.0,1.6992302544900462,4.678687769727618]",0
49400.0,0.0,4.5,1.0,"[49400.0,0.0,4.5,1.0]","[0.2692720648227774,0.0,1.6992302544900462,4.678687769727618]",0
250.0,0.0,0.0,1.0,"[250.0,0.0,0.0,1.0]","[0.00136271287865778,0.0,0.0,4.678687769727618]",0
27800.0,0.0,4.5,1.0,"[27800.0,0.0,4.5,1.0]","[0.15153367210674515,0.0,1.6992302544900462,4.678687769727618]",0
55100.0,0.0,4.5,1.0,"[55100.0,0.0,4.5,1.0]","[0.30034191845617475,0.0,1.6992302544900462,4.678687769727618]",0
75100.0,0.0,4.5,1.0,"[75100.0,0.0,4.5,1.0]","[0.4093589487487972,0.0,1.6992302544900462,4.678687769727618]",0
61500.0,0.0,4.5,1.0,"[61500.0,0.0,4.5,1.0]","[0.3352273681498139,0.0,1.6992302544900462,4.678687769727618]",0
64500.0,0.0,4.5,1.0,"[64500.0,0.0,4.5,1.0]","[0.3515799226937073,0.0,1.6992302544900462,4.678687769727618]",0
65200.0,0.0,4.5,1.0,"[65200.0,0.0,4.5,1.0]","[0.3553955187539491,0.0,1.6992302544900462,4.678687769727618]",0
74300.0,0.0,4.5,1.0,"[74300.0,0.0,4.5,1.0]","[0.4049982675370923,0.0,1.6992302544900462,4.678687769727618]",0
43000.0,0.0,4.5,1.0,"[43000.0,0.0,4.5,1.0]","[0.2343866151291382,0.0,1.6992302544900462,4.678687769727618]",0
81317.0,3.0,8.2,1.0,"[81317.0,3.0,8.2,1.0]","[0.44324689261525885,1.6032363542367636,3.096375130404084,4.678687769727618]",1
61700.0,0.0,4.5,1.0,"[61700.0,0.0,4.5,1.0]","[0.33631753845274015,0.0,1.6992302544900462,4.678687769727618]",0
67200.0,0.0,4.5,1.0,"[67200.0,0.0,4.5,1.0]","[0.36629722178321134,0.0,1.6992302544900462,4.678687769727618]",0
28600.0,0.0,4.5,1.0,"[28600.0,0.0,4.5,1.0]","[0.15589435331845006,0.0,1.6992302544900462,4.678687769727618]",0
44500.0,0.0,4.5,1.0,"[44500.0,0.0,4.5,1.0]","[0.24256289240108486,0.0,1.6992302544900462,4.678687769727618]",0
64000.0,0.0,4.5,1.0,"[64000.0,0.0,4.5,1.0]","[0.3488544969363917,0.0,1.6992302544900462,4.678687769727618]",0
46500.0,0.0,4.5,1.0,"[46500.0,0.0,4.5,1.0]","[0.2534645954303471,0.0,1.6992302544900462,4.678687769727618]",0
73700.0,0.0,4.5,1.0,"[73700.0,0.0,4.5,1.0]","[0.4017277566283136,0.0,1.6992302544900462,4.678687769727618]",0
34100.0,0.0,4.5,1.0,"[34100.0,0.0,4.5,1.0]","[0.18587403664892121,0.0,1.6992302544900462,4.678687769727618]",0
38600.0,0.0,4.5,1.0,"[38600.0,0.0,4.5,1.0]","[0.21040286846476125,0.0,1.6992302544900462,4.678687769727618]",0
26865.0,2.0,8.5,1.0,"[26865.0,2.0,8.5,1.0]","[0.14643712594056507,1.0688242361578424,3.2096571473700872,4.678687769727618]",1
46566.0,3.0,8.5,1.0,"[46566.0,3.0,8.5,1.0]","[0.25382435163031275,1.6032363542367636,3.2096571473700872,4.678687769727618]",1
37100.0,0.0,4.5,1.0,"[37100.0,0.0,4.5,1.0]","[0.20222659119281458,0.0,1.6992302544900462,4.678687769727618]",0
40900.0,0.0,4.5,1.0,"[40900.0,0.0,4.5,1.0]","[0.22293982694841283,0.0,1.6992302544900462,4.678687769727618]",0
63700.0,0.0,4.5,1.0,"[63700.0,0.0,4.5,1.0]","[0.3472192414820024,0.0,1.6992302544900462,4.678687769727618]",0
28000.0,0.0,4.5,1.0,"[28000.0,0.0,4.5,1.0]","[0.1526238424096714,0.0,1.6992302544900462,4.678687769727618]",0
26865.0,0.0,8.6,1.0,"[26865.0,0.0,8.6,1.0]","[0.14643712594056507,0.0,3.247417819692088,4.678687769727618]",0
37611.0,0.0,8.2,1.0,"[37611.0,0.0,8.2,1.0]","[0.20501197631679108,0.0,3.096375130404084,4.678687769727618]",0
176057.0,5.0,5.0,1.0,"[176057.0,5.0,5.0,1.0]","[0.9596605651114112,2.672060590394606,1.8880336161000513,4.678687769727618]",1
35500.0,0.0,4.5,1.0,"[35500.0,0.0,4.5,1.0]","[0.1935052287694048,0.0,1.6992302544900462,4.678687769727618]",0
59341.0,3.0,9.1,1.0,"[59341.0,3.0,9.1,1.0]","[0.3234589797297253,1.6032363542367636,3.436221181302093,4.678687769727618]",1
33300.0,0.0,4.5,1.0,"[33300.0,0.0,4.5,1.0]","[0.1815133554372163,0.0,1.6992302544900462,4.678687769727618]",0
33800.0,0.0,4.5,1.0,"[33800.0,0.0,4.5,1.0]","[0.18423878119453188,0.0,1.6992302544900462,4.678687769727618]",0
52700.0,0.0,4.5,1.0,"[52700.0,0.0,4.5,1.0]","[0.2872598748210601,0.0,1.6992302544900462,4.678687769727618]",0
64200.0,0.0,4.5,1.0,"[64200.0,0.0,4.5,1.0]","[0.34994466723931794,0.0,1.6992302544900462,4.678687769727618]",0
67500.0,0.0,4.5,1.0,"[67500.0,0.0,4.5,1.0]","[0.36793247723760064,0.0,1.6992302544900462,4.678687769727618]",0
38000.0,0.0,4.5,1.0,"[38000.0,0.0,4.5,1.0]","[0.20713235755598258,0.0,1.6992302544900462,4.678687769727618]",0
40600.0,0.0,4.5,1.0,"[40600.0,0.0,4.5,1.0]","[0.2213045714940235,0.0,1.6992302544900462,4.678687769727618]",0
1465841.0,2.0,1.465,1.0,"[1465841.0,2.0,1.465,1.0]","[7.990081635058397,1.0688242361578424,0.5531938495173151,4.678687769727618]",1
31200.0,0.0,4.5,1.0,"[31200.0,0.0,4.5,1.0]","[0.17006656725649097,0.0,1.6992302544900462,4.678687769727618]",0
56000.0,0.0,4.5,1.0,"[56000.0,0.0,4.5,1.0]","[0.3052476848193428,0.0,1.6992302544900462,4.678687769727618]",0
67800.0,0.0,4.5,1.0,"[67800.0,0.0,4.5,1.0]","[0.36956773269199,0.0,1.6992302544900462,4.678687769727618]",0
27700.0,0.0,4.5,1.0,"[27700.0,0.0,4.5,1.0]","[0.15098858695528206,0.0,1.6992302544900462,4.678687769727618]",0
30400.0,0.0,4.5,1.0,"[30400.0,0.0,4.5,1.0]","[0.16570588604478606,0.0,1.6992302544900462,4.678687769727618]",0
72500.0,0.0,4.5,1.0,"[72500.0,0.0,4.5,1.0]","[0.3951867348107563,0.0,1.6992302544900462,4.678687769727618]",0
30300.0,0.0,4.5,1.0,"[30300.0,0.0,4.5,1.0]","[0.16516080089332297,0.0,1.6992302544900462,4.678687769727618]",0
40700.0,0.0,4.5,1.0,"[40700.0,0.0,4.5,1.0]","[0.22184965664548661,0.0,1.6992302544900462,4.678687769727618]",0
68200.0,0.0,4.5,1.0,"[68200.0,0.0,4.5,1.0]","[0.37174807329784243,0.0,1.6992302544900462,4.678687769727618]",0
49500.0,0.0,4.5,1.0,"[49500.0,0.0,4.5,1.0]","[0.2698171499742405,0.0,1.6992302544900462,4.678687769727618]",0
54200.0,0.0,4.5,1.0,"[54200.0,0.0,4.5,1.0]","[0.2954361520930067,0.0,1.6992302544900462,4.678687769727618]",0
56600.0,0.0,4.5,1.0,"[56600.0,0.0,4.5,1.0]","[0.30851819572812145,0.0,1.6992302544900462,4.678687769727618]",0
63300.0,0.0,4.5,1.0,"[63300.0,0.0,4.5,1.0]","[0.34503890087614997,0.0,1.6992302544900462,4.678687769727618]",0
71000.0,0.0,4.5,1.0,"[71000.0,0.0,4.5,1.0]","[0.3870104575388096,0.0,1.6992302544900462,4.678687769727618]",0
27370.0,0.0,8.8,1.0,"[27370.0,0.0,8.8,1.0]","[0.14918980595545378,0.0,3.322939164336091,4.678687769727618]",0
250.0,0.0,0.0,1.0,"[250.0,0.0,0.0,1.0]","[0.00136271287865778,0.0,0.0,4.678687769727618]",0
57500.0,0.0,4.5,1.0,"[57500.0,0.0,4.5,1.0]","[0.3134239620912894,0.0,1.6992302544900462,4.678687769727618]",0
63100.0,0.0,4.5,1.0,"[63100.0,0.0,4.5,1.0]","[0.3439487305732237,0.0,1.6992302544900462,4.678687769727618]",0
64300.0,0.0,4.5,1.0,"[64300.0,0.0,4.5,1.0]","[0.35048975239078106,0.0,1.6992302544900462,4.678687769727618]",0
233600.0,0.0,0.0,1.0,"[233600.0,0.0,0.0,1.0]","[1.2733189138178298,0.0,0.0,4.678687769727618]",0
254993.0,5.0,4.97,1.0,"[254993.0,5.0,4.97,1.0]","[1.3899289802703334,2.672060590394606,1.876705414403451,4.678687769727618]",1
66700.0,0.0,4.5,1.0,"[66700.0,0.0,4.5,1.0]","[0.36357179602589573,0.0,1.6992302544900462,4.678687769727618]",0
40698.0,0.0,7.0,1.0,"[40698.0,0.0,7.0,1.0]","[0.22183875494245736,0.0,2.643247062540072,4.678687769727618]",0
51258.0,3.0,8.8,1.0,"[51258.0,3.0,8.8,1.0]","[0.279399746936962,1.6032363542367636,3.322939164336091,4.678687769727618]",1
33200.0,0.0,4.5,1.0,"[33200.0,0.0,4.5,1.0]","[0.1809682702857532,0.0,1.6992302544900462,4.678687769727618]",0
34719.0,0.0,8.7,1.0,"[34719.0,0.0,8.7,1.0]","[0.18924811373647787,0.0,3.285178492014089,4.678687769727618]",0
29600.0,0.0,4.5,1.0,"[29600.0,0.0,4.5,1.0]","[0.16134520483308118,0.0,1.6992302544900462,4.678687769727618]",0
31800.0,0.0,4.5,1.0,"[31800.0,0.0,4.5,1.0]","[0.17333707816526964,0.0,1.6992302544900462,4.678687769727618]",0
37500.0,0.0,4.5,1.0,"[37500.0,0.0,4.5,1.0]","[0.20440693179866704,0.0,1.6992302544900462,4.678687769727618]",0
48900.0,0.0,4.5,1.0,"[48900.0,0.0,4.5,1.0]","[0.2665466390654618,0.0,1.6992302544900462,4.678687769727618]",0
26500.0,0.0,4.5,1.0,"[26500.0,0.0,4.5,1.0]","[0.1444475651377247,0.0,1.6992302544900462,4.678687769727618]",0
53400.0,0.0,4.5,1.0,"[53400.0,0.0,4.5,1.0]","[0.29107547088130187,0.0,1.6992302544900462,4.678687769727618]",0
71900.0,0.0,4.5,1.0,"[71900.0,0.0,4.5,1.0]","[0.39191622390197756,0.0,1.6992302544900462,4.678687769727618]",0
37400.0,0.0,4.5,1.0,"[37400.0,0.0,4.5,1.0]","[0.20386184664720391,0.0,1.6992302544900462,4.678687769727618]",0
59800.0,0.0,4.5,1.0,"[59800.0,0.0,4.5,1.0]","[0.325960920574941,0.0,1.6992302544900462,4.678687769727618]",0
63200.0,0.0,4.5,1.0,"[63200.0,0.0,4.5,1.0]","[0.34449381572468685,0.0,1.6992302544900462,4.678687769727618]",0
74700.0,0.0,4.5,1.0,"[74700.0,0.0,4.5,1.0]","[0.4071786081429447,0.0,1.6992302544900462,4.678687769727618]",0
250.0,0.0,0.0,1.0,"[250.0,0.0,0.0,1.0]","[0.00136271287865778,0.0,0.0,4.678687769727618]",0
55300.0,0.0,4.5,1.0,"[55300.0,0.0,4.5,1.0]","[0.301432088759101,0.0,1.6992302544900462,4.678687769727618]",0
66100.0,0.0,4.5,1.0,"[66100.0,0.0,4.5,1.0]","[0.36030128511711706,0.0,1.6992302544900462,4.678687769727618]",0
74000.0,0.0,4.5,1.0,"[74000.0,0.0,4.5,1.0]","[0.4033630120827029,0.0,1.6992302544900462,4.678687769727618]",0
40400.0,0.0,4.5,1.0,"[40400.0,0.0,4.5,1.0]","[0.22021440119109728,0.0,1.6992302544900462,4.678687769727618]",0
65000.0,0.0,4.5,1.0,"[65000.0,0.0,4.5,1.0]","[0.35430534845102285,0.0,1.6992302544900462,4.678687769727618]",0
65500.0,0.0,4.5,1.0,"[65500.0,0.0,4.5,1.0]","[0.3570307742083384,0.0,1.6992302544900462,4.678687769727618]",0
35100.0,0.0,4.5,1.0,"[35100.0,0.0,4.5,1.0]","[0.19132488816355234,0.0,1.6992302544900462,4.678687769727618]",0
42800.0,0.0,4.5,1.0,"[42800.0,0.0,4.5,1.0]","[0.23329644482621198,0.0,1.6992302544900462,4.678687769727618]",0
54400.0,0.0,4.5,1.0,"[54400.0,0.0,4.5,1.0]","[0.29652632239593296,0.0,1.6992302544900462,4.678687769727618]",0
54700.0,0.0,4.5,1.0,"[54700.0,0.0,4.5,1.0]","[0.2981615778503223,0.0,1.6992302544900462,4.678687769727618]",0
56100.0,0.0,4.5,1.0,"[56100.0,0.0,4.5,1.0]","[0.3057927699708059,0.0,1.6992302544900462,4.678687769727618]",0
86684.0,2.0,9.1,1.0,"[86684.0,2.0,9.1,1.0]","[0.4725016126942841,1.0688242361578424,3.436221181302093,4.678687769727618]",1
70080.0,0.0,0.0,1.0,"[70080.0,0.0,0.0,1.0]","[0.38199567414534896,0.0,0.0,4.678687769727618]",0
44300.0,0.0,4.5,1.0,"[44300.0,0.0,4.5,1.0]","[0.24147272209815865,0.0,1.6992302544900462,4.678687769727618]",0
133416.0,5.0,4.92,1.0,"[133416.0,5.0,4.92,1.0]","[0.7272308056760256,2.672060590394606,1.8578250782424506,4.678687769727618]",1
30100.0,0.0,4.5,1.0,"[30100.0,0.0,4.5,1.0]","[0.16407063059039673,0.0,1.6992302544900462,4.678687769727618]",0
46300.0,0.0,4.5,1.0,"[46300.0,0.0,4.5,1.0]","[0.25237442512742086,0.0,1.6992302544900462,4.678687769727618]",0
59000.0,0.0,4.5,1.0,"[59000.0,0.0,4.5,1.0]","[0.3216002393632361,0.0,1.6992302544900462,4.678687769727618]",0
68700.0,0.0,4.5,1.0,"[68700.0,0.0,4.5,1.0]","[0.374473499055158,0.0,1.6992302544900462,4.678687769727618]",0
74200.0,0.0,4.5,1.0,"[74200.0,0.0,4.5,1.0]","[0.40445318238562916,0.0,1.6992302544900462,4.678687769727618]",0
75700.0,0.0,4.5,1.0,"[75700.0,0.0,4.5,1.0]","[0.41262945965757586,0.0,1.6992302544900462,4.678687769727618]",0
46200.0,0.0,4.5,1.0,"[46200.0,0.0,4.5,1.0]","[0.2518293399759578,0.0,1.6992302544900462,4.678687769727618]",0
63500.0,0.0,4.5,1.0,"[63500.0,0.0,4.5,1.0]","[0.34612907117907615,0.0,1.6992302544900462,4.678687769727618]",0
40000.0,0.0,9.3,1.0,"[40000.0,0.0,9.3,1.0]","[0.21803406058524483,0.0,3.511742525946096,4.678687769727618]",0
250.0,0.0,0.0,1.0,"[250.0,0.0,0.0,1.0]","[0.00136271287865778,0.0,0.0,4.678687769727618]",0
32500.0,0.0,4.5,1.0,"[32500.0,0.0,4.5,1.0]","[0.17715267422551143,0.0,1.6992302544900462,4.678687769727618]",0
77000.0,0.0,4.5,1.0,"[77000.0,0.0,4.5,1.0]","[0.4197155666265963,0.0,1.6992302544900462,4.678687769727618]",0
38100.0,0.0,4.5,1.0,"[38100.0,0.0,4.5,1.0]","[0.2076774427074457,0.0,1.6992302544900462,4.678687769727618]",0
69800.0,0.0,4.5,1.0,"[69800.0,0.0,4.5,1.0]","[0.38046943572125225,0.0,1.6992302544900462,4.678687769727618]",0
32400.0,0.0,4.5,1.0,"[32400.0,0.0,4.5,1.0]","[0.1766075890740483,0.0,1.6992302544900462,4.678687769727618]",0
45600.0,0.0,4.5,1.0,"[45600.0,0.0,4.5,1.0]","[0.2485588290671791,0.0,1.6992302544900462,4.678687769727618]",0
46000.0,0.0,4.5,1.0,"[46000.0,0.0,4.5,1.0]","[0.25073916967303156,0.0,1.6992302544900462,4.678687769727618]",0
50500.0,0.0,4.5,1.0,"[50500.0,0.0,4.5,1.0]","[0.2752680014888716,0.0,1.6992302544900462,4.678687769727618]",0
51600.0,0.0,4.5,1.0,"[51600.0,0.0,4.5,1.0]","[0.2812639381549658,0.0,1.6992302544900462,4.678687769727618]",0
30800.0,0.0,4.5,1.0,"[30800.0,0.0,4.5,1.0]","[0.16788622665063851,0.0,1.6992302544900462,4.678687769727618]",0
38500.0,0.0,4.5,1.0,"[38500.0,0.0,4.5,1.0]","[0.20985778331329816,0.0,1.6992302544900462,4.678687769727618]",0
43400.0,0.0,4.5,1.0,"[43400.0,0.0,4.5,1.0]","[0.23656695573499065,0.0,1.6992302544900462,4.678687769727618]",0
77100.0,0.0,4.5,1.0,"[77100.0,0.0,4.5,1.0]","[0.4202606517780594,0.0,1.6992302544900462,4.678687769727618]",0
29500.0,0.0,4.5,1.0,"[29500.0,0.0,4.5,1.0]","[0.16080011968161806,0.0,1.6992302544900462,4.678687769727618]",0
250.0,0.0,0.0,1.0,"[250.0,0.0,0.0,1.0]","[0.00136271287865778,0.0,0.0,4.678687769727618]",0
29400.0,0.0,4.5,1.0,"[29400.0,0.0,4.5,1.0]","[0.16025503453015494,0.0,1.6992302544900462,4.678687769727618]",0
50900.0,0.0,4.5,1.0,"[50900.0,0.0,4.5,1.0]","[0.277448342094724,0.0,1.6992302544900462,4.678687769727618]",0
69300.0,0.0,4.5,1.0,"[69300.0,0.0,4.5,1.0]","[0.37774400996393664,0.0,1.6992302544900462,4.678687769727618]",0
86684.0,0.0,8.5,1.0,"[86684.0,0.0,8.5,1.0]","[0.4725016126942841,0.0,3.2096571473700872,4.678687769727618]",0
305420.0,5.0,4.94,1.0,"[305420.0,5.0,4.94,1.0]","[1.664799069598637,2.672060590394606,1.8653772127068509,4.678687769727618]",1
36300.0,0.0,4.5,1.0,"[36300.0,0.0,4.5,1.0]","[0.19786590998110967,0.0,1.6992302544900462,4.678687769727618]",0
65865.0,3.0,7.7,1.0,"[65865.0,3.0,7.7,1.0]","[0.35902033501117875,1.6032363542367636,2.907571768794079,4.678687769727618]",1
37700.0,0.0,4.5,1.0,"[37700.0,0.0,4.5,1.0]","[0.20549710210159325,0.0,1.6992302544900462,4.678687769727618]",0
45400.0,0.0,4.5,1.0,"[45400.0,0.0,4.5,1.0]","[0.2474686587642529,0.0,1.6992302544900462,4.678687769727618]",0
49700.0,0.0,4.5,1.0,"[49700.0,0.0,4.5,1.0]","[0.2709073202771667,0.0,1.6992302544900462,4.678687769727618]",0
59100.0,0.0,4.5,1.0,"[59100.0,0.0,4.5,1.0]","[0.32214532451469924,0.0,1.6992302544900462,4.678687769727618]",0
61900.0,0.0,4.5,1.0,"[61900.0,0.0,4.5,1.0]","[0.3374077087556664,0.0,1.6992302544900462,4.678687769727618]",0
250.0,0.0,0.0,1.0,"[250.0,0.0,0.0,1.0]","[0.00136271287865778,0.0,0.0,4.678687769727618]",0
34000.0,0.0,4.5,1.0,"[34000.0,0.0,4.5,1.0]","[0.1853289514974581,0.0,1.6992302544900462,4.678687769727618]",0
60700.0,0.0,4.5,1.0,"[60700.0,0.0,4.5,1.0]","[0.330866686938109,0.0,1.6992302544900462,4.678687769727618]",0
70200.0,0.0,4.5,1.0,"[70200.0,0.0,4.5,1.0]","[0.3826497763271047,0.0,1.6992302544900462,4.678687769727618]",0
26100.0,0.0,4.5,1.0,"[26100.0,0.0,4.5,1.0]","[0.14226722453187224,0.0,1.6992302544900462,4.678687769727618]",0
39500.0,0.0,4.5,1.0,"[39500.0,0.0,4.5,1.0]","[0.21530863482792928,0.0,1.6992302544900462,4.678687769727618]",0
42200.0,0.0,4.5,1.0,"[42200.0,0.0,4.5,1.0]","[0.23002593391743328,0.0,1.6992302544900462,4.678687769727618]",0
50600.0,0.0,4.5,1.0,"[50600.0,0.0,4.5,1.0]","[0.2758130866403347,0.0,1.6992302544900462,4.678687769727618]",0
66800.0,0.0,4.5,1.0,"[66800.0,0.0,4.5,1.0]","[0.36411688117735885,0.0,1.6992302544900462,4.678687769727618]",0
81760.0,0.0,0.0,1.0,"[81760.0,0.0,0.0,1.0]","[0.4456616198362404,0.0,0.0,4.678687769727618]",0
29200.0,0.0,4.5,1.0,"[29200.0,0.0,4.5,1.0]","[0.15916486422722873,0.0,1.6992302544900462,4.678687769727618]",0
44100.0,0.0,4.5,1.0,"[44100.0,0.0,4.5,1.0]","[0.24038255179523244,0.0,1.6992302544900462,4.678687769727618]",0
74752.0,5.0,5.0,1.0,"[74752.0,5.0,5.0,1.0]","[0.4074620524217055,2.672060590394606,1.8880336161000513,4.678687769727618]",1
28200.0,0.0,4.5,1.0,"[28200.0,0.0,4.5,1.0]","[0.1537140127125976,0.0,1.6992302544900462,4.678687769727618]",0
36800.0,0.0,4.5,1.0,"[36800.0,0.0,4.5,1.0]","[0.20059133573842525,0.0,1.6992302544900462,4.678687769727618]",0
39300.0,0.0,4.5,1.0,"[39300.0,0.0,4.5,1.0]","[0.21421846452500304,0.0,1.6992302544900462,4.678687769727618]",0
71500.0,0.0,4.5,1.0,"[71500.0,0.0,4.5,1.0]","[0.38973588329612513,0.0,1.6992302544900462,4.678687769727618]",0
41600.0,0.0,4.5,1.0,"[41600.0,0.0,4.5,1.0]","[0.22675542300865462,0.0,1.6992302544900462,4.678687769727618]",0
42400.0,0.0,4.5,1.0,"[42400.0,0.0,4.5,1.0]","[0.23111610422035953,0.0,1.6992302544900462,4.678687769727618]",0
54800.0,0.0,4.5,1.0,"[54800.0,0.0,4.5,1.0]","[0.2987066630017854,0.0,1.6992302544900462,4.678687769727618]",0
61600.0,0.0,4.5,1.0,"[61600.0,0.0,4.5,1.0]","[0.33577245330127703,0.0,1.6992302544900462,4.678687769727618]",0
63400.0,0.0,4.5,1.0,"[63400.0,0.0,4.5,1.0]","[0.34558398602761303,0.0,1.6992302544900462,4.678687769727618]",0
63900.0,0.0,4.5,1.0,"[63900.0,0.0,4.5,1.0]","[0.34830941178492864,0.0,1.6992302544900462,4.678687769727618]",0
77800.0,0.0,4.5,1.0,"[77800.0,0.0,4.5,1.0]","[0.42407624783830117,0.0,1.6992302544900462,4.678687769727618]",0
1.0,0.0,0.0,1.0,"[1.0,0.0,0.0,1.0]","[5.450851514631121e-06,0.0,0.0,4.678687769727618]",0
41800.0,0.0,4.5,1.0,"[41800.0,0.0,4.5,1.0]","[0.22784559331158086,0.0,1.6992302544900462,4.678687769727618]",0
55000.0,0.0,4.5,1.0,"[55000.0,0.0,4.5,1.0]","[0.29979683330471163,0.0,1.6992302544900462,4.678687769727618]",0
62900.0,0.0,4.5,1.0,"[62900.0,0.0,4.5,1.0]","[0.3428585602702975,0.0,1.6992302544900462,4.678687769727618]",0
19950.0,0.0,0.0,1.0,"[19950.0,0.0,0.0,1.0]","[0.10874448771689085,0.0,0.0,4.678687769727618]",0
250.0,0.0,0.0,1.0,"[250.0,0.0,0.0,1.0]","[0.00136271287865778,0.0,0.0,4.678687769727618]",0
36600.0,0.0,4.5,1.0,"[36600.0,0.0,4.5,1.0]","[0.199501165435499,0.0,1.6992302544900462,4.678687769727618]",0
36700.0,0.0,4.5,1.0,"[36700.0,0.0,4.5,1.0]","[0.20004625058696213,0.0,1.6992302544900462,4.678687769727618]",0
49304.0,5.0,4.94,1.0,"[49304.0,5.0,4.94,1.0]","[0.26874878307737277,2.672060590394606,1.8653772127068509,4.678687769727618]",1
36100.0,0.0,4.5,1.0,"[36100.0,0.0,4.5,1.0]","[0.19677573967818346,0.0,1.6992302544900462,4.678687769727618]",0
67600.0,0.0,4.5,1.0,"[67600.0,0.0,4.5,1.0]","[0.36847756238906376,0.0,1.6992302544900462,4.678687769727618]",0
27600.0,0.0,4.5,1.0,"[27600.0,0.0,4.5,1.0]","[0.15044350180381894,0.0,1.6992302544900462,4.678687769727618]",0
51800.0,0.0,4.5,1.0,"[51800.0,0.0,4.5,1.0]","[0.28235410845789205,0.0,1.6992302544900462,4.678687769727618]",0
60100.0,0.0,4.5,1.0,"[60100.0,0.0,4.5,1.0]","[0.32759617602933033,0.0,1.6992302544900462,4.678687769727618]",0
57000.0,0.0,4.5,1.0,"[57000.0,0.0,4.5,1.0]","[0.3106985363339739,0.0,1.6992302544900462,4.678687769727618]",0
61400.0,0.0,4.5,1.0,"[61400.0,0.0,4.5,1.0]","[0.3346822829983508,0.0,1.6992302544900462,4.678687769727618]",0
67300.0,0.0,4.5,1.0,"[67300.0,0.0,4.5,1.0]","[0.3668423069346744,0.0,1.6992302544900462,4.678687769727618]",0
26700.0,0.0,4.5,1.0,"[26700.0,0.0,4.5,1.0]","[0.14553773544065093,0.0,1.6992302544900462,4.678687769727618]",0
34200.0,0.0,4.5,1.0,"[34200.0,0.0,4.5,1.0]","[0.18641912180038434,0.0,1.6992302544900462,4.678687769727618]",0
47100.0,0.0,4.5,1.0,"[47100.0,0.0,4.5,1.0]","[0.2567351063391258,0.0,1.6992302544900462,4.678687769727618]",0
72800.0,0.0,4.5,1.0,"[72800.0,0.0,4.5,1.0]","[0.3968219902651456,0.0,1.6992302544900462,4.678687769727618]",0
74100.0,0.0,4.5,1.0,"[74100.0,0.0,4.5,1.0]","[0.40390809723416604,0.0,1.6992302544900462,4.678687769727618]",0
39200.0,0.0,4.5,1.0,"[39200.0,0.0,4.5,1.0]","[0.21367337937353995,0.0,1.6992302544900462,4.678687769727618]",0
43100.0,0.0,4.5,1.0,"[43100.0,0.0,4.5,1.0]","[0.2349317002806013,0.0,1.6992302544900462,4.678687769727618]",0
48400.0,0.0,4.5,1.0,"[48400.0,0.0,4.5,1.0]","[0.26382121330814623,0.0,1.6992302544900462,4.678687769727618]",0
28700.0,0.0,4.5,1.0,"[28700.0,0.0,4.5,1.0]","[0.15643943846991318,0.0,1.6992302544900462,4.678687769727618]",0
73600.0,0.0,4.5,1.0,"[73600.0,0.0,4.5,1.0]","[0.4011826714768505,0.0,1.6992302544900462,4.678687769727618]",0
285000.0,0.0,9.2,1.0,"[285000.0,0.0,9.2,1.0]","[1.5534926816698693,0.0,3.4739818536240943,4.678687769727618]",0
27300.0,0.0,4.5,1.0,"[27300.0,0.0,4.5,1.0]","[0.1488082463494296,0.0,1.6992302544900462,4.678687769727618]",0
53100.0,0.0,4.5,1.0,"[53100.0,0.0,4.5,1.0]","[0.2894402154269125,0.0,1.6992302544900462,4.678687769727618]",0
27500.0,0.0,4.5,1.0,"[27500.0,0.0,4.5,1.0]","[0.14989841665235581,0.0,1.6992302544900462,4.678687769727618]",0
58300.0,0.0,4.5,1.0,"[58300.0,0.0,4.5,1.0]","[0.31778464330299433,0.0,1.6992302544900462,4.678687769727618]",0
69900.0,0.0,4.5,1.0,"[69900.0,0.0,4.5,1.0]","[0.3810145208727153,0.0,1.6992302544900462,4.678687769727618]",0
27080.0,3.0,7.9,1.0,"[27080.0,3.0,7.9,1.0]","[0.14760905901621074,1.6032363542367636,2.9830931134380814,4.678687769727618]",1
29300.0,0.0,4.5,1.0,"[29300.0,0.0,4.5,1.0]","[0.15970994937869185,0.0,1.6992302544900462,4.678687769727618]",0
52800.0,0.0,4.5,1.0,"[52800.0,0.0,4.5,1.0]","[0.2878049599725232,0.0,1.6992302544900462,4.678687769727618]",0
72200.0,0.0,4.5,1.0,"[72200.0,0.0,4.5,1.0]","[0.3935514793563669,0.0,1.6992302544900462,4.678687769727618]",0
74400.0,0.0,4.5,1.0,"[74400.0,0.0,4.5,1.0]","[0.4055433526885554,0.0,1.6992302544900462,4.678687769727618]",0
76500.0,0.0,4.5,1.0,"[76500.0,0.0,4.5,1.0]","[0.4169901408692807,0.0,1.6992302544900462,4.678687769727618]",0
54100.0,0.0,4.5,1.0,"[54100.0,0.0,4.5,1.0]","[0.29489106694154366,0.0,1.6992302544900462,4.678687769727618]",0
71200.0,0.0,4.5,1.0,"[71200.0,0.0,4.5,1.0]","[0.38810062784173577,0.0,1.6992302544900462,4.678687769727618]",0
45500.0,0.0,4.5,1.0,"[45500.0,0.0,4.5,1.0]","[0.24801374391571598,0.0,1.6992302544900462,4.678687769727618]",0
46100.0,0.0,4.5,1.0,"[46100.0,0.0,4.5,1.0]","[0.2512842548244947,0.0,1.6992302544900462,4.678687769727618]",0
52300.0,0.0,4.5,1.0,"[52300.0,0.0,4.5,1.0]","[0.2850795342152076,0.0,1.6992302544900462,4.678687769727618]",0
55400.0,0.0,4.5,1.0,"[55400.0,0.0,4.5,1.0]","[0.3019771739105641,0.0,1.6992302544900462,4.678687769727618]",0
59300.0,0.0,4.5,1.0,"[59300.0,0.0,4.5,1.0]","[0.3232354948176255,0.0,1.6992302544900462,4.678687769727618]",0
61000.0,0.0,4.5,1.0,"[61000.0,0.0,4.5,1.0]","[0.33250194239249836,0.0,1.6992302544900462,4.678687769727618]",0
62800.0,0.0,4.5,1.0,"[62800.0,0.0,4.5,1.0]","[0.34231347511883436,0.0,1.6992302544900462,4.678687769727618]",0
285000.0,0.0,8.6,1.0,"[285000.0,0.0,8.6,1.0]","[1.5534926816698693,0.0,3.247417819692088,4.678687769727618]",0
31300.0,0.0,4.5,1.0,"[31300.0,0.0,4.5,1.0]","[0.1706116524079541,0.0,1.6992302544900462,4.678687769727618]",0
61200.0,0.0,4.5,1.0,"[61200.0,0.0,4.5,1.0]","[0.3335921126954246,0.0,1.6992302544900462,4.678687769727618]",0
65600.0,0.0,4.5,1.0,"[65600.0,0.0,4.5,1.0]","[0.3575758593598015,0.0,1.6992302544900462,4.678687769727618]",0
47900.0,0.0,4.5,1.0,"[47900.0,0.0,4.5,1.0]","[0.2610957875508307,0.0,1.6992302544900462,4.678687769727618]",0
59600.0,0.0,4.5,1.0,"[59600.0,0.0,4.5,1.0]","[0.3248707502720148,0.0,1.6992302544900462,4.678687769727618]",0
65300.0,0.0,4.5,1.0,"[65300.0,0.0,4.5,1.0]","[0.35594060390541216,0.0,1.6992302544900462,4.678687769727618]",0
32000.0,0.0,4.5,1.0,"[32000.0,0.0,4.5,1.0]","[0.17442724846819585,0.0,1.6992302544900462,4.678687769727618]",0
46900.0,0.0,4.5,1.0,"[46900.0,0.0,4.5,1.0]","[0.2556449360361996,0.0,1.6992302544900462,4.678687769727618]",0
57300.0,0.0,4.5,1.0,"[57300.0,0.0,4.5,1.0]","[0.31233379178836324,0.0,1.6992302544900462,4.678687769727618]",0
34700.0,0.0,4.5,1.0,"[34700.0,0.0,4.5,1.0]","[0.18914454755769988,0.0,1.6992302544900462,4.678687769727618]",0
37800.0,0.0,4.5,1.0,"[37800.0,0.0,4.5,1.0]","[0.20604218725305637,0.0,1.6992302544900462,4.678687769727618]",0
49000.0,0.0,4.5,1.0,"[49000.0,0.0,4.5,1.0]","[0.2670917242169249,0.0,1.6992302544900462,4.678687769727618]",0
58800.0,0.0,4.5,1.0,"[58800.0,0.0,4.5,1.0]","[0.3205100690603099,0.0,1.6992302544900462,4.678687769727618]",0
65900.0,0.0,4.5,1.0,"[65900.0,0.0,4.5,1.0]","[0.3592111148141909,0.0,1.6992302544900462,4.678687769727618]",0
43300.0,0.0,4.5,1.0,"[43300.0,0.0,4.5,1.0]","[0.23602187058352753,0.0,1.6992302544900462,4.678687769727618]",0
52000.0,0.0,4.5,1.0,"[52000.0,0.0,4.5,1.0]","[0.2834442787608183,0.0,1.6992302544900462,4.678687769727618]",0
25200.0,0.0,4.5,1.0,"[25200.0,0.0,4.5,1.0]","[0.13736145816870424,0.0,1.6992302544900462,4.678687769727618]",0
44600.0,0.0,4.5,1.0,"[44600.0,0.0,4.5,1.0]","[0.24310797755254798,0.0,1.6992302544900462,4.678687769727618]",0
55500.0,0.0,4.5,1.0,"[55500.0,0.0,4.5,1.0]","[0.3025222590620272,0.0,1.6992302544900462,4.678687769727618]",0
57800.0,0.0,4.5,1.0,"[57800.0,0.0,4.5,1.0]","[0.3150592175456788,0.0,1.6992302544900462,4.678687769727618]",0
58700.0,0.0,4.5,1.0,"[58700.0,0.0,4.5,1.0]","[0.3199649839088468,0.0,1.6992302544900462,4.678687769727618]",0
66500.0,0.0,4.5,1.0,"[66500.0,0.0,4.5,1.0]","[0.36248162572296955,0.0,1.6992302544900462,4.678687769727618]",0
1717895.0,2.0,1.717,1.0,"[1717895.0,2.0,1.717,1.0]","[9.36399056272723,1.0688242361578424,0.6483507437687577,4.678687769727618]",1
31600.0,0.0,4.5,1.0,"[31600.0,0.0,4.5,1.0]","[0.17224690786234342,0.0,1.6992302544900462,4.678687769727618]",0
61300.0,0.0,4.5,1.0,"[61300.0,0.0,4.5,1.0]","[0.3341371978468877,0.0,1.6992302544900462,4.678687769727618]",0
71400.0,0.0,4.5,1.0,"[71400.0,0.0,4.5,1.0]","[0.389190798144662,0.0,1.6992302544900462,4.678687769727618]",0
233600.0,4.0,4.75,1.0,"[233600.0,4.0,4.75,1.0]","[1.2733189138178298,2.1376484723156848,1.7936319352950487,4.678687769727618]",1
67000.0,0.0,4.5,1.0,"[67000.0,0.0,4.5,1.0]","[0.3652070514802851,0.0,1.6992302544900462,4.678687769727618]",0
120304.0,5.0,4.89,1.0,"[120304.0,5.0,4.89,1.0]","[0.6557592406161823,2.672060590394606,1.84649687654585,4.678687769727618]",1
158626.0,0.0,0.0,1.0,"[158626.0,0.0,0.0,1.0]","[0.8646467723598762,0.0,0.0,4.678687769727618]",0
35600.0,0.0,4.5,1.0,"[35600.0,0.0,4.5,1.0]","[0.19405031392086788,0.0,1.6992302544900462,4.678687769727618]",0
49300.0,0.0,4.5,1.0,"[49300.0,0.0,4.5,1.0]","[0.26872697967131426,0.0,1.6992302544900462,4.678687769727618]",0
74500.0,0.0,4.5,1.0,"[74500.0,0.0,4.5,1.0]","[0.40608843784001847,0.0,1.6992302544900462,4.678687769727618]",0
65700.0,0.0,4.5,1.0,"[65700.0,0.0,4.5,1.0]","[0.35812094451126464,0.0,1.6992302544900462,4.678687769727618]",0
67900.0,0.0,4.5,1.0,"[67900.0,0.0,4.5,1.0]","[0.3701128178434531,0.0,1.6992302544900462,4.678687769727618]",0
30900.0,0.0,4.5,1.0,"[30900.0,0.0,4.5,1.0]","[0.16843131180210164,0.0,1.6992302544900462,4.678687769727618]",0
121859.0,3.0,8.6,1.0,"[121859.0,3.0,8.6,1.0]","[0.6642353147214337,1.6032363542367636,3.247417819692088,4.678687769727618]",1
34600.0,0.0,4.5,1.0,"[34600.0,0.0,4.5,1.0]","[0.1885994624062368,0.0,1.6992302544900462,4.678687769727618]",0
44200.0,0.0,4.5,1.0,"[44200.0,0.0,4.5,1.0]","[0.24092763694669553,0.0,1.6992302544900462,4.678687769727618]",0
52100.0,0.0,4.5,1.0,"[52100.0,0.0,4.5,1.0]","[0.2839893639122814,0.0,1.6992302544900462,4.678687769727618]",0
52900.0,0.0,4.5,1.0,"[52900.0,0.0,4.5,1.0]","[0.28835004512398626,0.0,1.6992302544900462,4.678687769727618]",0
76400.0,0.0,4.5,1.0,"[76400.0,0.0,4.5,1.0]","[0.41644505571781765,0.0,1.6992302544900462,4.678687769727618]",0
181040.0,4.0,4.75,1.0,"[181040.0,4.0,4.75,1.0]","[0.9868221582088181,2.1376484723156848,1.7936319352950487,4.678687769727618]",1
71100.0,0.0,4.5,1.0,"[71100.0,0.0,4.5,1.0]","[0.3875555426902727,0.0,1.6992302544900462,4.678687769727618]",0
71300.0,0.0,4.5,1.0,"[71300.0,0.0,4.5,1.0]","[0.3886457129931989,0.0,1.6992302544900462,4.678687769727618]",0
72400.0,0.0,4.5,1.0,"[72400.0,0.0,4.5,1.0]","[0.39464164965929316,0.0,1.6992302544900462,4.678687769727618]",0
30500.0,0.0,4.5,1.0,"[30500.0,0.0,4.5,1.0]","[0.16625097119624918,0.0,1.6992302544900462,4.678687769727618]",0
62300.0,0.0,4.5,1.0,"[62300.0,0.0,4.5,1.0]","[0.3395880493615188,0.0,1.6992302544900462,4.678687769727618]",0
1588160.0,2.0,1.588,1.0,"[1588160.0,2.0,1.588,1.0]","[8.656824341476561,1.0688242361578424,0.5996394764733763,4.678687769727618]",1
39700.0,0.0,4.5,1.0,"[39700.0,0.0,4.5,1.0]","[0.2163988051308555,0.0,1.6992302544900462,4.678687769727618]",0
40000.0,0.0,4.5,1.0,"[40000.0,0.0,4.5,1.0]","[0.21803406058524483,0.0,1.6992302544900462,4.678687769727618]",0
75900.0,0.0,4.5,1.0,"[75900.0,0.0,4.5,1.0]","[0.41371962996050204,0.0,1.6992302544900462,4.678687769727618]",0
33100.0,0.0,4.5,1.0,"[33100.0,0.0,4.5,1.0]","[0.1804231851342901,0.0,1.6992302544900462,4.678687769727618]",0
46400.0,0.0,4.5,1.0,"[46400.0,0.0,4.5,1.0]","[0.252919510278884,0.0,1.6992302544900462,4.678687769727618]",0
56900.0,0.0,4.5,1.0,"[56900.0,0.0,4.5,1.0]","[0.31015345118251075,0.0,1.6992302544900462,4.678687769727618]",0
73800.0,0.0,4.5,1.0,"[73800.0,0.0,4.5,1.0]","[0.40227284177977674,0.0,1.6992302544900462,4.678687769727618]",0
43843.0,3.0,7.7,1.0,"[43843.0,3.0,7.7,1.0]","[0.23898168295597222,1.6032363542367636,2.907571768794079,4.678687769727618]",1
51100.0,0.0,4.5,1.0,"[51100.0,0.0,4.5,1.0]","[0.27853851239765026,0.0,1.6992302544900462,4.678687769727618]",0
55800.0,0.0,4.5,1.0,"[55800.0,0.0,4.5,1.0]","[0.30415751451641654,0.0,1.6992302544900462,4.678687769727618]",0
26400.0,0.0,4.5,1.0,"[26400.0,0.0,4.5,1.0]","[0.1439024799862616,0.0,1.6992302544900462,4.678687769727618]",0
31500.0,0.0,4.5,1.0,"[31500.0,0.0,4.5,1.0]","[0.1717018227108803,0.0,1.6992302544900462,4.678687769727618]",0
45000.0,0.0,4.5,1.0,"[45000.0,0.0,4.5,1.0]","[0.24528831815840044,0.0,1.6992302544900462,4.678687769727618]",0
62700.0,0.0,4.5,1.0,"[62700.0,0.0,4.5,1.0]","[0.34176838996737124,0.0,1.6992302544900462,4.678687769727618]",0
66300.0,0.0,4.5,1.0,"[66300.0,0.0,4.5,1.0]","[0.3613914554200433,0.0,1.6992302544900462,4.678687769727618]",0
68100.0,0.0,4.5,1.0,"[68100.0,0.0,4.5,1.0]","[0.3712029881463793,0.0,1.6992302544900462,4.678687769727618]",0
74800.0,0.0,4.5,1.0,"[74800.0,0.0,4.5,1.0]","[0.40772369329440783,0.0,1.6992302544900462,4.678687769727618]",0
27100.0,0.0,4.5,1.0,"[27100.0,0.0,4.5,1.0]","[0.14771807604650336,0.0,1.6992302544900462,4.678687769727618]",0
48200.0,0.0,4.5,1.0,"[48200.0,0.0,4.5,1.0]","[0.26273104300522004,0.0,1.6992302544900462,4.678687769727618]",0
49800.0,0.0,4.5,1.0,"[49800.0,0.0,4.5,1.0]","[0.2714524054286298,0.0,1.6992302544900462,4.678687769727618]",0
53900.0,0.0,4.5,1.0,"[53900.0,0.0,4.5,1.0]","[0.2938008966386174,0.0,1.6992302544900462,4.678687769727618]",0
62000.0,0.0,4.5,1.0,"[62000.0,0.0,4.5,1.0]","[0.3379527939071295,0.0,1.6992302544900462,4.678687769727618]",0
72300.0,0.0,4.5,1.0,"[72300.0,0.0,4.5,1.0]","[0.39409656450783004,0.0,1.6992302544900462,4.678687769727618]",0
58600.0,0.0,4.5,1.0,"[58600.0,0.0,4.5,1.0]","[0.3194198987573837,0.0,1.6992302544900462,4.678687769727618]",0
75200.0,0.0,4.5,1.0,"[75200.0,0.0,4.5,1.0]","[0.40990403390026026,0.0,1.6992302544900462,4.678687769727618]",0
265136.0,5.0,4.96,1.0,"[265136.0,5.0,4.96,1.0]","[1.445216967183237,2.672060590394606,1.872929347171251,4.678687769727618]",1
25000.0,0.0,4.5,1.0,"[25000.0,0.0,4.5,1.0]","[0.13627128786577802,0.0,1.6992302544900462,4.678687769727618]",0
105120.0,5.0,5.0,1.0,"[105120.0,5.0,5.0,1.0]","[0.5729935112180234,2.672060590394606,1.8880336161000513,4.678687769727618]",1
249952.0,5.0,4.98,1.0,"[249952.0,5.0,4.98,1.0]","[1.362451237785078,2.672060590394606,1.8804814816356512,4.678687769727618]",1
76200.0,0.0,4.5,1.0,"[76200.0,0.0,4.5,1.0]","[0.4153548854148914,0.0,1.6992302544900462,4.678687769727618]",0
64400.0,0.0,4.5,1.0,"[64400.0,0.0,4.5,1.0]","[0.3510348375422442,0.0,1.6992302544900462,4.678687769727618]",0
54600.0,0.0,4.5,1.0,"[54600.0,0.0,4.5,1.0]","[0.2976164926988592,0.0,1.6992302544900462,4.678687769727618]",0
385440.0,5.0,4.87,1.0,"[385440.0,5.0,4.87,1.0]","[2.100976207799419,2.672060590394606,1.83894474208145,4.678687769727618]",1
36500.0,0.0,4.5,1.0,"[36500.0,0.0,4.5,1.0]","[0.1989560802840359,0.0,1.6992302544900462,4.678687769727618]",0
56700.0,0.0,4.5,1.0,"[56700.0,0.0,4.5,1.0]","[0.30906328087958457,0.0,1.6992302544900462,4.678687769727618]",0
61800.0,0.0,4.5,1.0,"[61800.0,0.0,4.5,1.0]","[0.33686262360420327,0.0,1.6992302544900462,4.678687769727618]",0
40800.0,0.0,4.5,1.0,"[40800.0,0.0,4.5,1.0]","[0.22239474179694974,0.0,1.6992302544900462,4.678687769727618]",0
51500.0,0.0,4.5,1.0,"[51500.0,0.0,4.5,1.0]","[0.28071885300350274,0.0,1.6992302544900462,4.678687769727618]",0
56300.0,0.0,4.5,1.0,"[56300.0,0.0,4.5,1.0]","[0.3068829402737321,0.0,1.6992302544900462,4.678687769727618]",0
57900.0,0.0,4.5,1.0,"[57900.0,0.0,4.5,1.0]","[0.3156043026971419,0.0,1.6992302544900462,4.678687769727618]",0
69500.0,0.0,4.5,1.0,"[69500.0,0.0,4.5,1.0]","[0.3788341802668629,0.0,1.6992302544900462,4.678687769727618]",0
49431.0,3.0,8.8,1.0,"[49431.0,3.0,8.8,1.0]","[0.26944104121973095,1.6032363542367636,3.322939164336091,4.678687769727618]",1
29000.0,2.0,8.4,1.0,"[29000.0,2.0,8.4,1.0]","[0.1580746939243025,1.0688242361578424,3.1718964750480865,4.678687769727618]",1
28300.0,0.0,4.5,1.0,"[28300.0,0.0,4.5,1.0]","[0.15425909786406072,0.0,1.6992302544900462,4.678687769727618]",0
31400.0,0.0,4.5,1.0,"[31400.0,0.0,4.5,1.0]","[0.17115673755941718,0.0,1.6992302544900462,4.678687769727618]",0
50300.0,0.0,4.5,1.0,"[50300.0,0.0,4.5,1.0]","[0.27417783118594535,0.0,1.6992302544900462,4.678687769727618]",0
60400.0,0.0,4.5,1.0,"[60400.0,0.0,4.5,1.0]","[0.3292314314837197,0.0,1.6992302544900462,4.678687769727618]",0
250.0,0.0,0.0,1.0,"[250.0,0.0,0.0,1.0]","[0.00136271287865778,0.0,0.0,4.678687769727618]",0
26000.0,0.0,4.5,1.0,"[26000.0,0.0,4.5,1.0]","[0.14172213938040915,0.0,1.6992302544900462,4.678687769727618]",0
64900.0,0.0,4.5,1.0,"[64900.0,0.0,4.5,1.0]","[0.35376026329955973,0.0,1.6992302544900462,4.678687769727618]",0
73400.0,0.0,4.5,1.0,"[73400.0,0.0,4.5,1.0]","[0.40009250117392425,0.0,1.6992302544900462,4.678687769727618]",0
27000.0,0.0,4.5,1.0,"[27000.0,0.0,4.5,1.0]","[0.14717299089504027,0.0,1.6992302544900462,4.678687769727618]",0
77300.0,0.0,4.5,1.0,"[77300.0,0.0,4.5,1.0]","[0.4213508220809856,0.0,1.6992302544900462,4.678687769727618]",0
250.0,0.0,0.0,1.0,"[250.0,0.0,0.0,1.0]","[0.00136271287865778,0.0,0.0,4.678687769727618]",0
53800.0,0.0,4.5,1.0,"[53800.0,0.0,4.5,1.0]","[0.2932558114871543,0.0,1.6992302544900462,4.678687769727618]",0
84478.0,0.0,9.0,1.0,"[84478.0,0.0,9.0,1.0]","[0.4604770342530078,0.0,3.3984605089800923,4.678687769727618]",0
250.0,0.0,0.0,1.0,"[250.0,0.0,0.0,1.0]","[0.00136271287865778,0.0,0.0,4.678687769727618]",0
41400.0,0.0,4.5,1.0,"[41400.0,0.0,4.5,1.0]","[0.2256652527057284,0.0,1.6992302544900462,4.678687769727618]",0
46600.0,0.0,4.5,1.0,"[46600.0,0.0,4.5,1.0]","[0.2540096805818102,0.0,1.6992302544900462,4.678687769727618]",0
53000.0,0.0,4.5,1.0,"[53000.0,0.0,4.5,1.0]","[0.2888951302754494,0.0,1.6992302544900462,4.678687769727618]",0
32100.0,0.0,4.5,1.0,"[32100.0,0.0,4.5,1.0]","[0.17497233361965897,0.0,1.6992302544900462,4.678687769727618]",0
32800.0,0.0,4.5,1.0,"[32800.0,0.0,4.5,1.0]","[0.17878792967990076,0.0,1.6992302544900462,4.678687769727618]",0
62400.0,0.0,4.5,1.0,"[62400.0,0.0,4.5,1.0]","[0.34013313451298194,0.0,1.6992302544900462,4.678687769727618]",0
60000.0,0.0,4.5,1.0,"[60000.0,0.0,4.5,1.0]","[0.32705109087786727,0.0,1.6992302544900462,4.678687769727618]",0
69600.0,0.0,4.5,1.0,"[69600.0,0.0,4.5,1.0]","[0.379379265418326,0.0,1.6992302544900462,4.678687769727618]",0
67134.0,0.0,9.0,1.0,"[67134.0,0.0,9.0,1.0]","[0.36593746558324564,0.0,3.3984605089800923,4.678687769727618]",0
51000.0,4.0,4.69,1.0,"[51000.0,4.0,4.69,1.0]","[0.27799342724618714,2.1376484723156848,1.7709755319018483,4.678687769727618]",1
26600.0,0.0,4.5,1.0,"[26600.0,0.0,4.5,1.0]","[0.1449926502891878,0.0,1.6992302544900462,4.678687769727618]",0
48300.0,0.0,4.5,1.0,"[48300.0,0.0,4.5,1.0]","[0.2632761281566831,0.0,1.6992302544900462,4.678687769727618]",0
57400.0,0.0,4.5,1.0,"[57400.0,0.0,4.5,1.0]","[0.31287887693982636,0.0,1.6992302544900462,4.678687769727618]",0
59500.0,0.0,4.5,1.0,"[59500.0,0.0,4.5,1.0]","[0.32432566512055166,0.0,1.6992302544900462,4.678687769727618]",0
60200.0,0.0,4.5,1.0,"[60200.0,0.0,4.5,1.0]","[0.32814126118079345,0.0,1.6992302544900462,4.678687769727618]",0
70900.0,0.0,4.5,1.0,"[70900.0,0.0,4.5,1.0]","[0.38646537238734646,0.0,1.6992302544900462,4.678687769727618]",0
64340.0,3.0,8.5,1.0,"[64340.0,3.0,8.5,1.0]","[0.3507077864513663,1.6032363542367636,3.2096571473700872,4.678687769727618]",1
760368.0,4.0,4.54,1.0,"[760368.0,4.0,4.54,1.0]","[4.144653064477036,2.1376484723156848,1.7143345234188465,4.678687769727618]",1
220000.0,4.0,4.75,1.0,"[220000.0,4.0,4.75,1.0]","[1.1991873332188465,2.1376484723156848,1.7936319352950487,4.678687769727618]",1
31900.0,0.0,4.5,1.0,"[31900.0,0.0,4.5,1.0]","[0.17388216331673276,0.0,1.6992302544900462,4.678687769727618]",0
44000.0,0.0,4.5,1.0,"[44000.0,0.0,4.5,1.0]","[0.23983746664376931,0.0,1.6992302544900462,4.678687769727618]",0
110960.0,5.0,4.98,1.0,"[110960.0,5.0,4.98,1.0]","[0.6048264840634692,2.672060590394606,1.8804814816356512,4.678687769727618]",1
42300.0,0.0,4.5,1.0,"[42300.0,0.0,4.5,1.0]","[0.2305710190688964,0.0,1.6992302544900462,4.678687769727618]",0
280320.0,5.0,4.84,1.0,"[280320.0,5.0,4.84,1.0]","[1.5279826965813958,2.672060590394606,1.8276165403848497,4.678687769727618]",1
279112.0,5.0,5.0,1.0,"[279112.0,5.0,5.0,1.0]","[1.5213980679517214,2.672060590394606,1.8880336161000513,4.678687769727618]",1
53700.0,0.0,4.5,1.0,"[53700.0,0.0,4.5,1.0]","[0.2927107263356912,0.0,1.6992302544900462,4.678687769727618]",0
76800.0,0.0,4.5,1.0,"[76800.0,0.0,4.5,1.0]","[0.4186253963236701,0.0,1.6992302544900462,4.678687769727618]",0
214913.0,5.0,5.0,1.0,"[214913.0,5.0,5.0,1.0]","[1.1714588515639182,2.672060590394606,1.8880336161000513,4.678687769727618]",1
62500.0,0.0,4.5,1.0,"[62500.0,0.0,4.5,1.0]","[0.34067821966444506,0.0,1.6992302544900462,4.678687769727618]",0
71700.0,0.0,4.5,1.0,"[71700.0,0.0,4.5,1.0]","[0.39082605359905137,0.0,1.6992302544900462,4.678687769727618]",0
77400.0,0.0,4.5,1.0,"[77400.0,0.0,4.5,1.0]","[0.42189590723244874,0.0,1.6992302544900462,4.678687769727618]",0
34800.0,0.0,4.5,1.0,"[34800.0,0.0,4.5,1.0]","[0.189689632709163,0.0,1.6992302544900462,4.678687769727618]",0
41200.0,0.0,4.5,1.0,"[41200.0,0.0,4.5,1.0]","[0.22457508240280216,0.0,1.6992302544900462,4.678687769727618]",0
76100.0,0.0,4.5,1.0,"[76100.0,0.0,4.5,1.0]","[0.4148098002634283,0.0,1.6992302544900462,4.678687769727618]",0
68500.0,0.0,4.5,1.0,"[68500.0,0.0,4.5,1.0]","[0.3733833287522318,0.0,1.6992302544900462,4.678687769727618]",0
74600.0,0.0,4.5,1.0,"[74600.0,0.0,4.5,1.0]","[0.4066335229914816,0.0,1.6992302544900462,4.678687769727618]",0
250.0,0.0,0.0,1.0,"[250.0,0.0,0.0,1.0]","[0.00136271287865778,0.0,0.0,4.678687769727618]",0
43800.0,0.0,4.5,1.0,"[43800.0,0.0,4.5,1.0]","[0.23874729634084307,0.0,1.6992302544900462,4.678687769727618]",0
51700.0,0.0,4.5,1.0,"[51700.0,0.0,4.5,1.0]","[0.28180902330642893,0.0,1.6992302544900462,4.678687769727618]",0
64800.0,0.0,4.5,1.0,"[64800.0,0.0,4.5,1.0]","[0.3532151781480966,0.0,1.6992302544900462,4.678687769727618]",0
34500.0,0.0,4.5,1.0,"[34500.0,0.0,4.5,1.0]","[0.18805437725477367,0.0,1.6992302544900462,4.678687769727618]",0
35800.0,0.0,4.5,1.0,"[35800.0,0.0,4.5,1.0]","[0.19514048422379413,0.0,1.6992302544900462,4.678687769727618]",0
70300.0,0.0,4.5,1.0,"[70300.0,0.0,4.5,1.0]","[0.3831948614785678,0.0,1.6992302544900462,4.678687769727618]",0
70700.0,0.0,4.5,1.0,"[70700.0,0.0,4.5,1.0]","[0.3853752020844202,0.0,1.6992302544900462,4.678687769727618]",0
25700.0,0.0,4.5,1.0,"[25700.0,0.0,4.5,1.0]","[0.1400868839260198,0.0,1.6992302544900462,4.678687769727618]",0
31000.0,0.0,4.5,1.0,"[31000.0,0.0,4.5,1.0]","[0.16897639695356476,0.0,1.6992302544900462,4.678687769727618]",0
47300.0,0.0,4.5,1.0,"[47300.0,0.0,4.5,1.0]","[0.257825276642052,0.0,1.6992302544900462,4.678687769727618]",0
67400.0,0.0,4.5,1.0,"[67400.0,0.0,4.5,1.0]","[0.3673873920861375,0.0,1.6992302544900462,4.678687769727618]",0
36200.0,0.0,4.5,1.0,"[36200.0,0.0,4.5,1.0]","[0.19732082482964658,0.0,1.6992302544900462,4.678687769727618]",0
67563.0,0.0,8.6,1.0,"[67563.0,0.0,8.6,1.0]","[0.36827588088302243,0.0,3.247417819692088,4.678687769727618]",0
250.0,0.0,0.0,1.0,"[250.0,0.0,0.0,1.0]","[0.00136271287865778,0.0,0.0,4.678687769727618]",0
25300.0,0.0,4.5,1.0,"[25300.0,0.0,4.5,1.0]","[0.13790654332016736,0.0,1.6992302544900462,4.678687769727618]",0
54300.0,0.0,4.5,1.0,"[54300.0,0.0,4.5,1.0]","[0.29598123724446984,0.0,1.6992302544900462,4.678687769727618]",0
56400.0,0.0,4.5,1.0,"[56400.0,0.0,4.5,1.0]","[0.3074280254251952,0.0,1.6992302544900462,4.678687769727618]",0
58100.0,0.0,4.5,1.0,"[58100.0,0.0,4.5,1.0]","[0.3166944730000681,0.0,1.6992302544900462,4.678687769727618]",0
34400.0,0.0,4.5,1.0,"[34400.0,0.0,4.5,1.0]","[0.18750929210331055,0.0,1.6992302544900462,4.678687769727618]",0
60600.0,0.0,4.5,1.0,"[60600.0,0.0,4.5,1.0]","[0.33032160178664594,0.0,1.6992302544900462,4.678687769727618]",0
68900.0,0.0,4.5,1.0,"[68900.0,0.0,4.5,1.0]","[0.3755636693580842,0.0,1.6992302544900462,4.678687769727618]",0
73900.0,0.0,4.5,1.0,"[73900.0,0.0,4.5,1.0]","[0.4028179269312398,0.0,1.6992302544900462,4.678687769727618]",0
27400.0,0.0,4.5,1.0,"[27400.0,0.0,4.5,1.0]","[0.1493533315008927,0.0,1.6992302544900462,4.678687769727618]",0
27900.0,0.0,4.5,1.0,"[27900.0,0.0,4.5,1.0]","[0.15207875725820827,0.0,1.6992302544900462,4.678687769727618]",0
37300.0,0.0,4.5,1.0,"[37300.0,0.0,4.5,1.0]","[0.2033167614957408,0.0,1.6992302544900462,4.678687769727618]",0
55900.0,0.0,4.5,1.0,"[55900.0,0.0,4.5,1.0]","[0.30470259966787966,0.0,1.6992302544900462,4.678687769727618]",0
62600.0,0.0,4.5,1.0,"[62600.0,0.0,4.5,1.0]","[0.3412233048159082,0.0,1.6992302544900462,4.678687769727618]",0
64100.0,0.0,4.5,1.0,"[64100.0,0.0,4.5,1.0]","[0.3493995820878548,0.0,1.6992302544900462,4.678687769727618]",0
39000.0,0.0,4.5,1.0,"[39000.0,0.0,4.5,1.0]","[0.2125832090706137,0.0,1.6992302544900462,4.678687769727618]",0
54000.0,0.0,4.5,1.0,"[54000.0,0.0,4.5,1.0]","[0.29434598179008054,0.0,1.6992302544900462,4.678687769727618]",0
59700.0,0.0,4.5,1.0,"[59700.0,0.0,4.5,1.0]","[0.3254158354234779,0.0,1.6992302544900462,4.678687769727618]",0
73300.0,0.0,4.5,1.0,"[73300.0,0.0,4.5,1.0]","[0.39954741602246113,0.0,1.6992302544900462,4.678687769727618]",0
250.0,0.0,0.0,1.0,"[250.0,0.0,0.0,1.0]","[0.00136271287865778,0.0,0.0,4.678687769727618]",0
35200.0,0.0,4.5,1.0,"[35200.0,0.0,4.5,1.0]","[0.19186997331501546,0.0,1.6992302544900462,4.678687769727618]",0
40300.0,0.0,4.5,1.0,"[40300.0,0.0,4.5,1.0]","[0.21966931603963416,0.0,1.6992302544900462,4.678687769727618]",0
43900.0,0.0,4.5,1.0,"[43900.0,0.0,4.5,1.0]","[0.2392923814923062,0.0,1.6992302544900462,4.678687769727618]",0
151840.0,4.0,4.7,1.0,"[151840.0,4.0,4.7,1.0]","[0.8276572939815894,2.1376484723156848,1.7747515991340483,4.678687769727618]",1
30000.0,0.0,4.5,1.0,"[30000.0,0.0,4.5,1.0]","[0.16352554543893363,0.0,1.6992302544900462,4.678687769727618]",0
33500.0,0.0,4.5,1.0,"[33500.0,0.0,4.5,1.0]","[0.18260352574014255,0.0,1.6992302544900462,4.678687769727618]",0
49600.0,0.0,4.5,1.0,"[49600.0,0.0,4.5,1.0]","[0.27036223512570356,0.0,1.6992302544900462,4.678687769727618]",0
27519.0,0.0,6.5,1.0,"[27519.0,0.0,6.5,1.0]","[0.1500019828311338,0.0,2.454443700930067,4.678687769727618]",0
31561.0,0.0,8.1,1.0,"[31561.0,0.0,8.1,1.0]","[0.1720343246532728,0.0,3.058614458082083,4.678687769727618]",0
144917.0,2.0,9.1,1.0,"[144917.0,2.0,9.1,1.0]","[0.7899210489457981,1.0688242361578424,3.436221181302093,4.678687769727618]",1
41386.0,0.0,9.4,1.0,"[41386.0,0.0,9.4,1.0]","[0.22558894078452357,0.0,3.5495031982680967,4.678687769727618]",0
106407.0,0.0,8.7,1.0,"[106407.0,0.0,8.7,1.0]","[0.5800087571173537,0.0,3.285178492014089,4.678687769727618]",0
213841.0,4.0,7.7,1.0,"[213841.0,4.0,7.7,1.0]","[1.1656155387402334,2.1376484723156848,2.907571768794079,4.678687769727618]",1
95282.0,0.0,7.5,1.0,"[95282.0,0.0,7.5,1.0]","[0.5193680340170824,0.0,2.832050424150077,4.678687769727618]",0
20599.0,0.0,9.5,1.0,"[20599.0,0.0,9.5,1.0]","[0.11228209034988645,0.0,3.5872638705900974,4.678687769727618]",0
159531.0,3.0,8.2,1.0,"[159531.0,3.0,8.2,1.0]","[0.8695797929806173,1.6032363542367636,3.096375130404084,4.678687769727618]",1
35254.0,0.0,7.7,1.0,"[35254.0,0.0,7.7,1.0]","[0.19216431929680552,0.0,2.907571768794079,4.678687769727618]",0
30550.0,0.0,6.9,1.0,"[30550.0,0.0,6.9,1.0]","[0.16652351377198074,0.0,2.605486390218071,4.678687769727618]",0
31432.0,0.0,7.4,1.0,"[31432.0,0.0,7.4,1.0]","[0.17133116480788538,0.0,2.7942897518280763,4.678687769727618]",0
23662.0,0.0,9.6,1.0,"[23662.0,0.0,9.6,1.0]","[0.12897804853920158,0.0,3.625024542912098,4.678687769727618]",0
82822.0,0.0,7.0,1.0,"[82822.0,0.0,7.0,1.0]","[0.4514504241447787,0.0,2.643247062540072,4.678687769727618]",0
79465.0,0.0,9.3,1.0,"[79465.0,0.0,9.3,1.0]","[0.43315191561016203,0.0,3.511742525946096,4.678687769727618]",0
80400.0,0.0,4.5,1.0,"[80400.0,0.0,4.5,1.0]","[0.4382484617763421,0.0,1.6992302544900462,4.678687769727618]",0
151821.0,3.0,7.1,1.0,"[151821.0,3.0,7.1,1.0]","[0.8275537278028113,1.6032363542367636,2.6810077348620727,4.678687769727618]",1
34848.0,0.0,7.8,1.0,"[34848.0,0.0,7.8,1.0]","[0.18995127358186528,0.0,2.94533244111608,4.678687769727618]",0
151494.0,4.0,8.7,1.0,"[151494.0,4.0,8.7,1.0]","[0.825771299357527,2.1376484723156848,3.285178492014089,4.678687769727618]",1
71945.0,0.0,9.1,1.0,"[71945.0,0.0,9.1,1.0]","[0.39216151222013595,0.0,3.436221181302093,4.678687769727618]",0
182894.0,2.0,7.7,1.0,"[182894.0,2.0,7.7,1.0]","[0.9969280369169442,1.0688242361578424,2.907571768794079,4.678687769727618]",1
93055.0,0.0,9.7,1.0,"[93055.0,0.0,9.7,1.0]","[0.5072289876939989,0.0,3.6627852152340994,4.678687769727618]",0
95886.0,3.0,8.6,1.0,"[95886.0,3.0,8.6,1.0]","[0.5226603483319197,1.6032363542367636,3.247417819692088,4.678687769727618]",1
35680.0,0.0,6.6,1.0,"[35680.0,0.0,6.6,1.0]","[0.19448638204203839,0.0,2.4922043732520676,4.678687769727618]",0
57881.0,0.0,7.0,1.0,"[57881.0,0.0,7.0,1.0]","[0.3155007365183639,0.0,2.643247062540072,4.678687769727618]",0
22840.0,0.0,8.0,1.0,"[22840.0,0.0,8.0,1.0]","[0.1244974485941748,0.0,3.020853785760082,4.678687769727618]",0
43228.0,0.0,9.0,1.0,"[43228.0,0.0,9.0,1.0]","[0.2356294092744741,0.0,3.3984605089800923,4.678687769727618]",0
80900.0,0.0,4.5,1.0,"[80900.0,0.0,4.5,1.0]","[0.4409738875336577,0.0,1.6992302544900462,4.678687769727618]",0
80630.0,0.0,6.6,1.0,"[80630.0,0.0,6.6,1.0]","[0.4395021576247073,0.0,2.4922043732520676,4.678687769727618]",0
27678.0,0.0,9.1,1.0,"[27678.0,0.0,9.1,1.0]","[0.15086866822196016,0.0,3.436221181302093,4.678687769727618]",0
80800.0,0.0,4.5,1.0,"[80800.0,0.0,4.5,1.0]","[0.44042880238219456,0.0,1.6992302544900462,4.678687769727618]",0
22305.0,0.0,9.1,1.0,"[22305.0,0.0,9.1,1.0]","[0.12158124303384715,0.0,3.436221181302093,4.678687769727618]",0
32000.0,0.0,7.9,1.0,"[32000.0,0.0,7.9,1.0]","[0.17442724846819585,0.0,2.9830931134380814,4.678687769727618]",0
203553.0,3.0,7.6,1.0,"[203553.0,3.0,7.6,1.0]","[1.1095371783577086,1.6032363542367636,2.8698110964720778,4.678687769727618]",1
124534.0,5.0,8.6,1.0,"[124534.0,5.0,8.6,1.0]","[0.678816342523072,2.672060590394606,3.247417819692088,4.678687769727618]",1
30744.0,0.0,9.7,1.0,"[30744.0,0.0,9.7,1.0]","[0.16758097896581917,0.0,3.6627852152340994,4.678687769727618]",0
216143.0,3.0,8.9,1.0,"[216143.0,3.0,8.9,1.0]","[1.1781633989269142,1.6032363542367636,3.3606998366580916,4.678687769727618]",1
148565.0,2.0,7.6,1.0,"[148565.0,2.0,7.6,1.0]","[0.8098057552711725,1.0688242361578424,2.8698110964720778,4.678687769727618]",1
33628.0,0.0,7.7,1.0,"[33628.0,0.0,7.7,1.0]","[0.18330123473401533,0.0,2.907571768794079,4.678687769727618]",0
84600.0,0.0,4.5,1.0,"[84600.0,0.0,4.5,1.0]","[0.4611420381377928,0.0,1.6992302544900462,4.678687769727618]",0
21904.0,0.0,8.9,1.0,"[21904.0,0.0,8.9,1.0]","[0.11939545157648007,0.0,3.3606998366580916,4.678687769727618]",0
29388.0,0.0,8.6,1.0,"[29388.0,0.0,8.6,1.0]","[0.1601896243119794,0.0,3.247417819692088,4.678687769727618]",0
81500.0,0.0,4.5,1.0,"[81500.0,0.0,4.5,1.0]","[0.44424439844243635,0.0,1.6992302544900462,4.678687769727618]",0
78571.0,0.0,7.9,1.0,"[78571.0,0.0,7.9,1.0]","[0.42827885435608176,0.0,2.9830931134380814,4.678687769727618]",0
180940.0,4.0,8.8,1.0,"[180940.0,4.0,8.8,1.0]","[0.986277073057355,2.1376484723156848,3.322939164336091,4.678687769727618]",1
29057.0,0.0,7.3,1.0,"[29057.0,0.0,7.3,1.0]","[0.1583853924606365,0.0,2.756529079506075,4.678687769727618]",0
126797.0,2.0,8.0,1.0,"[126797.0,2.0,8.0,1.0]","[0.6911516195006823,1.0688242361578424,3.020853785760082,4.678687769727618]",1
59493.0,0.0,9.0,1.0,"[59493.0,0.0,9.0,1.0]","[0.32428750915994925,0.0,3.3984605089800923,4.678687769727618]",0
84800.0,0.0,4.5,1.0,"[84800.0,0.0,4.5,1.0]","[0.46223220844071905,0.0,1.6992302544900462,4.678687769727618]",0
42982.0,0.0,7.7,1.0,"[42982.0,0.0,7.7,1.0]","[0.23428849980187483,0.0,2.907571768794079,4.678687769727618]",0
21764.0,0.0,9.6,1.0,"[21764.0,0.0,9.6,1.0]","[0.11863233236443171,0.0,3.625024542912098,4.678687769727618]",0
188157.0,5.0,6.6,1.0,"[188157.0,5.0,6.6,1.0]","[1.0256158684384478,2.672060590394606,2.4922043732520676,4.678687769727618]",1
55165.0,2.0,8.4,1.0,"[55165.0,2.0,8.4,1.0]","[0.3006962238046258,1.0688242361578424,3.1718964750480865,4.678687769727618]",1
35474.0,0.0,7.1,1.0,"[35474.0,0.0,7.1,1.0]","[0.19336350663002438,0.0,2.6810077348620727,4.678687769727618]",0
65801.0,0.0,8.3,1.0,"[65801.0,0.0,8.3,1.0]","[0.35867148051424236,0.0,3.1341358027260853,4.678687769727618]",0
180894.0,4.0,7.9,1.0,"[180894.0,4.0,7.9,1.0]","[0.9860263338876819,2.1376484723156848,2.9830931134380814,4.678687769727618]",1
61622.0,2.0,7.0,1.0,"[61622.0,2.0,7.0,1.0]","[0.33589237203459893,1.0688242361578424,2.643247062540072,4.678687769727618]",0
82000.0,0.0,4.5,1.0,"[82000.0,0.0,4.5,1.0]","[0.4469698241997519,0.0,1.6992302544900462,4.678687769727618]",0
121049.0,4.0,9.0,1.0,"[121049.0,4.0,9.0,1.0]","[0.6598201249945825,2.1376484723156848,3.3984605089800923,4.678687769727618]",1
23835.0,0.0,7.4,1.0,"[23835.0,0.0,7.4,1.0]","[0.12992104585123276,0.0,2.7942897518280763,4.678687769727618]",0
52581.0,0.0,7.6,1.0,"[52581.0,0.0,7.6,1.0]","[0.28661122349081897,0.0,2.8698110964720778,4.678687769727618]",0
85206.0,0.0,6.5,1.0,"[85206.0,0.0,6.5,1.0]","[0.4644452541556593,0.0,2.454443700930067,4.678687769727618]",0
183215.0,2.0,8.7,1.0,"[183215.0,2.0,8.7,1.0]","[0.9986777602531408,1.0688242361578424,3.285178492014089,4.678687769727618]",1
196873.0,3.0,9.4,1.0,"[196873.0,3.0,9.4,1.0]","[1.0731254902399727,1.6032363542367636,3.5495031982680967,4.678687769727618]",1
37295.0,0.0,9.0,1.0,"[37295.0,0.0,9.0,1.0]","[0.20328950723816766,0.0,3.3984605089800923,4.678687769727618]",0
26978.0,0.0,8.8,1.0,"[26978.0,0.0,8.8,1.0]","[0.14705307216171837,0.0,3.322939164336091,4.678687769727618]",0
205203.0,2.0,8.2,1.0,"[205203.0,2.0,8.2,1.0]","[1.1185310833568498,1.0688242361578424,3.096375130404084,4.678687769727618]",1
177167.0,5.0,8.6,1.0,"[177167.0,5.0,8.6,1.0]","[0.9657110102926517,2.672060590394606,3.247417819692088,4.678687769727618]",1
107164.0,0.0,7.8,1.0,"[107164.0,0.0,7.8,1.0]","[0.5841350517139294,0.0,2.94533244111608,4.678687769727618]",0
84400.0,0.0,4.5,1.0,"[84400.0,0.0,4.5,1.0]","[0.46005186783486657,0.0,1.6992302544900462,4.678687769727618]",0
28778.0,0.0,9.0,1.0,"[28778.0,0.0,9.0,1.0]","[0.1568646048880544,0.0,3.3984605089800923,4.678687769727618]",0
39504.0,0.0,7.1,1.0,"[39504.0,0.0,7.1,1.0]","[0.2153304382339878,0.0,2.6810077348620727,4.678687769727618]",0
96050.0,0.0,7.1,1.0,"[96050.0,0.0,7.1,1.0]","[0.5235542879803191,0.0,2.6810077348620727,4.678687769727618]",0
45109.0,0.0,7.0,1.0,"[45109.0,0.0,7.0,1.0]","[0.24588246097349523,0.0,2.643247062540072,4.678687769727618]",0
35876.0,0.0,9.3,1.0,"[35876.0,0.0,9.3,1.0]","[0.1955547489389061,0.0,3.511742525946096,4.678687769727618]",0
79100.0,0.0,4.5,1.0,"[79100.0,0.0,4.5,1.0]","[0.4311623548073216,0.0,1.6992302544900462,4.678687769727618]",0
207464.0,3.0,8.4,1.0,"[207464.0,3.0,8.4,1.0]","[1.1308554586314308,1.6032363542367636,3.1718964750480865,4.678687769727618]",1
69681.0,0.0,9.7,1.0,"[69681.0,0.0,9.7,1.0]","[0.37982078439101113,0.0,3.6627852152340994,4.678687769727618]",0
97624.0,3.0,9.7,1.0,"[97624.0,3.0,9.7,1.0]","[0.5321339282643486,1.6032363542367636,3.6627852152340994,4.678687769727618]",1
198171.0,2.0,8.6,1.0,"[198171.0,2.0,8.6,1.0]","[1.0802006955059638,1.0688242361578424,3.247417819692088,4.678687769727618]",1
66643.0,5.0,9.6,1.0,"[66643.0,5.0,9.6,1.0]","[0.36326109748956176,2.672060590394606,3.625024542912098,4.678687769727618]",1
82400.0,0.0,4.5,1.0,"[82400.0,0.0,4.5,1.0]","[0.4491501648056043,0.0,1.6992302544900462,4.678687769727618]",0
88059.0,0.0,8.8,1.0,"[88059.0,0.0,8.8,1.0]","[0.47999653352690186,0.0,3.322939164336091,4.678687769727618]",0
22784.0,0.0,9.2,1.0,"[22784.0,0.0,9.2,1.0]","[0.12419220090935545,0.0,3.4739818536240943,4.678687769727618]",0
81089.0,0.0,6.7,1.0,"[81089.0,0.0,6.7,1.0]","[0.44200409846992295,0.0,2.5299650455740688,4.678687769727618]",0
172125.0,5.0,7.3,1.0,"[172125.0,5.0,7.3,1.0]","[0.9382278169558816,2.672060590394606,2.756529079506075,4.678687769727618]",1
193960.0,5.0,6.6,1.0,"[193960.0,5.0,6.6,1.0]","[1.057247159777852,2.672060590394606,2.4922043732520676,4.678687769727618]",1
118398.0,0.0,6.9,1.0,"[118398.0,0.0,6.9,1.0]","[0.6453699176292954,0.0,2.605486390218071,4.678687769727618]",0
142662.0,2.0,8.6,1.0,"[142662.0,2.0,8.6,1.0]","[0.7776293787803049,1.0688242361578424,3.247417819692088,4.678687769727618]",1
81700.0,0.0,4.5,1.0,"[81700.0,0.0,4.5,1.0]","[0.44533456874536254,0.0,1.6992302544900462,4.678687769727618]",0
102467.0,3.0,7.4,1.0,"[102467.0,3.0,7.4,1.0]","[0.558532402149707,1.6032363542367636,2.7942897518280763,4.678687769727618]",1
79000.0,0.0,4.5,1.0,"[79000.0,0.0,4.5,1.0]","[0.43061726965585856,0.0,1.6992302544900462,4.678687769727618]",0
82300.0,0.0,4.5,1.0,"[82300.0,0.0,4.5,1.0]","[0.44860507965414126,0.0,1.6992302544900462,4.678687769727618]",0
84000.0,0.0,4.5,1.0,"[84000.0,0.0,4.5,1.0]","[0.45787152722901414,0.0,1.6992302544900462,4.678687769727618]",0
56477.0,0.0,9.0,1.0,"[56477.0,0.0,9.0,1.0]","[0.3078477409918218,0.0,3.3984605089800923,4.678687769727618]",0
78800.0,0.0,4.5,1.0,"[78800.0,0.0,4.5,1.0]","[0.4295270993529323,0.0,1.6992302544900462,4.678687769727618]",0
93565.0,0.0,9.7,1.0,"[93565.0,0.0,9.7,1.0]","[0.5100089219664609,0.0,3.6627852152340994,4.678687769727618]",0
62778.0,4.0,7.5,1.0,"[62778.0,4.0,7.5,1.0]","[0.3421935563855125,2.1376484723156848,2.832050424150077,4.678687769727618]",1
63642.0,0.0,6.7,1.0,"[63642.0,0.0,6.7,1.0]","[0.34690309209415376,0.0,2.5299650455740688,4.678687769727618]",0
202198.0,3.0,8.1,1.0,"[202198.0,3.0,8.1,1.0]","[1.1021512745553834,1.6032363542367636,3.058614458082083,4.678687769727618]",1
110749.0,2.0,8.7,1.0,"[110749.0,2.0,8.7,1.0]","[0.603676354393882,1.0688242361578424,3.285178492014089,4.678687769727618]",1
87657.0,0.0,7.3,1.0,"[87657.0,0.0,7.3,1.0]","[0.4778052912180201,0.0,2.756529079506075,4.678687769727618]",0
81072.0,0.0,9.5,1.0,"[81072.0,0.0,9.5,1.0]","[0.4419114339941742,0.0,3.5872638705900974,4.678687769727618]",0
83400.0,0.0,4.5,1.0,"[83400.0,0.0,4.5,1.0]","[0.4546010163202355,0.0,1.6992302544900462,4.678687769727618]",0
66181.0,0.0,7.0,1.0,"[66181.0,0.0,7.0,1.0]","[0.3607428040898022,0.0,2.643247062540072,4.678687769727618]",0
138729.0,5.0,6.8,1.0,"[138729.0,5.0,6.8,1.0]","[0.7561911797732608,2.672060590394606,2.5677257178960695,4.678687769727618]",1
25635.0,0.0,8.5,1.0,"[25635.0,0.0,8.5,1.0]","[0.13973257857756877,0.0,3.2096571473700872,4.678687769727618]",0
206491.0,3.0,8.7,1.0,"[206491.0,3.0,8.7,1.0]","[1.1255517801076949,1.6032363542367636,3.285178492014089,4.678687769727618]",1
61193.0,0.0,8.4,1.0,"[61193.0,0.0,8.4,1.0]","[0.3335539567348222,0.0,3.1718964750480865,4.678687769727618]",0
124407.0,0.0,9.2,1.0,"[124407.0,0.0,9.2,1.0]","[0.6781240843807138,0.0,3.4739818536240943,4.678687769727618]",0
190485.0,5.0,8.0,1.0,"[190485.0,5.0,8.0,1.0]","[1.038305450764509,2.672060590394606,3.020853785760082,4.678687769727618]",1
34265.0,0.0,9.2,1.0,"[34265.0,0.0,9.2,1.0]","[0.18677342714883535,0.0,3.4739818536240943,4.678687769727618]",0
104194.0,0.0,6.9,1.0,"[104194.0,0.0,6.9,1.0]","[0.567946022715475,0.0,2.605486390218071,4.678687769727618]",0
77752.0,4.0,7.8,1.0,"[77752.0,4.0,7.8,1.0]","[0.4238146069655989,2.1376484723156848,2.94533244111608,4.678687769727618]",1
83500.0,0.0,4.5,1.0,"[83500.0,0.0,4.5,1.0]","[0.4551461014716986,0.0,1.6992302544900462,4.678687769727618]",0
45699.0,0.0,8.4,1.0,"[45699.0,0.0,8.4,1.0]","[0.2490984633671276,0.0,3.1718964750480865,4.678687769727618]",0
170488.0,2.0,7.4,1.0,"[170488.0,2.0,7.4,1.0]","[0.9293047730264306,1.0688242361578424,2.7942897518280763,4.678687769727618]",1
81571.0,3.0,9.0,1.0,"[81571.0,3.0,9.0,1.0]","[0.44463140889997516,1.6032363542367636,3.3984605089800923,4.678687769727618]",1
79600.0,0.0,4.5,1.0,"[79600.0,0.0,4.5,1.0]","[0.4338877805646372,0.0,1.6992302544900462,4.678687769727618]",0
80000.0,0.0,4.5,1.0,"[80000.0,0.0,4.5,1.0]","[0.43606812117048965,0.0,1.6992302544900462,4.678687769727618]",0
116842.0,0.0,8.1,1.0,"[116842.0,0.0,8.1,1.0]","[0.6368883926725294,0.0,3.058614458082083,4.678687769727618]",0
66862.0,0.0,7.3,1.0,"[66862.0,0.0,7.3,1.0]","[0.364454833971266,0.0,2.756529079506075,4.678687769727618]",0
42086.0,0.0,9.4,1.0,"[42086.0,0.0,9.4,1.0]","[0.22940453684476533,0.0,3.5495031982680967,4.678687769727618]",0
42554.0,0.0,9.5,1.0,"[42554.0,0.0,9.5,1.0]","[0.2319555353536127,0.0,3.5872638705900974,4.678687769727618]",0
31034.0,0.0,9.0,1.0,"[31034.0,0.0,9.0,1.0]","[0.1691617259050622,0.0,3.3984605089800923,4.678687769727618]",0
221163.0,4.0,9.8,1.0,"[221163.0,4.0,9.8,1.0]","[1.2055266735303625,2.1376484723156848,3.700545887556101,4.678687769727618]",1
40002.0,0.0,7.9,1.0,"[40002.0,0.0,7.9,1.0]","[0.21804496228827408,0.0,2.9830931134380814,4.678687769727618]",0
109163.0,0.0,6.8,1.0,"[109163.0,0.0,6.8,1.0]","[0.595031303891677,0.0,2.5677257178960695,4.678687769727618]",0
174258.0,3.0,8.9,1.0,"[174258.0,3.0,8.9,1.0]","[0.9498544832365898,1.6032363542367636,3.3606998366580916,4.678687769727618]",1
73481.0,0.0,7.3,1.0,"[73481.0,0.0,7.3,1.0]","[0.4005340201466094,0.0,2.756529079506075,4.678687769727618]",0
174471.0,3.0,7.0,1.0,"[174471.0,3.0,7.0,1.0]","[0.9510155146092063,1.6032363542367636,2.643247062540072,4.678687769727618]",1
92661.0,0.0,9.7,1.0,"[92661.0,0.0,9.7,1.0]","[0.5050813521972343,0.0,3.6627852152340994,4.678687769727618]",0
30041.0,0.0,7.2,1.0,"[30041.0,0.0,7.2,1.0]","[0.1637490303510335,0.0,2.718768407184074,4.678687769727618]",0
112514.0,0.0,7.5,1.0,"[112514.0,0.0,7.5,1.0]","[0.6132971073172059,0.0,2.832050424150077,4.678687769727618]",0
80700.0,0.0,4.5,1.0,"[80700.0,0.0,4.5,1.0]","[0.43988371723073144,0.0,1.6992302544900462,4.678687769727618]",0
64855.0,4.0,7.8,1.0,"[64855.0,4.0,7.8,1.0]","[0.35351497498140133,2.1376484723156848,2.94533244111608,4.678687769727618]",1
35375.0,0.0,8.4,1.0,"[35375.0,0.0,8.4,1.0]","[0.1928238723300759,0.0,3.1718964750480865,4.678687769727618]",0
83300.0,0.0,4.5,1.0,"[83300.0,0.0,4.5,1.0]","[0.45405593116877235,0.0,1.6992302544900462,4.678687769727618]",0
92359.0,3.0,9.1,1.0,"[92359.0,3.0,9.1,1.0]","[0.5034351950398157,1.6032363542367636,3.436221181302093,4.678687769727618]",1
97591.0,0.0,7.5,1.0,"[97591.0,0.0,7.5,1.0]","[0.5319540501643657,0.0,2.832050424150077,4.678687769727618]",0
78300.0,0.0,4.5,1.0,"[78300.0,0.0,4.5,1.0]","[0.42680167359561677,0.0,1.6992302544900462,4.678687769727618]",0
82700.0,0.0,4.5,1.0,"[82700.0,0.0,4.5,1.0]","[0.4507854202599937,0.0,1.6992302544900462,4.678687769727618]",0
22408.0,0.0,6.5,1.0,"[22408.0,0.0,6.5,1.0]","[0.12214268073985415,0.0,2.454443700930067,4.678687769727618]",0
79400.0,0.0,4.5,1.0,"[79400.0,0.0,4.5,1.0]","[0.432797610261711,0.0,1.6992302544900462,4.678687769727618]",0
54493.0,0.0,8.1,1.0,"[54493.0,0.0,8.1,1.0]","[0.29703325158679367,0.0,3.058614458082083,4.678687769727618]",0
120240.0,3.0,7.7,1.0,"[120240.0,3.0,7.7,1.0]","[0.655410386119246,1.6032363542367636,2.907571768794079,4.678687769727618]",1
108624.0,0.0,8.4,1.0,"[108624.0,0.0,8.4,1.0]","[0.5920932949252908,0.0,3.1718964750480865,4.678687769727618]",0
27872.0,0.0,9.2,1.0,"[27872.0,0.0,9.2,1.0]","[0.1519261334157986,0.0,3.4739818536240943,4.678687769727618]",0
25361.0,0.0,6.5,1.0,"[25361.0,0.0,6.5,1.0]","[0.13823904526255984,0.0,2.454443700930067,4.678687769727618]",0
86524.0,5.0,7.7,1.0,"[86524.0,5.0,7.7,1.0]","[0.4716294764519431,2.672060590394606,2.907571768794079,4.678687769727618]",1
80667.0,0.0,8.5,1.0,"[80667.0,0.0,8.5,1.0]","[0.4397038391307486,0.0,3.2096571473700872,4.678687769727618]",0
213309.0,3.0,6.9,1.0,"[213309.0,3.0,6.9,1.0]","[1.1627156857344498,1.6032363542367636,2.605486390218071,4.678687769727618]",1
72037.0,0.0,7.9,1.0,"[72037.0,0.0,7.9,1.0]","[0.39266299055948206,0.0,2.9830931134380814,4.678687769727618]",0
28141.0,0.0,9.5,1.0,"[28141.0,0.0,9.5,1.0]","[0.15339241247323437,0.0,3.5872638705900974,4.678687769727618]",0
38515.0,0.0,9.7,1.0,"[38515.0,0.0,9.7,1.0]","[0.20993954608601761,0.0,3.6627852152340994,4.678687769727618]",0
79300.0,0.0,4.5,1.0,"[79300.0,0.0,4.5,1.0]","[0.43225252511024786,0.0,1.6992302544900462,4.678687769727618]",0
33040.0,0.0,9.1,1.0,"[33040.0,0.0,9.1,1.0]","[0.18009613404341224,0.0,3.436221181302093,4.678687769727618]",0
47627.0,0.0,8.3,1.0,"[47627.0,0.0,8.3,1.0]","[0.2596077050873364,0.0,3.1341358027260853,4.678687769727618]",0
38777.0,0.0,9.7,1.0,"[38777.0,0.0,9.7,1.0]","[0.21136766918285096,0.0,3.6627852152340994,4.678687769727618]",0
35262.0,0.0,9.8,1.0,"[35262.0,0.0,9.8,1.0]","[0.19220792610892257,0.0,3.700545887556101,4.678687769727618]",0
33668.0,0.0,8.2,1.0,"[33668.0,0.0,8.2,1.0]","[0.18351926879460057,0.0,3.096375130404084,4.678687769727618]",0
79900.0,0.0,4.5,1.0,"[79900.0,0.0,4.5,1.0]","[0.43552303601902653,0.0,1.6992302544900462,4.678687769727618]",0
84500.0,0.0,4.5,1.0,"[84500.0,0.0,4.5,1.0]","[0.4605969529863297,0.0,1.6992302544900462,4.678687769727618]",0
42782.0,0.0,6.5,1.0,"[42782.0,0.0,6.5,1.0]","[0.23319832949894861,0.0,2.454443700930067,4.678687769727618]",0
44198.0,0.0,6.9,1.0,"[44198.0,0.0,6.9,1.0]","[0.24091673524366627,0.0,2.605486390218071,4.678687769727618]",0
107271.0,0.0,7.8,1.0,"[107271.0,0.0,7.8,1.0]","[0.584718292825995,0.0,2.94533244111608,4.678687769727618]",0
34401.0,0.0,7.9,1.0,"[34401.0,0.0,7.9,1.0]","[0.18751474295482518,0.0,2.9830931134380814,4.678687769727618]",0
21548.0,0.0,8.3,1.0,"[21548.0,0.0,8.3,1.0]","[0.11745494843727139,0.0,3.1341358027260853,4.678687769727618]",0
36356.0,0.0,8.0,1.0,"[36356.0,0.0,8.0,1.0]","[0.19817115766592902,0.0,3.020853785760082,4.678687769727618]",0
132024.0,5.0,7.0,1.0,"[132024.0,5.0,7.0,1.0]","[0.719643220367659,2.672060590394606,2.643247062540072,4.678687769727618]",1
23549.0,0.0,9.3,1.0,"[23549.0,0.0,9.3,1.0]","[0.12836210231804826,0.0,3.511742525946096,4.678687769727618]",0
112536.0,3.0,8.0,1.0,"[112536.0,3.0,8.0,1.0]","[0.6134170260505278,1.6032363542367636,3.020853785760082,4.678687769727618]",1
98462.0,0.0,7.4,1.0,"[98462.0,0.0,7.4,1.0]","[0.5367017418336094,0.0,2.7942897518280763,4.678687769727618]",0
27616.0,0.0,7.9,1.0,"[27616.0,0.0,7.9,1.0]","[0.15053071542805302,0.0,2.9830931134380814,4.678687769727618]",0
79868.0,0.0,7.4,1.0,"[79868.0,0.0,7.4,1.0]","[0.43534860877055837,0.0,2.7942897518280763,4.678687769727618]",0
131379.0,5.0,6.8,1.0,"[131379.0,5.0,6.8,1.0]","[0.716127421140722,2.672060590394606,2.5677257178960695,4.678687769727618]",1
115807.0,0.0,6.8,1.0,"[115807.0,0.0,6.8,1.0]","[0.6312467613548862,0.0,2.5677257178960695,4.678687769727618]",0
56561.0,3.0,9.0,1.0,"[56561.0,3.0,9.0,1.0]","[0.3083056125190508,1.6032363542367636,3.3984605089800923,4.678687769727618]",1
30823.0,0.0,9.6,1.0,"[30823.0,0.0,9.6,1.0]","[0.16801159623547504,0.0,3.625024542912098,4.678687769727618]",0
97559.0,0.0,7.8,1.0,"[97559.0,0.0,7.8,1.0]","[0.5317796229158975,0.0,2.94533244111608,4.678687769727618]",0
101746.0,4.0,7.8,1.0,"[101746.0,4.0,7.8,1.0]","[0.554602338207658,2.1376484723156848,2.94533244111608,4.678687769727618]",1
156298.0,4.0,7.5,1.0,"[156298.0,4.0,7.5,1.0]","[0.8519571900338149,2.1376484723156848,2.832050424150077,4.678687769727618]",1
153719.0,4.0,9.6,1.0,"[153719.0,4.0,9.6,1.0]","[0.8378994439775812,2.1376484723156848,3.625024542912098,4.678687769727618]",1
23649.0,0.0,8.2,1.0,"[23649.0,0.0,8.2,1.0]","[0.12890718746951138,0.0,3.096375130404084,4.678687769727618]",0
49530.0,0.0,7.8,1.0,"[49530.0,0.0,7.8,1.0]","[0.2699806755196794,0.0,2.94533244111608,4.678687769727618]",0
94239.0,4.0,7.7,1.0,"[94239.0,4.0,7.7,1.0]","[0.5136827958873221,2.1376484723156848,2.907571768794079,4.678687769727618]",1
82200.0,0.0,4.5,1.0,"[82200.0,0.0,4.5,1.0]","[0.44805999450267814,0.0,1.6992302544900462,4.678687769727618]",0
98223.0,0.0,8.3,1.0,"[98223.0,0.0,8.3,1.0]","[0.5353989883216126,0.0,3.1341358027260853,4.678687769727618]",0
83054.0,0.0,8.9,1.0,"[83054.0,0.0,8.9,1.0]","[0.4527150216961731,0.0,3.3606998366580916,4.678687769727618]",0
53501.0,0.0,7.6,1.0,"[53501.0,0.0,7.6,1.0]","[0.2916260068842796,0.0,2.8698110964720778,4.678687769727618]",0
61092.0,0.0,6.6,1.0,"[61092.0,0.0,6.6,1.0]","[0.3330034207318444,0.0,2.4922043732520676,4.678687769727618]",0
57216.0,0.0,9.7,1.0,"[57216.0,0.0,9.7,1.0]","[0.3118759202611342,0.0,3.6627852152340994,4.678687769727618]",0
104647.0,4.0,7.2,1.0,"[104647.0,4.0,7.2,1.0]","[0.5704152584516029,2.1376484723156848,2.718768407184074,4.678687769727618]",1
78982.0,0.0,7.2,1.0,"[78982.0,0.0,7.2,1.0]","[0.43051915432859517,0.0,2.718768407184074,4.678687769727618]",0
81872.0,0.0,7.4,1.0,"[81872.0,0.0,7.4,1.0]","[0.4462721152058791,0.0,2.7942897518280763,4.678687769727618]",0
51955.0,0.0,8.4,1.0,"[51955.0,0.0,8.4,1.0]","[0.2831989904426599,0.0,3.1718964750480865,4.678687769727618]",0
36456.0,0.0,8.4,1.0,"[36456.0,0.0,8.4,1.0]","[0.19871624281739214,0.0,3.1718964750480865,4.678687769727618]",0
62895.0,0.0,7.7,1.0,"[62895.0,0.0,7.7,1.0]","[0.3428313060127243,0.0,2.907571768794079,4.678687769727618]",0
117394.0,0.0,9.0,1.0,"[117394.0,0.0,9.0,1.0]","[0.6398972627086058,0.0,3.3984605089800923,4.678687769727618]",0
20648.0,0.0,9.3,1.0,"[20648.0,0.0,9.3,1.0]","[0.11254918207410337,0.0,3.511742525946096,4.678687769727618]",0
123290.0,4.0,8.9,1.0,"[123290.0,4.0,8.9,1.0]","[0.6720354832388709,2.1376484723156848,3.3606998366580916,4.678687769727618]",1
36006.0,0.0,7.1,1.0,"[36006.0,0.0,7.1,1.0]","[0.19626335963580813,0.0,2.6810077348620727,4.678687769727618]",0
147333.0,3.0,8.8,1.0,"[147333.0,3.0,8.8,1.0]","[0.8030903062051469,1.6032363542367636,3.322939164336091,4.678687769727618]",1
39309.0,0.0,6.8,1.0,"[39309.0,0.0,6.8,1.0]","[0.21426752218863473,0.0,2.5677257178960695,4.678687769727618]",0
76136.0,0.0,8.7,1.0,"[76136.0,0.0,8.7,1.0]","[0.415006030917955,0.0,3.285178492014089,4.678687769727618]",0
180258.0,5.0,9.0,1.0,"[180258.0,5.0,9.0,1.0]","[0.9825595923243765,2.672060590394606,3.3984605089800923,4.678687769727618]",1
56747.0,0.0,8.7,1.0,"[56747.0,0.0,8.7,1.0]","[0.3093194709007722,0.0,3.285178492014089,4.678687769727618]",0
126843.0,4.0,8.4,1.0,"[126843.0,4.0,8.4,1.0]","[0.6914023586703553,2.1376484723156848,3.1718964750480865,4.678687769727618]",1
78200.0,0.0,4.5,1.0,"[78200.0,0.0,4.5,1.0]","[0.42625658844415365,0.0,1.6992302544900462,4.678687769727618]",0
84900.0,0.0,4.5,1.0,"[84900.0,0.0,4.5,1.0]","[0.46277729359218217,0.0,1.6992302544900462,4.678687769727618]",0
103169.0,5.0,9.2,1.0,"[103169.0,5.0,9.2,1.0]","[0.562358899912978,2.672060590394606,3.4739818536240943,4.678687769727618]",1
84873.0,0.0,9.7,1.0,"[84873.0,0.0,9.7,1.0]","[0.4626301206012871,0.0,3.6627852152340994,4.678687769727618]",0
38307.0,0.0,7.6,1.0,"[38307.0,0.0,7.6,1.0]","[0.20880576897097433,0.0,2.8698110964720778,4.678687769727618]",0
45947.0,0.0,8.8,1.0,"[45947.0,0.0,8.8,1.0]","[0.2504502745427561,0.0,3.322939164336091,4.678687769727618]",0
171286.0,5.0,8.3,1.0,"[171286.0,5.0,8.3,1.0]","[0.9336545525351061,2.672060590394606,3.1341358027260853,4.678687769727618]",1
36827.0,0.0,7.2,1.0,"[36827.0,0.0,7.2,1.0]","[0.20073850872932028,0.0,2.718768407184074,4.678687769727618]",0
82500.0,0.0,4.5,1.0,"[82500.0,0.0,4.5,1.0]","[0.44969524995706744,0.0,1.6992302544900462,4.678687769727618]",0
43321.0,0.0,7.4,1.0,"[43321.0,0.0,7.4,1.0]","[0.23613633846533477,0.0,2.7942897518280763,4.678687769727618]",0
156047.0,4.0,8.6,1.0,"[156047.0,4.0,8.6,1.0]","[0.8505890263036425,2.1376484723156848,3.247417819692088,4.678687769727618]",1
108101.0,0.0,7.4,1.0,"[108101.0,0.0,7.4,1.0]","[0.5892424995831388,0.0,2.7942897518280763,4.678687769727618]",0
94673.0,0.0,7.3,1.0,"[94673.0,0.0,7.3,1.0]","[0.5160484654446721,0.0,2.756529079506075,4.678687769727618]",0
208932.0,4.0,9.5,1.0,"[208932.0,4.0,9.5,1.0]","[1.1388573086549094,2.1376484723156848,3.5872638705900974,4.678687769727618]",1
119538.0,0.0,8.3,1.0,"[119538.0,0.0,8.3,1.0]","[0.6515838883559749,0.0,3.1341358027260853,4.678687769727618]",0
82512.0,5.0,7.8,1.0,"[82512.0,5.0,7.8,1.0]","[0.449760660175243,2.672060590394606,2.94533244111608,4.678687769727618]",1
61075.0,0.0,9.2,1.0,"[61075.0,0.0,9.2,1.0]","[0.3329107562560957,0.0,3.4739818536240943,4.678687769727618]",0
81760.0,0.0,6.8,1.0,"[81760.0,0.0,6.8,1.0]","[0.4456616198362404,0.0,2.5677257178960695,4.678687769727618]",0
166083.0,5.0,7.6,1.0,"[166083.0,5.0,7.6,1.0]","[0.9052937721044805,2.672060590394606,2.8698110964720778,4.678687769727618]",1
84700.0,0.0,4.5,1.0,"[84700.0,0.0,4.5,1.0]","[0.46168712328925593,0.0,1.6992302544900462,4.678687769727618]",0
129614.0,2.0,7.9,1.0,"[129614.0,2.0,7.9,1.0]","[0.706506668217398,1.0688242361578424,2.9830931134380814,4.678687769727618]",1
110091.0,0.0,8.5,1.0,"[110091.0,0.0,8.5,1.0]","[0.6000896940972547,0.0,3.2096571473700872,4.678687769727618]",0
166872.0,3.0,7.1,1.0,"[166872.0,3.0,7.1,1.0]","[0.9095944939495244,1.6032363542367636,2.6810077348620727,4.678687769727618]",1
171368.0,2.0,9.3,1.0,"[171368.0,2.0,9.3,1.0]","[0.9341015223593059,1.0688242361578424,3.511742525946096,4.678687769727618]",1
83660.0,0.0,7.0,1.0,"[83660.0,0.0,7.0,1.0]","[0.45601823771403954,0.0,2.643247062540072,4.678687769727618]",0
203343.0,5.0,8.7,1.0,"[203343.0,5.0,8.7,1.0]","[1.108392499539636,2.672060590394606,3.285178492014089,4.678687769727618]",1
212232.0,4.0,9.6,1.0,"[212232.0,4.0,9.6,1.0]","[1.156845118653192,2.1376484723156848,3.625024542912098,4.678687769727618]",1
81797.0,0.0,8.2,1.0,"[81797.0,0.0,8.2,1.0]","[0.4458633013422818,0.0,3.096375130404084,4.678687769727618]",0
45868.0,0.0,7.5,1.0,"[45868.0,0.0,7.5,1.0]","[0.25001965727310027,0.0,2.832050424150077,4.678687769727618]",0
86195.0,0.0,6.9,1.0,"[86195.0,0.0,6.9,1.0]","[0.46983614630362946,0.0,2.605486390218071,4.678687769727618]",0
77900.0,0.0,4.5,1.0,"[77900.0,0.0,4.5,1.0]","[0.4246213329897643,0.0,1.6992302544900462,4.678687769727618]",0
99659.0,0.0,9.0,1.0,"[99659.0,0.0,9.0,1.0]","[0.5432264110966228,0.0,3.3984605089800923,4.678687769727618]",0
45647.0,0.0,8.1,1.0,"[45647.0,0.0,8.1,1.0]","[0.24881501908836676,0.0,3.058614458082083,4.678687769727618]",0
103801.0,2.0,7.0,1.0,"[103801.0,2.0,7.0,1.0]","[0.5658038380702249,1.0688242361578424,2.643247062540072,4.678687769727618]",1
78700.0,0.0,4.5,1.0,"[78700.0,0.0,4.5,1.0]","[0.4289820142014692,0.0,1.6992302544900462,4.678687769727618]",0
59433.0,0.0,7.7,1.0,"[59433.0,0.0,7.7,1.0]","[0.3239604580690714,0.0,2.907571768794079,4.678687769727618]",0
26148.0,0.0,7.9,1.0,"[26148.0,0.0,7.9,1.0]","[0.14252886540457455,0.0,2.9830931134380814,4.678687769727618]",0
68567.0,0.0,9.7,1.0,"[68567.0,0.0,9.7,1.0]","[0.37374853580371203,0.0,3.6627852152340994,4.678687769727618]",0
84100.0,0.0,4.5,1.0,"[84100.0,0.0,4.5,1.0]","[0.45841661238047726,0.0,1.6992302544900462,4.678687769727618]",0
47378.0,0.0,8.2,1.0,"[47378.0,0.0,8.2,1.0]","[0.25825044306019324,0.0,3.096375130404084,4.678687769727618]",0
41934.0,0.0,7.0,1.0,"[41934.0,0.0,7.0,1.0]","[0.22857600741454143,0.0,2.643247062540072,4.678687769727618]",0
109941.0,0.0,7.8,1.0,"[109941.0,0.0,7.8,1.0]","[0.59927206637006,0.0,2.94533244111608,4.678687769727618]",0
28962.0,0.0,9.0,1.0,"[28962.0,0.0,9.0,1.0]","[0.15786756156674653,0.0,3.3984605089800923,4.678687769727618]",0
194984.0,4.0,6.8,1.0,"[194984.0,4.0,6.8,1.0]","[1.0628288317288344,2.1376484723156848,2.5677257178960695,4.678687769727618]",1
44684.0,0.0,8.4,1.0,"[44684.0,0.0,8.4,1.0]","[0.243565849079777,0.0,3.1718964750480865,4.678687769727618]",0
74007.0,0.0,9.8,1.0,"[74007.0,0.0,9.8,1.0]","[0.40340116804330534,0.0,3.700545887556101,4.678687769727618]",0
82378.0,0.0,8.6,1.0,"[82378.0,0.0,8.6,1.0]","[0.4490302460722825,0.0,3.247417819692088,4.678687769727618]",0
25958.0,0.0,8.0,1.0,"[25958.0,0.0,8.0,1.0]","[0.14149320361679463,0.0,3.020853785760082,4.678687769727618]",0
27907.0,0.0,8.6,1.0,"[27907.0,0.0,8.6,1.0]","[0.15211691321881068,0.0,3.247417819692088,4.678687769727618]",0
101406.0,0.0,9.3,1.0,"[101406.0,0.0,9.3,1.0]","[0.5527490486926834,0.0,3.511742525946096,4.678687769727618]",0
53271.0,0.0,7.4,1.0,"[53271.0,0.0,7.4,1.0]","[0.29037231103591443,0.0,2.7942897518280763,4.678687769727618]",0
129603.0,4.0,9.7,1.0,"[129603.0,4.0,9.7,1.0]","[0.7064467088507371,2.1376484723156848,3.6627852152340994,4.678687769727618]",1
60814.0,0.0,6.6,1.0,"[60814.0,0.0,6.6,1.0]","[0.33148808401077695,0.0,2.4922043732520676,4.678687769727618]",0
74699.0,0.0,8.4,1.0,"[74699.0,0.0,8.4,1.0]","[0.4071731572914301,0.0,3.1718964750480865,4.678687769727618]",0
20045.0,0.0,7.8,1.0,"[20045.0,0.0,7.8,1.0]","[0.10926231861078081,0.0,2.94533244111608,4.678687769727618]",0
56282.0,3.0,8.2,1.0,"[56282.0,3.0,8.2,1.0]","[0.30678482494646875,1.6032363542367636,3.096375130404084,4.678687769727618]",1
69127.0,0.0,8.6,1.0,"[69127.0,0.0,8.6,1.0]","[0.37680101265190546,0.0,3.247417819692088,4.678687769727618]",0
118346.0,0.0,6.6,1.0,"[118346.0,0.0,6.6,1.0]","[0.6450864733505346,0.0,2.4922043732520676,4.678687769727618]",0
175898.0,4.0,8.4,1.0,"[175898.0,4.0,8.4,1.0]","[0.9587938797205848,2.1376484723156848,3.1718964750480865,4.678687769727618]",1
69501.0,0.0,7.3,1.0,"[69501.0,0.0,7.3,1.0]","[0.37883963111837754,0.0,2.756529079506075,4.678687769727618]",0
29920.0,0.0,9.4,1.0,"[29920.0,0.0,9.4,1.0]","[0.16308947731776313,0.0,3.5495031982680967,4.678687769727618]",0
185004.0,3.0,8.2,1.0,"[185004.0,3.0,8.2,1.0]","[1.0084293336128158,1.6032363542367636,3.096375130404084,4.678687769727618]",1
85377.0,0.0,8.6,1.0,"[85377.0,0.0,8.6,1.0]","[0.4653773497646612,0.0,3.247417819692088,4.678687769727618]",0
33271.0,0.0,7.4,1.0,"[33271.0,0.0,7.4,1.0]","[0.18135528074329202,0.0,2.7942897518280763,4.678687769727618]",0
28239.0,0.0,7.3,1.0,"[28239.0,0.0,7.3,1.0]","[0.1539265959216682,0.0,2.756529079506075,4.678687769727618]",0
82100.0,0.0,4.5,1.0,"[82100.0,0.0,4.5,1.0]","[0.447514909351215,0.0,1.6992302544900462,4.678687769727618]",0
188985.0,4.0,6.6,1.0,"[188985.0,4.0,6.6,1.0]","[1.0301291734925624,2.1376484723156848,2.4922043732520676,4.678687769727618]",1
62120.0,5.0,8.8,1.0,"[62120.0,5.0,8.8,1.0]","[0.3386068960888852,2.672060590394606,3.322939164336091,4.678687769727618]",1
82900.0,0.0,4.5,1.0,"[82900.0,0.0,4.5,1.0]","[0.4518755905629199,0.0,1.6992302544900462,4.678687769727618]",0
39517.0,0.0,8.4,1.0,"[39517.0,0.0,8.4,1.0]","[0.215401299303678,0.0,3.1718964750480865,4.678687769727618]",0
35369.0,0.0,6.9,1.0,"[35369.0,0.0,6.9,1.0]","[0.1927911672209881,0.0,2.605486390218071,4.678687769727618]",0
81000.0,0.0,4.5,1.0,"[81000.0,0.0,4.5,1.0]","[0.4415189726851208,0.0,1.6992302544900462,4.678687769727618]",0
54675.0,0.0,8.1,1.0,"[54675.0,0.0,8.1,1.0]","[0.2980253065624565,0.0,3.058614458082083,4.678687769727618]",0
88116.0,4.0,8.7,1.0,"[88116.0,4.0,8.7,1.0]","[0.48030723206323583,2.1376484723156848,3.285178492014089,4.678687769727618]",1
30963.0,0.0,8.7,1.0,"[30963.0,0.0,8.7,1.0]","[0.1687747154475234,0.0,3.285178492014089,4.678687769727618]",0
149313.0,3.0,9.7,1.0,"[149313.0,3.0,9.7,1.0]","[0.8138829922041165,1.6032363542367636,3.6627852152340994,4.678687769727618]",1
165434.0,3.0,8.1,1.0,"[165434.0,3.0,8.1,1.0]","[0.9017561694714848,1.6032363542367636,3.058614458082083,4.678687769727618]",1
83000.0,0.0,4.5,1.0,"[83000.0,0.0,4.5,1.0]","[0.45242067571438305,0.0,1.6992302544900462,4.678687769727618]",0
95873.0,3.0,6.5,1.0,"[95873.0,3.0,6.5,1.0]","[0.5225894872622294,1.6032363542367636,2.454443700930067,4.678687769727618]",1
215047.0,2.0,9.6,1.0,"[215047.0,2.0,9.6,1.0]","[1.1721892656668786,1.0688242361578424,3.625024542912098,4.678687769727618]",1
79800.0,0.0,4.5,1.0,"[79800.0,0.0,4.5,1.0]","[0.4349779508675634,0.0,1.6992302544900462,4.678687769727618]",0
193295.0,3.0,7.3,1.0,"[193295.0,3.0,7.3,1.0]","[1.0536223435206225,1.6032363542367636,2.756529079506075,4.678687769727618]",1
29440.0,0.0,7.7,1.0,"[29440.0,0.0,7.7,1.0]","[0.1604730685907402,0.0,2.907571768794079,4.678687769727618]",0
107675.0,0.0,7.4,1.0,"[107675.0,0.0,7.4,1.0]","[0.586920436837906,0.0,2.7942897518280763,4.678687769727618]",0
101887.0,0.0,8.7,1.0,"[101887.0,0.0,8.7,1.0]","[0.555370908271221,0.0,3.285178492014089,4.678687769727618]",0
176033.0,2.0,7.5,1.0,"[176033.0,2.0,7.5,1.0]","[0.95952974467506,1.0688242361578424,2.832050424150077,4.678687769727618]",1
150546.0,5.0,9.0,1.0,"[150546.0,5.0,9.0,1.0]","[0.8206038921216567,2.672060590394606,3.3984605089800923,4.678687769727618]",1
173877.0,3.0,9.1,1.0,"[173877.0,3.0,9.1,1.0]","[0.9477777088095154,1.6032363542367636,3.436221181302093,4.678687769727618]",1
118247.0,0.0,7.3,1.0,"[118247.0,0.0,7.3,1.0]","[0.6445468390505862,0.0,2.756529079506075,4.678687769727618]",0
117824.0,0.0,8.4,1.0,"[117824.0,0.0,8.4,1.0]","[0.6422411288598971,0.0,3.1718964750480865,4.678687769727618]",0
48794.0,0.0,6.8,1.0,"[48794.0,0.0,6.8,1.0]","[0.2659688488049109,0.0,2.5677257178960695,4.678687769727618]",0
194267.0,5.0,9.3,1.0,"[194267.0,5.0,9.3,1.0]","[1.058920571192844,2.672060590394606,3.511742525946096,4.678687769727618]",1
160202.0,5.0,9.2,1.0,"[160202.0,5.0,9.2,1.0]","[0.8732373143469349,2.672060590394606,3.4739818536240943,4.678687769727618]",1
183395.0,2.0,8.1,1.0,"[183395.0,2.0,8.1,1.0]","[0.9996589135257744,1.0688242361578424,3.058614458082083,4.678687769727618]",1
30977.0,0.0,8.9,1.0,"[30977.0,0.0,8.9,1.0]","[0.16885102736872823,0.0,3.3606998366580916,4.678687769727618]",0
43883.0,0.0,8.0,1.0,"[43883.0,0.0,8.0,1.0]","[0.23919971701655748,0.0,3.020853785760082,4.678687769727618]",0
110924.0,0.0,7.9,1.0,"[110924.0,0.0,7.9,1.0]","[0.6046302534089424,0.0,2.9830931134380814,4.678687769727618]",0
113082.0,0.0,9.4,1.0,"[113082.0,0.0,9.4,1.0]","[0.6163931909775164,0.0,3.5495031982680967,4.678687769727618]",0
47561.0,0.0,8.9,1.0,"[47561.0,0.0,8.9,1.0]","[0.25924794888737074,0.0,3.3606998366580916,4.678687769727618]",0
32219.0,0.0,7.0,1.0,"[32219.0,0.0,7.0,1.0]","[0.17562098494990008,0.0,2.643247062540072,4.678687769727618]",0
57478.0,2.0,9.0,1.0,"[57478.0,2.0,9.0,1.0]","[0.3133040433579676,1.0688242361578424,3.3984605089800923,4.678687769727618]",1
116188.0,0.0,8.3,1.0,"[116188.0,0.0,8.3,1.0]","[0.6333235357819607,0.0,3.1341358027260853,4.678687769727618]",0
38938.0,0.0,7.8,1.0,"[38938.0,0.0,7.8,1.0]","[0.21224525627670657,0.0,2.94533244111608,4.678687769727618]",0
210974.0,5.0,9.5,1.0,"[210974.0,5.0,9.5,1.0]","[1.149987947447786,2.672060590394606,3.5872638705900974,4.678687769727618]",1
37282.0,0.0,7.8,1.0,"[37282.0,0.0,7.8,1.0]","[0.20321864616847743,0.0,2.94533244111608,4.678687769727618]",0
100163.0,3.0,8.9,1.0,"[100163.0,3.0,8.9,1.0]","[0.545973640259997,1.6032363542367636,3.3606998366580916,4.678687769727618]",1
94961.0,0.0,8.2,1.0,"[94961.0,0.0,8.2,1.0]","[0.5176183106808858,0.0,3.096375130404084,4.678687769727618]",0
38560.0,0.0,8.4,1.0,"[38560.0,0.0,8.4,1.0]","[0.210184834404176,0.0,3.1718964750480865,4.678687769727618]",0
26917.0,0.0,9.0,1.0,"[26917.0,0.0,9.0,1.0]","[0.14672057021932589,0.0,3.3984605089800923,4.678687769727618]",0
106447.0,4.0,7.7,1.0,"[106447.0,4.0,7.7,1.0]","[0.580226791177939,2.1376484723156848,2.907571768794079,4.678687769727618]",1
44990.0,0.0,7.2,1.0,"[44990.0,0.0,7.2,1.0]","[0.2452338096432541,0.0,2.718768407184074,4.678687769727618]",0
102996.0,0.0,6.8,1.0,"[102996.0,0.0,6.8,1.0]","[0.5614159026009469,0.0,2.5677257178960695,4.678687769727618]",0
178432.0,3.0,7.1,1.0,"[178432.0,3.0,7.1,1.0]","[0.9726063374586601,1.6032363542367636,2.6810077348620727,4.678687769727618]",1
202992.0,4.0,7.1,1.0,"[202992.0,4.0,7.1,1.0]","[1.1064792506580003,2.1376484723156848,2.6810077348620727,4.678687769727618]",1
175860.0,3.0,7.4,1.0,"[175860.0,3.0,7.4,1.0]","[0.9585867473630288,1.6032363542367636,2.7942897518280763,4.678687769727618]",1
226311.0,3.0,7.3,1.0,"[226311.0,3.0,7.3,1.0]","[1.2335876571276836,1.6032363542367636,2.756529079506075,4.678687769727618]",1
21631.0,0.0,7.7,1.0,"[21631.0,0.0,7.7,1.0]","[0.11790736911298577,0.0,2.907571768794079,4.678687769727618]",0
161036.0,2.0,7.2,1.0,"[161036.0,2.0,7.2,1.0]","[0.8777833245101372,1.0688242361578424,2.718768407184074,4.678687769727618]",1
114485.0,0.0,7.2,1.0,"[114485.0,0.0,7.2,1.0]","[0.6240407356525438,0.0,2.718768407184074,4.678687769727618]",0
31205.0,0.0,9.6,1.0,"[31205.0,0.0,9.6,1.0]","[0.17009382151406413,0.0,3.625024542912098,4.678687769727618]",0
97079.0,0.0,9.3,1.0,"[97079.0,0.0,9.3,1.0]","[0.5291632141888746,0.0,3.511742525946096,4.678687769727618]",0
35141.0,0.0,8.7,1.0,"[35141.0,0.0,8.7,1.0]","[0.1915483730756522,0.0,3.285178492014089,4.678687769727618]",0
116241.0,0.0,8.3,1.0,"[116241.0,0.0,8.3,1.0]","[0.6336124309122361,0.0,3.1341358027260853,4.678687769727618]",0
114347.0,0.0,8.2,1.0,"[114347.0,0.0,8.2,1.0]","[0.6232885181435247,0.0,3.096375130404084,4.678687769727618]",0
217056.0,5.0,9.3,1.0,"[217056.0,5.0,9.3,1.0]","[1.1831400263597724,2.672060590394606,3.511742525946096,4.678687769727618]",1
109524.0,3.0,8.6,1.0,"[109524.0,3.0,8.6,1.0]","[0.5969990612884589,1.6032363542367636,3.247417819692088,4.678687769727618]",1
94543.0,0.0,8.6,1.0,"[94543.0,0.0,8.6,1.0]","[0.51533985474777,0.0,3.247417819692088,4.678687769727618]",0
83700.0,0.0,4.5,1.0,"[83700.0,0.0,4.5,1.0]","[0.4562362717746248,0.0,1.6992302544900462,4.678687769727618]",0
202586.0,5.0,7.4,1.0,"[202586.0,5.0,7.4,1.0]","[1.1042662049430603,2.672060590394606,2.7942897518280763,4.678687769727618]",1
84300.0,0.0,4.5,1.0,"[84300.0,0.0,4.5,1.0]","[0.4595067826834035,0.0,1.6992302544900462,4.678687769727618]",0
123419.0,2.0,6.8,1.0,"[123419.0,2.0,6.8,1.0]","[0.6727386430842582,1.0688242361578424,2.5677257178960695,4.678687769727618]",1
20757.0,0.0,7.4,1.0,"[20757.0,0.0,7.4,1.0]","[0.11314332488919818,0.0,2.7942897518280763,4.678687769727618]",0
25910.0,0.0,9.5,1.0,"[25910.0,0.0,9.5,1.0]","[0.14123156274409235,0.0,3.5872638705900974,4.678687769727618]",0
39904.0,0.0,6.7,1.0,"[39904.0,0.0,6.7,1.0]","[0.21751077883984024,0.0,2.5299650455740688,4.678687769727618]",0
90674.0,0.0,7.8,1.0,"[90674.0,0.0,7.8,1.0]","[0.49425051023766225,0.0,2.94533244111608,4.678687769727618]",0
233094.0,5.0,9.4,1.0,"[233094.0,5.0,9.4,1.0]","[1.2705607829514265,2.672060590394606,3.5495031982680967,4.678687769727618]",1
21727.0,0.0,8.0,1.0,"[21727.0,0.0,8.0,1.0]","[0.11843065085839036,0.0,3.020853785760082,4.678687769727618]",0
24924.0,0.0,9.4,1.0,"[24924.0,0.0,9.4,1.0]","[0.13585702315066606,0.0,3.5495031982680967,4.678687769727618]",0
32983.0,0.0,7.0,1.0,"[32983.0,0.0,7.0,1.0]","[0.17978543550707826,0.0,2.643247062540072,4.678687769727618]",0
106416.0,4.0,8.8,1.0,"[106416.0,4.0,8.8,1.0]","[0.5800578147809854,2.1376484723156848,3.322939164336091,4.678687769727618]",1
55734.0,0.0,8.6,1.0,"[55734.0,0.0,8.6,1.0]","[0.3037977583164509,0.0,3.247417819692088,4.678687769727618]",0
44417.0,0.0,7.1,1.0,"[44417.0,0.0,7.1,1.0]","[0.24211047172537048,0.0,2.6810077348620727,4.678687769727618]",0
100211.0,0.0,8.8,1.0,"[100211.0,0.0,8.8,1.0]","[0.5462352811326993,0.0,3.322939164336091,4.678687769727618]",0
62449.0,0.0,7.4,1.0,"[62449.0,0.0,7.4,1.0]","[0.34040022623719884,0.0,2.7942897518280763,4.678687769727618]",0
91384.0,4.0,8.3,1.0,"[91384.0,4.0,8.3,1.0]","[0.4981206148130503,2.1376484723156848,3.1341358027260853,4.678687769727618]",1
57748.0,0.0,7.9,1.0,"[57748.0,0.0,7.9,1.0]","[0.31477577326691797,0.0,2.9830931134380814,4.678687769727618]",0
29876.0,0.0,9.8,1.0,"[29876.0,0.0,9.8,1.0]","[0.16284963985111936,0.0,3.700545887556101,4.678687769727618]",0
114741.0,0.0,8.6,1.0,"[114741.0,0.0,8.6,1.0]","[0.6254361536402894,0.0,3.247417819692088,4.678687769727618]",0
27491.0,0.0,7.2,1.0,"[27491.0,0.0,7.2,1.0]","[0.14984935898872415,0.0,2.718768407184074,4.678687769727618]",0
120692.0,5.0,6.9,1.0,"[120692.0,5.0,6.9,1.0]","[0.6578741710038593,2.672060590394606,2.605486390218071,4.678687769727618]",1
72468.0,0.0,7.7,1.0,"[72468.0,0.0,7.7,1.0]","[0.39501230756228806,0.0,2.907571768794079,4.678687769727618]",0
194267.0,4.0,7.9,1.0,"[194267.0,4.0,7.9,1.0]","[1.058920571192844,2.1376484723156848,2.9830931134380814,4.678687769727618]",1
40599.0,0.0,6.7,1.0,"[40599.0,0.0,6.7,1.0]","[0.22129912064250887,0.0,2.5299650455740688,4.678687769727618]",0
120801.0,5.0,6.8,1.0,"[120801.0,5.0,6.8,1.0]","[0.658468313818954,2.672060590394606,2.5677257178960695,4.678687769727618]",1
28508.0,0.0,8.1,1.0,"[28508.0,0.0,8.1,1.0]","[0.15539287497910398,0.0,3.058614458082083,4.678687769727618]",0
141973.0,2.0,7.2,1.0,"[141973.0,2.0,7.2,1.0]","[0.7738737420867241,1.0688242361578424,2.718768407184074,4.678687769727618]",1
136001.0,3.0,8.3,1.0,"[136001.0,3.0,8.3,1.0]","[0.7413212568413471,1.6032363542367636,3.1341358027260853,4.678687769727618]",1
79700.0,0.0,4.5,1.0,"[79700.0,0.0,4.5,1.0]","[0.43443286571610035,0.0,1.6992302544900462,4.678687769727618]",0
79922.0,0.0,6.8,1.0,"[79922.0,0.0,6.8,1.0]","[0.43564295475234843,0.0,2.5677257178960695,4.678687769727618]",0
42862.0,0.0,9.8,1.0,"[42862.0,0.0,9.8,1.0]","[0.2336343976201191,0.0,3.700545887556101,4.678687769727618]",0
179066.0,4.0,8.7,1.0,"[179066.0,4.0,8.7,1.0]","[0.9760621773189363,2.1376484723156848,3.285178492014089,4.678687769727618]",1
69701.0,0.0,7.9,1.0,"[69701.0,0.0,7.9,1.0]","[0.3799298014213037,0.0,2.9830931134380814,4.678687769727618]",0
27703.0,0.0,6.6,1.0,"[27703.0,0.0,6.6,1.0]","[0.15100493950982594,0.0,2.4922043732520676,4.678687769727618]",0
70773.0,0.0,7.4,1.0,"[70773.0,0.0,7.4,1.0]","[0.3857731142449883,0.0,2.7942897518280763,4.678687769727618]",0
79019.0,0.0,9.5,1.0,"[79019.0,0.0,9.5,1.0]","[0.43072083583463655,0.0,3.5872638705900974,4.678687769727618]",0
93021.0,0.0,7.8,1.0,"[93021.0,0.0,7.8,1.0]","[0.5070436587425015,0.0,2.94533244111608,4.678687769727618]",0
81100.0,0.0,4.5,1.0,"[81100.0,0.0,4.5,1.0]","[0.44206405783658387,0.0,1.6992302544900462,4.678687769727618]",0
62061.0,0.0,8.9,1.0,"[62061.0,0.0,8.9,1.0]","[0.338285295849522,0.0,3.3606998366580916,4.678687769727618]",0
37807.0,0.0,6.6,1.0,"[37807.0,0.0,6.6,1.0]","[0.20608034321365878,0.0,2.4922043732520676,4.678687769727618]",0
49794.0,0.0,8.8,1.0,"[49794.0,0.0,8.8,1.0]","[0.27141970031954205,0.0,3.322939164336091,4.678687769727618]",0
75825.0,0.0,8.5,1.0,"[75825.0,0.0,8.5,1.0]","[0.41331081609690473,0.0,3.2096571473700872,4.678687769727618]",0
81300.0,0.0,4.5,1.0,"[81300.0,0.0,4.5,1.0]","[0.4431542281395101,0.0,1.6992302544900462,4.678687769727618]",0
98868.0,0.0,8.3,1.0,"[98868.0,0.0,8.3,1.0]","[0.5389147875485496,0.0,3.1341358027260853,4.678687769727618]",0
174586.0,2.0,9.3,1.0,"[174586.0,2.0,9.3,1.0]","[0.9516423625333889,1.0688242361578424,3.511742525946096,4.678687769727618]",1
81600.0,0.0,4.5,1.0,"[81600.0,0.0,4.5,1.0]","[0.44478948359389947,0.0,1.6992302544900462,4.678687769727618]",0
145759.0,3.0,8.2,1.0,"[145759.0,3.0,8.2,1.0]","[0.7945106659211175,1.6032363542367636,3.096375130404084,4.678687769727618]",1
78166.0,0.0,6.5,1.0,"[78166.0,0.0,6.5,1.0]","[0.4260712594926562,0.0,2.454443700930067,4.678687769727618]",0
66608.0,0.0,7.2,1.0,"[66608.0,0.0,7.2,1.0]","[0.3630703176865497,0.0,2.718768407184074,4.678687769727618]",0
154493.0,3.0,8.6,1.0,"[154493.0,3.0,8.6,1.0]","[0.8421184030499057,1.6032363542367636,3.247417819692088,4.678687769727618]",1
64352.0,0.0,8.0,1.0,"[64352.0,0.0,8.0,1.0]","[0.3507731966695419,0.0,3.020853785760082,4.678687769727618]",0
43869.0,0.0,9.2,1.0,"[43869.0,0.0,9.2,1.0]","[0.23912340509535263,0.0,3.4739818536240943,4.678687769727618]",0
36268.0,0.0,9.4,1.0,"[36268.0,0.0,9.4,1.0]","[0.19769148273264148,0.0,3.5495031982680967,4.678687769727618]",0
43732.0,0.0,9.2,1.0,"[43732.0,0.0,9.2,1.0]","[0.23837663843784818,0.0,3.4739818536240943,4.678687769727618]",0
140041.0,2.0,9.1,1.0,"[140041.0,2.0,9.1,1.0]","[0.7633426969604568,1.0688242361578424,3.436221181302093,4.678687769727618]",1
114488.0,0.0,6.7,1.0,"[114488.0,0.0,6.7,1.0]","[0.6240570882070877,0.0,2.5299650455740688,4.678687769727618]",0
84200.0,0.0,4.5,1.0,"[84200.0,0.0,4.5,1.0]","[0.4589616975319404,0.0,1.6992302544900462,4.678687769727618]",0
115799.0,0.0,6.7,1.0,"[115799.0,0.0,6.7,1.0]","[0.6312031545427691,0.0,2.5299650455740688,4.678687769727618]",0
94299.0,0.0,8.2,1.0,"[94299.0,0.0,8.2,1.0]","[0.5140098469782001,0.0,3.096375130404084,4.678687769727618]",0
117568.0,0.0,8.0,1.0,"[117568.0,0.0,8.0,1.0]","[0.6408457108721516,0.0,3.020853785760082,4.678687769727618]",0
35992.0,0.0,8.7,1.0,"[35992.0,0.0,8.7,1.0]","[0.1961870477146033,0.0,3.285178492014089,4.678687769727618]",0
74543.0,5.0,9.6,1.0,"[74543.0,5.0,9.6,1.0]","[0.4063228244551476,2.672060590394606,3.625024542912098,4.678687769727618]",1
130892.0,4.0,8.0,1.0,"[130892.0,4.0,8.0,1.0]","[0.7134728564530967,2.1376484723156848,3.020853785760082,4.678687769727618]",1
122071.0,0.0,7.9,1.0,"[122071.0,0.0,7.9,1.0]","[0.6653908952425356,0.0,2.9830931134380814,4.678687769727618]",0
163401.0,2.0,9.1,1.0,"[163401.0,2.0,9.1,1.0]","[0.8906745883422398,1.0688242361578424,3.436221181302093,4.678687769727618]",1
23618.0,0.0,8.2,1.0,"[23618.0,0.0,8.2,1.0]","[0.1287382110725578,0.0,3.096375130404084,4.678687769727618]",0
197732.0,5.0,6.7,1.0,"[197732.0,5.0,6.7,1.0]","[1.0778077716910408,2.672060590394606,2.5299650455740688,4.678687769727618]",1
181537.0,4.0,8.5,1.0,"[181537.0,4.0,8.5,1.0]","[0.9895312314115897,2.1376484723156848,3.2096571473700872,4.678687769727618]",1
59087.0,0.0,8.6,1.0,"[59087.0,0.0,8.6,1.0]","[0.322074463445009,0.0,3.247417819692088,4.678687769727618]",0
93105.0,0.0,7.9,1.0,"[93105.0,0.0,7.9,1.0]","[0.5075015302697305,0.0,2.9830931134380814,4.678687769727618]",0
169077.0,4.0,8.5,1.0,"[169077.0,4.0,8.5,1.0]","[0.9216136215392859,2.1376484723156848,3.2096571473700872,4.678687769727618]",1
34121.0,0.0,8.0,1.0,"[34121.0,0.0,8.0,1.0]","[0.18598850453072846,0.0,3.020853785760082,4.678687769727618]",0
123431.0,5.0,6.6,1.0,"[123431.0,5.0,6.6,1.0]","[0.6728040533024339,2.672060590394606,2.4922043732520676,4.678687769727618]",1
74726.0,0.0,9.4,1.0,"[74726.0,0.0,9.4,1.0]","[0.4073203302823251,0.0,3.5495031982680967,4.678687769727618]",0
91711.0,0.0,6.5,1.0,"[91711.0,0.0,6.5,1.0]","[0.49990304325833473,0.0,2.454443700930067,4.678687769727618]",0
193157.0,2.0,8.0,1.0,"[193157.0,2.0,8.0,1.0]","[1.0528701260116033,1.0688242361578424,3.020853785760082,4.678687769727618]",1
101594.0,2.0,6.6,1.0,"[101594.0,2.0,6.6,1.0]","[0.5537738087774341,1.0688242361578424,2.4922043732520676,4.678687769727618]",0
106444.0,0.0,8.8,1.0,"[106444.0,0.0,8.8,1.0]","[0.580210438623395,0.0,3.322939164336091,4.678687769727618]",0
72831.0,0.0,8.0,1.0,"[72831.0,0.0,8.0,1.0]","[0.39699096666209915,0.0,3.020853785760082,4.678687769727618]",0
35122.0,0.0,8.0,1.0,"[35122.0,0.0,8.0,1.0]","[0.1914448068968742,0.0,3.020853785760082,4.678687769727618]",0
124545.0,2.0,9.2,1.0,"[124545.0,2.0,9.2,1.0]","[0.6788763018897329,1.0688242361578424,3.4739818536240943,4.678687769727618]",1
182397.0,4.0,9.3,1.0,"[182397.0,4.0,9.3,1.0]","[0.9942189637141725,2.1376484723156848,3.511742525946096,4.678687769727618]",1
49237.0,0.0,6.9,1.0,"[49237.0,0.0,6.9,1.0]","[0.26838357602589247,0.0,2.605486390218071,4.678687769727618]",0
108384.0,4.0,8.0,1.0,"[108384.0,4.0,8.0,1.0]","[0.5907850905617794,2.1376484723156848,3.020853785760082,4.678687769727618]",1
20588.0,0.0,9.2,1.0,"[20588.0,0.0,9.2,1.0]","[0.11222213098322552,0.0,3.4739818536240943,4.678687769727618]",0
62004.0,3.0,8.6,1.0,"[62004.0,3.0,8.6,1.0]","[0.337974597313188,1.6032363542367636,3.247417819692088,4.678687769727618]",1
78500.0,0.0,4.5,1.0,"[78500.0,0.0,4.5,1.0]","[0.42789184389854296,0.0,1.6992302544900462,4.678687769727618]",0
29582.0,0.0,6.6,1.0,"[29582.0,0.0,6.6,1.0]","[0.16124708950581781,0.0,2.4922043732520676,4.678687769727618]",0
88644.0,0.0,8.7,1.0,"[88644.0,0.0,8.7,1.0]","[0.48318528166296104,0.0,3.285178492014089,4.678687769727618]",0
37209.0,0.0,9.1,1.0,"[37209.0,0.0,9.1,1.0]","[0.20282073400790937,0.0,3.436221181302093,4.678687769727618]",0
68045.0,0.0,9.2,1.0,"[68045.0,0.0,9.2,1.0]","[0.3709031913130746,0.0,3.4739818536240943,4.678687769727618]",0
60093.0,5.0,8.9,1.0,"[60093.0,5.0,8.9,1.0]","[0.3275580200687279,2.672060590394606,3.3606998366580916,4.678687769727618]",1
107847.0,0.0,9.2,1.0,"[107847.0,0.0,9.2,1.0]","[0.5878579832984224,0.0,3.4739818536240943,4.678687769727618]",0
162002.0,2.0,8.8,1.0,"[162002.0,2.0,8.8,1.0]","[0.8830488470732708,1.0688242361578424,3.322939164336091,4.678687769727618]",1
35579.0,0.0,7.1,1.0,"[35579.0,0.0,7.1,1.0]","[0.19393584603906064,0.0,2.6810077348620727,4.678687769727618]",0
178128.0,3.0,8.9,1.0,"[178128.0,3.0,8.9,1.0]","[0.9709492785982122,1.6032363542367636,3.3606998366580916,4.678687769727618]",1
35222.0,0.0,9.0,1.0,"[35222.0,0.0,9.0,1.0]","[0.19198989204833733,0.0,3.3984605089800923,4.678687769727618]",0
43770.0,0.0,7.2,1.0,"[43770.0,0.0,7.2,1.0]","[0.23858377079540416,0.0,2.718768407184074,4.678687769727618]",0
57072.0,5.0,9.0,1.0,"[57072.0,5.0,9.0,1.0]","[0.31109099764302733,2.672060590394606,3.3984605089800923,4.678687769727618]",1
83349.0,0.0,8.4,1.0,"[83349.0,0.0,8.4,1.0]","[0.45432302289298926,0.0,3.1718964750480865,4.678687769727618]",0
37683.0,0.0,7.3,1.0,"[37683.0,0.0,7.3,1.0]","[0.2054044376258445,0.0,2.756529079506075,4.678687769727618]",0
217304.0,3.0,9.2,1.0,"[217304.0,3.0,9.2,1.0]","[1.184491837535401,1.6032363542367636,3.4739818536240943,4.678687769727618]",1
80300.0,0.0,4.5,1.0,"[80300.0,0.0,4.5,1.0]","[0.437703376624879,0.0,1.6992302544900462,4.678687769727618]",0
40264.0,0.0,7.3,1.0,"[40264.0,0.0,7.3,1.0]","[0.21947308538510746,0.0,2.756529079506075,4.678687769727618]",0
62126.0,0.0,9.7,1.0,"[62126.0,0.0,9.7,1.0]","[0.338639601197973,0.0,3.6627852152340994,4.678687769727618]",0
36585.0,0.0,9.0,1.0,"[36585.0,0.0,9.0,1.0]","[0.19941940266277955,0.0,3.3984605089800923,4.678687769727618]",0
50446.0,0.0,9.0,1.0,"[50446.0,0.0,9.0,1.0]","[0.2749736555070815,0.0,3.3984605089800923,4.678687769727618]",0
93696.0,0.0,7.9,1.0,"[93696.0,0.0,7.9,1.0]","[0.5107229835148774,0.0,2.9830931134380814,4.678687769727618]",0
78600.0,0.0,4.5,1.0,"[78600.0,0.0,4.5,1.0]","[0.4284369290500061,0.0,1.6992302544900462,4.678687769727618]",0
204662.0,5.0,7.1,1.0,"[204662.0,5.0,7.1,1.0]","[1.1155821726874344,2.672060590394606,2.6810077348620727,4.678687769727618]",1
29361.0,0.0,7.0,1.0,"[29361.0,0.0,7.0,1.0]","[0.16004245132108433,0.0,2.643247062540072,4.678687769727618]",0
81385.0,0.0,9.3,1.0,"[81385.0,0.0,9.3,1.0]","[0.44361755051825374,0.0,3.511742525946096,4.678687769727618]",0
51720.0,0.0,8.2,1.0,"[51720.0,0.0,8.2,1.0]","[0.2819180403367216,0.0,3.096375130404084,4.678687769727618]",0
46809.0,0.0,7.2,1.0,"[46809.0,0.0,7.2,1.0]","[0.25514890854836814,0.0,2.718768407184074,4.678687769727618]",0
92036.0,0.0,8.9,1.0,"[92036.0,0.0,8.9,1.0]","[0.5016745700005898,0.0,3.3606998366580916,4.678687769727618]",0
106047.0,0.0,7.4,1.0,"[106047.0,0.0,7.4,1.0]","[0.5780464505720865,0.0,2.7942897518280763,4.678687769727618]",0
79490.0,0.0,8.2,1.0,"[79490.0,0.0,8.2,1.0]","[0.4332881868980278,0.0,3.096375130404084,4.678687769727618]",0
78000.0,0.0,4.5,1.0,"[78000.0,0.0,4.5,1.0]","[0.4251664181412274,0.0,1.6992302544900462,4.678687769727618]",0
31289.0,0.0,8.1,1.0,"[31289.0,0.0,8.1,1.0]","[0.17055169304129314,0.0,3.058614458082083,4.678687769727618]",0
41791.0,0.0,8.6,1.0,"[41791.0,0.0,8.6,1.0]","[0.22779653564794916,0.0,3.247417819692088,4.678687769727618]",0
29834.0,0.0,7.3,1.0,"[29834.0,0.0,7.3,1.0]","[0.16262070408750487,0.0,2.756529079506075,4.678687769727618]",0
93477.0,4.0,7.1,1.0,"[93477.0,4.0,7.1,1.0]","[0.5095292470331733,2.1376484723156848,2.6810077348620727,4.678687769727618]",1
26529.0,0.0,9.2,1.0,"[26529.0,0.0,9.2,1.0]","[0.144605639831649,0.0,3.4739818536240943,4.678687769727618]",0
42665.0,0.0,9.2,1.0,"[42665.0,0.0,9.2,1.0]","[0.23256057987173676,0.0,3.4739818536240943,4.678687769727618]",0
41326.0,0.0,9.6,1.0,"[41326.0,0.0,9.6,1.0]","[0.2252618896936457,0.0,3.625024542912098,4.678687769727618]",0
231706.0,4.0,8.2,1.0,"[231706.0,4.0,8.2,1.0]","[1.2629950010491184,2.1376484723156848,3.096375130404084,4.678687769727618]",1
119799.0,0.0,8.8,1.0,"[119799.0,0.0,8.8,1.0]","[0.6530065606012936,0.0,3.322939164336091,4.678687769727618]",0
101342.0,0.0,7.7,1.0,"[101342.0,0.0,7.7,1.0]","[0.552400194195747,0.0,2.907571768794079,4.678687769727618]",0
121850.0,0.0,9.7,1.0,"[121850.0,0.0,9.7,1.0]","[0.6641862570578021,0.0,3.6627852152340994,4.678687769727618]",0
48152.0,0.0,8.5,1.0,"[48152.0,0.0,8.5,1.0]","[0.26246940213251774,0.0,3.2096571473700872,4.678687769727618]",0
186215.0,5.0,9.8,1.0,"[186215.0,5.0,9.8,1.0]","[1.015030314797034,2.672060590394606,3.700545887556101,4.678687769727618]",1
202639.0,4.0,7.1,1.0,"[202639.0,4.0,7.1,1.0]","[1.1045551000733356,2.1376484723156848,2.6810077348620727,4.678687769727618]",1
86740.0,0.0,7.2,1.0,"[86740.0,0.0,7.2,1.0]","[0.4728068603791034,0.0,2.718768407184074,4.678687769727618]",0
80500.0,0.0,4.5,1.0,"[80500.0,0.0,4.5,1.0]","[0.4387935469278052,0.0,1.6992302544900462,4.678687769727618]",0
41700.0,0.0,8.0,1.0,"[41700.0,0.0,8.0,1.0]","[0.22730050816011774,0.0,3.020853785760082,4.678687769727618]",0
141695.0,3.0,8.6,1.0,"[141695.0,3.0,8.6,1.0]","[0.7723584053656567,1.6032363542367636,3.247417819692088,4.678687769727618]",1
41797.0,0.0,6.7,1.0,"[41797.0,0.0,6.7,1.0]","[0.22782924075703695,0.0,2.5299650455740688,4.678687769727618]",0
177798.0,5.0,6.6,1.0,"[177798.0,5.0,6.6,1.0]","[0.969150497598384,2.672060590394606,2.4922043732520676,4.678687769727618]",1
83600.0,0.0,4.5,1.0,"[83600.0,0.0,4.5,1.0]","[0.4556911866231617,0.0,1.6992302544900462,4.678687769727618]",0
205886.0,3.0,9.5,1.0,"[205886.0,3.0,9.5,1.0]","[1.122254014941343,1.6032363542367636,3.5872638705900974,4.678687769727618]",1
104106.0,0.0,7.7,1.0,"[104106.0,0.0,7.7,1.0]","[0.5674663477821874,0.0,2.907571768794079,4.678687769727618]",0
90651.0,5.0,9.6,1.0,"[90651.0,5.0,9.6,1.0]","[0.4941251406528257,2.672060590394606,3.625024542912098,4.678687769727618]",1
212089.0,3.0,7.6,1.0,"[212089.0,3.0,7.6,1.0]","[1.1560656468865997,1.6032363542367636,2.8698110964720778,4.678687769727618]",1
41262.0,0.0,9.2,1.0,"[41262.0,0.0,9.2,1.0]","[0.2249130351967093,0.0,3.4739818536240943,4.678687769727618]",0
123245.0,3.0,7.7,1.0,"[123245.0,3.0,7.7,1.0]","[0.6717901949207125,1.6032363542367636,2.907571768794079,4.678687769727618]",1
79200.0,0.0,4.5,1.0,"[79200.0,0.0,4.5,1.0]","[0.43170743995878474,0.0,1.6992302544900462,4.678687769727618]",0
116173.0,4.0,7.1,1.0,"[116173.0,4.0,7.1,1.0]","[0.6332417730092412,2.1376484723156848,2.6810077348620727,4.678687769727618]",1
200999.0,4.0,7.8,1.0,"[200999.0,4.0,7.8,1.0]","[1.0956157035893406,2.1376484723156848,2.94533244111608,4.678687769727618]",1
35821.0,0.0,8.6,1.0,"[35821.0,0.0,8.6,1.0]","[0.19525495210560137,0.0,3.247417819692088,4.678687769727618]",0
59973.0,0.0,8.4,1.0,"[59973.0,0.0,8.4,1.0]","[0.3269039178869722,0.0,3.1718964750480865,4.678687769727618]",0
43235.0,0.0,9.5,1.0,"[43235.0,0.0,9.5,1.0]","[0.2356675652350765,0.0,3.5872638705900974,4.678687769727618]",0
80100.0,0.0,4.5,1.0,"[80100.0,0.0,4.5,1.0]","[0.4366132063219528,0.0,1.6992302544900462,4.678687769727618]",0
65014.0,0.0,9.6,1.0,"[65014.0,0.0,9.6,1.0]","[0.3543816603722277,0.0,3.625024542912098,4.678687769727618]",0
88196.0,4.0,8.6,1.0,"[88196.0,4.0,8.6,1.0]","[0.4807433001844063,2.1376484723156848,3.247417819692088,4.678687769727618]",1
23750.0,0.0,7.3,1.0,"[23750.0,0.0,7.3,1.0]","[0.12945772347248913,0.0,2.756529079506075,4.678687769727618]",0
212949.0,3.0,8.6,1.0,"[212949.0,3.0,8.6,1.0]","[1.1607533791891824,1.6032363542367636,3.247417819692088,4.678687769727618]",1
87239.0,4.0,7.8,1.0,"[87239.0,4.0,7.8,1.0]","[0.47552683528490436,2.1376484723156848,2.94533244111608,4.678687769727618]",1
24704.0,0.0,7.9,1.0,"[24704.0,0.0,7.9,1.0]","[0.1346578358174472,0.0,2.9830931134380814,4.678687769727618]",0
24992.0,0.0,7.7,1.0,"[24992.0,0.0,7.7,1.0]","[0.13622768105366098,0.0,2.907571768794079,4.678687769727618]",0
87996.0,0.0,9.5,1.0,"[87996.0,0.0,9.5,1.0]","[0.4796531298814801,0.0,3.5872638705900974,4.678687769727618]",0
101244.0,3.0,7.0,1.0,"[101244.0,3.0,7.0,1.0]","[0.5518660107473132,1.6032363542367636,2.643247062540072,4.678687769727618]",1
147931.0,3.0,7.3,1.0,"[147931.0,3.0,7.3,1.0]","[0.8063499154108963,1.6032363542367636,2.756529079506075,4.678687769727618]",1
45145.0,0.0,8.6,1.0,"[45145.0,0.0,8.6,1.0]","[0.24607869162802196,0.0,3.247417819692088,4.678687769727618]",0
83100.0,0.0,4.5,1.0,"[83100.0,0.0,4.5,1.0]","[0.4529657608658461,0.0,1.6992302544900462,4.678687769727618]",0
100728.0,2.0,7.7,1.0,"[100728.0,2.0,7.7,1.0]","[0.5490533713657635,1.0688242361578424,2.907571768794079,4.678687769727618]",1
118581.0,0.0,7.6,1.0,"[118581.0,0.0,7.6,1.0]","[0.6463674234564729,0.0,2.8698110964720778,4.678687769727618]",0
43280.0,0.0,7.3,1.0,"[43280.0,0.0,7.3,1.0]","[0.2359128535532349,0.0,2.756529079506075,4.678687769727618]",0
33921.0,0.0,7.1,1.0,"[33921.0,0.0,7.1,1.0]","[0.18489833422780225,0.0,2.6810077348620727,4.678687769727618]",0
93108.0,0.0,9.7,1.0,"[93108.0,0.0,9.7,1.0]","[0.5075178828242743,0.0,3.6627852152340994,4.678687769727618]",0
25441.0,0.0,8.3,1.0,"[25441.0,0.0,8.3,1.0]","[0.13867511338373034,0.0,3.1341358027260853,4.678687769727618]",0
32844.0,0.0,9.2,1.0,"[32844.0,0.0,9.2,1.0]","[0.17902776714654453,0.0,3.4739818536240943,4.678687769727618]",0
26569.0,0.0,7.6,1.0,"[26569.0,0.0,7.6,1.0]","[0.14482367389223424,0.0,2.8698110964720778,4.678687769727618]",0
31500.0,0.0,9.2,1.0,"[31500.0,0.0,9.2,1.0]","[0.1717018227108803,0.0,3.4739818536240943,4.678687769727618]",0
25824.0,0.0,6.7,1.0,"[25824.0,0.0,6.7,1.0]","[0.14076278951383406,0.0,2.5299650455740688,4.678687769727618]",0
36455.0,0.0,6.8,1.0,"[36455.0,0.0,6.8,1.0]","[0.19871079196587751,0.0,2.5677257178960695,4.678687769727618]",0
80600.0,0.0,4.5,1.0,"[80600.0,0.0,4.5,1.0]","[0.4393386320792683,0.0,1.6992302544900462,4.678687769727618]",0
38662.0,0.0,8.8,1.0,"[38662.0,0.0,8.8,1.0]","[0.2107408212586684,0.0,3.322939164336091,4.678687769727618]",0
86000.0,0.0,8.0,1.0,"[86000.0,0.0,8.0,1.0]","[0.4687732302582764,0.0,3.020853785760082,4.678687769727618]",0
26775.0,0.0,6.7,1.0,"[26775.0,0.0,6.7,1.0]","[0.14594654930424825,0.0,2.5299650455740688,4.678687769727618]",0
20614.0,0.0,7.1,1.0,"[20614.0,0.0,7.1,1.0]","[0.11236385312260593,0.0,2.6810077348620727,4.678687769727618]",0
38926.0,0.0,7.7,1.0,"[38926.0,0.0,7.7,1.0]","[0.21217984605853102,0.0,2.907571768794079,4.678687769727618]",0
81900.0,0.0,4.5,1.0,"[81900.0,0.0,4.5,1.0]","[0.4464247390482888,0.0,1.6992302544900462,4.678687769727618]",0
38360.0,0.0,7.4,1.0,"[38360.0,0.0,7.4,1.0]","[0.2090946641012498,0.0,2.7942897518280763,4.678687769727618]",0
53878.0,0.0,8.4,1.0,"[53878.0,0.0,8.4,1.0]","[0.2936809779052955,0.0,3.1718964750480865,4.678687769727618]",0
92656.0,2.0,6.9,1.0,"[92656.0,2.0,6.9,1.0]","[0.5050540979396612,1.0688242361578424,2.605486390218071,4.678687769727618]",0
78900.0,0.0,4.5,1.0,"[78900.0,0.0,4.5,1.0]","[0.43007218450439544,0.0,1.6992302544900462,4.678687769727618]",0
181604.0,3.0,6.8,1.0,"[181604.0,3.0,6.8,1.0]","[0.9898964384630701,1.6032363542367636,2.5677257178960695,4.678687769727618]",1
82800.0,0.0,4.5,1.0,"[82800.0,0.0,4.5,1.0]","[0.4513305054114568,0.0,1.6992302544900462,4.678687769727618]",0
103322.0,0.0,6.8,1.0,"[103322.0,0.0,6.8,1.0]","[0.5631928801947167,0.0,2.5677257178960695,4.678687769727618]",0
20081.0,0.0,7.3,1.0,"[20081.0,0.0,7.3,1.0]","[0.10945854926530754,0.0,2.756529079506075,4.678687769727618]",0
112014.0,5.0,8.1,1.0,"[112014.0,5.0,8.1,1.0]","[0.6105716815598904,2.672060590394606,3.058614458082083,4.678687769727618]",1
49367.0,0.0,8.7,1.0,"[49367.0,0.0,8.7,1.0]","[0.26909218672279456,0.0,3.285178492014089,4.678687769727618]",0
170817.0,3.0,8.3,1.0,"[170817.0,3.0,8.3,1.0]","[0.9310981031747442,1.6032363542367636,3.1341358027260853,4.678687769727618]",1
62899.0,0.0,6.7,1.0,"[62899.0,0.0,6.7,1.0]","[0.3428531094187829,0.0,2.5299650455740688,4.678687769727618]",0
115456.0,0.0,9.6,1.0,"[115456.0,0.0,9.6,1.0]","[0.6293335124732506,0.0,3.625024542912098,4.678687769727618]",0
40983.0,0.0,7.3,1.0,"[40983.0,0.0,7.3,1.0]","[0.2233922476241272,0.0,2.756529079506075,4.678687769727618]",0
22013.0,0.0,9.5,1.0,"[22013.0,0.0,9.5,1.0]","[0.11998959439157486,0.0,3.5872638705900974,4.678687769727618]",0
67311.0,0.0,6.9,1.0,"[67311.0,0.0,6.9,1.0]","[0.3669022663013354,0.0,2.605486390218071,4.678687769727618]",0
83171.0,0.0,9.7,1.0,"[83171.0,0.0,9.7,1.0]","[0.4533527713233849,0.0,3.6627852152340994,4.678687769727618]",0
82600.0,0.0,4.5,1.0,"[82600.0,0.0,4.5,1.0]","[0.45024033510853056,0.0,1.6992302544900462,4.678687769727618]",0
43291.0,0.0,7.3,1.0,"[43291.0,0.0,7.3,1.0]","[0.23597281291989586,0.0,2.756529079506075,4.678687769727618]",0
70554.0,0.0,9.3,1.0,"[70554.0,0.0,9.3,1.0]","[0.3845793777632841,0.0,3.511742525946096,4.678687769727618]",0
103718.0,0.0,8.6,1.0,"[103718.0,0.0,8.6,1.0]","[0.5653514173945106,0.0,3.247417819692088,4.678687769727618]",0
80200.0,0.0,4.5,1.0,"[80200.0,0.0,4.5,1.0]","[0.4371582914734159,0.0,1.6992302544900462,4.678687769727618]",0
20193.0,0.0,8.3,1.0,"[20193.0,0.0,8.3,1.0]","[0.11006904463494623,0.0,3.1341358027260853,4.678687769727618]",0
31914.0,0.0,7.0,1.0,"[31914.0,0.0,7.0,1.0]","[0.1739584752379376,0.0,2.643247062540072,4.678687769727618]",0
27751.0,0.0,7.0,1.0,"[27751.0,0.0,7.0,1.0]","[0.15126658038252824,0.0,2.643247062540072,4.678687769727618]",0
83200.0,0.0,4.5,1.0,"[83200.0,0.0,4.5,1.0]","[0.45351084601730923,0.0,1.6992302544900462,4.678687769727618]",0
26584.0,0.0,7.2,1.0,"[26584.0,0.0,7.2,1.0]","[0.1449054366649537,0.0,2.718768407184074,4.678687769727618]",0
51152.0,0.0,8.4,1.0,"[51152.0,0.0,8.4,1.0]","[0.2788219566764111,0.0,3.1718964750480865,4.678687769727618]",0
189271.0,5.0,8.9,1.0,"[189271.0,5.0,8.9,1.0]","[1.0316881170257468,2.672060590394606,3.3606998366580916,4.678687769727618]",1
127448.0,3.0,7.5,1.0,"[127448.0,3.0,7.5,1.0]","[0.6947001238367071,1.6032363542367636,2.832050424150077,4.678687769727618]",1
112634.0,0.0,9.7,1.0,"[112634.0,0.0,9.7,1.0]","[0.6139512094989616,0.0,3.6627852152340994,4.678687769727618]",0
37154.0,0.0,7.5,1.0,"[37154.0,0.0,7.5,1.0]","[0.20252093717460465,0.0,2.832050424150077,4.678687769727618]",0
112165.0,3.0,6.8,1.0,"[112165.0,3.0,6.8,1.0]","[0.6113947601385996,1.6032363542367636,2.5677257178960695,4.678687769727618]",1
77767.0,0.0,7.8,1.0,"[77767.0,0.0,7.8,1.0]","[0.42389636973831835,0.0,2.94533244111608,4.678687769727618]",0
83800.0,0.0,4.5,1.0,"[83800.0,0.0,4.5,1.0]","[0.4567813569260879,0.0,1.6992302544900462,4.678687769727618]",0
86530.0,4.0,7.1,1.0,"[86530.0,4.0,7.1,1.0]","[0.4716621815610309,2.1376484723156848,2.6810077348620727,4.678687769727618]",1
204492.0,2.0,7.6,1.0,"[204492.0,2.0,7.6,1.0]","[1.114655527929947,1.0688242361578424,2.8698110964720778,4.678687769727618]",1
96034.0,0.0,8.2,1.0,"[96034.0,0.0,8.2,1.0]","[0.5234670743560851,0.0,3.096375130404084,4.678687769727618]",0
83900.0,0.0,4.5,1.0,"[83900.0,0.0,4.5,1.0]","[0.457326442077551,0.0,1.6992302544900462,4.678687769727618]",0
38755.0,0.0,8.3,1.0,"[38755.0,0.0,8.3,1.0]","[0.2112477504495291,0.0,3.1341358027260853,4.678687769727618]",0
48157.0,0.0,7.2,1.0,"[48157.0,0.0,7.2,1.0]","[0.2624966563900909,0.0,2.718768407184074,4.678687769727618]",0
65531.0,0.0,8.7,1.0,"[65531.0,0.0,8.7,1.0]","[0.35719975060529197,0.0,3.285178492014089,4.678687769727618]",0
31017.0,0.0,8.8,1.0,"[31017.0,0.0,8.8,1.0]","[0.16906906142931347,0.0,3.322939164336091,4.678687769727618]",0
38725.0,0.0,8.9,1.0,"[38725.0,0.0,8.9,1.0]","[0.21108422490409015,0.0,3.3606998366580916,4.678687769727618]",0
41190.0,0.0,9.7,1.0,"[41190.0,0.0,9.7,1.0]","[0.22452057388765587,0.0,3.6627852152340994,4.678687769727618]",0
62348.0,3.0,8.5,1.0,"[62348.0,3.0,8.5,1.0]","[0.3398496902342211,1.6032363542367636,3.2096571473700872,4.678687769727618]",1
81200.0,0.0,4.5,1.0,"[81200.0,0.0,4.5,1.0]","[0.442609142988047,0.0,1.6992302544900462,4.678687769727618]",0
100742.0,5.0,8.0,1.0,"[100742.0,5.0,8.0,1.0]","[0.5491296832869683,2.672060590394606,3.020853785760082,4.678687769727618]",1
101901.0,0.0,9.5,1.0,"[101901.0,0.0,9.5,1.0]","[0.5554472201924259,0.0,3.5872638705900974,4.678687769727618]",0
56006.0,0.0,8.4,1.0,"[56006.0,0.0,8.4,1.0]","[0.30528038992843054,0.0,3.1718964750480865,4.678687769727618]",0
108211.0,2.0,8.0,1.0,"[108211.0,2.0,8.0,1.0]","[0.5898420932497482,1.0688242361578424,3.020853785760082,4.678687769727618]",1
43563.0,0.0,7.0,1.0,"[43563.0,0.0,7.0,1.0]","[0.2374554445318755,0.0,2.643247062540072,4.678687769727618]",0
78100.0,0.0,4.5,1.0,"[78100.0,0.0,4.5,1.0]","[0.42571150329269053,0.0,1.6992302544900462,4.678687769727618]",0
134952.0,3.0,8.2,1.0,"[134952.0,3.0,8.2,1.0]","[0.735603313602499,1.6032363542367636,3.096375130404084,4.678687769727618]",1
90672.0,0.0,8.2,1.0,"[90672.0,0.0,8.2,1.0]","[0.494239608534633,0.0,3.096375130404084,4.678687769727618]",0
21590.0,0.0,8.9,1.0,"[21590.0,0.0,8.9,1.0]","[0.1176838842008859,0.0,3.3606998366580916,4.678687769727618]",0
45078.0,0.0,8.0,1.0,"[45078.0,0.0,8.0,1.0]","[0.24571348457654166,0.0,3.020853785760082,4.678687769727618]",0
67570.0,4.0,8.8,1.0,"[67570.0,4.0,8.8,1.0]","[0.36831403684362485,2.1376484723156848,3.322939164336091,4.678687769727618]",1
24534.0,0.0,9.3,1.0,"[24534.0,0.0,9.3,1.0]","[0.13373119105995993,0.0,3.511742525946096,4.678687769727618]",0
42395.0,0.0,7.6,1.0,"[42395.0,0.0,7.6,1.0]","[0.23108884996278636,0.0,2.8698110964720778,4.678687769727618]",0
71364.0,2.0,9.3,1.0,"[71364.0,2.0,9.3,1.0]","[0.3889945674901353,1.0688242361578424,3.511742525946096,4.678687769727618]",1
44804.0,0.0,6.7,1.0,"[44804.0,0.0,6.7,1.0]","[0.24421995126153273,0.0,2.5299650455740688,4.678687769727618]",0
43708.0,0.0,8.4,1.0,"[43708.0,0.0,8.4,1.0]","[0.23824581800149702,0.0,3.1718964750480865,4.678687769727618]",0
40652.0,0.0,8.6,1.0,"[40652.0,0.0,8.6,1.0]","[0.2215880157727843,0.0,3.247417819692088,4.678687769727618]",0
36844.0,0.0,9.7,1.0,"[36844.0,0.0,9.7,1.0]","[0.20083117320506902,0.0,3.6627852152340994,4.678687769727618]",0
81800.0,0.0,4.5,1.0,"[81800.0,0.0,4.5,1.0]","[0.44587965389682566,0.0,1.6992302544900462,4.678687769727618]",0
76111.0,4.0,7.0,1.0,"[76111.0,4.0,7.0,1.0]","[0.4148697596300892,2.1376484723156848,2.643247062540072,4.678687769727618]",1
68147.0,0.0,7.7,1.0,"[68147.0,0.0,7.7,1.0]","[0.37145917816756696,0.0,2.907571768794079,4.678687769727618]",0
121363.0,5.0,6.6,1.0,"[121363.0,5.0,6.6,1.0]","[0.6615316923701767,2.672060590394606,2.4922043732520676,4.678687769727618]",1
78400.0,0.0,4.5,1.0,"[78400.0,0.0,4.5,1.0]","[0.4273467587470799,0.0,1.6992302544900462,4.678687769727618]",0
183541.0,2.0,7.9,1.0,"[183541.0,2.0,7.9,1.0]","[1.0004547378469106,1.0688242361578424,2.9830931134380814,4.678687769727618]",1
207707.0,4.0,6.5,1.0,"[207707.0,4.0,6.5,1.0]","[1.132180015549486,2.1376484723156848,2.454443700930067,4.678687769727618]",1
187748.0,4.0,7.7,1.0,"[187748.0,4.0,7.7,1.0]","[1.0233864701689637,2.1376484723156848,2.907571768794079,4.678687769727618]",1
44648.0,0.0,7.4,1.0,"[44648.0,0.0,7.4,1.0]","[0.2433696184252503,0.0,2.7942897518280763,4.678687769727618]",0
158792.0,4.0,9.1,1.0,"[158792.0,4.0,9.1,1.0]","[0.865551613711305,2.1376484723156848,3.436221181302093,4.678687769727618]",1
81400.0,0.0,4.5,1.0,"[81400.0,0.0,4.5,1.0]","[0.44369931329097323,0.0,1.6992302544900462,4.678687769727618]",0
41016.0,0.0,8.8,1.0,"[41016.0,0.0,8.8,1.0]","[0.22357212572411006,0.0,3.322939164336091,4.678687769727618]",0
79500.0,0.0,4.5,1.0,"[79500.0,0.0,4.5,1.0]","[0.4333426954131741,0.0,1.6992302544900462,4.678687769727618]",0
39163.0,0.0,8.3,1.0,"[39163.0,0.0,8.3,1.0]","[0.2134716978674986,0.0,3.1341358027260853,4.678687769727618]",0
110281.0,0.0,8.8,1.0,"[110281.0,0.0,8.8,1.0]","[0.6011253558850346,0.0,3.322939164336091,4.678687769727618]",0
106184.0,3.0,8.8,1.0,"[106184.0,3.0,8.8,1.0]","[0.5787932172295909,1.6032363542367636,3.322939164336091,4.678687769727618]",1
174525.0,4.0,9.0,1.0,"[174525.0,4.0,9.0,1.0]","[0.9513098605909963,2.1376484723156848,3.3984605089800923,4.678687769727618]",1
29797.0,0.0,8.1,1.0,"[29797.0,0.0,8.1,1.0]","[0.1624190225814635,0.0,3.058614458082083,4.678687769727618]",0
26814.0,0.0,7.1,1.0,"[26814.0,0.0,7.1,1.0]","[0.14615913251331888,0.0,2.6810077348620727,4.678687769727618]",0
101178.0,5.0,9.6,1.0,"[101178.0,5.0,9.6,1.0]","[0.5515062545473476,2.672060590394606,3.625024542912098,4.678687769727618]",1
56792.0,0.0,7.5,1.0,"[56792.0,0.0,7.5,1.0]","[0.3095647592189306,0.0,2.832050424150077,4.678687769727618]",0
77488.0,0.0,8.0,1.0,"[77488.0,0.0,8.0,1.0]","[0.4223755821657363,0.0,3.020853785760082,4.678687769727618]",0
128817.0,5.0,8.1,1.0,"[128817.0,5.0,8.1,1.0]","[0.7021623395602371,2.672060590394606,3.058614458082083,4.678687769727618]",1
71780.0,0.0,9.7,1.0,"[71780.0,0.0,9.7,1.0]","[0.39126212172022184,0.0,3.6627852152340994,4.678687769727618]",0
238326.0,4.0,7.9,1.0,"[238326.0,4.0,7.9,1.0]","[1.2990796380759764,2.1376484723156848,2.9830931134380814,4.678687769727618]",1
29548.0,0.0,8.0,1.0,"[29548.0,0.0,8.0,1.0]","[0.16106176055432037,0.0,3.020853785760082,4.678687769727618]",0
190000.0,0.0,7.4,1.0,"[190000.0,0.0,7.4,1.0]","[1.035661787779913,0.0,2.7942897518280763,4.678687769727618]",0
55226.0,0.0,8.2,1.0,"[55226.0,0.0,8.2,1.0]","[0.3010287257470183,0.0,3.096375130404084,4.678687769727618]",0
102666.0,0.0,7.9,1.0,"[102666.0,0.0,7.9,1.0]","[0.5596171216011186,0.0,2.9830931134380814,4.678687769727618]",0
138497.0,4.0,9.6,1.0,"[138497.0,4.0,9.6,1.0]","[0.7549265822218664,2.1376484723156848,3.625024542912098,4.678687769727618]",1
81046.0,0.0,9.3,1.0,"[81046.0,0.0,9.3,1.0]","[0.4417697118547938,0.0,3.511742525946096,4.678687769727618]",0
97818.0,0.0,8.5,1.0,"[97818.0,0.0,8.5,1.0]","[0.533191393458187,0.0,3.2096571473700872,4.678687769727618]",0
109019.0,0.0,9.8,1.0,"[109019.0,0.0,9.8,1.0]","[0.5942463812735701,0.0,3.700545887556101,4.678687769727618]",0
49724.0,0.0,9.2,1.0,"[49724.0,0.0,9.2,1.0]","[0.27103814071351784,0.0,3.4739818536240943,4.678687769727618]",0
35234.0,0.0,9.4,1.0,"[35234.0,0.0,9.4,1.0]","[0.1920553022665129,0.0,3.5495031982680967,4.678687769727618]",0
28977.0,0.0,7.2,1.0,"[28977.0,0.0,7.2,1.0]","[0.15794932433946599,0.0,2.718768407184074,4.678687769727618]",0
33273.0,0.0,8.6,1.0,"[33273.0,0.0,8.6,1.0]","[0.18136618244632127,0.0,3.247417819692088,4.678687769727618]",0
205270.0,5.0,8.8,1.0,"[205270.0,5.0,8.8,1.0]","[1.1188962904083302,2.672060590394606,3.322939164336091,4.678687769727618]",1
26946.0,0.0,7.7,1.0,"[26946.0,0.0,7.7,1.0]","[0.14687864491325017,0.0,2.907571768794079,4.678687769727618]",0
83453.0,5.0,8.7,1.0,"[83453.0,5.0,8.7,1.0]","[0.45488991145051094,2.672060590394606,3.285178492014089,4.678687769727618]",1
47079.0,0.0,8.5,1.0,"[47079.0,0.0,8.5,1.0]","[0.25662063845731853,0.0,3.2096571473700872,4.678687769727618]",0
228779.0,3.0,8.2,1.0,"[228779.0,3.0,8.2,1.0]","[1.2470403586657932,1.6032363542367636,3.096375130404084,4.678687769727618]",1
112456.0,0.0,7.8,1.0,"[112456.0,0.0,7.8,1.0]","[0.6129809579293574,0.0,2.94533244111608,4.678687769727618]",0
46579.0,0.0,9.1,1.0,"[46579.0,0.0,9.1,1.0]","[0.253895212700003,0.0,3.436221181302093,4.678687769727618]",0
33721.0,0.0,7.7,1.0,"[33721.0,0.0,7.7,1.0]","[0.18380816392487603,0.0,2.907571768794079,4.678687769727618]",0
38023.0,0.0,8.5,1.0,"[38023.0,0.0,8.5,1.0]","[0.2072577271408191,0.0,3.2096571473700872,4.678687769727618]",0
145122.0,5.0,8.5,1.0,"[145122.0,5.0,8.5,1.0]","[0.7910384735062975,2.672060590394606,3.2096571473700872,4.678687769727618]",1
237500.0,0.0,8.8,1.0,"[237500.0,0.0,8.8,1.0]","[1.2945772347248912,0.0,3.322939164336091,4.678687769727618]",0
228901.0,4.0,7.7,1.0,"[228901.0,4.0,7.7,1.0]","[1.247705362550578,2.1376484723156848,2.907571768794079,4.678687769727618]",1
47091.0,0.0,7.3,1.0,"[47091.0,0.0,7.3,1.0]","[0.2566860486754941,0.0,2.756529079506075,4.678687769727618]",0
103498.0,0.0,7.2,1.0,"[103498.0,0.0,7.2,1.0]","[0.5641522300612918,0.0,2.718768407184074,4.678687769727618]",0
92890.0,3.0,9.1,1.0,"[92890.0,3.0,9.1,1.0]","[0.5063295971940848,1.6032363542367636,3.436221181302093,4.678687769727618]",1
20900.0,0.0,10.0,1.0,"[20900.0,0.0,10.0,1.0]","[0.11392279665579043,0.0,3.7760672322001025,4.678687769727618]",0
41529.0,0.0,9.5,1.0,"[41529.0,0.0,9.5,1.0]","[0.2263684125511158,0.0,3.5872638705900974,4.678687769727618]",0
380000.0,0.0,7.8,1.0,"[380000.0,0.0,7.8,1.0]","[2.071323575559826,0.0,2.94533244111608,4.678687769727618]",0
36100.0,0.0,0.0,1.0,"[36100.0,0.0,0.0,1.0]","[0.19677573967818346,0.0,0.0,4.678687769727618]",0
239412.0,5.0,9.6,1.0,"[239412.0,5.0,9.6,1.0]","[1.304999262820866,2.672060590394606,3.625024542912098,4.678687769727618]",1
22036.0,0.0,8.2,1.0,"[22036.0,0.0,8.2,1.0]","[0.12011496397641137,0.0,3.096375130404084,4.678687769727618]",0
91517.0,0.0,9.0,1.0,"[91517.0,0.0,9.0,1.0]","[0.49884557806449625,0.0,3.3984605089800923,4.678687769727618]",0
74198.0,0.0,7.4,1.0,"[74198.0,0.0,7.4,1.0]","[0.4044422806825999,0.0,2.7942897518280763,4.678687769727618]",0
26493.0,0.0,8.2,1.0,"[26493.0,0.0,8.2,1.0]","[0.14440940917712228,0.0,3.096375130404084,4.678687769727618]",0
40702.0,0.0,7.0,1.0,"[40702.0,0.0,7.0,1.0]","[0.22186055834851587,0.0,2.643247062540072,4.678687769727618]",0
117866.0,0.0,7.4,1.0,"[117866.0,0.0,7.4,1.0]","[0.6424700646235116,0.0,2.7942897518280763,4.678687769727618]",0
88150.0,3.0,8.5,1.0,"[88150.0,3.0,8.5,1.0]","[0.4804925610147333,1.6032363542367636,3.2096571473700872,4.678687769727618]",1
69509.0,0.0,8.6,1.0,"[69509.0,0.0,8.6,1.0]","[0.37888323793049455,0.0,3.247417819692088,4.678687769727618]",0
74703.0,5.0,9.0,1.0,"[74703.0,5.0,9.0,1.0]","[0.4071949606974886,2.672060590394606,3.3984605089800923,4.678687769727618]",1
66688.0,0.0,9.2,1.0,"[66688.0,0.0,9.2,1.0]","[0.36350638580772016,0.0,3.4739818536240943,4.678687769727618]",0
179253.0,5.0,9.0,1.0,"[179253.0,5.0,9.0,1.0]","[0.9770814865521723,2.672060590394606,3.3984605089800923,4.678687769727618]",1
167976.0,5.0,8.7,1.0,"[167976.0,5.0,8.7,1.0]","[0.9156122340216771,2.672060590394606,3.285178492014089,4.678687769727618]",1
66589.0,0.0,9.7,1.0,"[66589.0,0.0,9.7,1.0]","[0.3629667515077717,0.0,3.6627852152340994,4.678687769727618]",0
25237.0,0.0,7.5,1.0,"[25237.0,0.0,7.5,1.0]","[0.1375631396747456,0.0,2.832050424150077,4.678687769727618]",0
231658.0,5.0,9.3,1.0,"[231658.0,5.0,9.3,1.0]","[1.2627333601764161,2.672060590394606,3.511742525946096,4.678687769727618]",1
180526.0,5.0,7.3,1.0,"[180526.0,5.0,7.3,1.0]","[0.9840204205302977,2.672060590394606,2.756529079506075,4.678687769727618]",1
285000.0,0.0,9.4,1.0,"[285000.0,0.0,9.4,1.0]","[1.5534926816698693,0.0,3.5495031982680967,4.678687769727618]",0
112167.0,5.0,8.9,1.0,"[112167.0,5.0,8.9,1.0]","[0.6114056618416289,2.672060590394606,3.3606998366580916,4.678687769727618]",1
209504.0,4.0,7.7,1.0,"[209504.0,4.0,7.7,1.0]","[1.1419751957212783,2.1376484723156848,2.907571768794079,4.678687769727618]",1
190000.0,0.0,9.5,1.0,"[190000.0,0.0,9.5,1.0]","[1.035661787779913,0.0,3.5872638705900974,4.678687769727618]",0
52862.0,0.0,8.0,1.0,"[52862.0,0.0,8.0,1.0]","[0.2881429127664303,0.0,3.020853785760082,4.678687769727618]",0
111775.0,0.0,8.8,1.0,"[111775.0,0.0,8.8,1.0]","[0.6092689280478936,0.0,3.322939164336091,4.678687769727618]",0
26675.0,0.0,8.6,1.0,"[26675.0,0.0,8.6,1.0]","[0.14540146415278515,0.0,3.247417819692088,4.678687769727618]",0
105188.0,0.0,9.3,1.0,"[105188.0,0.0,9.3,1.0]","[0.5733641691210183,0.0,3.511742525946096,4.678687769727618]",0
204219.0,3.0,9.4,1.0,"[204219.0,3.0,9.4,1.0]","[1.1131674454664529,1.6032363542367636,3.5495031982680967,4.678687769727618]",1
36637.0,0.0,9.6,1.0,"[36637.0,0.0,9.6,1.0]","[0.19970284694154036,0.0,3.625024542912098,4.678687769727618]",0
95259.0,4.0,9.5,1.0,"[95259.0,4.0,9.5,1.0]","[0.519242664432246,2.1376484723156848,3.5872638705900974,4.678687769727618]",1
104698.0,0.0,8.8,1.0,"[104698.0,0.0,8.8,1.0]","[0.5706932518788491,0.0,3.322939164336091,4.678687769727618]",0
88404.0,0.0,7.3,1.0,"[88404.0,0.0,7.3,1.0]","[0.4818770772994496,0.0,2.756529079506075,4.678687769727618]",0
31513.0,0.0,7.2,1.0,"[31513.0,0.0,7.2,1.0]","[0.1717726837805705,0.0,2.718768407184074,4.678687769727618]",0
111582.0,0.0,7.9,1.0,"[111582.0,0.0,7.9,1.0]","[0.6082169137055697,0.0,2.9830931134380814,4.678687769727618]",0
25755.0,0.0,7.5,1.0,"[25755.0,0.0,7.5,1.0]","[0.1403866807593245,0.0,2.832050424150077,4.678687769727618]",0
71780.0,0.0,7.9,1.0,"[71780.0,0.0,7.9,1.0]","[0.39126212172022184,0.0,2.9830931134380814,4.678687769727618]",0
118665.0,0.0,9.1,1.0,"[118665.0,0.0,9.1,1.0]","[0.6468252949837019,0.0,3.436221181302093,4.678687769727618]",0
33834.0,0.0,9.1,1.0,"[33834.0,0.0,9.1,1.0]","[0.18442411014602933,0.0,3.436221181302093,4.678687769727618]",0
47547.0,0.0,7.4,1.0,"[47547.0,0.0,7.4,1.0]","[0.2591716369661659,0.0,2.7942897518280763,4.678687769727618]",0
95404.0,4.0,7.3,1.0,"[95404.0,4.0,7.3,1.0]","[0.5200330379018674,2.1376484723156848,2.756529079506075,4.678687769727618]",1
126182.0,3.0,8.4,1.0,"[126182.0,3.0,8.4,1.0]","[0.6877993458191841,1.6032363542367636,3.1718964750480865,4.678687769727618]",1
108830.0,0.0,7.0,1.0,"[108830.0,0.0,7.0,1.0]","[0.5932161703373049,0.0,2.643247062540072,4.678687769727618]",0
35532.0,0.0,7.0,1.0,"[35532.0,0.0,7.0,1.0]","[0.193679656017873,0.0,2.643247062540072,4.678687769727618]",0
88023.0,5.0,7.6,1.0,"[88023.0,5.0,7.6,1.0]","[0.47980030287237513,2.672060590394606,2.8698110964720778,4.678687769727618]",1
32822.0,0.0,9.1,1.0,"[32822.0,0.0,9.1,1.0]","[0.17890784841322263,0.0,3.436221181302093,4.678687769727618]",0
110122.0,4.0,7.0,1.0,"[110122.0,4.0,7.0,1.0]","[0.6002586704942082,2.1376484723156848,2.643247062540072,4.678687769727618]",1
39603.0,0.0,7.2,1.0,"[39603.0,0.0,7.2,1.0]","[0.21587007253393628,0.0,2.718768407184074,4.678687769727618]",0
173472.0,3.0,9.2,1.0,"[173472.0,3.0,9.2,1.0]","[0.9455701139460898,1.6032363542367636,3.4739818536240943,4.678687769727618]",1
30003.0,0.0,8.8,1.0,"[30003.0,0.0,8.8,1.0]","[0.16354189799347751,0.0,3.322939164336091,4.678687769727618]",0
35945.0,0.0,8.6,1.0,"[35945.0,0.0,8.6,1.0]","[0.19593085769341564,0.0,3.247417819692088,4.678687769727618]",0
200155.0,3.0,7.1,1.0,"[200155.0,3.0,7.1,1.0]","[1.091015184910992,1.6032363542367636,2.6810077348620727,4.678687769727618]",1
37862.0,0.0,9.2,1.0,"[37862.0,0.0,9.2,1.0]","[0.2063801400469635,0.0,3.4739818536240943,4.678687769727618]",0
49131.0,0.0,8.0,1.0,"[49131.0,0.0,8.0,1.0]","[0.2678057857653416,0.0,3.020853785760082,4.678687769727618]",0
147863.0,3.0,7.6,1.0,"[147863.0,3.0,7.6,1.0]","[0.8059792575079014,1.6032363542367636,2.8698110964720778,4.678687769727618]",1
53839.0,0.0,8.5,1.0,"[53839.0,0.0,8.5,1.0]","[0.29346839469622493,0.0,3.2096571473700872,4.678687769727618]",0
22094.0,0.0,9.8,1.0,"[22094.0,0.0,9.8,1.0]","[0.12043111336425998,0.0,3.700545887556101,4.678687769727618]",0
30821.0,0.0,8.2,1.0,"[30821.0,0.0,8.2,1.0]","[0.16800069453244576,0.0,3.096375130404084,4.678687769727618]",0
25888.0,0.0,9.5,1.0,"[25888.0,0.0,9.5,1.0]","[0.14111164401077045,0.0,3.5872638705900974,4.678687769727618]",0
91496.0,0.0,8.3,1.0,"[91496.0,0.0,8.3,1.0]","[0.498731110182689,0.0,3.1341358027260853,4.678687769727618]",0
57345.0,0.0,7.2,1.0,"[57345.0,0.0,7.2,1.0]","[0.31257908010652163,0.0,2.718768407184074,4.678687769727618]",0
164047.0,3.0,9.3,1.0,"[164047.0,3.0,9.3,1.0]","[0.8941958384206915,1.6032363542367636,3.511742525946096,4.678687769727618]",1
37310.0,0.0,9.7,1.0,"[37310.0,0.0,9.7,1.0]","[0.20337127001088712,0.0,3.6627852152340994,4.678687769727618]",0
33539.0,0.0,9.1,1.0,"[33539.0,0.0,9.1,1.0]","[0.18281610894921316,0.0,3.436221181302093,4.678687769727618]",0
210888.0,3.0,7.3,1.0,"[210888.0,3.0,7.3,1.0]","[1.1495191742175277,1.6032363542367636,2.756529079506075,4.678687769727618]",1
103006.0,3.0,8.7,1.0,"[103006.0,3.0,8.7,1.0]","[0.5614704111160932,1.6032363542367636,3.285178492014089,4.678687769727618]",1
427500.0,0.0,7.8,1.0,"[427500.0,0.0,7.8,1.0]","[2.330239022504804,0.0,2.94533244111608,4.678687769727618]",0
35646.0,0.0,9.5,1.0,"[35646.0,0.0,9.5,1.0]","[0.19430105309054094,0.0,3.5872638705900974,4.678687769727618]",0
92622.0,0.0,8.2,1.0,"[92622.0,0.0,8.2,1.0]","[0.5048687689881637,0.0,3.096375130404084,4.678687769727618]",0
216173.0,4.0,7.4,1.0,"[216173.0,4.0,7.4,1.0]","[1.1783269244723533,2.1376484723156848,2.7942897518280763,4.678687769727618]",1
36892.0,0.0,7.4,1.0,"[36892.0,0.0,7.4,1.0]","[0.2010928140777713,0.0,2.7942897518280763,4.678687769727618]",0
38964.0,0.0,7.8,1.0,"[38964.0,0.0,7.8,1.0]","[0.21238697841608697,0.0,2.94533244111608,4.678687769727618]",0
19950.0,0.0,9.6,1.0,"[19950.0,0.0,9.6,1.0]","[0.10874448771689085,0.0,3.625024542912098,4.678687769727618]",0
73206.0,0.0,9.6,1.0,"[73206.0,0.0,9.6,1.0]","[0.39903503598008583,0.0,3.625024542912098,4.678687769727618]",0
25897.0,0.0,7.9,1.0,"[25897.0,0.0,7.9,1.0]","[0.14116070167440214,0.0,2.9830931134380814,4.678687769727618]",0
23435.0,0.0,8.4,1.0,"[23435.0,0.0,8.4,1.0]","[0.1277407052453803,0.0,3.1718964750480865,4.678687769727618]",0
105496.0,4.0,7.6,1.0,"[105496.0,4.0,7.6,1.0]","[0.5750430313875247,2.1376484723156848,2.8698110964720778,4.678687769727618]",1
196122.0,5.0,8.6,1.0,"[196122.0,5.0,8.6,1.0]","[1.0690319007524847,2.672060590394606,3.247417819692088,4.678687769727618]",1
98283.0,0.0,8.0,1.0,"[98283.0,0.0,8.0,1.0]","[0.5357260394124904,0.0,3.020853785760082,4.678687769727618]",0
48920.0,0.0,9.8,1.0,"[48920.0,0.0,9.8,1.0]","[0.2666556560957544,0.0,3.700545887556101,4.678687769727618]",0
64160.0,0.0,8.4,1.0,"[64160.0,0.0,8.4,1.0]","[0.3497266331787327,0.0,3.1718964750480865,4.678687769727618]",0
119977.0,0.0,9.3,1.0,"[119977.0,0.0,9.3,1.0]","[0.653976812170898,0.0,3.511742525946096,4.678687769727618]",0
101741.0,0.0,8.3,1.0,"[101741.0,0.0,8.3,1.0]","[0.5545750839500848,0.0,3.1341358027260853,4.678687769727618]",0
40401.0,0.0,7.4,1.0,"[40401.0,0.0,7.4,1.0]","[0.2202198520426119,0.0,2.7942897518280763,4.678687769727618]",0
116719.0,0.0,7.7,1.0,"[116719.0,0.0,7.7,1.0]","[0.6362179379362298,0.0,2.907571768794079,4.678687769727618]",0
30058.0,0.0,9.8,1.0,"[30058.0,0.0,9.8,1.0]","[0.16384169482678224,0.0,3.700545887556101,4.678687769727618]",0
95683.0,0.0,9.6,1.0,"[95683.0,0.0,9.6,1.0]","[0.5215538254744495,0.0,3.625024542912098,4.678687769727618]",0
50446.0,0.0,8.7,1.0,"[50446.0,0.0,8.7,1.0]","[0.2749736555070815,0.0,3.285178492014089,4.678687769727618]",0
46431.0,0.0,9.1,1.0,"[46431.0,0.0,9.1,1.0]","[0.25308848667583755,0.0,3.436221181302093,4.678687769727618]",0
142161.0,4.0,7.8,1.0,"[142161.0,4.0,7.8,1.0]","[0.7748985021714747,2.1376484723156848,2.94533244111608,4.678687769727618]",1
26080.0,0.0,8.4,1.0,"[26080.0,0.0,8.4,1.0]","[0.14215820750157962,0.0,3.1718964750480865,4.678687769727618]",0
203035.0,4.0,9.6,1.0,"[203035.0,4.0,9.6,1.0]","[1.1067136372731297,2.1376484723156848,3.625024542912098,4.678687769727618]",1
47157.0,0.0,7.8,1.0,"[47157.0,0.0,7.8,1.0]","[0.25704580487545975,0.0,2.94533244111608,4.678687769727618]",0
43799.0,0.0,7.9,1.0,"[43799.0,0.0,7.9,1.0]","[0.23874184548932845,0.0,2.9830931134380814,4.678687769727618]",0
27300.0,0.0,8.6,1.0,"[27300.0,0.0,8.6,1.0]","[0.1488082463494296,0.0,3.247417819692088,4.678687769727618]",0
30543.0,0.0,9.5,1.0,"[30543.0,0.0,9.5,1.0]","[0.16648535781137833,0.0,3.5872638705900974,4.678687769727618]",0
42951.0,0.0,7.0,1.0,"[42951.0,0.0,7.0,1.0]","[0.23411952340492126,0.0,2.643247062540072,4.678687769727618]",0
120352.0,0.0,7.9,1.0,"[120352.0,0.0,7.9,1.0]","[0.6560208814888846,0.0,2.9830931134380814,4.678687769727618]",0
27694.0,0.0,7.1,1.0,"[27694.0,0.0,7.1,1.0]","[0.15095588184619427,0.0,2.6810077348620727,4.678687769727618]",0
208475.0,4.0,7.6,1.0,"[208475.0,4.0,7.6,1.0]","[1.1363662695127228,2.1376484723156848,2.8698110964720778,4.678687769727618]",1
232607.0,4.0,7.1,1.0,"[232607.0,4.0,7.1,1.0]","[1.267906218263801,2.1376484723156848,2.6810077348620727,4.678687769727618]",1
124011.0,0.0,8.8,1.0,"[124011.0,0.0,8.8,1.0]","[0.67596554718092,0.0,3.322939164336091,4.678687769727618]",0
32682.0,0.0,8.0,1.0,"[32682.0,0.0,8.0,1.0]","[0.1781447292011743,0.0,3.020853785760082,4.678687769727618]",0
41164.0,0.0,7.4,1.0,"[41164.0,0.0,7.4,1.0]","[0.22437885174827546,0.0,2.7942897518280763,4.678687769727618]",0
232595.0,3.0,9.7,1.0,"[232595.0,3.0,9.7,1.0]","[1.2678408080456256,1.6032363542367636,3.6627852152340994,4.678687769727618]",1
162682.0,5.0,8.5,1.0,"[162682.0,5.0,8.5,1.0]","[0.88675542610322,2.672060590394606,3.2096571473700872,4.678687769727618]",1
200522.0,3.0,8.7,1.0,"[200522.0,3.0,8.7,1.0]","[1.0930156474168615,1.6032363542367636,3.285178492014089,4.678687769727618]",1
179731.0,4.0,9.4,1.0,"[179731.0,4.0,9.4,1.0]","[0.979686993576166,2.1376484723156848,3.5495031982680967,4.678687769727618]",1
34783.0,0.0,9.0,1.0,"[34783.0,0.0,9.0,1.0]","[0.18959696823341426,0.0,3.3984605089800923,4.678687769727618]",0
22036.0,0.0,7.3,1.0,"[22036.0,0.0,7.3,1.0]","[0.12011496397641137,0.0,2.756529079506075,4.678687769727618]",0
66703.0,4.0,9.5,1.0,"[66703.0,4.0,9.5,1.0]","[0.36358814858043964,2.1376484723156848,3.5872638705900974,4.678687769727618]",1
129044.0,5.0,8.3,1.0,"[129044.0,5.0,8.3,1.0]","[0.7033996828540583,2.672060590394606,3.1341358027260853,4.678687769727618]",1
49966.0,0.0,8.7,1.0,"[49966.0,0.0,8.7,1.0]","[0.27235724678005857,0.0,3.285178492014089,4.678687769727618]",0
134619.0,4.0,9.3,1.0,"[134619.0,4.0,9.3,1.0]","[0.7337881800481268,2.1376484723156848,3.511742525946096,4.678687769727618]",1
142500.0,0.0,9.1,1.0,"[142500.0,0.0,9.1,1.0]","[0.7767463408349347,0.0,3.436221181302093,4.678687769727618]",0
24376.0,0.0,8.3,1.0,"[24376.0,0.0,8.3,1.0]","[0.1328699565206482,0.0,3.1341358027260853,4.678687769727618]",0
87990.0,4.0,8.7,1.0,"[87990.0,4.0,8.7,1.0]","[0.4796204247723923,2.1376484723156848,3.285178492014089,4.678687769727618]",1
95138.0,0.0,7.9,1.0,"[95138.0,0.0,7.9,1.0]","[0.5185831113989756,0.0,2.9830931134380814,4.678687769727618]",0
25138.0,0.0,7.2,1.0,"[25138.0,0.0,7.2,1.0]","[0.1370235053747971,0.0,2.718768407184074,4.678687769727618]",0
98527.0,0.0,8.7,1.0,"[98527.0,0.0,8.7,1.0]","[0.5370560471820605,0.0,3.285178492014089,4.678687769727618]",0
38898.0,0.0,8.9,1.0,"[38898.0,0.0,8.9,1.0]","[0.21202722221612133,0.0,3.3606998366580916,4.678687769727618]",0
31608.0,0.0,7.8,1.0,"[31608.0,0.0,7.8,1.0]","[0.17229051467446047,0.0,2.94533244111608,4.678687769727618]",0
28395.0,0.0,9.6,1.0,"[28395.0,0.0,9.6,1.0]","[0.15477692875795068,0.0,3.625024542912098,4.678687769727618]",0
124970.0,0.0,9.7,1.0,"[124970.0,0.0,9.7,1.0]","[0.6811929137834511,0.0,3.6627852152340994,4.678687769727618]",0
23641.0,0.0,7.6,1.0,"[23641.0,0.0,7.6,1.0]","[0.1288635806573943,0.0,2.8698110964720778,4.678687769727618]",0
79826.0,0.0,9.5,1.0,"[79826.0,0.0,9.5,1.0]","[0.4351196730069438,0.0,3.5872638705900974,4.678687769727618]",0
90106.0,0.0,8.6,1.0,"[90106.0,0.0,8.6,1.0]","[0.49115442657735175,0.0,3.247417819692088,4.678687769727618]",0
97998.0,0.0,7.8,1.0,"[97998.0,0.0,7.8,1.0]","[0.5341725467308206,0.0,2.94533244111608,4.678687769727618]",0
27276.0,0.0,8.5,1.0,"[27276.0,0.0,8.5,1.0]","[0.14867742591307845,0.0,3.2096571473700872,4.678687769727618]",0
332500.0,0.0,8.8,1.0,"[332500.0,0.0,8.8,1.0]","[1.8124081286148477,0.0,3.322939164336091,4.678687769727618]",0
76448.0,5.0,9.5,1.0,"[76448.0,5.0,9.5,1.0]","[0.4167066965905199,2.672060590394606,3.5872638705900974,4.678687769727618]",1
46002.0,0.0,7.1,1.0,"[46002.0,0.0,7.1,1.0]","[0.2507500713760608,0.0,2.6810077348620727,4.678687769727618]",0
87569.0,0.0,7.2,1.0,"[87569.0,0.0,7.2,1.0]","[0.47732561628473263,0.0,2.718768407184074,4.678687769727618]",0
101146.0,0.0,9.1,1.0,"[101146.0,0.0,9.1,1.0]","[0.5513318272988793,0.0,3.436221181302093,4.678687769727618]",0
27363.0,0.0,7.9,1.0,"[27363.0,0.0,7.9,1.0]","[0.14915164999485137,0.0,2.9830931134380814,4.678687769727618]",0
23630.0,0.0,9.7,1.0,"[23630.0,0.0,9.7,1.0]","[0.1288036212907334,0.0,3.6627852152340994,4.678687769727618]",0
49842.0,0.0,7.1,1.0,"[49842.0,0.0,7.1,1.0]","[0.2716813411922443,0.0,2.6810077348620727,4.678687769727618]",0
66124.0,0.0,7.1,1.0,"[66124.0,0.0,7.1,1.0]","[0.3604321055534682,0.0,2.6810077348620727,4.678687769727618]",0
161162.0,3.0,8.3,1.0,"[161162.0,3.0,8.3,1.0]","[0.8784701318009807,1.6032363542367636,3.1341358027260853,4.678687769727618]",1
94896.0,0.0,9.3,1.0,"[94896.0,0.0,9.3,1.0]","[0.5172640053324349,0.0,3.511742525946096,4.678687769727618]",0
30639.0,0.0,9.1,1.0,"[30639.0,0.0,9.1,1.0]","[0.1670086395567829,0.0,3.436221181302093,4.678687769727618]",0
45116.0,0.0,8.3,1.0,"[45116.0,0.0,8.3,1.0]","[0.24592061693409764,0.0,3.1341358027260853,4.678687769727618]",0
124901.0,0.0,9.2,1.0,"[124901.0,0.0,9.2,1.0]","[0.6808168050289416,0.0,3.4739818536240943,4.678687769727618]",0
29507.0,0.0,9.0,1.0,"[29507.0,0.0,9.0,1.0]","[0.16083827564222047,0.0,3.3984605089800923,4.678687769727618]",0
65300.0,0.0,8.2,1.0,"[65300.0,0.0,8.2,1.0]","[0.35594060390541216,0.0,3.096375130404084,4.678687769727618]",0
75275.0,0.0,7.6,1.0,"[75275.0,0.0,7.6,1.0]","[0.4103128477638576,0.0,2.8698110964720778,4.678687769727618]",0
48454.0,0.0,9.6,1.0,"[48454.0,0.0,9.6,1.0]","[0.2641155592899363,0.0,3.625024542912098,4.678687769727618]",0
332500.0,0.0,9.0,1.0,"[332500.0,0.0,9.0,1.0]","[1.8124081286148477,0.0,3.3984605089800923,4.678687769727618]",0
58032.0,0.0,7.9,1.0,"[58032.0,0.0,7.9,1.0]","[0.3163238150970732,0.0,2.9830931134380814,4.678687769727618]",0
169579.0,4.0,9.2,1.0,"[169579.0,4.0,9.2,1.0]","[0.9243499489996309,2.1376484723156848,3.4739818536240943,4.678687769727618]",1
44573.0,0.0,7.4,1.0,"[44573.0,0.0,7.4,1.0]","[0.24296080456165295,0.0,2.7942897518280763,4.678687769727618]",0
427500.0,0.0,9.2,1.0,"[427500.0,0.0,9.2,1.0]","[2.330239022504804,0.0,3.4739818536240943,4.678687769727618]",0
168137.0,3.0,7.1,1.0,"[168137.0,3.0,7.1,1.0]","[0.9164898211155328,1.6032363542367636,2.6810077348620727,4.678687769727618]",1
99461.0,3.0,7.9,1.0,"[99461.0,3.0,7.9,1.0]","[0.5421471424967259,1.6032363542367636,2.9830931134380814,4.678687769727618]",1
42315.0,0.0,9.3,1.0,"[42315.0,0.0,9.3,1.0]","[0.23065278184161586,0.0,3.511742525946096,4.678687769727618]",0
70822.0,0.0,9.3,1.0,"[70822.0,0.0,9.3,1.0]","[0.38604020596920524,0.0,3.511742525946096,4.678687769727618]",0
50849.0,0.0,9.6,1.0,"[50849.0,0.0,9.6,1.0]","[0.27717034866747786,0.0,3.625024542912098,4.678687769727618]",0
227388.0,5.0,8.1,1.0,"[227388.0,5.0,8.1,1.0]","[1.2394582242089414,2.672060590394606,3.058614458082083,4.678687769727618]",1
39346.0,0.0,8.2,1.0,"[39346.0,0.0,8.2,1.0]","[0.21446920369467606,0.0,3.096375130404084,4.678687769727618]",0
237500.0,0.0,8.6,1.0,"[237500.0,0.0,8.6,1.0]","[1.2945772347248912,0.0,3.247417819692088,4.678687769727618]",0
63964.0,5.0,9.1,1.0,"[63964.0,5.0,9.1,1.0]","[0.348658266281865,2.672060590394606,3.436221181302093,4.678687769727618]",1
28337.0,0.0,8.5,1.0,"[28337.0,0.0,8.5,1.0]","[0.15446077937010208,0.0,3.2096571473700872,4.678687769727618]",0
104231.0,3.0,9.5,1.0,"[104231.0,3.0,9.5,1.0]","[0.5681477042215164,1.6032363542367636,3.5872638705900974,4.678687769727618]",1
184778.0,3.0,9.5,1.0,"[184778.0,3.0,9.5,1.0]","[1.0071974411705091,1.6032363542367636,3.5872638705900974,4.678687769727618]",1
66290.0,0.0,8.3,1.0,"[66290.0,0.0,8.3,1.0]","[0.361336946904897,0.0,3.1341358027260853,4.678687769727618]",0
46382.0,0.0,7.7,1.0,"[46382.0,0.0,7.7,1.0]","[0.25282139495162065,0.0,2.907571768794079,4.678687769727618]",0
131803.0,3.0,9.1,1.0,"[131803.0,3.0,9.1,1.0]","[0.7184385821829256,1.6032363542367636,3.436221181302093,4.678687769727618]",1
26436.0,0.0,9.2,1.0,"[26436.0,0.0,9.2,1.0]","[0.1440987106407883,0.0,3.4739818536240943,4.678687769727618]",0
214119.0,3.0,8.0,1.0,"[214119.0,3.0,8.0,1.0]","[1.167130875461301,1.6032363542367636,3.020853785760082,4.678687769727618]",1
60822.0,0.0,9.7,1.0,"[60822.0,0.0,9.7,1.0]","[0.331531690822894,0.0,3.6627852152340994,4.678687769727618]",0
25086.0,0.0,8.4,1.0,"[25086.0,0.0,8.4,1.0]","[0.13674006109603629,0.0,3.1718964750480865,4.678687769727618]",0
209091.0,3.0,9.3,1.0,"[209091.0,3.0,9.3,1.0]","[1.1397239940457358,1.6032363542367636,3.511742525946096,4.678687769727618]",1
50613.0,0.0,8.8,1.0,"[50613.0,0.0,8.8,1.0]","[0.2758839477100249,0.0,3.322939164336091,4.678687769727618]",0
93449.0,4.0,7.1,1.0,"[93449.0,4.0,7.1,1.0]","[0.5093766231907636,2.1376484723156848,2.6810077348620727,4.678687769727618]",1
102147.0,0.0,8.7,1.0,"[102147.0,0.0,8.7,1.0]","[0.5567881296650251,0.0,3.285178492014089,4.678687769727618]",0
47974.0,0.0,7.2,1.0,"[47974.0,0.0,7.2,1.0]","[0.2614991505629134,0.0,2.718768407184074,4.678687769727618]",0
185052.0,4.0,7.6,1.0,"[185052.0,4.0,7.6,1.0]","[1.0086909744855181,2.1376484723156848,2.8698110964720778,4.678687769727618]",1
161932.0,3.0,8.4,1.0,"[161932.0,3.0,8.4,1.0]","[0.8826672874672467,1.6032363542367636,3.1718964750480865,4.678687769727618]",1
49432.0,0.0,9.7,1.0,"[49432.0,0.0,9.7,1.0]","[0.26944649207124555,0.0,3.6627852152340994,4.678687769727618]",0
38763.0,0.0,8.0,1.0,"[38763.0,0.0,8.0,1.0]","[0.21129135726164613,0.0,3.020853785760082,4.678687769727618]",0
183523.0,3.0,7.9,1.0,"[183523.0,3.0,7.9,1.0]","[1.0003566225196472,1.6032363542367636,2.9830931134380814,4.678687769727618]",1
199129.0,5.0,9.2,1.0,"[199129.0,5.0,9.2,1.0]","[1.0854226112569805,2.672060590394606,3.4739818536240943,4.678687769727618]",1
285000.0,0.0,9.1,1.0,"[285000.0,0.0,9.1,1.0]","[1.5534926816698693,0.0,3.436221181302093,4.678687769727618]",0
113838.0,4.0,7.5,1.0,"[113838.0,4.0,7.5,1.0]","[0.6205140347225775,2.1376484723156848,2.832050424150077,4.678687769727618]",1
23503.0,0.0,7.3,1.0,"[23503.0,0.0,7.3,1.0]","[0.12811136314837523,0.0,2.756529079506075,4.678687769727618]",0
38075.0,0.0,9.3,1.0,"[38075.0,0.0,9.3,1.0]","[0.20754117141957992,0.0,3.511742525946096,4.678687769727618]",0
27049.0,0.0,7.4,1.0,"[27049.0,0.0,7.4,1.0]","[0.14744008261925717,0.0,2.7942897518280763,4.678687769727618]",0
57950.0,0.0,7.9,1.0,"[57950.0,0.0,7.9,1.0]","[0.31587684527287346,0.0,2.9830931134380814,4.678687769727618]",0
114578.0,3.0,7.3,1.0,"[114578.0,3.0,7.3,1.0]","[0.6245476648434045,1.6032363542367636,2.756529079506075,4.678687769727618]",1
237500.0,0.0,0.0,1.0,"[237500.0,0.0,0.0,1.0]","[1.2945772347248912,0.0,0.0,4.678687769727618]",0
33287.0,0.0,7.6,1.0,"[33287.0,0.0,7.6,1.0]","[0.1814424943675261,0.0,2.8698110964720778,4.678687769727618]",0
130992.0,4.0,9.0,1.0,"[130992.0,4.0,9.0,1.0]","[0.7140179416045598,2.1376484723156848,3.3984605089800923,4.678687769727618]",1
107279.0,0.0,9.8,1.0,"[107279.0,0.0,9.8,1.0]","[0.584761899638112,0.0,3.700545887556101,4.678687769727618]",0
25089.0,0.0,6.8,1.0,"[25089.0,0.0,6.8,1.0]","[0.1367564136505802,0.0,2.5677257178960695,4.678687769727618]",0
139981.0,2.0,7.3,1.0,"[139981.0,2.0,7.3,1.0]","[0.7630156458695789,1.0688242361578424,2.756529079506075,4.678687769727618]",1
42008.0,0.0,9.0,1.0,"[42008.0,0.0,9.0,1.0]","[0.2289793704266241,0.0,3.3984605089800923,4.678687769727618]",0
56927.0,0.0,7.6,1.0,"[56927.0,0.0,7.6,1.0]","[0.3103006241734058,0.0,2.8698110964720778,4.678687769727618]",0
96151.0,2.0,7.9,1.0,"[96151.0,2.0,7.9,1.0]","[0.5241048239832969,1.0688242361578424,2.9830931134380814,4.678687769727618]",1
237500.0,0.0,9.1,1.0,"[237500.0,0.0,9.1,1.0]","[1.2945772347248912,0.0,3.436221181302093,4.678687769727618]",0
87618.0,0.0,7.2,1.0,"[87618.0,0.0,7.2,1.0]","[0.47759270800894954,0.0,2.718768407184074,4.678687769727618]",0
41011.0,0.0,8.3,1.0,"[41011.0,0.0,8.3,1.0]","[0.2235448714665369,0.0,3.1341358027260853,4.678687769727618]",0
21088.0,0.0,8.6,1.0,"[21088.0,0.0,8.6,1.0]","[0.11494755674054108,0.0,3.247417819692088,4.678687769727618]",0
134523.0,5.0,9.4,1.0,"[134523.0,5.0,9.4,1.0]","[0.7332648983027222,2.672060590394606,3.5495031982680967,4.678687769727618]",1
79736.0,5.0,9.7,1.0,"[79736.0,5.0,9.7,1.0]","[0.434629096370627,2.672060590394606,3.6627852152340994,4.678687769727618]",1
105385.0,0.0,7.1,1.0,"[105385.0,0.0,7.1,1.0]","[0.5744379868694006,0.0,2.6810077348620727,4.678687769727618]",0
71069.0,0.0,7.7,1.0,"[71069.0,0.0,7.7,1.0]","[0.38738656629331913,0.0,2.907571768794079,4.678687769727618]",0
427500.0,0.0,0.0,1.0,"[427500.0,0.0,0.0,1.0]","[2.330239022504804,0.0,0.0,4.678687769727618]",0
190000.0,0.0,9.6,1.0,"[190000.0,0.0,9.6,1.0]","[1.035661787779913,0.0,3.625024542912098,4.678687769727618]",0
27938.0,0.0,7.5,1.0,"[27938.0,0.0,7.5,1.0]","[0.15228588961576425,0.0,2.832050424150077,4.678687769727618]",0
114054.0,4.0,8.2,1.0,"[114054.0,4.0,8.2,1.0]","[0.6216914186497379,2.1376484723156848,3.096375130404084,4.678687769727618]",1
145710.0,4.0,7.2,1.0,"[145710.0,4.0,7.2,1.0]","[0.7942435741969006,2.1376484723156848,2.718768407184074,4.678687769727618]",1
100490.0,0.0,6.5,1.0,"[100490.0,0.0,6.5,1.0]","[0.5477560687052814,0.0,2.454443700930067,4.678687769727618]",0
79778.0,0.0,9.7,1.0,"[79778.0,0.0,9.7,1.0]","[0.43485803213424157,0.0,3.6627852152340994,4.678687769727618]",0
73014.0,0.0,7.1,1.0,"[73014.0,0.0,7.1,1.0]","[0.39798847248927666,0.0,2.6810077348620727,4.678687769727618]",0
112826.0,0.0,8.0,1.0,"[112826.0,0.0,8.0,1.0]","[0.6149977729897709,0.0,3.020853785760082,4.678687769727618]",0
427500.0,0.0,8.4,1.0,"[427500.0,0.0,8.4,1.0]","[2.330239022504804,0.0,3.1718964750480865,4.678687769727618]",0
285000.0,0.0,9.6,1.0,"[285000.0,0.0,9.6,1.0]","[1.5534926816698693,0.0,3.625024542912098,4.678687769727618]",0
63369.0,0.0,9.6,1.0,"[63369.0,0.0,9.6,1.0]","[0.34541500963065946,0.0,3.625024542912098,4.678687769727618]",0
78207.0,3.0,7.4,1.0,"[78207.0,3.0,7.4,1.0]","[0.42629474440475607,1.6032363542367636,2.7942897518280763,4.678687769727618]",1
187547.0,2.0,8.3,1.0,"[187547.0,2.0,8.3,1.0]","[1.0222908490145228,1.0688242361578424,3.1341358027260853,4.678687769727618]",1
83809.0,0.0,7.4,1.0,"[83809.0,0.0,7.4,1.0]","[0.45683041458971957,0.0,2.7942897518280763,4.678687769727618]",0
332500.0,0.0,7.1,1.0,"[332500.0,0.0,7.1,1.0]","[1.8124081286148477,0.0,2.6810077348620727,4.678687769727618]",0
101708.0,5.0,7.5,1.0,"[101708.0,5.0,7.5,1.0]","[0.554395205850102,2.672060590394606,2.832050424150077,4.678687769727618]",1
73150.0,0.0,0.0,1.0,"[73150.0,0.0,0.0,1.0]","[0.3987297882952665,0.0,0.0,4.678687769727618]",0
102447.0,0.0,7.6,1.0,"[102447.0,0.0,7.6,1.0]","[0.5584233851194145,0.0,2.8698110964720778,4.678687769727618]",0
85946.0,4.0,6.7,1.0,"[85946.0,4.0,6.7,1.0]","[0.4684788842764863,2.1376484723156848,2.5299650455740688,4.678687769727618]",1
54447.0,0.0,7.0,1.0,"[54447.0,0.0,7.0,1.0]","[0.2967825124171206,0.0,2.643247062540072,4.678687769727618]",0
380000.0,0.0,8.6,1.0,"[380000.0,0.0,8.6,1.0]","[2.071323575559826,0.0,3.247417819692088,4.678687769727618]",0
41775.0,0.0,7.5,1.0,"[41775.0,0.0,7.5,1.0]","[0.22770932202371508,0.0,2.832050424150077,4.678687769727618]",0
48924.0,0.0,7.5,1.0,"[48924.0,0.0,7.5,1.0]","[0.26667745950181293,0.0,2.832050424150077,4.678687769727618]",0
58781.0,0.0,7.0,1.0,"[58781.0,0.0,7.0,1.0]","[0.3204065028815319,0.0,2.643247062540072,4.678687769727618]",0
427500.0,0.0,8.8,1.0,"[427500.0,0.0,8.8,1.0]","[2.330239022504804,0.0,3.322939164336091,4.678687769727618]",0
81969.0,3.0,8.6,1.0,"[81969.0,3.0,8.6,1.0]","[0.44680084780279833,1.6032363542367636,3.247417819692088,4.678687769727618]",1
21470.0,0.0,7.4,1.0,"[21470.0,0.0,7.4,1.0]","[0.11702978201913017,0.0,2.7942897518280763,4.678687769727618]",0
44696.0,0.0,9.2,1.0,"[44696.0,0.0,9.2,1.0]","[0.24363125929795257,0.0,3.4739818536240943,4.678687769727618]",0
43414.0,0.0,6.6,1.0,"[43414.0,0.0,6.6,1.0]","[0.23664326765619548,0.0,2.4922043732520676,4.678687769727618]",0
28901.0,0.0,8.0,1.0,"[28901.0,0.0,8.0,1.0]","[0.15753505962435402,0.0,3.020853785760082,4.678687769727618]",0
145400.0,4.0,7.4,1.0,"[145400.0,4.0,7.4,1.0]","[0.7925538102273649,2.1376484723156848,2.7942897518280763,4.678687769727618]",1
166213.0,4.0,9.4,1.0,"[166213.0,4.0,9.4,1.0]","[0.9060023828013825,2.1376484723156848,3.5495031982680967,4.678687769727618]",1
237500.0,0.0,8.3,1.0,"[237500.0,0.0,8.3,1.0]","[1.2945772347248912,0.0,3.1341358027260853,4.678687769727618]",0
41105.0,0.0,7.9,1.0,"[41105.0,0.0,7.9,1.0]","[0.22405725150891223,0.0,2.9830931134380814,4.678687769727618]",0
106593.0,0.0,9.7,1.0,"[106593.0,0.0,9.7,1.0]","[0.5810226154990751,0.0,3.6627852152340994,4.678687769727618]",0
20475.0,0.0,8.2,1.0,"[20475.0,0.0,8.2,1.0]","[0.1116061847620722,0.0,3.096375130404084,4.678687769727618]",0
30111.0,0.0,8.4,1.0,"[30111.0,0.0,8.4,1.0]","[0.16413058995705768,0.0,3.1718964750480865,4.678687769727618]",0
108110.0,0.0,8.9,1.0,"[108110.0,0.0,8.9,1.0]","[0.5892915572467705,0.0,3.3606998366580916,4.678687769727618]",0
55913.0,0.0,8.0,1.0,"[55913.0,0.0,8.0,1.0]","[0.30477346073756983,0.0,3.020853785760082,4.678687769727618]",0
164925.0,5.0,9.2,1.0,"[164925.0,5.0,9.2,1.0]","[0.8989816860505376,2.672060590394606,3.4739818536240943,4.678687769727618]",1
79074.0,2.0,6.6,1.0,"[79074.0,2.0,6.6,1.0]","[0.4310206326679412,1.0688242361578424,2.4922043732520676,4.678687769727618]",0
158010.0,4.0,7.9,1.0,"[158010.0,4.0,7.9,1.0]","[0.8612890478268633,2.1376484723156848,2.9830931134380814,4.678687769727618]",1
332500.0,0.0,8.3,1.0,"[332500.0,0.0,8.3,1.0]","[1.8124081286148477,0.0,3.1341358027260853,4.678687769727618]",0
380000.0,0.0,8.1,1.0,"[380000.0,0.0,8.1,1.0]","[2.071323575559826,0.0,3.058614458082083,4.678687769727618]",0
37827.0,0.0,8.5,1.0,"[37827.0,0.0,8.5,1.0]","[0.2061893602439514,0.0,3.2096571473700872,4.678687769727618]",0
37284.0,0.0,8.8,1.0,"[37284.0,0.0,8.8,1.0]","[0.2032295478715067,0.0,3.322939164336091,4.678687769727618]",0
192681.0,4.0,9.4,1.0,"[192681.0,4.0,9.4,1.0]","[1.050275520690639,2.1376484723156848,3.5495031982680967,4.678687769727618]",1
105535.0,3.0,6.9,1.0,"[105535.0,3.0,6.9,1.0]","[0.5752556145965954,1.6032363542367636,2.605486390218071,4.678687769727618]",1
67435.0,0.0,6.5,1.0,"[67435.0,0.0,6.5,1.0]","[0.36757817188914965,0.0,2.454443700930067,4.678687769727618]",0
98593.0,4.0,7.8,1.0,"[98593.0,4.0,7.8,1.0]","[0.5374158033820261,2.1376484723156848,2.94533244111608,4.678687769727618]",1
38224.0,0.0,9.2,1.0,"[38224.0,0.0,9.2,1.0]","[0.20835334829525995,0.0,3.4739818536240943,4.678687769727618]",0
178531.0,2.0,7.3,1.0,"[178531.0,2.0,7.3,1.0]","[0.9731459717586086,1.0688242361578424,2.756529079506075,4.678687769727618]",1
48188.0,0.0,9.2,1.0,"[48188.0,0.0,9.2,1.0]","[0.26266563278704447,0.0,3.4739818536240943,4.678687769727618]",0
138585.0,4.0,7.9,1.0,"[138585.0,4.0,7.9,1.0]","[0.7554062571551539,2.1376484723156848,2.9830931134380814,4.678687769727618]",1
91361.0,0.0,6.6,1.0,"[91361.0,0.0,6.6,1.0]","[0.4979952452282138,0.0,2.4922043732520676,4.678687769727618]",0
118255.0,0.0,8.3,1.0,"[118255.0,0.0,8.3,1.0]","[0.6445904458627032,0.0,3.1341358027260853,4.678687769727618]",0
380000.0,0.0,9.0,1.0,"[380000.0,0.0,9.0,1.0]","[2.071323575559826,0.0,3.3984605089800923,4.678687769727618]",0
79297.0,2.0,7.0,1.0,"[79297.0,2.0,7.0,1.0]","[0.43223617255570396,1.0688242361578424,2.643247062540072,4.678687769727618]",0
65729.0,0.0,6.5,1.0,"[65729.0,0.0,6.5,1.0]","[0.35827901920518895,0.0,2.454443700930067,4.678687769727618]",0
25092.0,0.0,9.7,1.0,"[25092.0,0.0,9.7,1.0]","[0.13677276620512407,0.0,3.6627852152340994,4.678687769727618]",0
97723.0,4.0,9.3,1.0,"[97723.0,4.0,9.3,1.0]","[0.532673562564297,2.1376484723156848,3.511742525946096,4.678687769727618]",1
93009.0,0.0,9.1,1.0,"[93009.0,0.0,9.1,1.0]","[0.5069782485243259,0.0,3.436221181302093,4.678687769727618]",0
427500.0,0.0,9.6,1.0,"[427500.0,0.0,9.6,1.0]","[2.330239022504804,0.0,3.625024542912098,4.678687769727618]",0
24271.0,0.0,7.6,1.0,"[24271.0,0.0,7.6,1.0]","[0.13229761711161192,0.0,2.8698110964720778,4.678687769727618]",0
39410.0,0.0,7.9,1.0,"[39410.0,0.0,7.9,1.0]","[0.21481805819161245,0.0,2.9830931134380814,4.678687769727618]",0
237500.0,0.0,9.3,1.0,"[237500.0,0.0,9.3,1.0]","[1.2945772347248912,0.0,3.511742525946096,4.678687769727618]",0
59187.0,0.0,8.0,1.0,"[59187.0,0.0,8.0,1.0]","[0.3226195485964721,0.0,3.020853785760082,4.678687769727618]",0
106458.0,0.0,9.7,1.0,"[106458.0,0.0,9.7,1.0]","[0.5802867505445999,0.0,3.6627852152340994,4.678687769727618]",0
332500.0,0.0,7.6,1.0,"[332500.0,0.0,7.6,1.0]","[1.8124081286148477,0.0,2.8698110964720778,4.678687769727618]",0
37359.0,0.0,8.4,1.0,"[37359.0,0.0,8.4,1.0]","[0.20363836173510405,0.0,3.1718964750480865,4.678687769727618]",0
95000.0,0.0,9.8,1.0,"[95000.0,0.0,9.8,1.0]","[0.5178308938899565,0.0,3.700545887556101,4.678687769727618]",0
42146.0,0.0,8.2,1.0,"[42146.0,0.0,8.2,1.0]","[0.22973158793564322,0.0,3.096375130404084,4.678687769727618]",0
190000.0,0.0,8.9,1.0,"[190000.0,0.0,8.9,1.0]","[1.035661787779913,0.0,3.3606998366580916,4.678687769727618]",0
181849.0,2.0,8.0,1.0,"[181849.0,2.0,8.0,1.0]","[0.9912318970841547,1.0688242361578424,3.020853785760082,4.678687769727618]",1
52814.0,0.0,8.6,1.0,"[52814.0,0.0,8.6,1.0]","[0.28788127189372803,0.0,3.247417819692088,4.678687769727618]",0
81749.0,0.0,7.6,1.0,"[81749.0,0.0,7.6,1.0]","[0.4456016604695795,0.0,2.8698110964720778,4.678687769727618]",0
218799.0,4.0,7.5,1.0,"[218799.0,4.0,7.5,1.0]","[1.1926408605497745,2.1376484723156848,2.832050424150077,4.678687769727618]",1
176013.0,4.0,7.2,1.0,"[176013.0,4.0,7.2,1.0]","[0.9594207276447675,2.1376484723156848,2.718768407184074,4.678687769727618]",1
92875.0,0.0,8.5,1.0,"[92875.0,0.0,8.5,1.0]","[0.5062478344213653,0.0,3.2096571473700872,4.678687769727618]",0
43309.0,0.0,6.9,1.0,"[43309.0,0.0,6.9,1.0]","[0.2360709282471592,0.0,2.605486390218071,4.678687769727618]",0
103196.0,0.0,7.2,1.0,"[103196.0,0.0,7.2,1.0]","[0.5625060729038731,0.0,2.718768407184074,4.678687769727618]",0
104650.0,5.0,8.9,1.0,"[104650.0,5.0,8.9,1.0]","[0.5704316110061468,2.672060590394606,3.3606998366580916,4.678687769727618]",1
108461.0,0.0,6.6,1.0,"[108461.0,0.0,6.6,1.0]","[0.591204806128406,0.0,2.4922043732520676,4.678687769727618]",0
36049.0,0.0,9.2,1.0,"[36049.0,0.0,9.2,1.0]","[0.19649774625093727,0.0,3.4739818536240943,4.678687769727618]",0
130150.0,0.0,0.0,1.0,"[130150.0,0.0,0.0,1.0]","[0.7094283246292403,0.0,0.0,4.678687769727618]",0
181905.0,5.0,9.0,1.0,"[181905.0,5.0,9.0,1.0]","[0.991537144768974,2.672060590394606,3.3984605089800923,4.678687769727618]",1
149155.0,4.0,8.1,1.0,"[149155.0,4.0,8.1,1.0]","[0.8130217576648048,2.1376484723156848,3.058614458082083,4.678687769727618]",1
31308.0,0.0,7.2,1.0,"[31308.0,0.0,7.2,1.0]","[0.17065525922007113,0.0,2.718768407184074,4.678687769727618]",0
190000.0,0.0,9.1,1.0,"[190000.0,0.0,9.1,1.0]","[1.035661787779913,0.0,3.436221181302093,4.678687769727618]",0
380000.0,0.0,9.7,1.0,"[380000.0,0.0,9.7,1.0]","[2.071323575559826,0.0,3.6627852152340994,4.678687769727618]",0
214111.0,2.0,9.3,1.0,"[214111.0,2.0,9.3,1.0]","[1.167087268649184,1.0688242361578424,3.511742525946096,4.678687769727618]",1
46007.0,0.0,8.9,1.0,"[46007.0,0.0,8.9,1.0]","[0.250777325633634,0.0,3.3606998366580916,4.678687769727618]",0
30162.0,0.0,8.5,1.0,"[30162.0,0.0,8.5,1.0]","[0.16440858338430386,0.0,3.2096571473700872,4.678687769727618]",0
39395.0,0.0,9.3,1.0,"[39395.0,0.0,9.3,1.0]","[0.214736295418893,0.0,3.511742525946096,4.678687769727618]",0
85302.0,0.0,6.9,1.0,"[85302.0,0.0,6.9,1.0]","[0.46496853590106385,0.0,2.605486390218071,4.678687769727618]",0
122008.0,5.0,7.5,1.0,"[122008.0,5.0,7.5,1.0]","[0.6650474915971137,2.672060590394606,2.832050424150077,4.678687769727618]",1
197842.0,4.0,9.0,1.0,"[197842.0,4.0,9.0,1.0]","[1.0784073653576502,2.1376484723156848,3.3984605089800923,4.678687769727618]",1
332500.0,0.0,9.3,1.0,"[332500.0,0.0,9.3,1.0]","[1.8124081286148477,0.0,3.511742525946096,4.678687769727618]",0
159581.0,3.0,7.1,1.0,"[159581.0,3.0,7.1,1.0]","[0.8698523355563489,1.6032363542367636,2.6810077348620727,4.678687769727618]",1
22599.0,0.0,9.1,1.0,"[22599.0,0.0,9.1,1.0]","[0.1231837933791487,0.0,3.436221181302093,4.678687769727618]",0
73700.0,0.0,8.0,1.0,"[73700.0,0.0,8.0,1.0]","[0.4017277566283136,0.0,3.020853785760082,4.678687769727618]",0
154236.0,4.0,7.9,1.0,"[154236.0,4.0,7.9,1.0]","[0.8407175342106455,2.1376484723156848,2.9830931134380814,4.678687769727618]",1
332500.0,0.0,9.0,1.0,"[332500.0,0.0,9.0,1.0]","[1.8124081286148477,0.0,3.3984605089800923,4.678687769727618]",0
108510.0,2.0,9.7,1.0,"[108510.0,2.0,9.7,1.0]","[0.5914718978526229,1.0688242361578424,3.6627852152340994,4.678687769727618]",1
211617.0,3.0,7.0,1.0,"[211617.0,3.0,7.0,1.0]","[1.153492844971694,1.6032363542367636,2.643247062540072,4.678687769727618]",1
69979.0,0.0,6.6,1.0,"[69979.0,0.0,6.6,1.0]","[0.3814451381423712,0.0,2.4922043732520676,4.678687769727618]",0
427500.0,0.0,9.4,1.0,"[427500.0,0.0,9.4,1.0]","[2.330239022504804,0.0,3.5495031982680967,4.678687769727618]",0
105662.0,0.0,9.3,1.0,"[105662.0,0.0,9.3,1.0]","[0.5759478727389534,0.0,3.511742525946096,4.678687769727618]",0
285000.0,0.0,8.2,1.0,"[285000.0,0.0,8.2,1.0]","[1.5534926816698693,0.0,3.096375130404084,4.678687769727618]",0
218910.0,4.0,9.7,1.0,"[218910.0,4.0,9.7,1.0]","[1.1932459050678987,2.1376484723156848,3.6627852152340994,4.678687769727618]",1
285000.0,0.0,8.7,1.0,"[285000.0,0.0,8.7,1.0]","[1.5534926816698693,0.0,3.285178492014089,4.678687769727618]",0
37611.0,0.0,8.1,1.0,"[37611.0,0.0,8.1,1.0]","[0.20501197631679108,0.0,3.058614458082083,4.678687769727618]",0
64085.0,4.0,7.9,1.0,"[64085.0,4.0,7.9,1.0]","[0.3493178193151354,2.1376484723156848,2.9830931134380814,4.678687769727618]",1
148257.0,4.0,8.1,1.0,"[148257.0,4.0,8.1,1.0]","[0.8081268930046661,2.1376484723156848,3.058614458082083,4.678687769727618]",1
96494.0,2.0,9.2,1.0,"[96494.0,2.0,9.2,1.0]","[0.5259744660528154,1.0688242361578424,3.4739818536240943,4.678687769727618]",1
23142.0,0.0,7.3,1.0,"[23142.0,0.0,7.3,1.0]","[0.1261436057515934,0.0,2.756529079506075,4.678687769727618]",0
167182.0,2.0,8.3,1.0,"[167182.0,2.0,8.3,1.0]","[0.91128425791906,1.0688242361578424,3.1341358027260853,4.678687769727618]",1
31882.0,0.0,9.1,1.0,"[31882.0,0.0,9.1,1.0]","[0.1737840479894694,0.0,3.436221181302093,4.678687769727618]",0
332500.0,0.0,0.0,1.0,"[332500.0,0.0,0.0,1.0]","[1.8124081286148477,0.0,0.0,4.678687769727618]",0
168150.0,3.0,6.8,1.0,"[168150.0,3.0,6.8,1.0]","[0.9165606821852229,1.6032363542367636,2.5677257178960695,4.678687769727618]",1
88279.0,0.0,6.6,1.0,"[88279.0,0.0,6.6,1.0]","[0.4811957208601207,0.0,2.4922043732520676,4.678687769727618]",0
93206.0,2.0,6.7,1.0,"[93206.0,2.0,6.7,1.0]","[0.5080520662727083,1.0688242361578424,2.5299650455740688,4.678687769727618]",0
80382.0,5.0,6.6,1.0,"[80382.0,5.0,6.6,1.0]","[0.43815034644907874,2.672060590394606,2.4922043732520676,4.678687769727618]",1
146096.0,3.0,8.0,1.0,"[146096.0,3.0,8.0,1.0]","[0.7963476028815483,1.6032363542367636,3.020853785760082,4.678687769727618]",1
21942.0,0.0,7.5,1.0,"[21942.0,0.0,7.5,1.0]","[0.11960258393403606,0.0,2.832050424150077,4.678687769727618]",0
63322.0,2.0,8.9,1.0,"[63322.0,2.0,8.9,1.0]","[0.3451588196094718,1.0688242361578424,3.3606998366580916,4.678687769727618]",1
26901.0,0.0,7.1,1.0,"[26901.0,0.0,7.1,1.0]","[0.14663335659509177,0.0,2.6810077348620727,4.678687769727618]",0
70448.0,0.0,6.9,1.0,"[70448.0,0.0,6.9,1.0]","[0.38400158750273317,0.0,2.605486390218071,4.678687769727618]",0
52993.0,0.0,8.5,1.0,"[52993.0,0.0,8.5,1.0]","[0.28885697431484697,0.0,3.2096571473700872,4.678687769727618]",0
140550.0,2.0,8.7,1.0,"[140550.0,2.0,8.7,1.0]","[0.766117180381404,1.0688242361578424,3.285178492014089,4.678687769727618]",1
22718.0,0.0,8.4,1.0,"[22718.0,0.0,8.4,1.0]","[0.1238324447093898,0.0,3.1718964750480865,4.678687769727618]",0
42637.0,0.0,9.3,1.0,"[42637.0,0.0,9.3,1.0]","[0.2324079560293271,0.0,3.511742525946096,4.678687769727618]",0
40307.0,0.0,7.9,1.0,"[40307.0,0.0,7.9,1.0]","[0.21970747200023658,0.0,2.9830931134380814,4.678687769727618]",0
285000.0,0.0,9.9,1.0,"[285000.0,0.0,9.9,1.0]","[1.5534926816698693,0.0,3.738306559878102,4.678687769727618]",0
36689.0,0.0,8.2,1.0,"[36689.0,0.0,8.2,1.0]","[0.19998629122030118,0.0,3.096375130404084,4.678687769727618]",0
188401.0,2.0,6.6,1.0,"[188401.0,2.0,6.6,1.0]","[1.0269458762080177,1.0688242361578424,2.4922043732520676,4.678687769727618]",1
171657.0,4.0,9.0,1.0,"[171657.0,4.0,9.0,1.0]","[0.9356768184470343,2.1376484723156848,3.3984605089800923,4.678687769727618]",1
110859.0,0.0,8.3,1.0,"[110859.0,0.0,8.3,1.0]","[0.6042759480604915,0.0,3.1341358027260853,4.678687769727618]",0
203214.0,5.0,8.0,1.0,"[203214.0,5.0,8.0,1.0]","[1.1076893396942487,2.672060590394606,3.020853785760082,4.678687769727618]",1
115020.0,0.0,8.0,1.0,"[115020.0,0.0,8.0,1.0]","[0.6269569412128715,0.0,3.020853785760082,4.678687769727618]",0
39179.0,0.0,7.6,1.0,"[39179.0,0.0,7.6,1.0]","[0.21355891149173267,0.0,2.8698110964720778,4.678687769727618]",0
45816.0,0.0,6.5,1.0,"[45816.0,0.0,6.5,1.0]","[0.24973621299433943,0.0,2.454443700930067,4.678687769727618]",0
88207.0,0.0,7.4,1.0,"[88207.0,0.0,7.4,1.0]","[0.4808032595510673,0.0,2.7942897518280763,4.678687769727618]",0
82481.0,4.0,7.1,1.0,"[82481.0,4.0,7.1,1.0]","[0.44959168377828945,2.1376484723156848,2.6810077348620727,4.678687769727618]",1
40850.0,0.0,0.0,1.0,"[40850.0,0.0,0.0,1.0]","[0.22266728437268127,0.0,0.0,4.678687769727618]",0
209021.0,5.0,9.2,1.0,"[209021.0,5.0,9.2,1.0]","[1.1393424344397114,2.672060590394606,3.4739818536240943,4.678687769727618]",1
79092.0,0.0,6.9,1.0,"[79092.0,0.0,6.9,1.0]","[0.4311187479952046,0.0,2.605486390218071,4.678687769727618]",0
285000.0,0.0,9.4,1.0,"[285000.0,0.0,9.4,1.0]","[1.5534926816698693,0.0,3.5495031982680967,4.678687769727618]",0
285000.0,0.0,9.9,1.0,"[285000.0,0.0,9.9,1.0]","[1.5534926816698693,0.0,3.738306559878102,4.678687769727618]",0
154655.0,3.0,9.3,1.0,"[154655.0,3.0,9.3,1.0]","[0.843001440995276,1.6032363542367636,3.511742525946096,4.678687769727618]",1
54316.0,0.0,8.2,1.0,"[54316.0,0.0,8.2,1.0]","[0.2960684508687039,0.0,3.096375130404084,4.678687769727618]",0
94029.0,0.0,7.2,1.0,"[94029.0,0.0,7.2,1.0]","[0.5125381170692497,0.0,2.718768407184074,4.678687769727618]",0
56783.0,2.0,9.8,1.0,"[56783.0,2.0,9.8,1.0]","[0.30951570155529895,1.0688242361578424,3.700545887556101,4.678687769727618]",1
25899.0,0.0,6.7,1.0,"[25899.0,0.0,6.7,1.0]","[0.1411716033774314,0.0,2.5299650455740688,4.678687769727618]",0
62582.0,0.0,6.8,1.0,"[62582.0,0.0,6.8,1.0]","[0.3411251894886448,0.0,2.5677257178960695,4.678687769727618]",0
20367.0,0.0,6.6,1.0,"[20367.0,0.0,6.6,1.0]","[0.11101749279849203,0.0,2.4922043732520676,4.678687769727618]",0
190000.0,0.0,8.8,1.0,"[190000.0,0.0,8.8,1.0]","[1.035661787779913,0.0,3.322939164336091,4.678687769727618]",0
91767.0,3.0,6.6,1.0,"[91767.0,3.0,6.6,1.0]","[0.5002082909431541,1.6032363542367636,2.4922043732520676,4.678687769727618]",1
42582.0,0.0,8.3,1.0,"[42582.0,0.0,8.3,1.0]","[0.23210815919602237,0.0,3.1341358027260853,4.678687769727618]",0
64565.0,0.0,7.8,1.0,"[64565.0,0.0,7.8,1.0]","[0.3519342280421583,0.0,2.94533244111608,4.678687769727618]",0
239440.0,4.0,4.6,1.0,"[239440.0,4.0,4.6,1.0]","[1.3051518866632756,2.1376484723156848,1.7369909268120471,4.678687769727618]",1
55781.0,2.0,9.6,1.0,"[55781.0,2.0,9.6,1.0]","[0.30405394833763855,1.0688242361578424,3.625024542912098,4.678687769727618]",1
32833.0,0.0,7.6,1.0,"[32833.0,0.0,7.6,1.0]","[0.17896780777988358,0.0,2.8698110964720778,4.678687769727618]",0
63815.0,3.0,8.9,1.0,"[63815.0,3.0,8.9,1.0]","[0.34784608940618494,1.6032363542367636,3.3606998366580916,4.678687769727618]",1
207001.0,4.0,7.8,1.0,"[207001.0,4.0,7.8,1.0]","[1.1283317143801566,2.1376484723156848,2.94533244111608,4.678687769727618]",1
94753.0,0.0,7.3,1.0,"[94753.0,0.0,7.3,1.0]","[0.5164845335658426,0.0,2.756529079506075,4.678687769727618]",0
51012.0,0.0,6.9,1.0,"[51012.0,0.0,6.9,1.0]","[0.2780588374643627,0.0,2.605486390218071,4.678687769727618]",0
24310.0,0.0,9.7,1.0,"[24310.0,0.0,9.7,1.0]","[0.13251020032068256,0.0,3.6627852152340994,4.678687769727618]",0
98672.0,2.0,8.2,1.0,"[98672.0,2.0,8.2,1.0]","[0.537846420651682,1.0688242361578424,3.096375130404084,4.678687769727618]",1
79725.0,0.0,9.6,1.0,"[79725.0,0.0,9.6,1.0]","[0.4345691370039661,0.0,3.625024542912098,4.678687769727618]",0
56882.0,0.0,6.8,1.0,"[56882.0,0.0,6.8,1.0]","[0.3100553358552474,0.0,2.5677257178960695,4.678687769727618]",0
70301.0,0.0,6.7,1.0,"[70301.0,0.0,6.7,1.0]","[0.3832003123300824,0.0,2.5299650455740688,4.678687769727618]",0
83654.0,0.0,9.4,1.0,"[83654.0,0.0,9.4,1.0]","[0.4559855326049518,0.0,3.5495031982680967,4.678687769727618]",0
20628.0,0.0,9.0,1.0,"[20628.0,0.0,9.0,1.0]","[0.11244016504381076,0.0,3.3984605089800923,4.678687769727618]",0
40060.0,0.0,7.9,1.0,"[40060.0,0.0,7.9,1.0]","[0.21836111167612268,0.0,2.9830931134380814,4.678687769727618]",0
20081.0,0.0,8.2,1.0,"[20081.0,0.0,8.2,1.0]","[0.10945854926530754,0.0,3.096375130404084,4.678687769727618]",0
60634.0,0.0,8.3,1.0,"[60634.0,0.0,8.3,1.0]","[0.33050693073814336,0.0,3.1341358027260853,4.678687769727618]",0
60505.0,0.0,7.2,1.0,"[60505.0,0.0,7.2,1.0]","[0.329803770892756,0.0,2.718768407184074,4.678687769727618]",0
116858.0,5.0,9.7,1.0,"[116858.0,5.0,9.7,1.0]","[0.6369756062967635,2.672060590394606,3.6627852152340994,4.678687769727618]",1
107437.0,0.0,9.1,1.0,"[107437.0,0.0,9.1,1.0]","[0.5856231341774237,0.0,3.436221181302093,4.678687769727618]",0
55801.0,4.0,9.2,1.0,"[55801.0,4.0,9.2,1.0]","[0.3041629653679312,2.1376484723156848,3.4739818536240943,4.678687769727618]",1
28890.0,0.0,8.6,1.0,"[28890.0,0.0,8.6,1.0]","[0.15747510025769307,0.0,3.247417819692088,4.678687769727618]",0
63114.0,0.0,8.1,1.0,"[63114.0,0.0,8.1,1.0]","[0.34402504249442856,0.0,3.058614458082083,4.678687769727618]",0
70624.0,0.0,7.9,1.0,"[70624.0,0.0,7.9,1.0]","[0.38496093736930825,0.0,2.9830931134380814,4.678687769727618]",0
41655.0,0.0,8.9,1.0,"[41655.0,0.0,8.9,1.0]","[0.22705521984195934,0.0,3.3606998366580916,4.678687769727618]",0
174181.0,5.0,8.0,1.0,"[174181.0,5.0,8.0,1.0]","[0.9494347676699633,2.672060590394606,3.020853785760082,4.678687769727618]",1
61754.0,0.0,7.4,1.0,"[61754.0,0.0,7.4,1.0]","[0.3366118844345302,0.0,2.7942897518280763,4.678687769727618]",0
115438.0,0.0,8.3,1.0,"[115438.0,0.0,8.3,1.0]","[0.6292353971459873,0.0,3.1341358027260853,4.678687769727618]",0
109718.0,2.0,7.6,1.0,"[109718.0,2.0,7.6,1.0]","[0.5980565264822973,1.0688242361578424,2.8698110964720778,4.678687769727618]",1
609714.0,4.0,4.7,1.0,"[609714.0,4.0,4.7,1.0]","[3.323460480391799,2.1376484723156848,1.7747515991340483,4.678687769727618]",1
116907.0,2.0,6.9,1.0,"[116907.0,2.0,6.9,1.0]","[0.6372426980209804,1.0688242361578424,2.605486390218071,4.678687769727618]",1
174477.0,4.0,8.6,1.0,"[174477.0,4.0,8.6,1.0]","[0.951048219718294,2.1376484723156848,3.247417819692088,4.678687769727618]",1
48173.0,0.0,9.3,1.0,"[48173.0,0.0,9.3,1.0]","[0.262583870014325,0.0,3.511742525946096,4.678687769727618]",0
161514.0,3.0,8.1,1.0,"[161514.0,3.0,8.1,1.0]","[0.8803888315341308,1.6032363542367636,3.058614458082083,4.678687769727618]",1
81701.0,5.0,4.84,1.0,"[81701.0,5.0,4.84,1.0]","[0.4453400195968772,2.672060590394606,1.8276165403848497,4.678687769727618]",1
148248.0,4.0,9.6,1.0,"[148248.0,4.0,9.6,1.0]","[0.8080778353410344,2.1376484723156848,3.625024542912098,4.678687769727618]",1
113919.0,0.0,9.3,1.0,"[113919.0,0.0,9.3,1.0]","[0.6209555536952627,0.0,3.511742525946096,4.678687769727618]",0
31973.0,0.0,9.3,1.0,"[31973.0,0.0,9.3,1.0]","[0.17428007547730082,0.0,3.511742525946096,4.678687769727618]",0
427500.0,0.0,9.3,1.0,"[427500.0,0.0,9.3,1.0]","[2.330239022504804,0.0,3.511742525946096,4.678687769727618]",0
140851.0,2.0,6.7,1.0,"[140851.0,2.0,6.7,1.0]","[0.7677578866873079,1.0688242361578424,2.5299650455740688,4.678687769727618]",1
498861.0,0.0,0.0,1.0,"[498861.0,0.0,0.0,1.0]","[2.7192172374403953,0.0,0.0,4.678687769727618]",0
48605.0,0.0,7.9,1.0,"[48605.0,0.0,7.9,1.0]","[0.26493863786864563,0.0,2.9830931134380814,4.678687769727618]",0
134478.0,5.0,8.7,1.0,"[134478.0,5.0,8.7,1.0]","[0.7330196099845638,2.672060590394606,3.285178492014089,4.678687769727618]",1
39371.0,0.0,6.9,1.0,"[39371.0,0.0,6.9,1.0]","[0.21460547498254184,0.0,2.605486390218071,4.678687769727618]",0
135846.0,4.0,8.0,1.0,"[135846.0,4.0,8.0,1.0]","[0.7404763748565792,2.1376484723156848,3.020853785760082,4.678687769727618]",1
23827.0,0.0,9.4,1.0,"[23827.0,0.0,9.4,1.0]","[0.12987743903911572,0.0,3.5495031982680967,4.678687769727618]",0
361613.0,0.0,0.0,1.0,"[361613.0,0.0,0.0,1.0]","[1.9710987687603034,0.0,0.0,4.678687769727618]",0
183816.0,4.0,8.1,1.0,"[183816.0,4.0,8.1,1.0]","[1.001953722013434,2.1376484723156848,3.058614458082083,4.678687769727618]",1
74232.0,2.0,9.6,1.0,"[74232.0,2.0,9.6,1.0]","[0.40462760963409733,1.0688242361578424,3.625024542912098,4.678687769727618]",1
78969.0,0.0,8.0,1.0,"[78969.0,0.0,8.0,1.0]","[0.430448293258905,0.0,3.020853785760082,4.678687769727618]",0
33748.0,0.0,7.3,1.0,"[33748.0,0.0,7.3,1.0]","[0.18395533691577107,0.0,2.756529079506075,4.678687769727618]",0
24072.0,0.0,8.9,1.0,"[24072.0,0.0,8.9,1.0]","[0.13121289766020033,0.0,3.3606998366580916,4.678687769727618]",0
81686.0,5.0,7.0,1.0,"[81686.0,5.0,7.0,1.0]","[0.4452582568241577,2.672060590394606,2.643247062540072,4.678687769727618]",1
177196.0,2.0,6.9,1.0,"[177196.0,2.0,6.9,1.0]","[0.9658690849865761,1.0688242361578424,2.605486390218071,4.678687769727618]",1
67889.0,0.0,8.9,1.0,"[67889.0,0.0,8.9,1.0]","[0.37005285847679215,0.0,3.3606998366580916,4.678687769727618]",0
66459.0,0.0,8.6,1.0,"[66459.0,0.0,8.6,1.0]","[0.36225814081086966,0.0,3.247417819692088,4.678687769727618]",0
59635.0,0.0,9.0,1.0,"[59635.0,0.0,9.0,1.0]","[0.32506153007502686,0.0,3.3984605089800923,4.678687769727618]",0
51456.0,0.0,6.8,1.0,"[51456.0,0.0,6.8,1.0]","[0.28047901553685894,0.0,2.5677257178960695,4.678687769727618]",0
32141.0,0.0,7.0,1.0,"[32141.0,0.0,7.0,1.0]","[0.17519581853175886,0.0,2.643247062540072,4.678687769727618]",0
121807.0,5.0,8.4,1.0,"[121807.0,5.0,8.4,1.0]","[0.6639518704426729,2.672060590394606,3.1718964750480865,4.678687769727618]",1
33073.0,0.0,7.6,1.0,"[33073.0,0.0,7.6,1.0]","[0.18027601214339506,0.0,2.8698110964720778,4.678687769727618]",0
148185.0,2.0,7.0,1.0,"[148185.0,2.0,7.0,1.0]","[0.8077344316956127,1.0688242361578424,2.643247062540072,4.678687769727618]",1
108860.0,2.0,7.7,1.0,"[108860.0,2.0,7.7,1.0]","[0.5933796958827438,1.0688242361578424,2.907571768794079,4.678687769727618]",1
39796.0,0.0,8.8,1.0,"[39796.0,0.0,8.8,1.0]","[0.21692208687626008,0.0,3.322939164336091,4.678687769727618]",0
42915.0,0.0,6.9,1.0,"[42915.0,0.0,6.9,1.0]","[0.23392329275039456,0.0,2.605486390218071,4.678687769727618]",0
175944.0,3.0,6.7,1.0,"[175944.0,3.0,6.7,1.0]","[0.9590446188902579,1.6032363542367636,2.5299650455740688,4.678687769727618]",1
57860.0,0.0,8.1,1.0,"[57860.0,0.0,8.1,1.0]","[0.31538626863655667,0.0,3.058614458082083,4.678687769727618]",0
85942.0,0.0,7.4,1.0,"[85942.0,0.0,7.4,1.0]","[0.46845708087042776,0.0,2.7942897518280763,4.678687769727618]",0
201485.0,4.0,8.6,1.0,"[201485.0,4.0,8.6,1.0]","[1.0982648174254515,2.1376484723156848,3.247417819692088,4.678687769727618]",1
46810.0,0.0,8.1,1.0,"[46810.0,0.0,8.1,1.0]","[0.25515435939988274,0.0,3.058614458082083,4.678687769727618]",0
37149.0,0.0,8.5,1.0,"[37149.0,0.0,8.5,1.0]","[0.20249368291703151,0.0,3.2096571473700872,4.678687769727618]",0
79112.0,0.0,8.7,1.0,"[79112.0,0.0,8.7,1.0]","[0.4312277650254972,0.0,3.285178492014089,4.678687769727618]",0
41100.0,0.0,8.8,1.0,"[41100.0,0.0,8.8,1.0]","[0.22402999725133907,0.0,3.322939164336091,4.678687769727618]",0
39157.0,0.0,7.1,1.0,"[39157.0,0.0,7.1,1.0]","[0.2134389927584108,0.0,2.6810077348620727,4.678687769727618]",0
105987.0,0.0,7.7,1.0,"[105987.0,0.0,7.7,1.0]","[0.5777193994812085,0.0,2.907571768794079,4.678687769727618]",0
23649.0,0.0,8.9,1.0,"[23649.0,0.0,8.9,1.0]","[0.12890718746951138,0.0,3.3606998366580916,4.678687769727618]",0
96371.0,0.0,9.6,1.0,"[96371.0,0.0,9.6,1.0]","[0.5253040113165157,0.0,3.625024542912098,4.678687769727618]",0
28113.0,0.0,9.1,1.0,"[28113.0,0.0,9.1,1.0]","[0.15323978863082469,0.0,3.436221181302093,4.678687769727618]",0
87100.0,0.0,8.8,1.0,"[87100.0,0.0,8.8,1.0]","[0.4747691669243706,0.0,3.322939164336091,4.678687769727618]",0
67754.0,0.0,6.8,1.0,"[67754.0,0.0,6.8,1.0]","[0.36931699352231695,0.0,2.5677257178960695,4.678687769727618]",0
21880.0,0.0,7.7,1.0,"[21880.0,0.0,7.7,1.0]","[0.11926463114012892,0.0,2.907571768794079,4.678687769727618]",0
24609.0,0.0,9.7,1.0,"[24609.0,0.0,9.7,1.0]","[0.13414000492355724,0.0,3.6627852152340994,4.678687769727618]",0
110599.0,0.0,8.6,1.0,"[110599.0,0.0,8.6,1.0]","[0.6028587266666873,0.0,3.247417819692088,4.678687769727618]",0
99020.0,0.0,7.5,1.0,"[99020.0,0.0,7.5,1.0]","[0.5397433169787735,0.0,2.832050424150077,4.678687769727618]",0
30597.0,0.0,7.2,1.0,"[30597.0,0.0,7.2,1.0]","[0.1667797037931684,0.0,2.718768407184074,4.678687769727618]",0
41617.0,0.0,7.0,1.0,"[41617.0,0.0,7.0,1.0]","[0.22684808748440335,0.0,2.643247062540072,4.678687769727618]",0
44763.0,0.0,7.1,1.0,"[44763.0,0.0,7.1,1.0]","[0.24399646634943287,0.0,2.6810077348620727,4.678687769727618]",0
25532.0,0.0,9.4,1.0,"[25532.0,0.0,9.4,1.0]","[0.13917114087156177,0.0,3.5495031982680967,4.678687769727618]",0
251120.0,5.0,4.85,1.0,"[251120.0,5.0,4.85,1.0]","[1.368817832354167,2.672060590394606,1.8313926076170497,4.678687769727618]",1
30170.0,0.0,6.5,1.0,"[30170.0,0.0,6.5,1.0]","[0.1644521901964209,0.0,2.454443700930067,4.678687769727618]",0
104114.0,5.0,7.3,1.0,"[104114.0,5.0,7.3,1.0]","[0.5675099545943045,2.672060590394606,2.756529079506075,4.678687769727618]",1
82165.0,0.0,7.1,1.0,"[82165.0,0.0,7.1,1.0]","[0.447869214699666,0.0,2.6810077348620727,4.678687769727618]",0
245280.0,5.0,4.93,1.0,"[245280.0,5.0,4.93,1.0]","[1.3369848595087213,2.672060590394606,1.8616011454746506,4.678687769727618]",1
70987.0,0.0,9.4,1.0,"[70987.0,0.0,9.4,1.0]","[0.38693959646911935,0.0,3.5495031982680967,4.678687769727618]",0
137200.0,3.0,8.6,1.0,"[137200.0,3.0,8.6,1.0]","[0.7478568278073897,1.6032363542367636,3.247417819692088,4.678687769727618]",1
26479.0,0.0,8.3,1.0,"[26479.0,0.0,8.3,1.0]","[0.14433309725591745,0.0,3.1341358027260853,4.678687769727618]",0
53715.0,0.0,6.8,1.0,"[53715.0,0.0,6.8,1.0]","[0.29279248910841066,0.0,2.5677257178960695,4.678687769727618]",0
61399.0,0.0,9.5,1.0,"[61399.0,0.0,9.5,1.0]","[0.3346768321468362,0.0,3.5872638705900974,4.678687769727618]",0
88003.0,0.0,7.8,1.0,"[88003.0,0.0,7.8,1.0]","[0.47969128584208254,0.0,2.94533244111608,4.678687769727618]",0
111682.0,0.0,8.5,1.0,"[111682.0,0.0,8.5,1.0]","[0.6087619988570329,0.0,3.2096571473700872,4.678687769727618]",0
44248.0,0.0,7.5,1.0,"[44248.0,0.0,7.5,1.0]","[0.24118927781939783,0.0,2.832050424150077,4.678687769727618]",0
37450.0,0.0,8.2,1.0,"[37450.0,0.0,8.2,1.0]","[0.20413438922293548,0.0,3.096375130404084,4.678687769727618]",0
95662.0,0.0,8.8,1.0,"[95662.0,0.0,8.8,1.0]","[0.5214393575926423,0.0,3.322939164336091,4.678687769727618]",0
131711.0,4.0,8.6,1.0,"[131711.0,4.0,8.6,1.0]","[0.7179371038435796,2.1376484723156848,3.247417819692088,4.678687769727618]",1
129450.0,3.0,9.6,1.0,"[129450.0,3.0,9.6,1.0]","[0.7056127285689986,1.6032363542367636,3.625024542912098,4.678687769727618]",1
65483.0,2.0,8.9,1.0,"[65483.0,2.0,8.9,1.0]","[0.35693810973258966,1.0688242361578424,3.3606998366580916,4.678687769727618]",1
152521.0,4.0,8.6,1.0,"[152521.0,4.0,8.6,1.0]","[0.8313693238630532,2.1376484723156848,3.247417819692088,4.678687769727618]",1
65737.0,2.0,8.9,1.0,"[65737.0,2.0,8.9,1.0]","[0.35832262601730597,1.0688242361578424,3.3606998366580916,4.678687769727618]",1
71472.0,0.0,7.7,1.0,"[71472.0,0.0,7.7,1.0]","[0.38958325945371547,0.0,2.907571768794079,4.678687769727618]",0
96883.0,4.0,6.8,1.0,"[96883.0,4.0,6.8,1.0]","[0.5280948472920068,2.1376484723156848,2.5677257178960695,4.678687769727618]",1
174364.0,4.0,9.0,1.0,"[174364.0,4.0,9.0,1.0]","[0.9504322734971408,2.1376484723156848,3.3984605089800923,4.678687769727618]",1
196706.0,4.0,8.8,1.0,"[196706.0,4.0,8.8,1.0]","[1.0722151980370291,2.1376484723156848,3.322939164336091,4.678687769727618]",1
59222.0,5.0,6.8,1.0,"[59222.0,5.0,6.8,1.0]","[0.32281032839948426,2.672060590394606,2.5677257178960695,4.678687769727618]",1
133628.0,2.0,8.2,1.0,"[133628.0,2.0,8.2,1.0]","[0.7283863861971274,1.0688242361578424,3.096375130404084,4.678687769727618]",1
34353.0,0.0,7.5,1.0,"[34353.0,0.0,7.5,1.0]","[0.1872531020821229,0.0,2.832050424150077,4.678687769727618]",0
285000.0,0.0,10.0,1.0,"[285000.0,0.0,10.0,1.0]","[1.5534926816698693,0.0,3.7760672322001025,4.678687769727618]",0
121036.0,3.0,9.5,1.0,"[121036.0,3.0,9.5,1.0]","[0.6597492639248923,1.6032363542367636,3.5872638705900974,4.678687769727618]",1
83060.0,3.0,8.4,1.0,"[83060.0,3.0,8.4,1.0]","[0.4527477268052609,1.6032363542367636,3.1718964750480865,4.678687769727618]",1
39470.0,0.0,7.4,1.0,"[39470.0,0.0,7.4,1.0]","[0.21514510928249034,0.0,2.7942897518280763,4.678687769727618]",0
111081.0,0.0,9.1,1.0,"[111081.0,0.0,9.1,1.0]","[0.6054860370967395,0.0,3.436221181302093,4.678687769727618]",0
26668.0,0.0,8.3,1.0,"[26668.0,0.0,8.3,1.0]","[0.14536330819218274,0.0,3.1341358027260853,4.678687769727618]",0
126039.0,5.0,9.5,1.0,"[126039.0,5.0,9.5,1.0]","[0.6870198740525918,2.672060590394606,3.5872638705900974,4.678687769727618]",1
132131.0,3.0,7.3,1.0,"[132131.0,3.0,7.3,1.0]","[0.7202264614797246,1.6032363542367636,2.756529079506075,4.678687769727618]",1
35580.0,0.0,6.7,1.0,"[35580.0,0.0,6.7,1.0]","[0.19394129689057527,0.0,2.5299650455740688,4.678687769727618]",0
75589.0,4.0,7.1,1.0,"[75589.0,4.0,7.1,1.0]","[0.41202441513945176,2.1376484723156848,2.6810077348620727,4.678687769727618]",1
86369.0,4.0,6.9,1.0,"[86369.0,4.0,6.9,1.0]","[0.47078459446717524,2.1376484723156848,2.605486390218071,4.678687769727618]",1
25685.0,0.0,7.8,1.0,"[25685.0,0.0,7.8,1.0]","[0.14000512115330033,0.0,2.94533244111608,4.678687769727618]",0
59351.0,3.0,8.3,1.0,"[59351.0,3.0,8.3,1.0]","[0.32351348824487164,1.6032363542367636,3.1341358027260853,4.678687769727618]",1
42932.0,0.0,7.1,1.0,"[42932.0,0.0,7.1,1.0]","[0.23401595722614327,0.0,2.6810077348620727,4.678687769727618]",0
31720.0,0.0,8.6,1.0,"[31720.0,0.0,8.6,1.0]","[0.17290101004409916,0.0,3.247417819692088,4.678687769727618]",0
238150.0,5.0,5.0,1.0,"[238150.0,5.0,5.0,1.0]","[1.2981202882094014,2.672060590394606,1.8880336161000513,4.678687769727618]",1
74076.0,0.0,7.0,1.0,"[74076.0,0.0,7.0,1.0]","[0.4037772767978149,0.0,2.643247062540072,4.678687769727618]",0
187979.0,4.0,8.2,1.0,"[187979.0,4.0,8.2,1.0]","[1.0246456168688434,2.1376484723156848,3.096375130404084,4.678687769727618]",1
32091.0,0.0,8.8,1.0,"[32091.0,0.0,8.8,1.0]","[0.1749232759560273,0.0,3.322939164336091,4.678687769727618]",0
100698.0,4.0,9.1,1.0,"[100698.0,4.0,9.1,1.0]","[0.5488898458203246,2.1376484723156848,3.436221181302093,4.678687769727618]",1
32522.0,0.0,8.5,1.0,"[32522.0,0.0,8.5,1.0]","[0.1772725929588333,0.0,3.2096571473700872,4.678687769727618]",0
31709.0,0.0,9.4,1.0,"[31709.0,0.0,9.4,1.0]","[0.1728410506774382,0.0,3.5495031982680967,4.678687769727618]",0
65373.0,0.0,9.1,1.0,"[65373.0,0.0,9.1,1.0]","[0.35633851606598027,0.0,3.436221181302093,4.678687769727618]",0
71897.0,0.0,9.5,1.0,"[71897.0,0.0,9.5,1.0]","[0.3918998713474337,0.0,3.5872638705900974,4.678687769727618]",0
52872.0,0.0,7.7,1.0,"[52872.0,0.0,7.7,1.0]","[0.2881974212815766,0.0,2.907571768794079,4.678687769727618]",0
21454.0,0.0,8.8,1.0,"[21454.0,0.0,8.8,1.0]","[0.11694256839489606,0.0,3.322939164336091,4.678687769727618]",0
29098.0,0.0,7.2,1.0,"[29098.0,0.0,7.2,1.0]","[0.15860887737273635,0.0,2.718768407184074,4.678687769727618]",0
76415.0,0.0,8.8,1.0,"[76415.0,0.0,8.8,1.0]","[0.4165268184905371,0.0,3.322939164336091,4.678687769727618]",0
355000.0,2.0,1.5,1.0,"[355000.0,2.0,1.5,1.0]","[1.935052287694048,1.0688242361578424,0.5664100848300154,4.678687769727618]",0
199981.0,2.0,6.9,1.0,"[199981.0,2.0,6.9,1.0]","[1.0900667367474461,1.0688242361578424,2.605486390218071,4.678687769727618]",1
41957.0,0.0,8.4,1.0,"[41957.0,0.0,8.4,1.0]","[0.22870137699937793,0.0,3.1718964750480865,4.678687769727618]",0
94495.0,0.0,9.1,1.0,"[94495.0,0.0,9.1,1.0]","[0.5150782138750678,0.0,3.436221181302093,4.678687769727618]",0
134516.0,4.0,9.3,1.0,"[134516.0,4.0,9.3,1.0]","[0.7332267423421198,2.1376484723156848,3.511742525946096,4.678687769727618]",1
74887.0,4.0,8.1,1.0,"[74887.0,4.0,8.1,1.0]","[0.4081979173761807,2.1376484723156848,3.058614458082083,4.678687769727618]",1
43564.0,0.0,7.5,1.0,"[43564.0,0.0,7.5,1.0]","[0.23746089538339013,0.0,2.832050424150077,4.678687769727618]",0
217280.0,5.0,8.5,1.0,"[217280.0,5.0,8.5,1.0]","[1.18436101709905,2.672060590394606,3.2096571473700872,4.678687769727618]",1
42519.0,0.0,7.8,1.0,"[42519.0,0.0,7.8,1.0]","[0.2317647555506006,0.0,2.94533244111608,4.678687769727618]",0
21584.0,0.0,7.6,1.0,"[21584.0,0.0,7.6,1.0]","[0.1176511790917981,0.0,2.8698110964720778,4.678687769727618]",0
35839.0,0.0,7.5,1.0,"[35839.0,0.0,7.5,1.0]","[0.19535306743286474,0.0,2.832050424150077,4.678687769727618]",0
41337.0,0.0,9.7,1.0,"[41337.0,0.0,9.7,1.0]","[0.22532184906030664,0.0,3.6627852152340994,4.678687769727618]",0
31020.0,0.0,9.6,1.0,"[31020.0,0.0,9.6,1.0]","[0.16908541398385737,0.0,3.625024542912098,4.678687769727618]",0
84224.0,0.0,9.8,1.0,"[84224.0,0.0,9.8,1.0]","[0.45909251796829154,0.0,3.700545887556101,4.678687769727618]",0
100403.0,0.0,7.3,1.0,"[100403.0,0.0,7.3,1.0]","[0.5472818446235084,0.0,2.756529079506075,4.678687769727618]",0
117991.0,4.0,8.0,1.0,"[117991.0,4.0,8.0,1.0]","[0.6431514210628405,2.1376484723156848,3.020853785760082,4.678687769727618]",1
20798.0,0.0,7.1,1.0,"[20798.0,0.0,7.1,1.0]","[0.11336680980129805,0.0,2.6810077348620727,4.678687769727618]",0
50404.0,0.0,8.4,1.0,"[50404.0,0.0,8.4,1.0]","[0.27474471974346704,0.0,3.1718964750480865,4.678687769727618]",0
38943.0,0.0,8.4,1.0,"[38943.0,0.0,8.4,1.0]","[0.21227251053427973,0.0,3.1718964750480865,4.678687769727618]",0
1067553.0,2.0,1.067,1.0,"[1067553.0,2.0,1.067,1.0]","[5.819072886998997,1.0688242361578424,0.40290637367575094,4.678687769727618]",1
215000.0,5.0,5.0,1.0,"[215000.0,5.0,5.0,1.0]","[1.171933075645691,2.672060590394606,1.8880336161000513,4.678687769727618]",1
91685.0,2.0,7.7,1.0,"[91685.0,2.0,7.7,1.0]","[0.4997613211189543,1.0688242361578424,2.907571768794079,4.678687769727618]",1
55861.0,0.0,9.2,1.0,"[55861.0,0.0,9.2,1.0]","[0.304490016458809,0.0,3.4739818536240943,4.678687769727618]",0
190733.0,5.0,8.9,1.0,"[190733.0,5.0,8.9,1.0]","[1.0396572619401376,2.672060590394606,3.3606998366580916,4.678687769727618]",1
60442.0,0.0,8.8,1.0,"[60442.0,0.0,8.8,1.0]","[0.3294603672473342,0.0,3.322939164336091,4.678687769727618]",0
36534.0,0.0,9.1,1.0,"[36534.0,0.0,9.1,1.0]","[0.19914140923553336,0.0,3.436221181302093,4.678687769727618]",0
143930.0,2.0,8.5,1.0,"[143930.0,2.0,8.5,1.0]","[0.7845410585008572,1.0688242361578424,3.2096571473700872,4.678687769727618]",1
109072.0,0.0,9.6,1.0,"[109072.0,0.0,9.6,1.0]","[0.5945352764038456,0.0,3.625024542912098,4.678687769727618]",0
30027.0,0.0,8.1,1.0,"[30027.0,0.0,8.1,1.0]","[0.16367271842982867,0.0,3.058614458082083,4.678687769727618]",0
60109.0,0.0,8.8,1.0,"[60109.0,0.0,8.8,1.0]","[0.32764523369296206,0.0,3.322939164336091,4.678687769727618]",0
99497.0,0.0,9.1,1.0,"[99497.0,0.0,9.1,1.0]","[0.5423433731512526,0.0,3.436221181302093,4.678687769727618]",0
366855.0,5.0,4.83,1.0,"[366855.0,5.0,4.83,1.0]","[1.9996721323999997,2.672060590394606,1.8238404731526496,4.678687769727618]",1
114771.0,0.0,7.2,1.0,"[114771.0,0.0,7.2,1.0]","[0.6255996791857283,0.0,2.718768407184074,4.678687769727618]",0
43895.0,0.0,9.2,1.0,"[43895.0,0.0,9.2,1.0]","[0.23926512723473303,0.0,3.4739818536240943,4.678687769727618]",0
37663.0,0.0,9.7,1.0,"[37663.0,0.0,9.7,1.0]","[0.2052954205955519,0.0,3.6627852152340994,4.678687769727618]",0
28436.0,0.0,8.0,1.0,"[28436.0,0.0,8.0,1.0]","[0.15500041367005055,0.0,3.020853785760082,4.678687769727618]",0
112556.0,2.0,7.9,1.0,"[112556.0,2.0,7.9,1.0]","[0.6135260430808204,1.0688242361578424,2.9830931134380814,4.678687769727618]",1
117051.0,0.0,9.0,1.0,"[117051.0,0.0,9.0,1.0]","[0.6380276206390874,0.0,3.3984605089800923,4.678687769727618]",0
31957.0,0.0,8.0,1.0,"[31957.0,0.0,8.0,1.0]","[0.17419286185306673,0.0,3.020853785760082,4.678687769727618]",0
55751.0,0.0,9.5,1.0,"[55751.0,0.0,9.5,1.0]","[0.30389042279219963,0.0,3.5872638705900974,4.678687769727618]",0
114979.0,0.0,9.0,1.0,"[114979.0,0.0,9.0,1.0]","[0.6267334563007716,0.0,3.3984605089800923,4.678687769727618]",0
38123.0,0.0,7.9,1.0,"[38123.0,0.0,7.9,1.0]","[0.2078028122922822,0.0,2.9830931134380814,4.678687769727618]",0
57650.0,5.0,6.7,1.0,"[57650.0,5.0,6.7,1.0]","[0.3142415898184841,2.672060590394606,2.5299650455740688,4.678687769727618]",1
137851.0,5.0,7.4,1.0,"[137851.0,5.0,7.4,1.0]","[0.7514053321434147,2.672060590394606,2.7942897518280763,4.678687769727618]",1
35299.0,0.0,8.5,1.0,"[35299.0,0.0,8.5,1.0]","[0.19240960761496392,0.0,3.2096571473700872,4.678687769727618]",0
165565.0,2.0,9.5,1.0,"[165565.0,2.0,9.5,1.0]","[0.9024702310199015,1.0688242361578424,3.5872638705900974,4.678687769727618]",1
90078.0,0.0,7.2,1.0,"[90078.0,0.0,7.2,1.0]","[0.4910018027349421,0.0,2.718768407184074,4.678687769727618]",0
78250.0,0.0,9.6,1.0,"[78250.0,0.0,9.6,1.0]","[0.4265291310198852,0.0,3.625024542912098,4.678687769727618]",0
39593.0,0.0,7.7,1.0,"[39593.0,0.0,7.7,1.0]","[0.21581556401878996,0.0,2.907571768794079,4.678687769727618]",0
186564.0,3.0,8.8,1.0,"[186564.0,3.0,8.8,1.0]","[1.0169326619756405,1.6032363542367636,3.322939164336091,4.678687769727618]",1
49019.0,0.0,8.0,1.0,"[49019.0,0.0,8.0,1.0]","[0.2671952903957029,0.0,3.020853785760082,4.678687769727618]",0
32466.0,0.0,7.9,1.0,"[32466.0,0.0,7.9,1.0]","[0.17696734527401398,0.0,2.9830931134380814,4.678687769727618]",0
55342.0,3.0,9.6,1.0,"[55342.0,3.0,9.6,1.0]","[0.3016610245227155,1.6032363542367636,3.625024542912098,4.678687769727618]",1
85322.0,0.0,9.4,1.0,"[85322.0,0.0,9.4,1.0]","[0.4650775529313565,0.0,3.5495031982680967,4.678687769727618]",0
270000.0,4.0,4.71,1.0,"[270000.0,4.0,4.71,1.0]","[1.4717299089504026,2.1376484723156848,1.7785276663662484,4.678687769727618]",1
39915.0,0.0,7.9,1.0,"[39915.0,0.0,7.9,1.0]","[0.2175707382065012,0.0,2.9830931134380814,4.678687769727618]",0
45387.0,0.0,9.0,1.0,"[45387.0,0.0,9.0,1.0]","[0.2473977976945627,0.0,3.3984605089800923,4.678687769727618]",0
23537.0,0.0,9.8,1.0,"[23537.0,0.0,9.8,1.0]","[0.12829669209987268,0.0,3.700545887556101,4.678687769727618]",0
81158.0,0.0,7.5,1.0,"[81158.0,0.0,7.5,1.0]","[0.4423802072244325,0.0,2.832050424150077,4.678687769727618]",0
195944.0,5.0,7.0,1.0,"[195944.0,5.0,7.0,1.0]","[1.0680616491828803,2.672060590394606,2.643247062540072,4.678687769727618]",1
35629.0,0.0,8.6,1.0,"[35629.0,0.0,8.6,1.0]","[0.1942083886147922,0.0,3.247417819692088,4.678687769727618]",0
96889.0,0.0,8.7,1.0,"[96889.0,0.0,8.7,1.0]","[0.5281275524010947,0.0,3.285178492014089,4.678687769727618]",0
95458.0,0.0,9.6,1.0,"[95458.0,0.0,9.6,1.0]","[0.5203273838836575,0.0,3.625024542912098,4.678687769727618]",0
310104.0,4.0,4.75,1.0,"[310104.0,4.0,4.75,1.0]","[1.690330858093169,2.1376484723156848,1.7936319352950487,4.678687769727618]",1
204487.0,3.0,8.2,1.0,"[204487.0,3.0,8.2,1.0]","[1.114628273672374,1.6032363542367636,3.096375130404084,4.678687769727618]",1
231732.0,0.0,0.0,1.0,"[231732.0,0.0,0.0,1.0]","[1.263136723188499,0.0,0.0,4.678687769727618]",0
438000.0,4.0,4.74,1.0,"[438000.0,4.0,4.74,1.0]","[2.387472963408431,2.1376484723156848,1.7898558680628487,4.678687769727618]",1
107849.0,0.0,9.3,1.0,"[107849.0,0.0,9.3,1.0]","[0.5878688850014517,0.0,3.511742525946096,4.678687769727618]",0
706320.0,5.0,5.0,1.0,"[706320.0,5.0,5.0,1.0]","[3.8500454418142533,2.672060590394606,1.8880336161000513,4.678687769727618]",1
303680.0,5.0,5.0,1.0,"[303680.0,5.0,5.0,1.0]","[1.6553145879631788,2.672060590394606,1.8880336161000513,4.678687769727618]",1
231264.0,0.0,0.0,1.0,"[231264.0,0.0,0.0,1.0]","[1.2605857246796515,0.0,0.0,4.678687769727618]",0
233220.0,0.0,0.0,1.0,"[233220.0,0.0,0.0,1.0]","[1.27124759024227,0.0,0.0,4.678687769727618]",0
322760.0,5.0,4.86,1.0,"[322760.0,5.0,4.86,1.0]","[1.7593168348623405,2.672060590394606,1.83516867484925,4.678687769727618]",1
190408.0,0.0,0.0,1.0,"[190408.0,0.0,0.0,1.0]","[1.0378857351978825,0.0,0.0,4.678687769727618]",0
