marca,precio_raw,rating,opiniones,precio_kg,features,scaledFeatures,prediction
,,,,,"[0.0,4.0,8.6,1.0]","[0.0,1.9292810393004016,2.964385675184163,3.709110714077983]",1
,,,,,"[0.0,0.0,8.3,1.0]","[0.0,0.0,2.86097687256146,3.709110714077983]",1
,,,,,"[0.0,4.0,8.9,1.0]","[0.0,1.9292810393004016,3.067794477806866,3.709110714077983]",1
,,,,,"[0.0,4.0,8.6,1.0]","[0.0,1.9292810393004016,2.964385675184163,3.709110714077983]",1
,,,,,"(4,[3],[1.0])","(4,[3],[3.709110714077983])",0
,,,,,"[0.0,0.0,10.0,1.0]","[0.0,0.0,3.446960087423445,3.709110714077983]",1
,,,,,"[0.0,3.0,8.8,1.0]","[0.0,1.4469607794753012,3.033324876932632,3.709110714077983]",1
,,,,,"[0.0,0.0,9.2,1.0]","[0.0,0.0,3.171203280429569,3.709110714077983]",1
,,,,,"[0.0,3.0,8.0,1.0]","[0.0,1.4469607794753012,2.757568069938756,3.709110714077983]",1
,,,,,"[0.0,3.0,8.4,1.0]","[0.0,1.4469607794753012,2.895446473435694,3.709110714077983]",1
,,,,,"[0.0,0.0,8.4,1.0]","[0.0,0.0,2.895446473435694,3.709110714077983]",1
,,,,,"[0.0,4.0,8.4,1.0]","[0.0,1.9292810393004016,2.895446473435694,3.709110714077983]",1
,,,,,"[0.0,0.0,9.2,1.0]","[0.0,0.0,3.171203280429569,3.709110714077983]",1
,,,,,"[0.0,0.0,9.0,1.0]","[0.0,0.0,3.1022640786811007,3.709110714077983]",1
,,,,,"[0.0,3.0,8.0,1.0]","[0.0,1.4469607794753012,2.757568069938756,3.709110714077983]",1
,,,,,"[0.0,3.0,7.9,1.0]","[0.0,1.4469607794753012,2.7230984690645217,3.709110714077983]",1
,,,,,"[0.0,4.0,8.4,1.0]","[0.0,1.9292810393004016,2.895446473435694,3.709110714077983]",1
,,,,,"[0.0,3.0,7.7,1.0]","[0.0,1.4469607794753012,2.654159267316053,3.709110714077983]",1
,,,,,"[0.0,0.0,7.8,1.0]","[0.0,0.0,2.6886288681902872,3.709110714077983]",1
,,,,,"[0.0,3.0,8.0,1.0]","[0.0,1.4469607794753012,2.757568069938756,3.709110714077983]",1
,,,,,"[0.0,0.0,8.9,1.0]","[0.0,0.0,3.067794477806866,3.709110714077983]",1
,,,,,"[0.0,0.0,9.2,1.0]","[0.0,0.0,3.171203280429569,3.709110714077983]",1
,,,,,"[0.0,0.0,9.0,1.0]","[0.0,0.0,3.1022640786811007,3.709110714077983]",1
,,,,,"[0.0,0.0,8.3,1.0]","[0.0,0.0,2.86097687256146,3.709110714077983]",1
,,,,,"[0.0,0.0,8.4,1.0]","[0.0,0.0,2.895446473435694,3.709110714077983]",1
,,,,,"[0.0,0.0,9.1,1.0]","[0.0,0.0,3.136733679555335,3.709110714077983]",1
,,,,,"(4,[3],[1.0])","(4,[3],[3.709110714077983])",0
,,,,,"[0.0,0.0,8.6,1.0]","[0.0,0.0,2.964385675184163,3.709110714077983]",1
,,,,,"[0.0,0.0,8.3,1.0]","[0.0,0.0,2.86097687256146,3.709110714077983]",1
,,,,,"[0.0,0.0,8.8,1.0]","[0.0,0.0,3.033324876932632,3.709110714077983]",1
,,,,,"[0.0,0.0,6.8,1.0]","[0.0,0.0,2.3439328594479427,3.709110714077983]",1
,,,,,"[0.0,3.0,7.6,1.0]","[0.0,1.4469607794753012,2.6196896664418183,3.709110714077983]",1
,,,,,"[0.0,0.0,8.3,1.0]","[0.0,0.0,2.86097687256146,3.709110714077983]",1
,,,,,"[0.0,4.0,8.0,1.0]","[0.0,1.9292810393004016,2.757568069938756,3.709110714077983]",1
,,,,,"[0.0,0.0,8.9,1.0]","[0.0,0.0,3.067794477806866,3.709110714077983]",1
,,,,,"[0.0,0.0,8.6,1.0]","[0.0,0.0,2.964385675184163,3.709110714077983]",1
,,,,,"[0.0,2.0,7.2,1.0]","[0.0,0.9646405196502008,2.4818112629448805,3.709110714077983]",1
,,,,,"[0.0,0.0,7.3,1.0]","[0.0,0.0,2.516280863819115,3.709110714077983]",1
,,,,,"(4,[3],[1.0])","(4,[3],[3.709110714077983])",0
,,,,,"[0.0,0.0,10.0,1.0]","[0.0,0.0,3.446960087423445,3.709110714077983]",1
,,,,,"[0.0,4.0,7.8,1.0]","[0.0,1.9292810393004016,2.6886288681902872,3.709110714077983]",1
,,,,,"[0.0,0.0,8.0,1.0]","[0.0,0.0,2.757568069938756,3.709110714077983]",1
,,,,,"[0.0,4.0,7.8,1.0]","[0.0,1.9292810393004016,2.6886288681902872,3.709110714077983]",1
,,,,,"[0.0,0.0,7.4,1.0]","[0.0,0.0,2.5507504646933494,3.709110714077983]",1
,,,,,"[0.0,0.0,6.8,1.0]","[0.0,0.0,2.3439328594479427,3.709110714077983]",1
,,,,,"[0.0,0.0,9.5,1.0]","[0.0,0.0,3.274612083052273,3.709110714077983]",1
,,,,,"[0.0,0.0,8.7,1.0]","[0.0,0.0,2.998855276058397,3.709110714077983]",1
,,,,,"[0.0,0.0,7.9,1.0]","[0.0,0.0,2.7230984690645217,3.709110714077983]",1
,,,,,"[0.0,0.0,6.9,1.0]","[0.0,0.0,2.378402460322177,3.709110714077983]",1
,,,,,"[0.0,0.0,1.0,1.0]","[0.0,0.0,0.3446960087423445,3.709110714077983]",0
,,,,,"[0.0,0.0,7.6,1.0]","[0.0,0.0,2.6196896664418183,3.709110714077983]",1
,,,,,"[0.0,4.0,8.5,1.0]","[0.0,1.9292810393004016,2.9299160743099284,3.709110714077983]",1
,,,,,"[0.0,0.0,8.4,1.0]","[0.0,0.0,2.895446473435694,3.709110714077983]",1
,,,,,"[0.0,4.0,8.9,1.0]","[0.0,1.9292810393004016,3.067794477806866,3.709110714077983]",1
,,,,,"[0.0,0.0,9.5,1.0]","[0.0,0.0,3.274612083052273,3.709110714077983]",1
,,,,,"[0.0,0.0,7.8,1.0]","[0.0,0.0,2.6886288681902872,3.709110714077983]",1
,,,,,"[0.0,4.0,8.5,1.0]","[0.0,1.9292810393004016,2.9299160743099284,3.709110714077983]",1
,,,,,"[0.0,4.0,0.0,1.0]","[0.0,1.9292810393004016,0.0,3.709110714077983]",0
,,,,,"[0.0,4.0,8.2,1.0]","[0.0,1.9292810393004016,2.8265072716872246,3.709110714077983]",1
,,,,,"[0.0,3.0,8.1,1.0]","[0.0,1.4469607794753012,2.7920376708129906,3.709110714077983]",1
,,,,,"[0.0,0.0,8.6,1.0]","[0.0,0.0,2.964385675184163,3.709110714077983]",1
,,,,,"[0.0,0.0,7.3,1.0]","[0.0,0.0,2.516280863819115,3.709110714077983]",1
,,,,,"[0.0,0.0,8.4,1.0]","[0.0,0.0,2.895446473435694,3.709110714077983]",1
,,,,,"[0.0,0.0,8.4,1.0]","[0.0,0.0,2.895446473435694,3.709110714077983]",1
,,,,,"[0.0,0.0,8.4,1.0]","[0.0,0.0,2.895446473435694,3.709110714077983]",1
,,,,,"[0.0,0.0,8.6,1.0]","[0.0,0.0,2.964385675184163,3.709110714077983]",1
,,,,,"[0.0,0.0,8.1,1.0]","[0.0,0.0,2.7920376708129906,3.709110714077983]",1
,,,,,"[0.0,0.0,7.8,1.0]","[0.0,0.0,2.6886288681902872,3.709110714077983]",1
,,,,,"[0.0,4.0,7.0,1.0]","[0.0,1.9292810393004016,2.4128720611964116,3.709110714077983]",1
,,,,,"[0.0,0.0,9.5,1.0]","[0.0,0.0,3.274612083052273,3.709110714077983]",1
,,,,,"[0.0,0.0,8.8,1.0]","[0.0,0.0,3.033324876932632,3.709110714077983]",1
,,,,,"[0.0,3.0,8.4,1.0]","[0.0,1.4469607794753012,2.895446473435694,3.709110714077983]",1
,,,,,"[0.0,0.0,9.1,1.0]","[0.0,0.0,3.136733679555335,3.709110714077983]",1
,,,,,"[0.0,0.0,7.9,1.0]","[0.0,0.0,2.7230984690645217,3.709110714077983]",1
,,,,,"[0.0,0.0,8.4,1.0]","[0.0,0.0,2.895446473435694,3.709110714077983]",1
,,,,,"[0.0,3.0,7.7,1.0]","[0.0,1.4469607794753012,2.654159267316053,3.709110714077983]",1
,,,,,"[0.0,0.0,8.9,1.0]","[0.0,0.0,3.067794477806866,3.709110714077983]",1
,,,,,"[0.0,2.0,7.8,1.0]","[0.0,0.9646405196502008,2.6886288681902872,3.709110714077983]",1
,,,,,"[0.0,5.0,8.8,1.0]","[0.0,2.4116012991255023,3.033324876932632,3.709110714077983]",1
,,,,,"[0.0,0.0,8.3,1.0]","[0.0,0.0,2.86097687256146,3.709110714077983]",1
,,,,,"[0.0,0.0,8.2,1.0]","[0.0,0.0,2.8265072716872246,3.709110714077983]",1
,,,,,"[0.0,0.0,8.7,1.0]","[0.0,0.0,2.998855276058397,3.709110714077983]",1
,,,,,"[0.0,4.0,8.8,1.0]","[0.0,1.9292810393004016,3.033324876932632,3.709110714077983]",1
,,,,,"[0.0,4.0,8.7,1.0]","[0.0,1.9292810393004016,2.998855276058397,3.709110714077983]",1
,,,,,"[0.0,0.0,8.9,1.0]","[0.0,0.0,3.067794477806866,3.709110714077983]",1
,,,,,"[0.0,0.0,7.9,1.0]","[0.0,0.0,2.7230984690645217,3.709110714077983]",1
,,,,,"[0.0,0.0,9.5,1.0]","[0.0,0.0,3.274612083052273,3.709110714077983]",1
,,,,,"[0.0,4.0,8.1,1.0]","[0.0,1.9292810393004016,2.7920376708129906,3.709110714077983]",1
,,,,,"[0.0,3.0,7.9,1.0]","[0.0,1.4469607794753012,2.7230984690645217,3.709110714077983]",1
,,,,,"[0.0,0.0,6.6,1.0]","[0.0,0.0,2.274993657699474,3.709110714077983]",1
,,,,,"[0.0,0.0,9.0,1.0]","[0.0,0.0,3.1022640786811007,3.709110714077983]",1
,,,,,"[0.0,0.0,8.6,1.0]","[0.0,0.0,2.964385675184163,3.709110714077983]",1
,,,,,"[0.0,0.0,6.6,1.0]","[0.0,0.0,2.274993657699474,3.709110714077983]",1
,,,,,"[0.0,0.0,9.1,1.0]","[0.0,0.0,3.136733679555335,3.709110714077983]",1
,,,,,"[0.0,3.0,7.9,1.0]","[0.0,1.4469607794753012,2.7230984690645217,3.709110714077983]",1
,,,,,"[0.0,0.0,7.0,1.0]","[0.0,0.0,2.4128720611964116,3.709110714077983]",1
,,,,,"[0.0,0.0,8.0,1.0]","[0.0,0.0,2.757568069938756,3.709110714077983]",1
,,,,,"[0.0,0.0,7.3,1.0]","[0.0,0.0,2.516280863819115,3.709110714077983]",1
,,,,,"[0.0,0.0,7.9,1.0]","[0.0,0.0,2.7230984690645217,3.709110714077983]",1
,,,,,"[0.0,0.0,9.5,1.0]","[0.0,0.0,3.274612083052273,3.709110714077983]",1
,,,,,"[0.0,4.0,8.8,1.0]","[0.0,1.9292810393004016,3.033324876932632,3.709110714077983]",1
,,,,,"[0.0,0.0,8.2,1.0]","[0.0,0.0,2.8265072716872246,3.709110714077983]",1
,,,,,"[0.0,0.0,8.3,1.0]","[0.0,0.0,2.86097687256146,3.709110714077983]",1
,,,,,"[0.0,4.0,8.5,1.0]","[0.0,1.9292810393004016,2.9299160743099284,3.709110714077983]",1
,,,,,"[0.0,0.0,9.7,1.0]","[0.0,0.0,3.3435512848007414,3.709110714077983]",1
,,,,,"[0.0,0.0,10.0,1.0]","[0.0,0.0,3.446960087423445,3.709110714077983]",1
,,,,,"[0.0,0.0,9.9,1.0]","[0.0,0.0,3.4124904865492107,3.709110714077983]",1
,,,,,"[0.0,4.0,8.3,1.0]","[0.0,1.9292810393004016,2.86097687256146,3.709110714077983]",1
,,,,,"[0.0,3.0,8.1,1.0]","[0.0,1.4469607794753012,2.7920376708129906,3.709110714077983]",1
,,,,,"[0.0,0.0,8.6,1.0]","[0.0,0.0,2.964385675184163,3.709110714077983]",1
,,,,,"[0.0,4.0,8.0,1.0]","[0.0,1.9292810393004016,2.757568069938756,3.709110714077983]",1
,,,,,"[0.0,0.0,9.2,1.0]","[0.0,0.0,3.171203280429569,3.709110714077983]",1
,,,,,"[0.0,0.0,8.8,1.0]","[0.0,0.0,3.033324876932632,3.709110714077983]",1
,,,,,"[0.0,0.0,9.7,1.0]","[0.0,0.0,3.3435512848007414,3.709110714077983]",1
,,,,,"[0.0,0.0,7.9,1.0]","[0.0,0.0,2.7230984690645217,3.709110714077983]",1
,,,,,"[0.0,0.0,9.2,1.0]","[0.0,0.0,3.171203280429569,3.709110714077983]",1
,,,,,"[0.0,0.0,9.6,1.0]","[0.0,0.0,3.3090816839265074,3.709110714077983]",1
,,,,,"[0.0,0.0,10.0,1.0]","[0.0,0.0,3.446960087423445,3.709110714077983]",1
,,,,,"[0.0,0.0,8.1,1.0]","[0.0,0.0,2.7920376708129906,3.709110714077983]",1
,,,,,"[0.0,0.0,8.3,1.0]","[0.0,0.0,2.86097687256146,3.709110714077983]",1
,,,,,"[0.0,0.0,8.9,1.0]","[0.0,0.0,3.067794477806866,3.709110714077983]",1
,,,,,"[0.0,0.0,8.3,1.0]","[0.0,0.0,2.86097687256146,3.709110714077983]",1
,,,,,"[0.0,0.0,8.4,1.0]","[0.0,0.0,2.895446473435694,3.709110714077983]",1
,,,,,"[0.0,0.0,9.5,1.0]","[0.0,0.0,3.274612083052273,3.709110714077983]",1
,,,,,"[0.0,0.0,9.8,1.0]","[0.0,0.0,3.3780208856749767,3.709110714077983]",1
,,,,,"[0.0,0.0,9.6,1.0]","[0.0,0.0,3.3090816839265074,3.709110714077983]",1
,,,,,"[0.0,0.0,8.4,1.0]","[0.0,0.0,2.895446473435694,3.709110714077983]",1
,,,,,"[0.0,0.0,9.4,1.0]","[0.0,0.0,3.2401424821780385,3.709110714077983]",1
,,,,,"[0.0,0.0,9.0,1.0]","[0.0,0.0,3.1022640786811007,3.709110714077983]",1
,,,,,"[0.0,0.0,8.9,1.0]","[0.0,0.0,3.067794477806866,3.709110714077983]",1
,,,,,"[0.0,0.0,10.0,1.0]","[0.0,0.0,3.446960087423445,3.709110714077983]",1
,,,,,"[0.0,0.0,9.3,1.0]","[0.0,0.0,3.2056728813038045,3.709110714077983]",1
,,,,,"[0.0,0.0,9.0,1.0]","[0.0,0.0,3.1022640786811007,3.709110714077983]",1
,,,,,"[0.0,0.0,9.2,1.0]","[0.0,0.0,3.171203280429569,3.709110714077983]",1
,,,,,"[0.0,0.0,9.0,1.0]","[0.0,0.0,3.1022640786811007,3.709110714077983]",1
,,,,,"[0.0,0.0,7.9,1.0]","[0.0,0.0,2.7230984690645217,3.709110714077983]",1
,,,,,"[0.0,0.0,8.2,1.0]","[0.0,0.0,2.8265072716872246,3.709110714077983]",1
,,,,,"[0.0,0.0,9.6,1.0]","[0.0,0.0,3.3090816839265074,3.709110714077983]",1
,,,,,"[0.0,0.0,9.0,1.0]","[0.0,0.0,3.1022640786811007,3.709110714077983]",1
,,,,,"[0.0,0.0,8.7,1.0]","[0.0,0.0,2.998855276058397,3.709110714077983]",1
,,,,,"[0.0,0.0,8.6,1.0]","[0.0,0.0,2.964385675184163,3.709110714077983]",1
,,,,,"[0.0,0.0,10.0,1.0]","[0.0,0.0,3.446960087423445,3.709110714077983]",1
,,,,,"[0.0,0.0,9.6,1.0]","[0.0,0.0,3.3090816839265074,3.709110714077983]",1
,,,,,"[0.0,0.0,9.6,1.0]","[0.0,0.0,3.3090816839265074,3.709110714077983]",1
,,,,,"[0.0,0.0,8.7,1.0]","[0.0,0.0,2.998855276058397,3.709110714077983]",1
,,,,,"[0.0,0.0,8.2,1.0]","[0.0,0.0,2.8265072716872246,3.709110714077983]",1
,,,,,"[0.0,3.0,9.5,1.0]","[0.0,1.4469607794753012,3.274612083052273,3.709110714077983]",1
,,,,,"[0.0,0.0,9.3,1.0]","[0.0,0.0,3.2056728813038045,3.709110714077983]",1
,,,,,"[0.0,0.0,9.3,1.0]","[0.0,0.0,3.2056728813038045,3.709110714077983]",1
,,,,,"[0.0,0.0,9.0,1.0]","[0.0,0.0,3.1022640786811007,3.709110714077983]",1
,,,,,"[0.0,0.0,7.8,1.0]","[0.0,0.0,2.6886288681902872,3.709110714077983]",1
,,,,,"[0.0,4.0,8.8,1.0]","[0.0,1.9292810393004016,3.033324876932632,3.709110714077983]",1
,,,,,"[0.0,0.0,9.2,1.0]","[0.0,0.0,3.171203280429569,3.709110714077983]",1
,,,,,"[0.0,4.0,8.5,1.0]","[0.0,1.9292810393004016,2.9299160743099284,3.709110714077983]",1
,,,,,"[0.0,5.0,8.3,1.0]","[0.0,2.4116012991255023,2.86097687256146,3.709110714077983]",1
,,,,,"[0.0,0.0,9.0,1.0]","[0.0,0.0,3.1022640786811007,3.709110714077983]",1
,,,,,"[0.0,0.0,8.2,1.0]","[0.0,0.0,2.8265072716872246,3.709110714077983]",1
,,,,,"[0.0,0.0,9.0,1.0]","[0.0,0.0,3.1022640786811007,3.709110714077983]",1
,,,,,"[0.0,0.0,9.0,1.0]","[0.0,0.0,3.1022640786811007,3.709110714077983]",1
,,,,,"[0.0,0.0,8.7,1.0]","[0.0,0.0,2.998855276058397,3.709110714077983]",1
,,,,,"[0.0,3.0,8.8,1.0]","[0.0,1.4469607794753012,3.033324876932632,3.709110714077983]",1
,,,,,"[0.0,0.0,9.8,1.0]","[0.0,0.0,3.3780208856749767,3.709110714077983]",1
,,,,,"[0.0,0.0,9.3,1.0]","[0.0,0.0,3.2056728813038045,3.709110714077983]",1
,,,,,"[0.0,0.0,7.7,1.0]","[0.0,0.0,2.654159267316053,3.709110714077983]",1
,,,,,"[0.0,0.0,9.6,1.0]","[0.0,0.0,3.3090816839265074,3.709110714077983]",1
,,,,,"[0.0,0.0,9.5,1.0]","[0.0,0.0,3.274612083052273,3.709110714077983]",1
,,,,,"[0.0,0.0,9.2,1.0]","[0.0,0.0,3.171203280429569,3.709110714077983]",1
,,,,,"[0.0,0.0,8.0,1.0]","[0.0,0.0,2.757568069938756,3.709110714077983]",1
,,,,,"[0.0,0.0,5.4,1.0]","[0.0,0.0,1.8613584472086606,3.709110714077983]",0
,,,,,"[0.0,0.0,8.7,1.0]","[0.0,0.0,2.998855276058397,3.709110714077983]",1
,,,,,"(4,[3],[1.0])","(4,[3],[3.709110714077983])",0
,,,,,"[0.0,0.0,9.7,1.0]","[0.0,0.0,3.3435512848007414,3.709110714077983]",1
,,,,,"[0.0,5.0,9.0,1.0]","[0.0,2.4116012991255023,3.1022640786811007,3.709110714077983]",1
,,,,,"[0.0,0.0,9.3,1.0]","[0.0,0.0,3.2056728813038045,3.709110714077983]",1
,,,,,"[0.0,0.0,8.1,1.0]","[0.0,0.0,2.7920376708129906,3.709110714077983]",1
,,,,,"[0.0,0.0,8.1,1.0]","[0.0,0.0,2.7920376708129906,3.709110714077983]",1
,,,,,"(4,[3],[1.0])","(4,[3],[3.709110714077983])",0
,,,,,"[0.0,0.0,8.7,1.0]","[0.0,0.0,2.998855276058397,3.709110714077983]",1
,,,,,"[0.0,0.0,8.3,1.0]","[0.0,0.0,2.86097687256146,3.709110714077983]",1
,,,,,"[0.0,0.0,8.1,1.0]","[0.0,0.0,2.7920376708129906,3.709110714077983]",1
,,,,,"[0.0,0.0,7.7,1.0]","[0.0,0.0,2.654159267316053,3.709110714077983]",1
,,,,,"[0.0,0.0,9.0,1.0]","[0.0,0.0,3.1022640786811007,3.709110714077983]",1
,,,,,"[0.0,4.0,8.8,1.0]","[0.0,1.9292810393004016,3.033324876932632,3.709110714077983]",1
,,,,,"[0.0,0.0,9.5,1.0]","[0.0,0.0,3.274612083052273,3.709110714077983]",1
,,,,,"(4,[3],[1.0])","(4,[3],[3.709110714077983])",0
,,,,,"[0.0,4.0,8.6,1.0]","[0.0,1.9292810393004016,2.964385675184163,3.709110714077983]",1
,,,,,"[0.0,4.0,8.0,1.0]","[0.0,1.9292810393004016,2.757568069938756,3.709110714077983]",1
,,,,,"[0.0,0.0,9.5,1.0]","[0.0,0.0,3.274612083052273,3.709110714077983]",1
,,,,,"[0.0,0.0,8.6,1.0]","[0.0,0.0,2.964385675184163,3.709110714077983]",1
,,,,,"[0.0,0.0,7.8,1.0]","[0.0,0.0,2.6886288681902872,3.709110714077983]",1
,,,,,"[0.0,0.0,10.0,1.0]","[0.0,0.0,3.446960087423445,3.709110714077983]",1
,,,,,"[0.0,0.0,9.3,1.0]","[0.0,0.0,3.2056728813038045,3.709110714077983]",1
,,,,,"[0.0,0.0,8.2,1.0]","[0.0,0.0,2.8265072716872246,3.709110714077983]",1
,,,,,"[0.0,0.0,8.5,1.0]","[0.0,0.0,2.9299160743099284,3.709110714077983]",1
,,,,,"[0.0,0.0,8.4,1.0]","[0.0,0.0,2.895446473435694,3.709110714077983]",1
,,,,,"[0.0,0.0,9.2,1.0]","[0.0,0.0,3.171203280429569,3.709110714077983]",1
,,,,,"[0.0,0.0,8.8,1.0]","[0.0,0.0,3.033324876932632,3.709110714077983]",1
,,,,,"[0.0,0.0,8.8,1.0]","[0.0,0.0,3.033324876932632,3.709110714077983]",1
,,,,,"[0.0,0.0,8.3,1.0]","[0.0,0.0,2.86097687256146,3.709110714077983]",1
,,,,,"[0.0,3.0,8.7,1.0]","[0.0,1.4469607794753012,2.998855276058397,3.709110714077983]",1
,,,,,"[0.0,0.0,8.0,1.0]","[0.0,0.0,2.757568069938756,3.709110714077983]",1
,,,,,"[0.0,0.0,8.5,1.0]","[0.0,0.0,2.9299160743099284,3.709110714077983]",1
,,,,,"[0.0,4.0,8.7,1.0]","[0.0,1.9292810393004016,2.998855276058397,3.709110714077983]",1
,,,,,"(4,[3],[1.0])","(4,[3],[3.709110714077983])",0
,,,,,"[0.0,0.0,6.5,1.0]","[0.0,0.0,2.2405240568252394,3.709110714077983]",1
,,,,,"[0.0,0.0,9.0,1.0]","[0.0,0.0,3.1022640786811007,3.709110714077983]",1
,,,,,"[0.0,0.0,9.3,1.0]","[0.0,0.0,3.2056728813038045,3.709110714077983]",1
,,,,,"[0.0,4.0,8.4,1.0]","[0.0,1.9292810393004016,2.895446473435694,3.709110714077983]",1
,,,,,"[0.0,0.0,7.6,1.0]","[0.0,0.0,2.6196896664418183,3.709110714077983]",1
,,,,,"[0.0,0.0,7.5,1.0]","[0.0,0.0,2.585220065567584,3.709110714077983]",1
,,,,,"[0.0,0.0,8.2,1.0]","[0.0,0.0,2.8265072716872246,3.709110714077983]",1
,,,,,"[0.0,0.0,9.5,1.0]","[0.0,0.0,3.274612083052273,3.709110714077983]",1
,,,,,"(4,[3],[1.0])","(4,[3],[3.709110714077983])",0
,,,,,"(4,[3],[1.0])","(4,[3],[3.709110714077983])",0
,,,,,"(4,[3],[1.0])","(4,[3],[3.709110714077983])",0
,,,,,"(4,[3],[1.0])","(4,[3],[3.709110714077983])",0
,,,,,"[0.0,0.0,7.7,1.0]","[0.0,0.0,2.654159267316053,3.709110714077983]",1
,,,,,"[0.0,0.0,7.7,1.0]","[0.0,0.0,2.654159267316053,3.709110714077983]",1
,,,,,"[0.0,0.0,9.2,1.0]","[0.0,0.0,3.171203280429569,3.709110714077983]",1
,,,,,"[0.0,0.0,8.0,1.0]","[0.0,0.0,2.757568069938756,3.709110714077983]",1
,,,,,"[0.0,0.0,9.6,1.0]","[0.0,0.0,3.3090816839265074,3.709110714077983]",1
,,,,,"(4,[3],[1.0])","(4,[3],[3.709110714077983])",0
,,,,,"[0.0,0.0,4.5,1.0]","[0.0,0.0,1.5511320393405503,3.709110714077983]",0
,,,,,"[0.0,0.0,10.0,1.0]","[0.0,0.0,3.446960087423445,3.709110714077983]",1
,,,,,"[0.0,0.0,5.1,1.0]","[0.0,0.0,1.7579496445859568,3.709110714077983]",0
,,,,,"[0.0,2.0,8.3,1.0]","[0.0,0.9646405196502008,2.86097687256146,3.709110714077983]",1
,,,,,"[0.0,4.0,8.3,1.0]","[0.0,1.9292810393004016,2.86097687256146,3.709110714077983]",1
,,,,,"[0.0,0.0,8.6,1.0]","[0.0,0.0,2.964385675184163,3.709110714077983]",1
,,,,,"[0.0,3.0,8.5,1.0]","[0.0,1.4469607794753012,2.9299160743099284,3.709110714077983]",1
,,,,,"(4,[3],[1.0])","(4,[3],[3.709110714077983])",0
,,,,,"[0.0,0.0,9.1,1.0]","[0.0,0.0,3.136733679555335,3.709110714077983]",1
,,,,,"[0.0,4.0,8.6,1.0]","[0.0,1.9292810393004016,2.964385675184163,3.709110714077983]",1
,,,,,"[0.0,0.0,8.0,1.0]","[0.0,0.0,2.757568069938756,3.709110714077983]",1
,,,,,"[0.0,0.0,8.0,1.0]","[0.0,0.0,2.757568069938756,3.709110714077983]",1
,,,,,"(4,[3],[1.0])","(4,[3],[3.709110714077983])",0
,,,,,"[0.0,0.0,7.6,1.0]","[0.0,0.0,2.6196896664418183,3.709110714077983]",1
,,,,,"[0.0,0.0,9.3,1.0]","[0.0,0.0,3.2056728813038045,3.709110714077983]",1
,,,,,"[0.0,4.0,8.4,1.0]","[0.0,1.9292810393004016,2.895446473435694,3.709110714077983]",1
,,,,,"[0.0,0.0,7.4,1.0]","[0.0,0.0,2.5507504646933494,3.709110714077983]",1
,,,,,"[0.0,0.0,8.8,1.0]","[0.0,0.0,3.033324876932632,3.709110714077983]",1
,,,,,"[0.0,0.0,8.2,1.0]","[0.0,0.0,2.8265072716872246,3.709110714077983]",1
,,,,,"[0.0,3.0,8.7,1.0]","[0.0,1.4469607794753012,2.998855276058397,3.709110714077983]",1
,,,,,"[0.0,0.0,8.9,1.0]","[0.0,0.0,3.067794477806866,3.709110714077983]",1
,,,,,"[0.0,0.0,7.4,1.0]","[0.0,0.0,2.5507504646933494,3.709110714077983]",1
,,,,,"[0.0,0.0,8.2,1.0]","[0.0,0.0,2.8265072716872246,3.709110714077983]",1
,,,,,"[0.0,0.0,9.4,1.0]","[0.0,0.0,3.2401424821780385,3.709110714077983]",1
,,,,,"[0.0,0.0,7.8,1.0]","[0.0,0.0,2.6886288681902872,3.709110714077983]",1
,,,,,"[0.0,0.0,9.2,1.0]","[0.0,0.0,3.171203280429569,3.709110714077983]",1
,,,,,"[0.0,0.0,9.5,1.0]","[0.0,0.0,3.274612083052273,3.709110714077983]",1
,,,,,"[0.0,0.0,8.9,1.0]","[0.0,0.0,3.067794477806866,3.709110714077983]",1
,,,,,"[0.0,0.0,8.7,1.0]","[0.0,0.0,2.998855276058397,3.709110714077983]",1
,,,,,"[0.0,0.0,9.6,1.0]","[0.0,0.0,3.3090816839265074,3.709110714077983]",1
,,,,,"[0.0,0.0,9.1,1.0]","[0.0,0.0,3.136733679555335,3.709110714077983]",1
,,,,,"[0.0,0.0,9.4,1.0]","[0.0,0.0,3.2401424821780385,3.709110714077983]",1
,,,,,"[0.0,0.0,7.5,1.0]","[0.0,0.0,2.585220065567584,3.709110714077983]",1
,,,,,"[0.0,0.0,8.4,1.0]","[0.0,0.0,2.895446473435694,3.709110714077983]",1
,,,,,"[0.0,0.0,9.6,1.0]","[0.0,0.0,3.3090816839265074,3.709110714077983]",1
,,,,,"[0.0,0.0,9.4,1.0]","[0.0,0.0,3.2401424821780385,3.709110714077983]",1
,,,,,"(4,[3],[1.0])","(4,[3],[3.709110714077983])",0
,,,,,"[0.0,0.0,9.4,1.0]","[0.0,0.0,3.2401424821780385,3.709110714077983]",1
,,,,,"[0.0,0.0,10.0,1.0]","[0.0,0.0,3.446960087423445,3.709110714077983]",1
,,,,,"[0.0,0.0,8.4,1.0]","[0.0,0.0,2.895446473435694,3.709110714077983]",1
,,,,,"(4,[3],[1.0])","(4,[3],[3.709110714077983])",0
,,,,,"[0.0,0.0,9.8,1.0]","[0.0,0.0,3.3780208856749767,3.709110714077983]",1
,,,,,"[0.0,0.0,5.2,1.0]","[0.0,0.0,1.7924192454601915,3.709110714077983]",0
,,,,,"[0.0,0.0,9.6,1.0]","[0.0,0.0,3.3090816839265074,3.709110714077983]",1
,,,,,"[0.0,0.0,8.5,1.0]","[0.0,0.0,2.9299160743099284,3.709110714077983]",1
,,,,,"[0.0,0.0,9.3,1.0]","[0.0,0.0,3.2056728813038045,3.709110714077983]",1
,,,,,"(4,[3],[1.0])","(4,[3],[3.709110714077983])",0
,,,,,"[0.0,0.0,8.5,1.0]","[0.0,0.0,2.9299160743099284,3.709110714077983]",1
,,,,,"[0.0,3.0,7.9,1.0]","[0.0,1.4469607794753012,2.7230984690645217,3.709110714077983]",1
,,,,,"[0.0,0.0,9.0,1.0]","[0.0,0.0,3.1022640786811007,3.709110714077983]",1
,,,,,"[0.0,0.0,8.4,1.0]","[0.0,0.0,2.895446473435694,3.709110714077983]",1
,,,,,"[0.0,0.0,9.3,1.0]","[0.0,0.0,3.2056728813038045,3.709110714077983]",1
,,,,,"[0.0,0.0,9.5,1.0]","[0.0,0.0,3.274612083052273,3.709110714077983]",1
,,,,,"[0.0,0.0,9.3,1.0]","[0.0,0.0,3.2056728813038045,3.709110714077983]",1
,,,,,"[0.0,0.0,8.8,1.0]","[0.0,0.0,3.033324876932632,3.709110714077983]",1
,,,,,"[0.0,0.0,9.6,1.0]","[0.0,0.0,3.3090816839265074,3.709110714077983]",1
,,,,,"[0.0,3.0,7.4,1.0]","[0.0,1.4469607794753012,2.5507504646933494,3.709110714077983]",1
,,,,,"[0.0,0.0,8.4,1.0]","[0.0,0.0,2.895446473435694,3.709110714077983]",1
,,,,,"[0.0,0.0,8.8,1.0]","[0.0,0.0,3.033324876932632,3.709110714077983]",1
,,,,,"[0.0,0.0,8.0,1.0]","[0.0,0.0,2.757568069938756,3.709110714077983]",1
,,,,,"[0.0,4.0,8.3,1.0]","[0.0,1.9292810393004016,2.86097687256146,3.709110714077983]",1
,,,,,"[0.0,0.0,8.4,1.0]","[0.0,0.0,2.895446473435694,3.709110714077983]",1
,,,,,"[0.0,4.0,8.8,1.0]","[0.0,1.9292810393004016,3.033324876932632,3.709110714077983]",1
,,,,,"[0.0,0.0,8.6,1.0]","[0.0,0.0,2.964385675184163,3.709110714077983]",1
,,,,,"[0.0,0.0,7.6,1.0]","[0.0,0.0,2.6196896664418183,3.709110714077983]",1
,,,,,"[0.0,4.0,8.2,1.0]","[0.0,1.9292810393004016,2.8265072716872246,3.709110714077983]",1
,,,,,"[0.0,0.0,8.3,1.0]","[0.0,0.0,2.86097687256146,3.709110714077983]",1
,,,,,"[0.0,4.0,8.3,1.0]","[0.0,1.9292810393004016,2.86097687256146,3.709110714077983]",1
,,,,,"[0.0,4.0,8.0,1.0]","[0.0,1.9292810393004016,2.757568069938756,3.709110714077983]",1
,,,,,"[0.0,0.0,8.4,1.0]","[0.0,0.0,2.895446473435694,3.709110714077983]",1
,,,,,"[0.0,0.0,8.9,1.0]","[0.0,0.0,3.067794477806866,3.709110714077983]",1
,,,,,"[0.0,0.0,8.1,1.0]","[0.0,0.0,2.7920376708129906,3.709110714077983]",1
,,,,,"[0.0,0.0,8.3,1.0]","[0.0,0.0,2.86097687256146,3.709110714077983]",1
,,,,,"[0.0,0.0,8.9,1.0]","[0.0,0.0,3.067794477806866,3.709110714077983]",1
,,,,,"[0.0,5.0,8.8,1.0]","[0.0,2.4116012991255023,3.033324876932632,3.709110714077983]",1
,,,,,"[0.0,0.0,8.6,1.0]","[0.0,0.0,2.964385675184163,3.709110714077983]",1
,,,,,"[0.0,0.0,8.3,1.0]","[0.0,0.0,2.86097687256146,3.709110714077983]",1
,,,,,"[0.0,0.0,10.0,1.0]","[0.0,0.0,3.446960087423445,3.709110714077983]",1
,,,,,"[0.0,0.0,8.2,1.0]","[0.0,0.0,2.8265072716872246,3.709110714077983]",1
,,,,,"[0.0,0.0,8.5,1.0]","[0.0,0.0,2.9299160743099284,3.709110714077983]",1
,,,,,"[0.0,0.0,8.2,1.0]","[0.0,0.0,2.8265072716872246,3.709110714077983]",1
,,,,,"[0.0,0.0,10.0,1.0]","[0.0,0.0,3.446960087423445,3.709110714077983]",1
,,,,,"[0.0,0.0,7.9,1.0]","[0.0,0.0,2.7230984690645217,3.709110714077983]",1
,,,,,"[0.0,4.0,8.9,1.0]","[0.0,1.9292810393004016,3.067794477806866,3.709110714077983]",1
,,,,,"[0.0,0.0,8.7,1.0]","[0.0,0.0,2.998855276058397,3.709110714077983]",1
,,,,,"[0.0,3.0,7.9,1.0]","[0.0,1.4469607794753012,2.7230984690645217,3.709110714077983]",1
,,,,,"[0.0,2.0,8.6,1.0]","[0.0,0.9646405196502008,2.964385675184163,3.709110714077983]",1
,,,,,"[0.0,3.0,8.3,1.0]","[0.0,1.4469607794753012,2.86097687256146,3.709110714077983]",1
,,,,,"[0.0,0.0,9.6,1.0]","[0.0,0.0,3.3090816839265074,3.709110714077983]",1
,,,,,"[0.0,0.0,8.0,1.0]","[0.0,0.0,2.757568069938756,3.709110714077983]",1
,,,,,"[0.0,3.0,9.2,1.0]","[0.0,1.4469607794753012,3.171203280429569,3.709110714077983]",1
,,,,,"[0.0,3.0,8.8,1.0]","[0.0,1.4469607794753012,3.033324876932632,3.709110714077983]",1
,,,,,"[0.0,3.0,8.0,1.0]","[0.0,1.4469607794753012,2.757568069938756,3.709110714077983]",1
,,,,,"[0.0,0.0,1.0,1.0]","[0.0,0.0,0.3446960087423445,3.709110714077983]",0
,,,,,"[0.0,3.0,7.3,1.0]","[0.0,1.4469607794753012,2.516280863819115,3.709110714077983]",1
,,,,,"[0.0,0.0,8.0,1.0]","[0.0,0.0,2.757568069938756,3.709110714077983]",1
,,,,,"[0.0,4.0,8.4,1.0]","[0.0,1.9292810393004016,2.895446473435694,3.709110714077983]",1
,,,,,"[0.0,4.0,8.6,1.0]","[0.0,1.9292810393004016,2.964385675184163,3.709110714077983]",1
,,,,,"[0.0,0.0,10.0,1.0]","[0.0,0.0,3.446960087423445,3.709110714077983]",1
,,,,,"[0.0,0.0,8.5,1.0]","[0.0,0.0,2.9299160743099284,3.709110714077983]",1
,,,,,"[0.0,0.0,7.5,1.0]","[0.0,0.0,2.585220065567584,3.709110714077983]",1
,,,,,"[0.0,0.0,9.6,1.0]","[0.0,0.0,3.3090816839265074,3.709110714077983]",1
,,,,,"[0.0,0.0,8.7,1.0]","[0.0,0.0,2.998855276058397,3.709110714077983]",1
,,,,,"[0.0,0.0,9.1,1.0]","[0.0,0.0,3.136733679555335,3.709110714077983]",1
,,,,,"[0.0,0.0,8.9,1.0]","[0.0,0.0,3.067794477806866,3.709110714077983]",1
,,,,,"[0.0,0.0,8.7,1.0]","[0.0,0.0,2.998855276058397,3.709110714077983]",1
,,,,,"[0.0,4.0,8.4,1.0]","[0.0,1.9292810393004016,2.895446473435694,3.709110714077983]",1
,,,,,"[0.0,0.0,8.7,1.0]","[0.0,0.0,2.998855276058397,3.709110714077983]",1
,,,,,"[0.0,0.0,9.0,1.0]","[0.0,0.0,3.1022640786811007,3.709110714077983]",1
,,,,,"[0.0,0.0,7.5,1.0]","[0.0,0.0,2.585220065567584,3.709110714077983]",1
,,,,,"[0.0,0.0,10.0,1.0]","[0.0,0.0,3.446960087423445,3.709110714077983]",1
,,,,,"[0.0,3.0,8.6,1.0]","[0.0,1.4469607794753012,2.964385675184163,3.709110714077983]",1
,,,,,"[0.0,0.0,9.0,1.0]","[0.0,0.0,3.1022640786811007,3.709110714077983]",1
,,,,,"[0.0,0.0,8.9,1.0]","[0.0,0.0,3.067794477806866,3.709110714077983]",1
,,,,,"[0.0,0.0,8.2,1.0]","[0.0,0.0,2.8265072716872246,3.709110714077983]",1
,,,,,"[0.0,0.0,7.2,1.0]","[0.0,0.0,2.4818112629448805,3.709110714077983]",1
,,,,,"[0.0,0.0,8.9,1.0]","[0.0,0.0,3.067794477806866,3.709110714077983]",1
,,,,,"[0.0,0.0,9.6,1.0]","[0.0,0.0,3.3090816839265074,3.709110714077983]",1
,,,,,"[0.0,0.0,8.9,1.0]","[0.0,0.0,3.067794477806866,3.709110714077983]",1
,,,,,"[0.0,4.0,8.5,1.0]","[0.0,1.9292810393004016,2.9299160743099284,3.709110714077983]",1
,,,,,"[0.0,0.0,9.3,1.0]","[0.0,0.0,3.2056728813038045,3.709110714077983]",1
,,,,,"[0.0,0.0,9.3,1.0]","[0.0,0.0,3.2056728813038045,3.709110714077983]",1
,,,,,"[0.0,0.0,8.8,1.0]","[0.0,0.0,3.033324876932632,3.709110714077983]",1
,,,,,"[0.0,0.0,8.2,1.0]","[0.0,0.0,2.8265072716872246,3.709110714077983]",1
,,,,,"[0.0,0.0,8.7,1.0]","[0.0,0.0,2.998855276058397,3.709110714077983]",1
,,,,,"[0.0,0.0,8.9,1.0]","[0.0,0.0,3.067794477806866,3.709110714077983]",1
,,,,,"[0.0,0.0,9.1,1.0]","[0.0,0.0,3.136733679555335,3.709110714077983]",1
,,,,,"[0.0,0.0,8.7,1.0]","[0.0,0.0,2.998855276058397,3.709110714077983]",1
,,,,,"[0.0,0.0,8.9,1.0]","[0.0,0.0,3.067794477806866,3.709110714077983]",1
,,,,,"[0.0,4.0,8.0,1.0]","[0.0,1.9292810393004016,2.757568069938756,3.709110714077983]",1
,,,,,"[0.0,5.0,8.4,1.0]","[0.0,2.4116012991255023,2.895446473435694,3.709110714077983]",1
,,,,,"[0.0,4.0,8.5,1.0]","[0.0,1.9292810393004016,2.9299160743099284,3.709110714077983]",1
,,,,,"[0.0,4.0,8.6,1.0]","[0.0,1.9292810393004016,2.964385675184163,3.709110714077983]",1
,,,,,"[0.0,3.0,8.5,1.0]","[0.0,1.4469607794753012,2.9299160743099284,3.709110714077983]",1
,,,,,"[0.0,3.0,8.4,1.0]","[0.0,1.4469607794753012,2.895446473435694,3.709110714077983]",1
,,,,,"[0.0,5.0,9.1,1.0]","[0.0,2.4116012991255023,3.136733679555335,3.709110714077983]",1
,,,,,"[0.0,4.0,8.9,1.0]","[0.0,1.9292810393004016,3.067794477806866,3.709110714077983]",1
,,,,,"[0.0,5.0,7.8,1.0]","[0.0,2.4116012991255023,2.6886288681902872,3.709110714077983]",1
,,,,,"[0.0,0.0,8.7,1.0]","[0.0,0.0,2.998855276058397,3.709110714077983]",1
,,,,,"[0.0,5.0,8.9,1.0]","[0.0,2.4116012991255023,3.067794477806866,3.709110714077983]",1
,,,,,"[0.0,0.0,9.0,1.0]","[0.0,0.0,3.1022640786811007,3.709110714077983]",1
,,,,,"[0.0,0.0,9.6,1.0]","[0.0,0.0,3.3090816839265074,3.709110714077983]",1
,,,,,"[0.0,5.0,9.5,1.0]","[0.0,2.4116012991255023,3.274612083052273,3.709110714077983]",1
,,,,,"[0.0,0.0,9.0,1.0]","[0.0,0.0,3.1022640786811007,3.709110714077983]",1
,,,,,"[0.0,3.0,8.9,1.0]","[0.0,1.4469607794753012,3.067794477806866,3.709110714077983]",1
,,,,,"[0.0,3.0,8.0,1.0]","[0.0,1.4469607794753012,2.757568069938756,3.709110714077983]",1
,,,,,"[0.0,0.0,8.2,1.0]","[0.0,0.0,2.8265072716872246,3.709110714077983]",1
,,,,,"[0.0,0.0,9.7,1.0]","[0.0,0.0,3.3435512848007414,3.709110714077983]",1
,,,,,"[0.0,5.0,10.0,1.0]","[0.0,2.4116012991255023,3.446960087423445,3.709110714077983]",1
,,,,,"[0.0,4.0,8.2,1.0]","[0.0,1.9292810393004016,2.8265072716872246,3.709110714077983]",1
,,,,,"[0.0,3.0,8.6,1.0]","[0.0,1.4469607794753012,2.964385675184163,3.709110714077983]",1
,,,,,"[0.0,0.0,9.7,1.0]","[0.0,0.0,3.3435512848007414,3.709110714077983]",1
,,,,,"[0.0,0.0,7.8,1.0]","[0.0,0.0,2.6886288681902872,3.709110714077983]",1
,,,,,"[0.0,4.0,8.4,1.0]","[0.0,1.9292810393004016,2.895446473435694,3.709110714077983]",1
,,,,,"[0.0,0.0,9.3,1.0]","[0.0,0.0,3.2056728813038045,3.709110714077983]",1
,,,,,"[0.0,0.0,7.7,1.0]","[0.0,0.0,2.654159267316053,3.709110714077983]",1
,,,,,"[0.0,0.0,9.9,1.0]","[0.0,0.0,3.4124904865492107,3.709110714077983]",1
,,,,,"[0.0,0.0,9.4,1.0]","[0.0,0.0,3.2401424821780385,3.709110714077983]",1
,,,,,"[0.0,0.0,9.9,1.0]","[0.0,0.0,3.4124904865492107,3.709110714077983]",1
,,,,,"[0.0,0.0,9.1,1.0]","[0.0,0.0,3.136733679555335,3.709110714077983]",1
,,,,,"[0.0,3.0,8.5,1.0]","[0.0,1.4469607794753012,2.9299160743099284,3.709110714077983]",1
,,,,,"[0.0,0.0,9.4,1.0]","[0.0,0.0,3.2401424821780385,3.709110714077983]",1
,,,,,"[0.0,0.0,8.8,1.0]","[0.0,0.0,3.033324876932632,3.709110714077983]",1
,,,,,"[0.0,0.0,9.8,1.0]","[0.0,0.0,3.3780208856749767,3.709110714077983]",1
,,,,,"[0.0,4.0,8.7,1.0]","[0.0,1.9292810393004016,2.998855276058397,3.709110714077983]",1
,,,,,"[0.0,0.0,9.1,1.0]","[0.0,0.0,3.136733679555335,3.709110714077983]",1
,,,,,"[0.0,4.0,8.5,1.0]","[0.0,1.9292810393004016,2.9299160743099284,3.709110714077983]",1
,,,,,"[0.0,0.0,8.3,1.0]","[0.0,0.0,2.86097687256146,3.709110714077983]",1
,,,,,"[0.0,3.0,8.1,1.0]","[0.0,1.4469607794753012,2.7920376708129906,3.709110714077983]",1
,,,,,"[0.0,0.0,9.1,1.0]","[0.0,0.0,3.136733679555335,3.709110714077983]",1
,,,,,"[0.0,0.0,9.2,1.0]","[0.0,0.0,3.171203280429569,3.709110714077983]",1
,,,,,"[0.0,0.0,8.8,1.0]","[0.0,0.0,3.033324876932632,3.709110714077983]",1
,,,,,"[0.0,0.0,9.2,1.0]","[0.0,0.0,3.171203280429569,3.709110714077983]",1
,,,,,"[0.0,0.0,10.0,1.0]","[0.0,0.0,3.446960087423445,3.709110714077983]",1
,,,,,"[0.0,0.0,9.4,1.0]","[0.0,0.0,3.2401424821780385,3.709110714077983]",1
,,,,,"[0.0,0.0,9.7,1.0]","[0.0,0.0,3.3435512848007414,3.709110714077983]",1
,,,,,"[0.0,0.0,9.6,1.0]","[0.0,0.0,3.3090816839265074,3.709110714077983]",1
,,,,,"[0.0,0.0,9.6,1.0]","[0.0,0.0,3.3090816839265074,3.709110714077983]",1
,,,,,"[0.0,0.0,9.6,1.0]","[0.0,0.0,3.3090816839265074,3.709110714077983]",1
,,,,,"[0.0,0.0,9.4,1.0]","[0.0,0.0,3.2401424821780385,3.709110714077983]",1
,,,,,"[0.0,0.0,9.7,1.0]","[0.0,0.0,3.3435512848007414,3.709110714077983]",1
,,,,,"[0.0,0.0,9.4,1.0]","[0.0,0.0,3.2401424821780385,3.709110714077983]",1
,,,,,"[0.0,0.0,8.1,1.0]","[0.0,0.0,2.7920376708129906,3.709110714077983]",1
,,,,,"[0.0,0.0,9.4,1.0]","[0.0,0.0,3.2401424821780385,3.709110714077983]",1
,,,,,"(4,[3],[1.0])","(4,[3],[3.709110714077983])",0
,,,,,"[0.0,0.0,9.5,1.0]","[0.0,0.0,3.274612083052273,3.709110714077983]",1
,,,,,"[0.0,0.0,9.5,1.0]","[0.0,0.0,3.274612083052273,3.709110714077983]",1
,,,,,"[0.0,0.0,8.3,1.0]","[0.0,0.0,2.86097687256146,3.709110714077983]",1
,,,,,"[0.0,0.0,9.4,1.0]","[0.0,0.0,3.2401424821780385,3.709110714077983]",1
,,,,,"(4,[3],[1.0])","(4,[3],[3.709110714077983])",0
,,,,,"(4,[3],[1.0])","(4,[3],[3.709110714077983])",0
,,,,,"[0.0,4.0,9.4,1.0]","[0.0,1.9292810393004016,3.2401424821780385,3.709110714077983]",1
,,,,,"[0.0,0.0,9.1,1.0]","[0.0,0.0,3.136733679555335,3.709110714077983]",1
,,,,,"(4,[3],[1.0])","(4,[3],[3.709110714077983])",0
,,,,,"[0.0,0.0,9.3,1.0]","[0.0,0.0,3.2056728813038045,3.709110714077983]",1
,,,,,"[0.0,0.0,8.8,1.0]","[0.0,0.0,3.033324876932632,3.709110714077983]",1
,,,,,"[0.0,0.0,8.3,1.0]","[0.0,0.0,2.86097687256146,3.709110714077983]",1
,,,,,"[0.0,0.0,8.8,1.0]","[0.0,0.0,3.033324876932632,3.709110714077983]",1
,,,,,"[0.0,0.0,9.0,1.0]","[0.0,0.0,3.1022640786811007,3.709110714077983]",1
,,,,,"[0.0,0.0,8.2,1.0]","[0.0,0.0,2.8265072716872246,3.709110714077983]",1
,,,,,"(4,[3],[1.0])","(4,[3],[3.709110714077983])",0
,,,,,"[0.0,0.0,9.1,1.0]","[0.0,0.0,3.136733679555335,3.709110714077983]",1
,,,,,"[0.0,0.0,9.2,1.0]","[0.0,0.0,3.171203280429569,3.709110714077983]",1
,,,,,"[0.0,4.0,8.5,1.0]","[0.0,1.9292810393004016,2.9299160743099284,3.709110714077983]",1
,,,,,"[0.0,3.0,8.3,1.0]","[0.0,1.4469607794753012,2.86097687256146,3.709110714077983]",1
,,,,,"[0.0,3.0,8.6,1.0]","[0.0,1.4469607794753012,2.964385675184163,3.709110714077983]",1
,,,,,"[0.0,0.0,9.3,1.0]","[0.0,0.0,3.2056728813038045,3.709110714077983]",1
,,,,,"[0.0,4.0,8.9,1.0]","[0.0,1.9292810393004016,3.067794477806866,3.709110714077983]",1
,,,,,"[0.0,0.0,8.5,1.0]","[0.0,0.0,2.9299160743099284,3.709110714077983]",1
,,,,,"[0.0,0.0,7.9,1.0]","[0.0,0.0,2.7230984690645217,3.709110714077983]",1
,,,,,"[0.0,3.0,7.8,1.0]","[0.0,1.4469607794753012,2.6886288681902872,3.709110714077983]",1
,,,,,"[0.0,0.0,8.8,1.0]","[0.0,0.0,3.033324876932632,3.709110714077983]",1
,,,,,"[0.0,0.0,8.2,1.0]","[0.0,0.0,2.8265072716872246,3.709110714077983]",1
,,,,,"[0.0,0.0,8.8,1.0]","[0.0,0.0,3.033324876932632,3.709110714077983]",1
,,,,,"[0.0,0.0,9.0,1.0]","[0.0,0.0,3.1022640786811007,3.709110714077983]",1
,,,,,"[0.0,0.0,9.3,1.0]","[0.0,0.0,3.2056728813038045,3.709110714077983]",1
,,,,,"[0.0,0.0,8.8,1.0]","[0.0,0.0,3.033324876932632,3.709110714077983]",1
,,,,,"[0.0,0.0,9.0,1.0]","[0.0,0.0,3.1022640786811007,3.709110714077983]",1
,,,,,"[0.0,0.0,9.3,1.0]","[0.0,0.0,3.2056728813038045,3.709110714077983]",1
,,,,,"[0.0,0.0,9.2,1.0]","[0.0,0.0,3.171203280429569,3.709110714077983]",1
,,,,,"[0.0,0.0,8.6,1.0]","[0.0,0.0,2.964385675184163,3.709110714077983]",1
,,,,,"[0.0,0.0,9.8,1.0]","[0.0,0.0,3.3780208856749767,3.709110714077983]",1
,,,,,"[0.0,0.0,9.0,1.0]","[0.0,0.0,3.1022640786811007,3.709110714077983]",1
,,,,,"[0.0,5.0,7.0,1.0]","[0.0,2.4116012991255023,2.4128720611964116,3.709110714077983]",1
,,,,,"[0.0,0.0,9.3,1.0]","[0.0,0.0,3.2056728813038045,3.709110714077983]",1
,,,,,"[0.0,0.0,9.1,1.0]","[0.0,0.0,3.136733679555335,3.709110714077983]",1
,,,,,"[0.0,0.0,9.0,1.0]","[0.0,0.0,3.1022640786811007,3.709110714077983]",1
,,,,,"[0.0,0.0,8.9,1.0]","[0.0,0.0,3.067794477806866,3.709110714077983]",1
,,,,,"[0.0,4.0,9.0,1.0]","[0.0,1.9292810393004016,3.1022640786811007,3.709110714077983]",1
,,,,,"[0.0,0.0,8.9,1.0]","[0.0,0.0,3.067794477806866,3.709110714077983]",1
,,,,,"[0.0,0.0,9.2,1.0]","[0.0,0.0,3.171203280429569,3.709110714077983]",1
,,,,,"[0.0,3.0,8.5,1.0]","[0.0,1.4469607794753012,2.9299160743099284,3.709110714077983]",1
,,,,,"[0.0,0.0,9.1,1.0]","[0.0,0.0,3.136733679555335,3.709110714077983]",1
,,,,,"[0.0,0.0,9.1,1.0]","[0.0,0.0,3.136733679555335,3.709110714077983]",1
,,,,,"[0.0,4.0,8.4,1.0]","[0.0,1.9292810393004016,2.895446473435694,3.709110714077983]",1
,,,,,"[0.0,3.0,9.0,1.0]","[0.0,1.4469607794753012,3.1022640786811007,3.709110714077983]",1
,,,,,"[0.0,0.0,9.8,1.0]","[0.0,0.0,3.3780208856749767,3.709110714077983]",1
,,,,,"[0.0,0.0,9.8,1.0]","[0.0,0.0,3.3780208856749767,3.709110714077983]",1
,,,,,"[0.0,0.0,8.6,1.0]","[0.0,0.0,2.964385675184163,3.709110714077983]",1
,,,,,"[0.0,0.0,8.0,1.0]","[0.0,0.0,2.757568069938756,3.709110714077983]",1
,,,,,"[0.0,0.0,9.8,1.0]","[0.0,0.0,3.3780208856749767,3.709110714077983]",1
,,,,,"[0.0,3.0,8.4,1.0]","[0.0,1.4469607794753012,2.895446473435694,3.709110714077983]",1
,,,,,"[0.0,3.0,8.7,1.0]","[0.0,1.4469607794753012,2.998855276058397,3.709110714077983]",1
,,,,,"[0.0,0.0,9.4,1.0]","[0.0,0.0,3.2401424821780385,3.709110714077983]",1
,,,,,"[0.0,0.0,9.3,1.0]","[0.0,0.0,3.2056728813038045,3.709110714077983]",1
,,,,,"[0.0,0.0,9.4,1.0]","[0.0,0.0,3.2401424821780385,3.709110714077983]",1
,,,,,"[0.0,4.0,8.2,1.0]","[0.0,1.9292810393004016,2.8265072716872246,3.709110714077983]",1
,,,,,"[0.0,0.0,9.4,1.0]","[0.0,0.0,3.2401424821780385,3.709110714077983]",1
,,,,,"[0.0,0.0,9.3,1.0]","[0.0,0.0,3.2056728813038045,3.709110714077983]",1
,,,,,"[0.0,3.0,7.9,1.0]","[0.0,1.4469607794753012,2.7230984690645217,3.709110714077983]",1
,,,,,"(4,[3],[1.0])","(4,[3],[3.709110714077983])",0
,,,,,"[0.0,0.0,10.0,1.0]","[0.0,0.0,3.446960087423445,3.709110714077983]",1
,,,,,"[0.0,4.0,8.3,1.0]","[0.0,1.9292810393004016,2.86097687256146,3.709110714077983]",1
,,,,,"[0.0,0.0,8.7,1.0]","[0.0,0.0,2.998855276058397,3.709110714077983]",1
,,,,,"[0.0,0.0,8.6,1.0]","[0.0,0.0,2.964385675184163,3.709110714077983]",1
,,,,,"[0.0,0.0,9.6,1.0]","[0.0,0.0,3.3090816839265074,3.709110714077983]",1
,,,,,"[0.0,0.0,9.8,1.0]","[0.0,0.0,3.3780208856749767,3.709110714077983]",1
,,,,,"[0.0,0.0,8.3,1.0]","[0.0,0.0,2.86097687256146,3.709110714077983]",1
,,,,,"[0.0,0.0,9.2,1.0]","[0.0,0.0,3.171203280429569,3.709110714077983]",1
,,,,,"[0.0,0.0,8.7,1.0]","[0.0,0.0,2.998855276058397,3.709110714077983]",1
,,,,,"[0.0,0.0,9.9,1.0]","[0.0,0.0,3.4124904865492107,3.709110714077983]",1
,,,,,"[0.0,0.0,8.4,1.0]","[0.0,0.0,2.895446473435694,3.709110714077983]",1
,,,,,"[0.0,0.0,6.8,1.0]","[0.0,0.0,2.3439328594479427,3.709110714077983]",1
,,,,,"[0.0,0.0,9.4,1.0]","[0.0,0.0,3.2401424821780385,3.709110714077983]",1
,,,,,"[0.0,0.0,9.1,1.0]","[0.0,0.0,3.136733679555335,3.709110714077983]",1
,,,,,"[0.0,0.0,8.0,1.0]","[0.0,0.0,2.757568069938756,3.709110714077983]",1
,,,,,"[0.0,0.0,8.3,1.0]","[0.0,0.0,2.86097687256146,3.709110714077983]",1
,,,,,"[0.0,0.0,9.1,1.0]","[0.0,0.0,3.136733679555335,3.709110714077983]",1
,,,,,"[0.0,0.0,7.8,1.0]","[0.0,0.0,2.6886288681902872,3.709110714077983]",1
,,,,,"[0.0,0.0,7.7,1.0]","[0.0,0.0,2.654159267316053,3.709110714077983]",1
,,,,,"(4,[3],[1.0])","(4,[3],[3.709110714077983])",0
,,,,,"[0.0,0.0,8.2,1.0]","[0.0,0.0,2.8265072716872246,3.709110714077983]",1
,,,,,"[0.0,0.0,8.2,1.0]","[0.0,0.0,2.8265072716872246,3.709110714077983]",1
,,,,,"[0.0,0.0,8.9,1.0]","[0.0,0.0,3.067794477806866,3.709110714077983]",1
,,,,,"[0.0,0.0,6.9,1.0]","[0.0,0.0,2.378402460322177,3.709110714077983]",1
,,,,,"[0.0,0.0,8.0,1.0]","[0.0,0.0,2.757568069938756,3.709110714077983]",1
,,,,,"[0.0,0.0,9.3,1.0]","[0.0,0.0,3.2056728813038045,3.709110714077983]",1
,,,,,"[0.0,0.0,7.6,1.0]","[0.0,0.0,2.6196896664418183,3.709110714077983]",1
,,,,,"[0.0,0.0,9.0,1.0]","[0.0,0.0,3.1022640786811007,3.709110714077983]",1
,,,,,"[0.0,0.0,9.3,1.0]","[0.0,0.0,3.2056728813038045,3.709110714077983]",1
,,,,,"[0.0,0.0,7.9,1.0]","[0.0,0.0,2.7230984690645217,3.709110714077983]",1
,,,,,"[0.0,0.0,9.8,1.0]","[0.0,0.0,3.3780208856749767,3.709110714077983]",1
,,,,,"[0.0,0.0,9.0,1.0]","[0.0,0.0,3.1022640786811007,3.709110714077983]",1
,,,,,"[0.0,0.0,9.7,1.0]","[0.0,0.0,3.3435512848007414,3.709110714077983]",1
,,,,,"[0.0,0.0,9.6,1.0]","[0.0,0.0,3.3090816839265074,3.709110714077983]",1
,,,,,"[0.0,0.0,8.5,1.0]","[0.0,0.0,2.9299160743099284,3.709110714077983]",1
,,,,,"[0.0,0.0,9.9,1.0]","[0.0,0.0,3.4124904865492107,3.709110714077983]",1
,,,,,"[0.0,0.0,8.1,1.0]","[0.0,0.0,2.7920376708129906,3.709110714077983]",1
,,,,,"[0.0,0.0,9.1,1.0]","[0.0,0.0,3.136733679555335,3.709110714077983]",1
,,,,,"[0.0,0.0,8.6,1.0]","[0.0,0.0,2.964385675184163,3.709110714077983]",1
,,,,,"[0.0,0.0,9.2,1.0]","[0.0,0.0,3.171203280429569,3.709110714077983]",1
,,,,,"[0.0,0.0,9.7,1.0]","[0.0,0.0,3.3435512848007414,3.709110714077983]",1
,,,,,"[0.0,0.0,10.0,1.0]","[0.0,0.0,3.446960087423445,3.709110714077983]",1
,,,,,"[0.0,0.0,8.4,1.0]","[0.0,0.0,2.895446473435694,3.709110714077983]",1
,,,,,"[0.0,0.0,8.6,1.0]","[0.0,0.0,2.964385675184163,3.709110714077983]",1
,,,,,"(4,[3],[1.0])","(4,[3],[3.709110714077983])",0
,,,,,"[0.0,0.0,9.3,1.0]","[0.0,0.0,3.2056728813038045,3.709110714077983]",1
,,,,,"[0.0,0.0,10.0,1.0]","[0.0,0.0,3.446960087423445,3.709110714077983]",1
,,,,,"[0.0,0.0,8.9,1.0]","[0.0,0.0,3.067794477806866,3.709110714077983]",1
,,,,,"[0.0,0.0,8.8,1.0]","[0.0,0.0,3.033324876932632,3.709110714077983]",1
,,,,,"[0.0,3.0,8.2,1.0]","[0.0,1.4469607794753012,2.8265072716872246,3.709110714077983]",1
,,,,,"[0.0,0.0,9.2,1.0]","[0.0,0.0,3.171203280429569,3.709110714077983]",1
,,,,,"[0.0,0.0,8.8,1.0]","[0.0,0.0,3.033324876932632,3.709110714077983]",1
,,,,,"[0.0,4.0,8.1,1.0]","[0.0,1.9292810393004016,2.7920376708129906,3.709110714077983]",1
,,,,,"[0.0,0.0,8.5,1.0]","[0.0,0.0,2.9299160743099284,3.709110714077983]",1
,,,,,"[0.0,0.0,9.4,1.0]","[0.0,0.0,3.2401424821780385,3.709110714077983]",1
,,,,,"[0.0,0.0,8.0,1.0]","[0.0,0.0,2.757568069938756,3.709110714077983]",1
,,,,,"[0.0,0.0,9.8,1.0]","[0.0,0.0,3.3780208856749767,3.709110714077983]",1
,,,,,"[0.0,0.0,9.0,1.0]","[0.0,0.0,3.1022640786811007,3.709110714077983]",1
,,,,,"[0.0,0.0,9.4,1.0]","[0.0,0.0,3.2401424821780385,3.709110714077983]",1
,,,,,"[0.0,0.0,9.1,1.0]","[0.0,0.0,3.136733679555335,3.709110714077983]",1
,,,,,"[0.0,0.0,9.5,1.0]","[0.0,0.0,3.274612083052273,3.709110714077983]",1
,,,,,"[0.0,0.0,8.7,1.0]","[0.0,0.0,2.998855276058397,3.709110714077983]",1
,,,,,"[0.0,0.0,8.1,1.0]","[0.0,0.0,2.7920376708129906,3.709110714077983]",1
,,,,,"[0.0,0.0,7.6,1.0]","[0.0,0.0,2.6196896664418183,3.709110714077983]",1
,,,,,"[0.0,0.0,8.8,1.0]","[0.0,0.0,3.033324876932632,3.709110714077983]",1
,,,,,"[0.0,0.0,9.1,1.0]","[0.0,0.0,3.136733679555335,3.709110714077983]",1
,,,,,"[0.0,0.0,7.9,1.0]","[0.0,0.0,2.7230984690645217,3.709110714077983]",1
,,,,,"[0.0,0.0,7.3,1.0]","[0.0,0.0,2.516280863819115,3.709110714077983]",1
,,,,,"[0.0,0.0,9.6,1.0]","[0.0,0.0,3.3090816839265074,3.709110714077983]",1
,,,,,"[0.0,4.0,8.7,1.0]","[0.0,1.9292810393004016,2.998855276058397,3.709110714077983]",1
,,,,,"(4,[3],[1.0])","(4,[3],[3.709110714077983])",0
,,,,,"[0.0,4.0,8.1,1.0]","[0.0,1.9292810393004016,2.7920376708129906,3.709110714077983]",1
,,,,,"[0.0,3.0,8.0,1.0]","[0.0,1.4469607794753012,2.757568069938756,3.709110714077983]",1
,,,,,"[0.0,0.0,5.3,1.0]","[0.0,0.0,1.826888846334426,3.709110714077983]",0
,,,,,"[0.0,0.0,8.3,1.0]","[0.0,0.0,2.86097687256146,3.709110714077983]",1
,,,,,"[0.0,0.0,10.0,1.0]","[0.0,0.0,3.446960087423445,3.709110714077983]",1
,,,,,"[0.0,0.0,8.4,1.0]","[0.0,0.0,2.895446473435694,3.709110714077983]",1
,,,,,"[0.0,0.0,8.2,1.0]","[0.0,0.0,2.8265072716872246,3.709110714077983]",1
,,,,,"[0.0,0.0,6.1,1.0]","[0.0,0.0,2.1026456533283016,3.709110714077983]",1
,,,,,"[0.0,0.0,8.2,1.0]","[0.0,0.0,2.8265072716872246,3.709110714077983]",1
,,,,,"[0.0,0.0,9.5,1.0]","[0.0,0.0,3.274612083052273,3.709110714077983]",1
,,,,,"[0.0,3.0,8.6,1.0]","[0.0,1.4469607794753012,2.964385675184163,3.709110714077983]",1
,,,,,"[0.0,0.0,9.6,1.0]","[0.0,0.0,3.3090816839265074,3.709110714077983]",1
,,,,,"[0.0,0.0,8.8,1.0]","[0.0,0.0,3.033324876932632,3.709110714077983]",1
,,,,,"[0.0,0.0,7.5,1.0]","[0.0,0.0,2.585220065567584,3.709110714077983]",1
,,,,,"[0.0,0.0,8.4,1.0]","[0.0,0.0,2.895446473435694,3.709110714077983]",1
,,,,,"[0.0,0.0,8.2,1.0]","[0.0,0.0,2.8265072716872246,3.709110714077983]",1
,,,,,"[0.0,3.0,7.8,1.0]","[0.0,1.4469607794753012,2.6886288681902872,3.709110714077983]",1
,,,,,"[0.0,4.0,8.6,1.0]","[0.0,1.9292810393004016,2.964385675184163,3.709110714077983]",1
,,,,,"[0.0,0.0,7.6,1.0]","[0.0,0.0,2.6196896664418183,3.709110714077983]",1
,,,,,"[0.0,2.0,8.0,1.0]","[0.0,0.9646405196502008,2.757568069938756,3.709110714077983]",1
,,,,,"[0.0,3.0,7.6,1.0]","[0.0,1.4469607794753012,2.6196896664418183,3.709110714077983]",1
,,,,,"[0.0,4.0,8.3,1.0]","[0.0,1.9292810393004016,2.86097687256146,3.709110714077983]",1
,,,,,"[0.0,4.0,8.0,1.0]","[0.0,1.9292810393004016,2.757568069938756,3.709110714077983]",1
,,,,,"[0.0,3.0,7.7,1.0]","[0.0,1.4469607794753012,2.654159267316053,3.709110714077983]",1
,,,,,"[0.0,0.0,7.8,1.0]","[0.0,0.0,2.6886288681902872,3.709110714077983]",1
,,,,,"[0.0,3.0,8.9,1.0]","[0.0,1.4469607794753012,3.067794477806866,3.709110714077983]",1
,,,,,"[0.0,4.0,8.7,1.0]","[0.0,1.9292810393004016,2.998855276058397,3.709110714077983]",1
,,,,,"[0.0,5.0,8.7,1.0]","[0.0,2.4116012991255023,2.998855276058397,3.709110714077983]",1
,,,,,"[0.0,0.0,8.2,1.0]","[0.0,0.0,2.8265072716872246,3.709110714077983]",1
,,,,,"[0.0,3.0,7.9,1.0]","[0.0,1.4469607794753012,2.7230984690645217,3.709110714077983]",1
,,,,,"[0.0,0.0,9.1,1.0]","[0.0,0.0,3.136733679555335,3.709110714077983]",1
,,,,,"[0.0,0.0,6.3,1.0]","[0.0,0.0,2.1715848550767705,3.709110714077983]",1
,,,,,"(4,[3],[1.0])","(4,[3],[3.709110714077983])",0
,,,,,"[0.0,0.0,9.0,1.0]","[0.0,0.0,3.1022640786811007,3.709110714077983]",1
,,,,,"[0.0,0.0,8.7,1.0]","[0.0,0.0,2.998855276058397,3.709110714077983]",1
,,,,,"[0.0,0.0,10.0,1.0]","[0.0,0.0,3.446960087423445,3.709110714077983]",1
,,,,,"[0.0,0.0,10.0,1.0]","[0.0,0.0,3.446960087423445,3.709110714077983]",1
,,,,,"[0.0,0.0,10.0,1.0]","[0.0,0.0,3.446960087423445,3.709110714077983]",1
,,,,,"[0.0,0.0,8.4,1.0]","[0.0,0.0,2.895446473435694,3.709110714077983]",1
,,,,,"(4,[3],[1.0])","(4,[3],[3.709110714077983])",0
,,,,,"[0.0,0.0,9.6,1.0]","[0.0,0.0,3.3090816839265074,3.709110714077983]",1
,,,,,"[0.0,0.0,9.3,1.0]","[0.0,0.0,3.2056728813038045,3.709110714077983]",1
,,,,,"[0.0,0.0,9.4,1.0]","[0.0,0.0,3.2401424821780385,3.709110714077983]",1
,,,,,"[0.0,0.0,8.9,1.0]","[0.0,0.0,3.067794477806866,3.709110714077983]",1
,,,,,"[0.0,0.0,7.6,1.0]","[0.0,0.0,2.6196896664418183,3.709110714077983]",1
,,,,,"[0.0,0.0,9.0,1.0]","[0.0,0.0,3.1022640786811007,3.709110714077983]",1
,,,,,"[0.0,0.0,8.9,1.0]","[0.0,0.0,3.067794477806866,3.709110714077983]",1
,,,,,"[0.0,0.0,7.1,1.0]","[0.0,0.0,2.447341662070646,3.709110714077983]",1
,,,,,"[0.0,0.0,8.6,1.0]","[0.0,0.0,2.964385675184163,3.709110714077983]",1
,,,,,"[0.0,0.0,9.0,1.0]","[0.0,0.0,3.1022640786811007,3.709110714077983]",1
,,,,,"[0.0,0.0,8.3,1.0]","[0.0,0.0,2.86097687256146,3.709110714077983]",1
,,,,,"[0.0,0.0,9.6,1.0]","[0.0,0.0,3.3090816839265074,3.709110714077983]",1
,,,,,"[0.0,0.0,8.7,1.0]","[0.0,0.0,2.998855276058397,3.709110714077983]",1
,,,,,"[0.0,0.0,8.4,1.0]","[0.0,0.0,2.895446473435694,3.709110714077983]",1
,,,,,"[0.0,5.0,8.8,1.0]","[0.0,2.4116012991255023,3.033324876932632,3.709110714077983]",1
,,,,,"[0.0,0.0,8.2,1.0]","[0.0,0.0,2.8265072716872246,3.709110714077983]",1
,,,,,"[0.0,0.0,7.9,1.0]","[0.0,0.0,2.7230984690645217,3.709110714077983]",1
,,,,,"[0.0,4.0,8.8,1.0]","[0.0,1.9292810393004016,3.033324876932632,3.709110714077983]",1
,,,,,"[0.0,0.0,9.5,1.0]","[0.0,0.0,3.274612083052273,3.709110714077983]",1
,,,,,"[0.0,0.0,9.5,1.0]","[0.0,0.0,3.274612083052273,3.709110714077983]",1
,,,,,"[0.0,0.0,8.6,1.0]","[0.0,0.0,2.964385675184163,3.709110714077983]",1
,,,,,"[0.0,0.0,8.4,1.0]","[0.0,0.0,2.895446473435694,3.709110714077983]",1
,,,,,"[0.0,0.0,9.6,1.0]","[0.0,0.0,3.3090816839265074,3.709110714077983]",1
,,,,,"[0.0,3.0,8.5,1.0]","[0.0,1.4469607794753012,2.9299160743099284,3.709110714077983]",1
,,,,,"[0.0,0.0,8.9,1.0]","[0.0,0.0,3.067794477806866,3.709110714077983]",1
,,,,,"[0.0,0.0,10.0,1.0]","[0.0,0.0,3.446960087423445,3.709110714077983]",1
,,,,,"[0.0,0.0,9.6,1.0]","[0.0,0.0,3.3090816839265074,3.709110714077983]",1
,,,,,"[0.0,0.0,8.5,1.0]","[0.0,0.0,2.9299160743099284,3.709110714077983]",1
,,,,,"[0.0,0.0,9.3,1.0]","[0.0,0.0,3.2056728813038045,3.709110714077983]",1
,,,,,"[0.0,3.0,7.8,1.0]","[0.0,1.4469607794753012,2.6886288681902872,3.709110714077983]",1
,,,,,"[0.0,0.0,9.7,1.0]","[0.0,0.0,3.3435512848007414,3.709110714077983]",1
,,,,,"[0.0,0.0,9.5,1.0]","[0.0,0.0,3.274612083052273,3.709110714077983]",1
,,,,,"[0.0,0.0,8.6,1.0]","[0.0,0.0,2.964385675184163,3.709110714077983]",1
,,,,,"[0.0,4.0,8.7,1.0]","[0.0,1.9292810393004016,2.998855276058397,3.709110714077983]",1
,,,,,"[0.0,0.0,9.8,1.0]","[0.0,0.0,3.3780208856749767,3.709110714077983]",1
,,,,,"[0.0,0.0,9.1,1.0]","[0.0,0.0,3.136733679555335,3.709110714077983]",1
,,,,,"[0.0,0.0,9.0,1.0]","[0.0,0.0,3.1022640786811007,3.709110714077983]",1
,,,,,"[0.0,0.0,9.4,1.0]","[0.0,0.0,3.2401424821780385,3.709110714077983]",1
,,,,,"[0.0,0.0,9.4,1.0]","[0.0,0.0,3.2401424821780385,3.709110714077983]",1
,,,,,"[0.0,0.0,9.7,1.0]","[0.0,0.0,3.3435512848007414,3.709110714077983]",1
,,,,,"[0.0,0.0,8.0,1.0]","[0.0,0.0,2.757568069938756,3.709110714077983]",1
,,,,,"[0.0,0.0,8.9,1.0]","[0.0,0.0,3.067794477806866,3.709110714077983]",1
,,,,,"[0.0,0.0,8.7,1.0]","[0.0,0.0,2.998855276058397,3.709110714077983]",1
,,,,,"[0.0,0.0,8.7,1.0]","[0.0,0.0,2.998855276058397,3.709110714077983]",1
,,,,,"[0.0,0.0,7.2,1.0]","[0.0,0.0,2.4818112629448805,3.709110714077983]",1
,,,,,"[0.0,0.0,10.0,1.0]","[0.0,0.0,3.446960087423445,3.709110714077983]",1
,,,,,"[0.0,0.0,8.7,1.0]","[0.0,0.0,2.998855276058397,3.709110714077983]",1
,,,,,"[0.0,0.0,7.0,1.0]","[0.0,0.0,2.4128720611964116,3.709110714077983]",1
,,,,,"[0.0,0.0,8.2,1.0]","[0.0,0.0,2.8265072716872246,3.709110714077983]",1
,,,,,"[0.0,0.0,9.3,1.0]","[0.0,0.0,3.2056728813038045,3.709110714077983]",1
,,,,,"[0.0,0.0,10.0,1.0]","[0.0,0.0,3.446960087423445,3.709110714077983]",1
,,,,,"[0.0,0.0,9.6,1.0]","[0.0,0.0,3.3090816839265074,3.709110714077983]",1
,,,,,"(4,[3],[1.0])","(4,[3],[3.709110714077983])",0
,,,,,"[0.0,0.0,8.7,1.0]","[0.0,0.0,2.998855276058397,3.709110714077983]",1
,,,,,"[0.0,0.0,8.7,1.0]","[0.0,0.0,2.998855276058397,3.709110714077983]",1
,,,,,"[0.0,0.0,9.4,1.0]","[0.0,0.0,3.2401424821780385,3.709110714077983]",1
,,,,,"[0.0,0.0,8.4,1.0]","[0.0,0.0,2.895446473435694,3.709110714077983]",1
,,,,,"[0.0,0.0,9.1,1.0]","[0.0,0.0,3.136733679555335,3.709110714077983]",1
,,,,,"[0.0,0.0,9.3,1.0]","[0.0,0.0,3.2056728813038045,3.709110714077983]",1
,,,,,"[0.0,0.0,9.2,1.0]","[0.0,0.0,3.171203280429569,3.709110714077983]",1
,,,,,"[0.0,0.0,9.3,1.0]","[0.0,0.0,3.2056728813038045,3.709110714077983]",1
,,,,,"[0.0,0.0,9.0,1.0]","[0.0,0.0,3.1022640786811007,3.709110714077983]",1
,,,,,"[0.0,0.0,8.5,1.0]","[0.0,0.0,2.9299160743099284,3.709110714077983]",1
,,,,,"[0.0,0.0,8.7,1.0]","[0.0,0.0,2.998855276058397,3.709110714077983]",1
,,,,,"[0.0,0.0,9.5,1.0]","[0.0,0.0,3.274612083052273,3.709110714077983]",1
,,,,,"[0.0,0.0,10.0,1.0]","[0.0,0.0,3.446960087423445,3.709110714077983]",1
,,,,,"[0.0,0.0,7.2,1.0]","[0.0,0.0,2.4818112629448805,3.709110714077983]",1
,,,,,"[0.0,0.0,7.3,1.0]","[0.0,0.0,2.516280863819115,3.709110714077983]",1
,,,,,"[0.0,0.0,10.0,1.0]","[0.0,0.0,3.446960087423445,3.709110714077983]",1
,,,,,"[0.0,0.0,8.3,1.0]","[0.0,0.0,2.86097687256146,3.709110714077983]",1
,,,,,"[0.0,0.0,9.6,1.0]","[0.0,0.0,3.3090816839265074,3.709110714077983]",1
,,,,,"[0.0,4.0,8.5,1.0]","[0.0,1.9292810393004016,2.9299160743099284,3.709110714077983]",1
,,,,,"[0.0,0.0,9.2,1.0]","[0.0,0.0,3.171203280429569,3.709110714077983]",1
,,,,,"[0.0,0.0,9.9,1.0]","[0.0,0.0,3.4124904865492107,3.709110714077983]",1
,,,,,"[0.0,0.0,8.9,1.0]","[0.0,0.0,3.067794477806866,3.709110714077983]",1
,,,,,"[0.0,0.0,9.8,1.0]","[0.0,0.0,3.3780208856749767,3.709110714077983]",1
,,,,,"[0.0,0.0,9.4,1.0]","[0.0,0.0,3.2401424821780385,3.709110714077983]",1
,,,,,"[0.0,0.0,9.7,1.0]","[0.0,0.0,3.3435512848007414,3.709110714077983]",1
,,,,,"[0.0,0.0,8.6,1.0]","[0.0,0.0,2.964385675184163,3.709110714077983]",1
,,,,,"[0.0,0.0,9.4,1.0]","[0.0,0.0,3.2401424821780385,3.709110714077983]",1
,,,,,"[0.0,0.0,8.6,1.0]","[0.0,0.0,2.964385675184163,3.709110714077983]",1
,,,,,"[0.0,3.0,7.9,1.0]","[0.0,1.4469607794753012,2.7230984690645217,3.709110714077983]",1
,,,,,"[0.0,0.0,9.5,1.0]","[0.0,0.0,3.274612083052273,3.709110714077983]",1
,,,,,"[0.0,0.0,9.4,1.0]","[0.0,0.0,3.2401424821780385,3.709110714077983]",1
,,,,,"[0.0,0.0,10.0,1.0]","[0.0,0.0,3.446960087423445,3.709110714077983]",1
,,,,,"[0.0,0.0,8.9,1.0]","[0.0,0.0,3.067794477806866,3.709110714077983]",1
,,,,,"[0.0,0.0,7.9,1.0]","[0.0,0.0,2.7230984690645217,3.709110714077983]",1
,,,,,"[0.0,3.0,7.8,1.0]","[0.0,1.4469607794753012,2.6886288681902872,3.709110714077983]",1
,,,,,"[0.0,4.0,8.4,1.0]","[0.0,1.9292810393004016,2.895446473435694,3.709110714077983]",1
,,,,,"[0.0,0.0,9.6,1.0]","[0.0,0.0,3.3090816839265074,3.709110714077983]",1
,,,,,"[0.0,0.0,8.5,1.0]","[0.0,0.0,2.9299160743099284,3.709110714077983]",1
,,,,,"[0.0,0.0,7.6,1.0]","[0.0,0.0,2.6196896664418183,3.709110714077983]",1
,,,,,"[0.0,0.0,7.2,1.0]","[0.0,0.0,2.4818112629448805,3.709110714077983]",1
,,,,,"[0.0,3.0,7.7,1.0]","[0.0,1.4469607794753012,2.654159267316053,3.709110714077983]",1
,,,,,"[0.0,0.0,9.2,1.0]","[0.0,0.0,3.171203280429569,3.709110714077983]",1
,,,,,"[0.0,0.0,9.1,1.0]","[0.0,0.0,3.136733679555335,3.709110714077983]",1
,,,,,"[0.0,0.0,9.1,1.0]","[0.0,0.0,3.136733679555335,3.709110714077983]",1
,,,,,"[0.0,0.0,8.7,1.0]","[0.0,0.0,2.998855276058397,3.709110714077983]",1
,,,,,"[0.0,0.0,8.3,1.0]","[0.0,0.0,2.86097687256146,3.709110714077983]",1
,,,,,"[0.0,0.0,9.0,1.0]","[0.0,0.0,3.1022640786811007,3.709110714077983]",1
,,,,,"[0.0,0.0,9.4,1.0]","[0.0,0.0,3.2401424821780385,3.709110714077983]",1
,,,,,"[0.0,0.0,8.9,1.0]","[0.0,0.0,3.067794477806866,3.709110714077983]",1
,,,,,"[0.0,0.0,9.0,1.0]","[0.0,0.0,3.1022640786811007,3.709110714077983]",1
,,,,,"[0.0,0.0,8.1,1.0]","[0.0,0.0,2.7920376708129906,3.709110714077983]",1
,,,,,"[0.0,0.0,9.2,1.0]","[0.0,0.0,3.171203280429569,3.709110714077983]",1
,,,,,"[0.0,0.0,8.6,1.0]","[0.0,0.0,2.964385675184163,3.709110714077983]",1
,,,,,"[0.0,0.0,8.7,1.0]","[0.0,0.0,2.998855276058397,3.709110714077983]",1
,,,,,"[0.0,0.0,9.5,1.0]","[0.0,0.0,3.274612083052273,3.709110714077983]",1
,,,,,"[0.0,0.0,8.3,1.0]","[0.0,0.0,2.86097687256146,3.709110714077983]",1
,,,,,"[0.0,0.0,8.3,1.0]","[0.0,0.0,2.86097687256146,3.709110714077983]",1
,,,,,"[0.0,0.0,9.8,1.0]","[0.0,0.0,3.3780208856749767,3.709110714077983]",1
,,,,,"[0.0,0.0,9.6,1.0]","[0.0,0.0,3.3090816839265074,3.709110714077983]",1
,,,,,"[0.0,4.0,8.3,1.0]","[0.0,1.9292810393004016,2.86097687256146,3.709110714077983]",1
,,,,,"[0.0,0.0,9.3,1.0]","[0.0,0.0,3.2056728813038045,3.709110714077983]",1
,,,,,"[0.0,0.0,9.7,1.0]","[0.0,0.0,3.3435512848007414,3.709110714077983]",1
,,,,,"[0.0,0.0,9.0,1.0]","[0.0,0.0,3.1022640786811007,3.709110714077983]",1
,,,,,"[0.0,0.0,9.2,1.0]","[0.0,0.0,3.171203280429569,3.709110714077983]",1
,,,,,"[0.0,0.0,9.6,1.0]","[0.0,0.0,3.3090816839265074,3.709110714077983]",1
,,,,,"[0.0,0.0,9.3,1.0]","[0.0,0.0,3.2056728813038045,3.709110714077983]",1
,,,,,"[0.0,0.0,9.2,1.0]","[0.0,0.0,3.171203280429569,3.709110714077983]",1
,,,,,"[0.0,0.0,8.5,1.0]","[0.0,0.0,2.9299160743099284,3.709110714077983]",1
,,,,,"[0.0,4.0,9.2,1.0]","[0.0,1.9292810393004016,3.171203280429569,3.709110714077983]",1
,,,,,"[0.0,0.0,9.4,1.0]","[0.0,0.0,3.2401424821780385,3.709110714077983]",1
,,,,,"[0.0,0.0,8.1,1.0]","[0.0,0.0,2.7920376708129906,3.709110714077983]",1
,,,,,"[0.0,5.0,9.5,1.0]","[0.0,2.4116012991255023,3.274612083052273,3.709110714077983]",1
,,,,,"[0.0,0.0,9.6,1.0]","[0.0,0.0,3.3090816839265074,3.709110714077983]",1
,,,,,"[0.0,0.0,9.3,1.0]","[0.0,0.0,3.2056728813038045,3.709110714077983]",1
,,,,,"[0.0,0.0,9.3,1.0]","[0.0,0.0,3.2056728813038045,3.709110714077983]",1
,,,,,"[0.0,0.0,9.6,1.0]","[0.0,0.0,3.3090816839265074,3.709110714077983]",1
,,,,,"[0.0,0.0,9.3,1.0]","[0.0,0.0,3.2056728813038045,3.709110714077983]",1
,,,,,"[0.0,0.0,9.0,1.0]","[0.0,0.0,3.1022640786811007,3.709110714077983]",1
,,,,,"[0.0,0.0,9.3,1.0]","[0.0,0.0,3.2056728813038045,3.709110714077983]",1
,,,,,"(4,[3],[1.0])","(4,[3],[3.709110714077983])",0
,,,,,"[0.0,0.0,9.1,1.0]","[0.0,0.0,3.136733679555335,3.709110714077983]",1
,,,,,"[0.0,0.0,9.0,1.0]","[0.0,0.0,3.1022640786811007,3.709110714077983]",1
,,,,,"(4,[3],[1.0])","(4,[3],[3.709110714077983])",0
,,,,,"[0.0,0.0,8.7,1.0]","[0.0,0.0,2.998855276058397,3.709110714077983]",1
,,,,,"[0.0,0.0,9.3,1.0]","[0.0,0.0,3.2056728813038045,3.709110714077983]",1
,,,,,"[0.0,0.0,10.0,1.0]","[0.0,0.0,3.446960087423445,3.709110714077983]",1
,,,,,"[0.0,0.0,8.0,1.0]","[0.0,0.0,2.757568069938756,3.709110714077983]",1
,,,,,"[0.0,0.0,9.6,1.0]","[0.0,0.0,3.3090816839265074,3.709110714077983]",1
,,,,,"[0.0,0.0,8.3,1.0]","[0.0,0.0,2.86097687256146,3.709110714077983]",1
,,,,,"[0.0,0.0,7.3,1.0]","[0.0,0.0,2.516280863819115,3.709110714077983]",1
,,,,,"[0.0,0.0,9.8,1.0]","[0.0,0.0,3.3780208856749767,3.709110714077983]",1
,,,,,"[0.0,0.0,9.3,1.0]","[0.0,0.0,3.2056728813038045,3.709110714077983]",1
,,,,,"[0.0,0.0,9.7,1.0]","[0.0,0.0,3.3435512848007414,3.709110714077983]",1
,,,,,"[0.0,3.0,8.2,1.0]","[0.0,1.4469607794753012,2.8265072716872246,3.709110714077983]",1
,,,,,"[0.0,5.0,9.1,1.0]","[0.0,2.4116012991255023,3.136733679555335,3.709110714077983]",1
,,,,,"[0.0,4.0,8.8,1.0]","[0.0,1.9292810393004016,3.033324876932632,3.709110714077983]",1
,,,,,"[0.0,0.0,8.0,1.0]","[0.0,0.0,2.757568069938756,3.709110714077983]",1
,,,,,"[0.0,0.0,8.8,1.0]","[0.0,0.0,3.033324876932632,3.709110714077983]",1
,,,,,"[0.0,0.0,8.4,1.0]","[0.0,0.0,2.895446473435694,3.709110714077983]",1
,,,,,"[0.0,4.0,8.0,1.0]","[0.0,1.9292810393004016,2.757568069938756,3.709110714077983]",1
,,,,,"[0.0,0.0,7.1,1.0]","[0.0,0.0,2.447341662070646,3.709110714077983]",1
,,,,,"[0.0,0.0,8.5,1.0]","[0.0,0.0,2.9299160743099284,3.709110714077983]",1
,,,,,"[0.0,0.0,8.3,1.0]","[0.0,0.0,2.86097687256146,3.709110714077983]",1
,,,,,"[0.0,0.0,8.3,1.0]","[0.0,0.0,2.86097687256146,3.709110714077983]",1
,,,,,"[0.0,0.0,8.0,1.0]","[0.0,0.0,2.757568069938756,3.709110714077983]",1
,,,,,"[0.0,0.0,8.9,1.0]","[0.0,0.0,3.067794477806866,3.709110714077983]",1
,,,,,"[0.0,0.0,8.4,1.0]","[0.0,0.0,2.895446473435694,3.709110714077983]",1
,,,,,"[0.0,0.0,7.8,1.0]","[0.0,0.0,2.6886288681902872,3.709110714077983]",1
,,,,,"[0.0,0.0,8.0,1.0]","[0.0,0.0,2.757568069938756,3.709110714077983]",1
,,,,,"[0.0,0.0,6.8,1.0]","[0.0,0.0,2.3439328594479427,3.709110714077983]",1
,,,,,"[0.0,0.0,8.4,1.0]","[0.0,0.0,2.895446473435694,3.709110714077983]",1
,,,,,"[0.0,0.0,8.2,1.0]","[0.0,0.0,2.8265072716872246,3.709110714077983]",1
,,,,,"[0.0,0.0,7.7,1.0]","[0.0,0.0,2.654159267316053,3.709110714077983]",1
,,,,,"[0.0,0.0,7.9,1.0]","[0.0,0.0,2.7230984690645217,3.709110714077983]",1
,,,,,"(4,[3],[1.0])","(4,[3],[3.709110714077983])",0
,,,,,"[0.0,0.0,8.2,1.0]","[0.0,0.0,2.8265072716872246,3.709110714077983]",1
,,,,,"[0.0,0.0,9.1,1.0]","[0.0,0.0,3.136733679555335,3.709110714077983]",1
,,,,,"[0.0,0.0,7.9,1.0]","[0.0,0.0,2.7230984690645217,3.709110714077983]",1
,,,,,"[0.0,0.0,7.5,1.0]","[0.0,0.0,2.585220065567584,3.709110714077983]",1
,,,,,"[0.0,0.0,8.1,1.0]","[0.0,0.0,2.7920376708129906,3.709110714077983]",1
,,,,,"[0.0,0.0,9.0,1.0]","[0.0,0.0,3.1022640786811007,3.709110714077983]",1
,,,,,"[0.0,0.0,8.3,1.0]","[0.0,0.0,2.86097687256146,3.709110714077983]",1
,,,,,"[0.0,0.0,9.0,1.0]","[0.0,0.0,3.1022640786811007,3.709110714077983]",1
,,,,,"[0.0,0.0,9.1,1.0]","[0.0,0.0,3.136733679555335,3.709110714077983]",1
,,,,,"[0.0,0.0,10.0,1.0]","[0.0,0.0,3.446960087423445,3.709110714077983]",1
,,,,,"[0.0,0.0,7.3,1.0]","[0.0,0.0,2.516280863819115,3.709110714077983]",1
,,,,,"(4,[3],[1.0])","(4,[3],[3.709110714077983])",0
,,,,,"[0.0,0.0,9.0,1.0]","[0.0,0.0,3.1022640786811007,3.709110714077983]",1
,,,,,"[0.0,0.0,8.7,1.0]","[0.0,0.0,2.998855276058397,3.709110714077983]",1
,,,,,"[0.0,0.0,8.9,1.0]","[0.0,0.0,3.067794477806866,3.709110714077983]",1
,,,,,"[0.0,0.0,8.5,1.0]","[0.0,0.0,2.9299160743099284,3.709110714077983]",1
,,,,,"[0.0,0.0,9.6,1.0]","[0.0,0.0,3.3090816839265074,3.709110714077983]",1
,,,,,"[0.0,0.0,8.2,1.0]","[0.0,0.0,2.8265072716872246,3.709110714077983]",1
,,,,,"[0.0,0.0,8.9,1.0]","[0.0,0.0,3.067794477806866,3.709110714077983]",1
,,,,,"[0.0,0.0,8.5,1.0]","[0.0,0.0,2.9299160743099284,3.709110714077983]",1
,,,,,"[0.0,0.0,7.2,1.0]","[0.0,0.0,2.4818112629448805,3.709110714077983]",1
,,,,,"[0.0,0.0,8.3,1.0]","[0.0,0.0,2.86097687256146,3.709110714077983]",1
,,,,,"[0.0,0.0,8.2,1.0]","[0.0,0.0,2.8265072716872246,3.709110714077983]",1
,,,,,"[0.0,0.0,8.1,1.0]","[0.0,0.0,2.7920376708129906,3.709110714077983]",1
,,,,,"[0.0,0.0,7.0,1.0]","[0.0,0.0,2.4128720611964116,3.709110714077983]",1
,,,,,"[0.0,0.0,8.8,1.0]","[0.0,0.0,3.033324876932632,3.709110714077983]",1
,,,,,"[0.0,0.0,7.6,1.0]","[0.0,0.0,2.6196896664418183,3.709110714077983]",1
,,,,,"[0.0,0.0,9.5,1.0]","[0.0,0.0,3.274612083052273,3.709110714077983]",1
,,,,,"[0.0,0.0,9.2,1.0]","[0.0,0.0,3.171203280429569,3.709110714077983]",1
,,,,,"[0.0,0.0,7.1,1.0]","[0.0,0.0,2.447341662070646,3.709110714077983]",1
,,,,,"[0.0,0.0,8.4,1.0]","[0.0,0.0,2.895446473435694,3.709110714077983]",1
,,,,,"[0.0,0.0,9.6,1.0]","[0.0,0.0,3.3090816839265074,3.709110714077983]",1
,,,,,"(4,[3],[1.0])","(4,[3],[3.709110714077983])",0
,,,,,"[0.0,0.0,9.7,1.0]","[0.0,0.0,3.3435512848007414,3.709110714077983]",1
,,,,,"[0.0,0.0,9.1,1.0]","[0.0,0.0,3.136733679555335,3.709110714077983]",1
,,,,,"[0.0,0.0,7.4,1.0]","[0.0,0.0,2.5507504646933494,3.709110714077983]",1
,,,,,"[0.0,0.0,4.8,1.0]","[0.0,0.0,1.6545408419632537,3.709110714077983]",0
,,,,,"[0.0,0.0,9.6,1.0]","[0.0,0.0,3.3090816839265074,3.709110714077983]",1
,,,,,"[0.0,0.0,7.2,1.0]","[0.0,0.0,2.4818112629448805,3.709110714077983]",1
,,,,,"[0.0,2.0,6.5,1.0]","[0.0,0.9646405196502008,2.2405240568252394,3.709110714077983]",1
,,,,,"[0.0,0.0,9.7,1.0]","[0.0,0.0,3.3435512848007414,3.709110714077983]",1
,,,,,"[0.0,0.0,9.0,1.0]","[0.0,0.0,3.1022640786811007,3.709110714077983]",1
,,,,,"[0.0,0.0,8.7,1.0]","[0.0,0.0,2.998855276058397,3.709110714077983]",1
,,,,,"[0.0,0.0,9.6,1.0]","[0.0,0.0,3.3090816839265074,3.709110714077983]",1
,,,,,"(4,[3],[1.0])","(4,[3],[3.709110714077983])",0
,,,,,"[0.0,4.0,8.0,1.0]","[0.0,1.9292810393004016,2.757568069938756,3.709110714077983]",1
,,,,,"[0.0,0.0,9.6,1.0]","[0.0,0.0,3.3090816839265074,3.709110714077983]",1
,,,,,"[0.0,4.0,8.8,1.0]","[0.0,1.9292810393004016,3.033324876932632,3.709110714077983]",1
,,,,,"[0.0,0.0,9.6,1.0]","[0.0,0.0,3.3090816839265074,3.709110714077983]",1
,,,,,"[0.0,0.0,9.3,1.0]","[0.0,0.0,3.2056728813038045,3.709110714077983]",1
,,,,,"[0.0,0.0,7.7,1.0]","[0.0,0.0,2.654159267316053,3.709110714077983]",1
,,,,,"[0.0,0.0,9.1,1.0]","[0.0,0.0,3.136733679555335,3.709110714077983]",1
,,,,,"[0.0,0.0,9.5,1.0]","[0.0,0.0,3.274612083052273,3.709110714077983]",1
,,,,,"[0.0,4.0,9.5,1.0]","[0.0,1.9292810393004016,3.274612083052273,3.709110714077983]",1
,,,,,"[0.0,0.0,8.6,1.0]","[0.0,0.0,2.964385675184163,3.709110714077983]",1
,,,,,"[0.0,0.0,8.2,1.0]","[0.0,0.0,2.8265072716872246,3.709110714077983]",1
,,,,,"[0.0,0.0,8.3,1.0]","[0.0,0.0,2.86097687256146,3.709110714077983]",1
,,,,,"[0.0,0.0,9.4,1.0]","[0.0,0.0,3.2401424821780385,3.709110714077983]",1
,,,,,"[0.0,0.0,9.5,1.0]","[0.0,0.0,3.274612083052273,3.709110714077983]",1
,,,,,"[0.0,0.0,10.0,1.0]","[0.0,0.0,3.446960087423445,3.709110714077983]",1
,,,,,"[0.0,0.0,8.6,1.0]","[0.0,0.0,2.964385675184163,3.709110714077983]",1
,,,,,"[0.0,0.0,9.4,1.0]","[0.0,0.0,3.2401424821780385,3.709110714077983]",1
,,,,,"[0.0,0.0,9.0,1.0]","[0.0,0.0,3.1022640786811007,3.709110714077983]",1
,,,,,"[0.0,0.0,9.2,1.0]","[0.0,0.0,3.171203280429569,3.709110714077983]",1
,,,,,"[0.0,0.0,9.6,1.0]","[0.0,0.0,3.3090816839265074,3.709110714077983]",1
,,,,,"[0.0,0.0,9.0,1.0]","[0.0,0.0,3.1022640786811007,3.709110714077983]",1
,,,,,"[0.0,0.0,7.6,1.0]","[0.0,0.0,2.6196896664418183,3.709110714077983]",1
,,,,,"(4,[3],[1.0])","(4,[3],[3.709110714077983])",0
,,,,,"[0.0,0.0,9.0,1.0]","[0.0,0.0,3.1022640786811007,3.709110714077983]",1
,,,,,"[0.0,0.0,7.5,1.0]","[0.0,0.0,2.585220065567584,3.709110714077983]",1
,,,,,"[0.0,0.0,9.1,1.0]","[0.0,0.0,3.136733679555335,3.709110714077983]",1
,,,,,"[0.0,3.0,8.2,1.0]","[0.0,1.4469607794753012,2.8265072716872246,3.709110714077983]",1
,,,,,"[0.0,0.0,9.2,1.0]","[0.0,0.0,3.171203280429569,3.709110714077983]",1
,,,,,"[0.0,5.0,8.5,1.0]","[0.0,2.4116012991255023,2.9299160743099284,3.709110714077983]",1
,,,,,"[0.0,3.0,8.2,1.0]","[0.0,1.4469607794753012,2.8265072716872246,3.709110714077983]",1
,,,,,"[0.0,4.0,8.4,1.0]","[0.0,1.9292810393004016,2.895446473435694,3.709110714077983]",1
,,,,,"[0.0,0.0,8.8,1.0]","[0.0,0.0,3.033324876932632,3.709110714077983]",1
,,,,,"[0.0,4.0,8.6,1.0]","[0.0,1.9292810393004016,2.964385675184163,3.709110714077983]",1
,,,,,"[0.0,4.0,8.2,1.0]","[0.0,1.9292810393004016,2.8265072716872246,3.709110714077983]",1
,,,,,"[0.0,4.0,7.8,1.0]","[0.0,1.9292810393004016,2.6886288681902872,3.709110714077983]",1
,,,,,"[0.0,5.0,8.9,1.0]","[0.0,2.4116012991255023,3.067794477806866,3.709110714077983]",1
,,,,,"[0.0,3.0,8.7,1.0]","[0.0,1.4469607794753012,2.998855276058397,3.709110714077983]",1
,,,,,"[0.0,4.0,8.7,1.0]","[0.0,1.9292810393004016,2.998855276058397,3.709110714077983]",1
,,,,,"[0.0,5.0,7.8,1.0]","[0.0,2.4116012991255023,2.6886288681902872,3.709110714077983]",1
,,,,,"[0.0,4.0,8.6,1.0]","[0.0,1.9292810393004016,2.964385675184163,3.709110714077983]",1
,,,,,"[0.0,4.0,8.9,1.0]","[0.0,1.9292810393004016,3.067794477806866,3.709110714077983]",1
,,,,,"[0.0,4.0,8.7,1.0]","[0.0,1.9292810393004016,2.998855276058397,3.709110714077983]",1
,,,,,"[0.0,4.0,8.4,1.0]","[0.0,1.9292810393004016,2.895446473435694,3.709110714077983]",1
,,,,,"[0.0,4.0,8.6,1.0]","[0.0,1.9292810393004016,2.964385675184163,3.709110714077983]",1
,,,,,"[0.0,4.0,8.0,1.0]","[0.0,1.9292810393004016,2.757568069938756,3.709110714077983]",1
,,,,,"[0.0,0.0,7.7,1.0]","[0.0,0.0,2.654159267316053,3.709110714077983]",1
,,,,,"(4,[3],[1.0])","(4,[3],[3.709110714077983])",0
,,,,,"[0.0,0.0,8.0,1.0]","[0.0,0.0,2.757568069938756,3.709110714077983]",1
,,,,,"[0.0,0.0,7.7,1.0]","[0.0,0.0,2.654159267316053,3.709110714077983]",1
,,,,,"[0.0,0.0,10.0,1.0]","[0.0,0.0,3.446960087423445,3.709110714077983]",1
,,,,,"[0.0,0.0,7.9,1.0]","[0.0,0.0,2.7230984690645217,3.709110714077983]",1
,,,,,"[0.0,0.0,8.8,1.0]","[0.0,0.0,3.033324876932632,3.709110714077983]",1
,,,,,"(4,[3],[1.0])","(4,[3],[3.709110714077983])",0
,,,,,"[0.0,0.0,9.8,1.0]","[0.0,0.0,3.3780208856749767,3.709110714077983]",1
,,,,,"[0.0,0.0,9.8,1.0]","[0.0,0.0,3.3780208856749767,3.709110714077983]",1
,,,,,"[0.0,0.0,9.2,1.0]","[0.0,0.0,3.171203280429569,3.709110714077983]",1
,,,,,"[0.0,0.0,9.1,1.0]","[0.0,0.0,3.136733679555335,3.709110714077983]",1
,,,,,"[0.0,0.0,9.6,1.0]","[0.0,0.0,3.3090816839265074,3.709110714077983]",1
,,,,,"[0.0,0.0,9.9,1.0]","[0.0,0.0,3.4124904865492107,3.709110714077983]",1
,,,,,"[0.0,0.0,9.4,1.0]","[0.0,0.0,3.2401424821780385,3.709110714077983]",1
,,,,,"[0.0,0.0,9.0,1.0]","[0.0,0.0,3.1022640786811007,3.709110714077983]",1
,,,,,"[0.0,0.0,8.6,1.0]","[0.0,0.0,2.964385675184163,3.709110714077983]",1
,,,,,"[0.0,0.0,8.7,1.0]","[0.0,0.0,2.998855276058397,3.709110714077983]",1
,,,,,"[0.0,0.0,9.6,1.0]","[0.0,0.0,3.3090816839265074,3.709110714077983]",1
,,,,,"[0.0,0.0,9.3,1.0]","[0.0,0.0,3.2056728813038045,3.709110714077983]",1
,,,,,"[0.0,0.0,9.4,1.0]","[0.0,0.0,3.2401424821780385,3.709110714077983]",1
,,,,,"[0.0,0.0,7.9,1.0]","[0.0,0.0,2.7230984690645217,3.709110714077983]",1
,,,,,"[0.0,0.0,9.9,1.0]","[0.0,0.0,3.4124904865492107,3.709110714077983]",1
,,,,,"[0.0,0.0,9.5,1.0]","[0.0,0.0,3.274612083052273,3.709110714077983]",1
,,,,,"[0.0,0.0,9.3,1.0]","[0.0,0.0,3.2056728813038045,3.709110714077983]",1
,,,,,"[0.0,0.0,9.5,1.0]","[0.0,0.0,3.274612083052273,3.709110714077983]",1
,,,,,"[0.0,0.0,8.6,1.0]","[0.0,0.0,2.964385675184163,3.709110714077983]",1
,,,,,"[0.0,0.0,8.4,1.0]","[0.0,0.0,2.895446473435694,3.709110714077983]",1
,,,,,"[0.0,0.0,8.7,1.0]","[0.0,0.0,2.998855276058397,3.709110714077983]",1
,,,,,"[0.0,0.0,8.7,1.0]","[0.0,0.0,2.998855276058397,3.709110714077983]",1
,,,,,"[0.0,0.0,9.4,1.0]","[0.0,0.0,3.2401424821780385,3.709110714077983]",1
,,,,,"[0.0,0.0,7.7,1.0]","[0.0,0.0,2.654159267316053,3.709110714077983]",1
,,,,,"[0.0,0.0,9.1,1.0]","[0.0,0.0,3.136733679555335,3.709110714077983]",1
,,,,,"[0.0,0.0,9.4,1.0]","[0.0,0.0,3.2401424821780385,3.709110714077983]",1
,,,,,"[0.0,0.0,8.8,1.0]","[0.0,0.0,3.033324876932632,3.709110714077983]",1
,,,,,"[0.0,0.0,9.3,1.0]","[0.0,0.0,3.2056728813038045,3.709110714077983]",1
,,,,,"[0.0,0.0,9.5,1.0]","[0.0,0.0,3.274612083052273,3.709110714077983]",1
,,,,,"[0.0,0.0,8.8,1.0]","[0.0,0.0,3.033324876932632,3.709110714077983]",1
,,,,,"[0.0,0.0,10.0,1.0]","[0.0,0.0,3.446960087423445,3.709110714077983]",1
,,,,,"[0.0,0.0,8.7,1.0]","[0.0,0.0,2.998855276058397,3.709110714077983]",1
,,,,,"[0.0,0.0,8.9,1.0]","[0.0,0.0,3.067794477806866,3.709110714077983]",1
,,,,,"[0.0,0.0,7.1,1.0]","[0.0,0.0,2.447341662070646,3.709110714077983]",1
,,,,,"[0.0,0.0,9.4,1.0]","[0.0,0.0,3.2401424821780385,3.709110714077983]",1
,,,,,"[0.0,0.0,9.6,1.0]","[0.0,0.0,3.3090816839265074,3.709110714077983]",1
,,,,,"[0.0,0.0,7.8,1.0]","[0.0,0.0,2.6886288681902872,3.709110714077983]",1
,,,,,"[0.0,0.0,9.4,1.0]","[0.0,0.0,3.2401424821780385,3.709110714077983]",1
,,,,,"[0.0,0.0,9.0,1.0]","[0.0,0.0,3.1022640786811007,3.709110714077983]",1
,,,,,"[0.0,0.0,9.5,1.0]","[0.0,0.0,3.274612083052273,3.709110714077983]",1
,,,,,"[0.0,3.0,7.8,1.0]","[0.0,1.4469607794753012,2.6886288681902872,3.709110714077983]",1
,,,,,"[0.0,0.0,7.4,1.0]","[0.0,0.0,2.5507504646933494,3.709110714077983]",1
,,,,,"[0.0,0.0,9.0,1.0]","[0.0,0.0,3.1022640786811007,3.709110714077983]",1
,,,,,"[0.0,0.0,9.4,1.0]","[0.0,0.0,3.2401424821780385,3.709110714077983]",1
,,,,,"[0.0,0.0,9.2,1.0]","[0.0,0.0,3.171203280429569,3.709110714077983]",1
,,,,,"[0.0,0.0,9.4,1.0]","[0.0,0.0,3.2401424821780385,3.709110714077983]",1
,,,,,"[0.0,0.0,9.5,1.0]","[0.0,0.0,3.274612083052273,3.709110714077983]",1
,,,,,"(4,[3],[1.0])","(4,[3],[3.709110714077983])",0
,,,,,"[0.0,0.0,8.4,1.0]","[0.0,0.0,2.895446473435694,3.709110714077983]",1
,,,,,"[0.0,0.0,8.0,1.0]","[0.0,0.0,2.757568069938756,3.709110714077983]",1
,,,,,"[0.0,0.0,8.3,1.0]","[0.0,0.0,2.86097687256146,3.709110714077983]",1
,,,,,"[0.0,0.0,8.8,1.0]","[0.0,0.0,3.033324876932632,3.709110714077983]",1
,,,,,"[0.0,0.0,9.1,1.0]","[0.0,0.0,3.136733679555335,3.709110714077983]",1
,,,,,"[0.0,0.0,9.1,1.0]","[0.0,0.0,3.136733679555335,3.709110714077983]",1
,,,,,"[0.0,0.0,7.8,1.0]","[0.0,0.0,2.6886288681902872,3.709110714077983]",1
,,,,,"[0.0,0.0,9.1,1.0]","[0.0,0.0,3.136733679555335,3.709110714077983]",1
,,,,,"[0.0,0.0,7.7,1.0]","[0.0,0.0,2.654159267316053,3.709110714077983]",1
,,,,,"[0.0,0.0,8.9,1.0]","[0.0,0.0,3.067794477806866,3.709110714077983]",1
,,,,,"[0.0,0.0,8.9,1.0]","[0.0,0.0,3.067794477806866,3.709110714077983]",1
,,,,,"[0.0,0.0,9.1,1.0]","[0.0,0.0,3.136733679555335,3.709110714077983]",1
,,,,,"[0.0,0.0,8.8,1.0]","[0.0,0.0,3.033324876932632,3.709110714077983]",1
,,,,,"[0.0,0.0,7.8,1.0]","[0.0,0.0,2.6886288681902872,3.709110714077983]",1
,,,,,"[0.0,0.0,9.1,1.0]","[0.0,0.0,3.136733679555335,3.709110714077983]",1
,,,,,"[0.0,0.0,8.3,1.0]","[0.0,0.0,2.86097687256146,3.709110714077983]",1
,,,,,"[0.0,0.0,9.4,1.0]","[0.0,0.0,3.2401424821780385,3.709110714077983]",1
,,,,,"[0.0,0.0,9.0,1.0]","[0.0,0.0,3.1022640786811007,3.709110714077983]",1
,,,,,"[0.0,0.0,7.2,1.0]","[0.0,0.0,2.4818112629448805,3.709110714077983]",1
,,,,,"[0.0,0.0,8.2,1.0]","[0.0,0.0,2.8265072716872246,3.709110714077983]",1
,,,,,"[0.0,0.0,8.2,1.0]","[0.0,0.0,2.8265072716872246,3.709110714077983]",1
,,,,,"[0.0,0.0,8.4,1.0]","[0.0,0.0,2.895446473435694,3.709110714077983]",1
,,,,,"[0.0,0.0,9.6,1.0]","[0.0,0.0,3.3090816839265074,3.709110714077983]",1
,,,,,"[0.0,0.0,8.9,1.0]","[0.0,0.0,3.067794477806866,3.709110714077983]",1
,,,,,"[0.0,0.0,9.7,1.0]","[0.0,0.0,3.3435512848007414,3.709110714077983]",1
,,,,,"[0.0,0.0,9.9,1.0]","[0.0,0.0,3.4124904865492107,3.709110714077983]",1
,,,,,"[0.0,0.0,8.6,1.0]","[0.0,0.0,2.964385675184163,3.709110714077983]",1
,,,,,"[0.0,0.0,9.8,1.0]","[0.0,0.0,3.3780208856749767,3.709110714077983]",1
,,,,,"[0.0,0.0,7.8,1.0]","[0.0,0.0,2.6886288681902872,3.709110714077983]",1
,,,,,"[0.0,0.0,8.1,1.0]","[0.0,0.0,2.7920376708129906,3.709110714077983]",1
,,,,,"[0.0,0.0,8.8,1.0]","[0.0,0.0,3.033324876932632,3.709110714077983]",1
,,,,,"[0.0,3.0,8.8,1.0]","[0.0,1.4469607794753012,3.033324876932632,3.709110714077983]",1
,,,,,"[0.0,0.0,9.4,1.0]","[0.0,0.0,3.2401424821780385,3.709110714077983]",1
,,,,,"[0.0,4.0,7.9,1.0]","[0.0,1.9292810393004016,2.7230984690645217,3.709110714077983]",1
,,,,,"[0.0,3.0,8.5,1.0]","[0.0,1.4469607794753012,2.9299160743099284,3.709110714077983]",1
,,,,,"[0.0,0.0,8.5,1.0]","[0.0,0.0,2.9299160743099284,3.709110714077983]",1
,,,,,"[0.0,0.0,7.9,1.0]","[0.0,0.0,2.7230984690645217,3.709110714077983]",1
,,,,,"[0.0,0.0,8.8,1.0]","[0.0,0.0,3.033324876932632,3.709110714077983]",1
,,,,,"[0.0,0.0,8.6,1.0]","[0.0,0.0,2.964385675184163,3.709110714077983]",1
,,,,,"[0.0,0.0,10.0,1.0]","[0.0,0.0,3.446960087423445,3.709110714077983]",1
,,,,,"[0.0,0.0,9.3,1.0]","[0.0,0.0,3.2056728813038045,3.709110714077983]",1
,,,,,"[0.0,0.0,9.2,1.0]","[0.0,0.0,3.171203280429569,3.709110714077983]",1
,,,,,"[0.0,3.0,8.2,1.0]","[0.0,1.4469607794753012,2.8265072716872246,3.709110714077983]",1
,,,,,"[0.0,4.0,7.2,1.0]","[0.0,1.9292810393004016,2.4818112629448805,3.709110714077983]",1
,,,,,"[0.0,3.0,8.1,1.0]","[0.0,1.4469607794753012,2.7920376708129906,3.709110714077983]",1
,,,,,"[0.0,4.0,9.0,1.0]","[0.0,1.9292810393004016,3.1022640786811007,3.709110714077983]",1
,,,,,"[0.0,3.0,8.5,1.0]","[0.0,1.4469607794753012,2.9299160743099284,3.709110714077983]",1
,,,,,"[0.0,4.0,7.7,1.0]","[0.0,1.9292810393004016,2.654159267316053,3.709110714077983]",1
,,,,,"[0.0,4.0,7.3,1.0]","[0.0,1.9292810393004016,2.516280863819115,3.709110714077983]",1
,,,,,"[0.0,5.0,7.8,1.0]","[0.0,2.4116012991255023,2.6886288681902872,3.709110714077983]",1
,,,,,"[0.0,5.0,8.0,1.0]","[0.0,2.4116012991255023,2.757568069938756,3.709110714077983]",1
,,,,,"[0.0,4.0,7.8,1.0]","[0.0,1.9292810393004016,2.6886288681902872,3.709110714077983]",1
,,,,,"[0.0,5.0,8.6,1.0]","[0.0,2.4116012991255023,2.964385675184163,3.709110714077983]",1
,,,,,"[0.0,3.0,9.6,1.0]","[0.0,1.4469607794753012,3.3090816839265074,3.709110714077983]",1
,,,,,"[0.0,4.0,7.7,1.0]","[0.0,1.9292810393004016,2.654159267316053,3.709110714077983]",1
,,,,,"[0.0,5.0,8.7,1.0]","[0.0,2.4116012991255023,2.998855276058397,3.709110714077983]",1
,,,,,"[0.0,5.0,7.2,1.0]","[0.0,2.4116012991255023,2.4818112629448805,3.709110714077983]",1
,,,,,"[0.0,4.0,6.2,1.0]","[0.0,1.9292810393004016,2.137115254202536,3.709110714077983]",1
,,,,,"[0.0,5.0,7.2,1.0]","[0.0,2.4116012991255023,2.4818112629448805,3.709110714077983]",1
,,,,,"[0.0,3.0,6.4,1.0]","[0.0,1.4469607794753012,2.206054455951005,3.709110714077983]",1
,,,,,"[0.0,2.0,8.4,1.0]","[0.0,0.9646405196502008,2.895446473435694,3.709110714077983]",1
,,,,,"[0.0,2.0,8.2,1.0]","[0.0,0.9646405196502008,2.8265072716872246,3.709110714077983]",1
,,,,,"[0.0,4.0,9.5,1.0]","[0.0,1.9292810393004016,3.274612083052273,3.709110714077983]",1
,,,,,"[0.0,1.0,10.0,1.0]","[0.0,0.4823202598251004,3.446960087423445,3.709110714077983]",1
,,,,,"[0.0,5.0,9.6,1.0]","[0.0,2.4116012991255023,3.3090816839265074,3.709110714077983]",1
,,,,,"[0.0,1.0,7.6,1.0]","[0.0,0.4823202598251004,2.6196896664418183,3.709110714077983]",1
,,,,,"[0.0,1.0,8.5,1.0]","[0.0,0.4823202598251004,2.9299160743099284,3.709110714077983]",1
,,,,,"[0.0,3.0,9.5,1.0]","[0.0,1.4469607794753012,3.274612083052273,3.709110714077983]",1
,,,,,"[0.0,2.0,9.2,1.0]","[0.0,0.9646405196502008,3.171203280429569,3.709110714077983]",1
,,,,,"[0.0,5.0,6.2,1.0]","[0.0,2.4116012991255023,2.137115254202536,3.709110714077983]",1
,,,,,"[0.0,5.0,8.6,1.0]","[0.0,2.4116012991255023,2.964385675184163,3.709110714077983]",1
,,,,,"[0.0,4.0,6.8,1.0]","[0.0,1.9292810393004016,2.3439328594479427,3.709110714077983]",1
,,,,,"[0.0,1.0,7.5,1.0]","[0.0,0.4823202598251004,2.585220065567584,3.709110714077983]",1
,,,,,"[0.0,4.0,9.1,1.0]","[0.0,1.9292810393004016,3.136733679555335,3.709110714077983]",1
,,,,,"[0.0,2.0,6.3,1.0]","[0.0,0.9646405196502008,2.1715848550767705,3.709110714077983]",1
,,,,,"[0.0,4.0,8.0,1.0]","[0.0,1.9292810393004016,2.757568069938756,3.709110714077983]",1
,,,,,"[0.0,5.0,8.0,1.0]","[0.0,2.4116012991255023,2.757568069938756,3.709110714077983]",1
,,,,,"[0.0,3.0,9.1,1.0]","[0.0,1.4469607794753012,3.136733679555335,3.709110714077983]",1
,,,,,"[0.0,4.0,8.1,1.0]","[0.0,1.9292810393004016,2.7920376708129906,3.709110714077983]",1
,,,,,"[0.0,1.0,7.3,1.0]","[0.0,0.4823202598251004,2.516280863819115,3.709110714077983]",1
,,,,,"[0.0,1.0,9.7,1.0]","[0.0,0.4823202598251004,3.3435512848007414,3.709110714077983]",1
,,,,,"[0.0,1.0,7.7,1.0]","[0.0,0.4823202598251004,2.654159267316053,3.709110714077983]",1
,,,,,"[0.0,3.0,8.6,1.0]","[0.0,1.4469607794753012,2.964385675184163,3.709110714077983]",1
,,,,,"[0.0,1.0,7.4,1.0]","[0.0,0.4823202598251004,2.5507504646933494,3.709110714077983]",1
,,,,,"[0.0,4.0,7.4,1.0]","[0.0,1.9292810393004016,2.5507504646933494,3.709110714077983]",1
,,,,,"[0.0,2.0,7.4,1.0]","[0.0,0.9646405196502008,2.5507504646933494,3.709110714077983]",1
,,,,,"[0.0,2.0,9.3,1.0]","[0.0,0.9646405196502008,3.2056728813038045,3.709110714077983]",1
,,,,,"[0.0,2.0,6.2,1.0]","[0.0,0.9646405196502008,2.137115254202536,3.709110714077983]",1
,,,,,"[0.0,5.0,8.2,1.0]","[0.0,2.4116012991255023,2.8265072716872246,3.709110714077983]",1
,,,,,"[0.0,1.0,9.0,1.0]","[0.0,0.4823202598251004,3.1022640786811007,3.709110714077983]",1
,,,,,"[0.0,1.0,7.6,1.0]","[0.0,0.4823202598251004,2.6196896664418183,3.709110714077983]",1
,,,,,"[0.0,4.0,10.0,1.0]","[0.0,1.9292810393004016,3.446960087423445,3.709110714077983]",1
,,,,,"[0.0,4.0,8.2,1.0]","[0.0,1.9292810393004016,2.8265072716872246,3.709110714077983]",1
,,,,,"[0.0,5.0,7.4,1.0]","[0.0,2.4116012991255023,2.5507504646933494,3.709110714077983]",1
,,,,,"[0.0,1.0,10.0,1.0]","[0.0,0.4823202598251004,3.446960087423445,3.709110714077983]",1
,,,,,"[0.0,2.0,8.5,1.0]","[0.0,0.9646405196502008,2.9299160743099284,3.709110714077983]",1
,,,,,"[0.0,2.0,9.9,1.0]","[0.0,0.9646405196502008,3.4124904865492107,3.709110714077983]",1
,,,,,"[0.0,3.0,8.7,1.0]","[0.0,1.4469607794753012,2.998855276058397,3.709110714077983]",1
,,,,,"[0.0,1.0,6.2,1.0]","[0.0,0.4823202598251004,2.137115254202536,3.709110714077983]",1
,,,,,"[0.0,1.0,7.8,1.0]","[0.0,0.4823202598251004,2.6886288681902872,3.709110714077983]",1
,,,,,"[0.0,4.0,7.8,1.0]","[0.0,1.9292810393004016,2.6886288681902872,3.709110714077983]",1
,,,,,"[0.0,5.0,8.9,1.0]","[0.0,2.4116012991255023,3.067794477806866,3.709110714077983]",1
,,,,,"[0.0,1.0,8.0,1.0]","[0.0,0.4823202598251004,2.757568069938756,3.709110714077983]",1
,,,,,"[0.0,4.0,7.3,1.0]","[0.0,1.9292810393004016,2.516280863819115,3.709110714077983]",1
,,,,,"[0.0,4.0,7.2,1.0]","[0.0,1.9292810393004016,2.4818112629448805,3.709110714077983]",1
,,,,,"[0.0,4.0,7.7,1.0]","[0.0,1.9292810393004016,2.654159267316053,3.709110714077983]",1
,,,,,"[0.0,1.0,8.5,1.0]","[0.0,0.4823202598251004,2.9299160743099284,3.709110714077983]",1
,,,,,"[0.0,5.0,8.2,1.0]","[0.0,2.4116012991255023,2.8265072716872246,3.709110714077983]",1
,,,,,"[0.0,5.0,7.1,1.0]","[0.0,2.4116012991255023,2.447341662070646,3.709110714077983]",1
,,,,,"[0.0,1.0,8.1,1.0]","[0.0,0.4823202598251004,2.7920376708129906,3.709110714077983]",1
,,,,,"[0.0,1.0,7.8,1.0]","[0.0,0.4823202598251004,2.6886288681902872,3.709110714077983]",1
,,,,,"[0.0,4.0,8.4,1.0]","[0.0,1.9292810393004016,2.895446473435694,3.709110714077983]",1
,,,,,"[0.0,5.0,8.3,1.0]","[0.0,2.4116012991255023,2.86097687256146,3.709110714077983]",1
,,,,,"[0.0,1.0,8.5,1.0]","[0.0,0.4823202598251004,2.9299160743099284,3.709110714077983]",1
,,,,,"[0.0,4.0,7.4,1.0]","[0.0,1.9292810393004016,2.5507504646933494,3.709110714077983]",1
,,,,,"[0.0,4.0,7.1,1.0]","[0.0,1.9292810393004016,2.447341662070646,3.709110714077983]",1
,,,,,"[0.0,1.0,8.7,1.0]","[0.0,0.4823202598251004,2.998855276058397,3.709110714077983]",1
,,,,,"[0.0,5.0,7.9,1.0]","[0.0,2.4116012991255023,2.7230984690645217,3.709110714077983]",1
,,,,,"[0.0,3.0,7.8,1.0]","[0.0,1.4469607794753012,2.6886288681902872,3.709110714077983]",1
,,,,,"[0.0,2.0,9.6,1.0]","[0.0,0.9646405196502008,3.3090816839265074,3.709110714077983]",1
,,,,,"[0.0,2.0,9.5,1.0]","[0.0,0.9646405196502008,3.274612083052273,3.709110714077983]",1
,,,,,"[0.0,3.0,9.9,1.0]","[0.0,1.4469607794753012,3.4124904865492107,3.709110714077983]",1
,,,,,"[0.0,3.0,7.8,1.0]","[0.0,1.4469607794753012,2.6886288681902872,3.709110714077983]",1
,,,,,"[0.0,1.0,6.0,1.0]","[0.0,0.4823202598251004,2.068176052454067,3.709110714077983]",1
,,,,,"[0.0,2.0,9.6,1.0]","[0.0,0.9646405196502008,3.3090816839265074,3.709110714077983]",1
,,,,,"[0.0,2.0,9.3,1.0]","[0.0,0.9646405196502008,3.2056728813038045,3.709110714077983]",1
,,,,,"[0.0,1.0,6.3,1.0]","[0.0,0.4823202598251004,2.1715848550767705,3.709110714077983]",1
,,,,,"[0.0,4.0,6.6,1.0]","[0.0,1.9292810393004016,2.274993657699474,3.709110714077983]",1
,,,,,"[0.0,5.0,6.7,1.0]","[0.0,2.4116012991255023,2.3094632585737083,3.709110714077983]",1
,,,,,"[0.0,1.0,9.4,1.0]","[0.0,0.4823202598251004,3.2401424821780385,3.709110714077983]",1
,,,,,"[0.0,2.0,9.6,1.0]","[0.0,0.9646405196502008,3.3090816839265074,3.709110714077983]",1
,,,,,"[0.0,2.0,7.3,1.0]","[0.0,0.9646405196502008,2.516280863819115,3.709110714077983]",1
,,,,,"[0.0,5.0,6.8,1.0]","[0.0,2.4116012991255023,2.3439328594479427,3.709110714077983]",1
,,,,,"[0.0,2.0,6.1,1.0]","[0.0,0.9646405196502008,2.1026456533283016,3.709110714077983]",1
,,,,,"[0.0,3.0,10.0,1.0]","[0.0,1.4469607794753012,3.446960087423445,3.709110714077983]",1
,,,,,"[0.0,5.0,7.7,1.0]","[0.0,2.4116012991255023,2.654159267316053,3.709110714077983]",1
,,,,,"[0.0,3.0,8.2,1.0]","[0.0,1.4469607794753012,2.8265072716872246,3.709110714077983]",1
,,,,,"[0.0,4.0,8.3,1.0]","[0.0,1.9292810393004016,2.86097687256146,3.709110714077983]",1
,,,,,"[0.0,5.0,7.2,1.0]","[0.0,2.4116012991255023,2.4818112629448805,3.709110714077983]",1
,,,,,"[0.0,1.0,8.0,1.0]","[0.0,0.4823202598251004,2.757568069938756,3.709110714077983]",1
,,,,,"[0.0,1.0,8.0,1.0]","[0.0,0.4823202598251004,2.757568069938756,3.709110714077983]",1
,,,,,"[0.0,1.0,6.0,1.0]","[0.0,0.4823202598251004,2.068176052454067,3.709110714077983]",1
,,,,,"[0.0,2.0,9.8,1.0]","[0.0,0.9646405196502008,3.3780208856749767,3.709110714077983]",1
,,,,,"[0.0,5.0,6.2,1.0]","[0.0,2.4116012991255023,2.137115254202536,3.709110714077983]",1
,,,,,"[0.0,1.0,6.7,1.0]","[0.0,0.4823202598251004,2.3094632585737083,3.709110714077983]",1
,,,,,"[0.0,4.0,9.7,1.0]","[0.0,1.9292810393004016,3.3435512848007414,3.709110714077983]",1
,,,,,"[0.0,4.0,6.6,1.0]","[0.0,1.9292810393004016,2.274993657699474,3.709110714077983]",1
,,,,,"[0.0,5.0,7.6,1.0]","[0.0,2.4116012991255023,2.6196896664418183,3.709110714077983]",1
,,,,,"[0.0,2.0,9.1,1.0]","[0.0,0.9646405196502008,3.136733679555335,3.709110714077983]",1
,,,,,"[0.0,4.0,7.0,1.0]","[0.0,1.9292810393004016,2.4128720611964116,3.709110714077983]",1
,,,,,"[0.0,3.0,6.1,1.0]","[0.0,1.4469607794753012,2.1026456533283016,3.709110714077983]",1
,,,,,"[0.0,3.0,9.1,1.0]","[0.0,1.4469607794753012,3.136733679555335,3.709110714077983]",1
,,,,,"[0.0,4.0,6.8,1.0]","[0.0,1.9292810393004016,2.3439328594479427,3.709110714077983]",1
,,,,,"[0.0,5.0,7.1,1.0]","[0.0,2.4116012991255023,2.447341662070646,3.709110714077983]",1
,,,,,"[0.0,3.0,6.0,1.0]","[0.0,1.4469607794753012,2.068176052454067,3.709110714077983]",1
,,,,,"[0.0,1.0,7.6,1.0]","[0.0,0.4823202598251004,2.6196896664418183,3.709110714077983]",1
,,,,,"[0.0,1.0,7.0,1.0]","[0.0,0.4823202598251004,2.4128720611964116,3.709110714077983]",1
,,,,,"[0.0,3.0,8.7,1.0]","[0.0,1.4469607794753012,2.998855276058397,3.709110714077983]",1
,,,,,"[0.0,4.0,8.4,1.0]","[0.0,1.9292810393004016,2.895446473435694,3.709110714077983]",1
,,,,,"[0.0,2.0,7.2,1.0]","[0.0,0.9646405196502008,2.4818112629448805,3.709110714077983]",1
,,,,,"[0.0,4.0,9.3,1.0]","[0.0,1.9292810393004016,3.2056728813038045,3.709110714077983]",1
,,,,,"[0.0,4.0,9.6,1.0]","[0.0,1.9292810393004016,3.3090816839265074,3.709110714077983]",1
,,,,,"[0.0,3.0,7.9,1.0]","[0.0,1.4469607794753012,2.7230984690645217,3.709110714077983]",1
,,,,,"[0.0,5.0,7.3,1.0]","[0.0,2.4116012991255023,2.516280863819115,3.709110714077983]",1
,,,,,"[0.0,5.0,8.2,1.0]","[0.0,2.4116012991255023,2.8265072716872246,3.709110714077983]",1
,,,,,"[0.0,5.0,9.7,1.0]","[0.0,2.4116012991255023,3.3435512848007414,3.709110714077983]",1
,,,,,"[0.0,1.0,9.1,1.0]","[0.0,0.4823202598251004,3.136733679555335,3.709110714077983]",1
,,,,,"[0.0,3.0,7.8,1.0]","[0.0,1.4469607794753012,2.6886288681902872,3.709110714077983]",1
,,,,,"[0.0,1.0,7.2,1.0]","[0.0,0.4823202598251004,2.4818112629448805,3.709110714077983]",1
,,,,,"[0.0,1.0,7.1,1.0]","[0.0,0.4823202598251004,2.447341662070646,3.709110714077983]",1
,,,,,"[0.0,2.0,8.5,1.0]","[0.0,0.9646405196502008,2.9299160743099284,3.709110714077983]",1
,,,,,"[0.0,5.0,7.0,1.0]","[0.0,2.4116012991255023,2.4128720611964116,3.709110714077983]",1
,,,,,"[0.0,5.0,7.4,1.0]","[0.0,2.4116012991255023,2.5507504646933494,3.709110714077983]",1
,,,,,"[0.0,5.0,9.8,1.0]","[0.0,2.4116012991255023,3.3780208856749767,3.709110714077983]",1
,,,,,"[0.0,2.0,8.8,1.0]","[0.0,0.9646405196502008,3.033324876932632,3.709110714077983]",1
,,,,,"[0.0,2.0,8.5,1.0]","[0.0,0.9646405196502008,2.9299160743099284,3.709110714077983]",1
,,,,,"[0.0,4.0,7.6,1.0]","[0.0,1.9292810393004016,2.6196896664418183,3.709110714077983]",1
,,,,,"[0.0,3.0,7.7,1.0]","[0.0,1.4469607794753012,2.654159267316053,3.709110714077983]",1
,,,,,"[0.0,5.0,7.8,1.0]","[0.0,2.4116012991255023,2.6886288681902872,3.709110714077983]",1
,,,,,"[0.0,2.0,7.0,1.0]","[0.0,0.9646405196502008,2.4128720611964116,3.709110714077983]",1
,,,,,"[0.0,2.0,7.7,1.0]","[0.0,0.9646405196502008,2.654159267316053,3.709110714077983]",1
,,,,,"[0.0,4.0,8.6,1.0]","[0.0,1.9292810393004016,2.964385675184163,3.709110714077983]",1
,,,,,"[0.0,3.0,9.4,1.0]","[0.0,1.4469607794753012,3.2401424821780385,3.709110714077983]",1
,,,,,"[0.0,2.0,7.2,1.0]","[0.0,0.9646405196502008,2.4818112629448805,3.709110714077983]",1
,,,,,"[0.0,5.0,7.2,1.0]","[0.0,2.4116012991255023,2.4818112629448805,3.709110714077983]",1
,,,,,"[0.0,5.0,9.7,1.0]","[0.0,2.4116012991255023,3.3435512848007414,3.709110714077983]",1
,,,,,"[0.0,3.0,9.7,1.0]","[0.0,1.4469607794753012,3.3435512848007414,3.709110714077983]",1
,,,,,"[0.0,5.0,8.1,1.0]","[0.0,2.4116012991255023,2.7920376708129906,3.709110714077983]",1
,,,,,"[0.0,2.0,6.3,1.0]","[0.0,0.9646405196502008,2.1715848550767705,3.709110714077983]",1
,,,,,"[0.0,3.0,7.4,1.0]","[0.0,1.4469607794753012,2.5507504646933494,3.709110714077983]",1
,,,,,"[0.0,5.0,9.2,1.0]","[0.0,2.4116012991255023,3.171203280429569,3.709110714077983]",1
,,,,,"[0.0,2.0,7.0,1.0]","[0.0,0.9646405196502008,2.4128720611964116,3.709110714077983]",1
,,,,,"[0.0,1.0,9.4,1.0]","[0.0,0.4823202598251004,3.2401424821780385,3.709110714077983]",1
,,,,,"[0.0,2.0,7.7,1.0]","[0.0,0.9646405196502008,2.654159267316053,3.709110714077983]",1
,,,,,"[0.0,5.0,9.4,1.0]","[0.0,2.4116012991255023,3.2401424821780385,3.709110714077983]",1
,,,,,"[0.0,2.0,7.0,1.0]","[0.0,0.9646405196502008,2.4128720611964116,3.709110714077983]",1
,,,,,"[0.0,2.0,7.0,1.0]","[0.0,0.9646405196502008,2.4128720611964116,3.709110714077983]",1
,,,,,"[0.0,5.0,9.3,1.0]","[0.0,2.4116012991255023,3.2056728813038045,3.709110714077983]",1
,,,,,"[0.0,2.0,6.9,1.0]","[0.0,0.9646405196502008,2.378402460322177,3.709110714077983]",1
,,,,,"[0.0,3.0,7.3,1.0]","[0.0,1.4469607794753012,2.516280863819115,3.709110714077983]",1
,,,,,"[0.0,2.0,6.9,1.0]","[0.0,0.9646405196502008,2.378402460322177,3.709110714077983]",1
,,,,,"[0.0,4.0,9.6,1.0]","[0.0,1.9292810393004016,3.3090816839265074,3.709110714077983]",1
,,,,,"[0.0,5.0,7.4,1.0]","[0.0,2.4116012991255023,2.5507504646933494,3.709110714077983]",1
,,,,,"[0.0,2.0,9.0,1.0]","[0.0,0.9646405196502008,3.1022640786811007,3.709110714077983]",1
,,,,,"[0.0,1.0,6.4,1.0]","[0.0,0.4823202598251004,2.206054455951005,3.709110714077983]",1
,,,,,"[0.0,5.0,9.0,1.0]","[0.0,2.4116012991255023,3.1022640786811007,3.709110714077983]",1
,,,,,"[0.0,3.0,6.9,1.0]","[0.0,1.4469607794753012,2.378402460322177,3.709110714077983]",1
,,,,,"[0.0,2.0,9.8,1.0]","[0.0,0.9646405196502008,3.3780208856749767,3.709110714077983]",1
,,,,,"[0.0,3.0,6.3,1.0]","[0.0,1.4469607794753012,2.1715848550767705,3.709110714077983]",1
,,,,,"[0.0,2.0,9.4,1.0]","[0.0,0.9646405196502008,3.2401424821780385,3.709110714077983]",1
,,,,,"[0.0,5.0,9.6,1.0]","[0.0,2.4116012991255023,3.3090816839265074,3.709110714077983]",1
,,,,,"[0.0,1.0,9.6,1.0]","[0.0,0.4823202598251004,3.3090816839265074,3.709110714077983]",1
,,,,,"[0.0,3.0,6.3,1.0]","[0.0,1.4469607794753012,2.1715848550767705,3.709110714077983]",1
,,,,,"[0.0,4.0,8.9,1.0]","[0.0,1.9292810393004016,3.067794477806866,3.709110714077983]",1
,,,,,"[0.0,3.0,7.7,1.0]","[0.0,1.4469607794753012,2.654159267316053,3.709110714077983]",1
,,,,,"[0.0,3.0,6.2,1.0]","[0.0,1.4469607794753012,2.137115254202536,3.709110714077983]",1
,,,,,"[0.0,5.0,7.1,1.0]","[0.0,2.4116012991255023,2.447341662070646,3.709110714077983]",1
,,,,,"[0.0,4.0,10.0,1.0]","[0.0,1.9292810393004016,3.446960087423445,3.709110714077983]",1
,,,,,"[0.0,3.0,6.3,1.0]","[0.0,1.4469607794753012,2.1715848550767705,3.709110714077983]",1
,,,,,"[0.0,5.0,8.3,1.0]","[0.0,2.4116012991255023,2.86097687256146,3.709110714077983]",1
,,,,,"[0.0,1.0,8.7,1.0]","[0.0,0.4823202598251004,2.998855276058397,3.709110714077983]",1
,,,,,"[0.0,5.0,8.2,1.0]","[0.0,2.4116012991255023,2.8265072716872246,3.709110714077983]",1
,,,,,"[0.0,1.0,9.1,1.0]","[0.0,0.4823202598251004,3.136733679555335,3.709110714077983]",1
,,,,,"[0.0,5.0,9.9,1.0]","[0.0,2.4116012991255023,3.4124904865492107,3.709110714077983]",1
,,,,,"[0.0,2.0,9.4,1.0]","[0.0,0.9646405196502008,3.2401424821780385,3.709110714077983]",1
,,,,,"[0.0,4.0,6.8,1.0]","[0.0,1.9292810393004016,2.3439328594479427,3.709110714077983]",1
,,,,,"[0.0,5.0,8.0,1.0]","[0.0,2.4116012991255023,2.757568069938756,3.709110714077983]",1
,,,,,"[0.0,1.0,8.4,1.0]","[0.0,0.4823202598251004,2.895446473435694,3.709110714077983]",1
,,,,,"[0.0,3.0,8.4,1.0]","[0.0,1.4469607794753012,2.895446473435694,3.709110714077983]",1
,,,,,"[0.0,2.0,8.7,1.0]","[0.0,0.9646405196502008,2.998855276058397,3.709110714077983]",1
,,,,,"[0.0,3.0,6.3,1.0]","[0.0,1.4469607794753012,2.1715848550767705,3.709110714077983]",1
,,,,,"[0.0,2.0,6.3,1.0]","[0.0,0.9646405196502008,2.1715848550767705,3.709110714077983]",1
,,,,,"[0.0,3.0,9.7,1.0]","[0.0,1.4469607794753012,3.3435512848007414,3.709110714077983]",1
,,,,,"[0.0,3.0,6.7,1.0]","[0.0,1.4469607794753012,2.3094632585737083,3.709110714077983]",1
,,,,,"[0.0,3.0,8.1,1.0]","[0.0,1.4469607794753012,2.7920376708129906,3.709110714077983]",1
,,,,,"[0.0,1.0,9.9,1.0]","[0.0,0.4823202598251004,3.4124904865492107,3.709110714077983]",1
,,,,,"[0.0,2.0,8.5,1.0]","[0.0,0.9646405196502008,2.9299160743099284,3.709110714077983]",1
,,,,,"[0.0,4.0,7.0,1.0]","[0.0,1.9292810393004016,2.4128720611964116,3.709110714077983]",1
,,,,,"[0.0,5.0,8.8,1.0]","[0.0,2.4116012991255023,3.033324876932632,3.709110714077983]",1
,,,,,"[0.0,2.0,7.4,1.0]","[0.0,0.9646405196502008,2.5507504646933494,3.709110714077983]",1
,,,,,"[0.0,3.0,8.2,1.0]","[0.0,1.4469607794753012,2.8265072716872246,3.709110714077983]",1
,,,,,"[0.0,4.0,7.0,1.0]","[0.0,1.9292810393004016,2.4128720611964116,3.709110714077983]",1
,,,,,"[0.0,4.0,9.9,1.0]","[0.0,1.9292810393004016,3.4124904865492107,3.709110714077983]",1
,,,,,"[0.0,1.0,8.5,1.0]","[0.0,0.4823202598251004,2.9299160743099284,3.709110714077983]",1
,,,,,"[0.0,4.0,7.9,1.0]","[0.0,1.9292810393004016,2.7230984690645217,3.709110714077983]",1
,,,,,"[0.0,5.0,7.6,1.0]","[0.0,2.4116012991255023,2.6196896664418183,3.709110714077983]",1
,,,,,"[0.0,2.0,7.6,1.0]","[0.0,0.9646405196502008,2.6196896664418183,3.709110714077983]",1
,,,,,"[0.0,2.0,6.6,1.0]","[0.0,0.9646405196502008,2.274993657699474,3.709110714077983]",1
,,,,,"[0.0,3.0,8.9,1.0]","[0.0,1.4469607794753012,3.067794477806866,3.709110714077983]",1
,,,,,"[0.0,5.0,6.4,1.0]","[0.0,2.4116012991255023,2.206054455951005,3.709110714077983]",1
,,,,,"[0.0,3.0,7.5,1.0]","[0.0,1.4469607794753012,2.585220065567584,3.709110714077983]",1
,,,,,"[0.0,3.0,9.0,1.0]","[0.0,1.4469607794753012,3.1022640786811007,3.709110714077983]",1
,,,,,"[0.0,5.0,8.2,1.0]","[0.0,2.4116012991255023,2.8265072716872246,3.709110714077983]",1
,,,,,"[0.0,1.0,7.9,1.0]","[0.0,0.4823202598251004,2.7230984690645217,3.709110714077983]",1
,,,,,"[0.0,5.0,6.7,1.0]","[0.0,2.4116012991255023,2.3094632585737083,3.709110714077983]",1
,,,,,"[0.0,4.0,6.8,1.0]","[0.0,1.9292810393004016,2.3439328594479427,3.709110714077983]",1
,,,,,"[0.0,4.0,8.3,1.0]","[0.0,1.9292810393004016,2.86097687256146,3.709110714077983]",1
,,,,,"[0.0,2.0,8.4,1.0]","[0.0,0.9646405196502008,2.895446473435694,3.709110714077983]",1
,,,,,"[0.0,5.0,6.7,1.0]","[0.0,2.4116012991255023,2.3094632585737083,3.709110714077983]",1
,,,,,"[0.0,3.0,7.6,1.0]","[0.0,1.4469607794753012,2.6196896664418183,3.709110714077983]",1
,,,,,"[0.0,1.0,8.8,1.0]","[0.0,0.4823202598251004,3.033324876932632,3.709110714077983]",1
,,,,,"[0.0,3.0,6.8,1.0]","[0.0,1.4469607794753012,2.3439328594479427,3.709110714077983]",1
,,,,,"[0.0,4.0,6.2,1.0]","[0.0,1.9292810393004016,2.137115254202536,3.709110714077983]",1
,,,,,"[0.0,1.0,7.0,1.0]","[0.0,0.4823202598251004,2.4128720611964116,3.709110714077983]",1
,,,,,"[0.0,2.0,9.1,1.0]","[0.0,0.9646405196502008,3.136733679555335,3.709110714077983]",1
,,,,,"[0.0,1.0,8.7,1.0]","[0.0,0.4823202598251004,2.998855276058397,3.709110714077983]",1
,,,,,"[0.0,4.0,6.7,1.0]","[0.0,1.9292810393004016,2.3094632585737083,3.709110714077983]",1
,,,,,"[0.0,4.0,8.1,1.0]","[0.0,1.9292810393004016,2.7920376708129906,3.709110714077983]",1
,,,,,"[0.0,4.0,9.6,1.0]","[0.0,1.9292810393004016,3.3090816839265074,3.709110714077983]",1
,,,,,"[0.0,5.0,7.8,1.0]","[0.0,2.4116012991255023,2.6886288681902872,3.709110714077983]",1
,,,,,"[0.0,3.0,9.1,1.0]","[0.0,1.4469607794753012,3.136733679555335,3.709110714077983]",1
,,,,,"[0.0,3.0,9.2,1.0]","[0.0,1.4469607794753012,3.171203280429569,3.709110714077983]",1
,,,,,"[0.0,3.0,7.9,1.0]","[0.0,1.4469607794753012,2.7230984690645217,3.709110714077983]",1
,,,,,"[0.0,4.0,9.5,1.0]","[0.0,1.9292810393004016,3.274612083052273,3.709110714077983]",1
,,,,,"[0.0,4.0,7.8,1.0]","[0.0,1.9292810393004016,2.6886288681902872,3.709110714077983]",1
,,,,,"[0.0,3.0,8.3,1.0]","[0.0,1.4469607794753012,2.86097687256146,3.709110714077983]",1
,,,,,"[0.0,3.0,8.0,1.0]","[0.0,1.4469607794753012,2.757568069938756,3.709110714077983]",1
,,,,,"[0.0,1.0,8.1,1.0]","[0.0,0.4823202598251004,2.7920376708129906,3.709110714077983]",1
,,,,,"[0.0,4.0,9.1,1.0]","[0.0,1.9292810393004016,3.136733679555335,3.709110714077983]",1
,,,,,"[0.0,4.0,8.8,1.0]","[0.0,1.9292810393004016,3.033324876932632,3.709110714077983]",1
,,,,,"[0.0,4.0,9.4,1.0]","[0.0,1.9292810393004016,3.2401424821780385,3.709110714077983]",1
,,,,,"[0.0,5.0,9.8,1.0]","[0.0,2.4116012991255023,3.3780208856749767,3.709110714077983]",1
,,,,,"[0.0,2.0,6.3,1.0]","[0.0,0.9646405196502008,2.1715848550767705,3.709110714077983]",1
,,,,,"[0.0,2.0,7.4,1.0]","[0.0,0.9646405196502008,2.5507504646933494,3.709110714077983]",1
,,,,,"[0.0,5.0,8.8,1.0]","[0.0,2.4116012991255023,3.033324876932632,3.709110714077983]",1
,,,,,"[0.0,4.0,9.5,1.0]","[0.0,1.9292810393004016,3.274612083052273,3.709110714077983]",1
,,,,,"[0.0,2.0,6.9,1.0]","[0.0,0.9646405196502008,2.378402460322177,3.709110714077983]",1
,,,,,"[0.0,5.0,9.5,1.0]","[0.0,2.4116012991255023,3.274612083052273,3.709110714077983]",1
,,,,,"[0.0,2.0,6.7,1.0]","[0.0,0.9646405196502008,2.3094632585737083,3.709110714077983]",1
,,,,,"[0.0,3.0,7.4,1.0]","[0.0,1.4469607794753012,2.5507504646933494,3.709110714077983]",1
,,,,,"[0.0,3.0,9.1,1.0]","[0.0,1.4469607794753012,3.136733679555335,3.709110714077983]",1
,,,,,"[0.0,5.0,7.3,1.0]","[0.0,2.4116012991255023,2.516280863819115,3.709110714077983]",1
,,,,,"[0.0,5.0,8.8,1.0]","[0.0,2.4116012991255023,3.033324876932632,3.709110714077983]",1
,,,,,"[0.0,1.0,7.9,1.0]","[0.0,0.4823202598251004,2.7230984690645217,3.709110714077983]",1
,,,,,"[0.0,2.0,8.4,1.0]","[0.0,0.9646405196502008,2.895446473435694,3.709110714077983]",1
,,,,,"[0.0,1.0,8.1,1.0]","[0.0,0.4823202598251004,2.7920376708129906,3.709110714077983]",1
,,,,,"[0.0,3.0,6.2,1.0]","[0.0,1.4469607794753012,2.137115254202536,3.709110714077983]",1
,,,,,"[0.0,5.0,7.0,1.0]","[0.0,2.4116012991255023,2.4128720611964116,3.709110714077983]",1
,,,,,"[0.0,3.0,8.8,1.0]","[0.0,1.4469607794753012,3.033324876932632,3.709110714077983]",1
,,,,,"[0.0,3.0,9.1,1.0]","[0.0,1.4469607794753012,3.136733679555335,3.709110714077983]",1
,,,,,"[0.0,4.0,9.6,1.0]","[0.0,1.9292810393004016,3.3090816839265074,3.709110714077983]",1
,,,,,"[0.0,3.0,7.6,1.0]","[0.0,1.4469607794753012,2.6196896664418183,3.709110714077983]",1
,,,,,"[0.0,4.0,7.9,1.0]","[0.0,1.9292810393004016,2.7230984690645217,3.709110714077983]",1
,,,,,"[0.0,2.0,7.6,1.0]","[0.0,0.9646405196502008,2.6196896664418183,3.709110714077983]",1
,,,,,"[0.0,1.0,6.7,1.0]","[0.0,0.4823202598251004,2.3094632585737083,3.709110714077983]",1
,,,,,"[0.0,4.0,6.3,1.0]","[0.0,1.9292810393004016,2.1715848550767705,3.709110714077983]",1
,,,,,"[0.0,1.0,7.4,1.0]","[0.0,0.4823202598251004,2.5507504646933494,3.709110714077983]",1
,,,,,"[0.0,1.0,7.7,1.0]","[0.0,0.4823202598251004,2.654159267316053,3.709110714077983]",1
,,,,,"[0.0,4.0,9.1,1.0]","[0.0,1.9292810393004016,3.136733679555335,3.709110714077983]",1
,,,,,"[0.0,5.0,9.9,1.0]","[0.0,2.4116012991255023,3.4124904865492107,3.709110714077983]",1
,,,,,"[0.0,2.0,7.8,1.0]","[0.0,0.9646405196502008,2.6886288681902872,3.709110714077983]",1
,,,,,"[0.0,4.0,9.4,1.0]","[0.0,1.9292810393004016,3.2401424821780385,3.709110714077983]",1
,,,,,"[0.0,2.0,9.0,1.0]","[0.0,0.9646405196502008,3.1022640786811007,3.709110714077983]",1
,,,,,"[0.0,1.0,7.9,1.0]","[0.0,0.4823202598251004,2.7230984690645217,3.709110714077983]",1
,,,,,"[0.0,3.0,9.6,1.0]","[0.0,1.4469607794753012,3.3090816839265074,3.709110714077983]",1
,,,,,"[0.0,3.0,8.9,1.0]","[0.0,1.4469607794753012,3.067794477806866,3.709110714077983]",1
,,,,,"[0.0,4.0,7.0,1.0]","[0.0,1.9292810393004016,2.4128720611964116,3.709110714077983]",1
,,,,,"[0.0,4.0,9.0,1.0]","[0.0,1.9292810393004016,3.1022640786811007,3.709110714077983]",1
,,,,,"[0.0,2.0,7.1,1.0]","[0.0,0.9646405196502008,2.447341662070646,3.709110714077983]",1
,,,,,"[0.0,1.0,8.5,1.0]","[0.0,0.4823202598251004,2.9299160743099284,3.709110714077983]",1
,,,,,"[0.0,4.0,7.2,1.0]","[0.0,1.9292810393004016,2.4818112629448805,3.709110714077983]",1
,,,,,"[0.0,1.0,6.5,1.0]","[0.0,0.4823202598251004,2.2405240568252394,3.709110714077983]",1
,,,,,"[0.0,1.0,7.9,1.0]","[0.0,0.4823202598251004,2.7230984690645217,3.709110714077983]",1
,,,,,"[0.0,1.0,8.2,1.0]","[0.0,0.4823202598251004,2.8265072716872246,3.709110714077983]",1
,,,,,"[0.0,1.0,8.1,1.0]","[0.0,0.4823202598251004,2.7920376708129906,3.709110714077983]",1
,,,,,"[0.0,2.0,8.4,1.0]","[0.0,0.9646405196502008,2.895446473435694,3.709110714077983]",1
,,,,,"[0.0,3.0,7.2,1.0]","[0.0,1.4469607794753012,2.4818112629448805,3.709110714077983]",1
,,,,,"[0.0,1.0,9.1,1.0]","[0.0,0.4823202598251004,3.136733679555335,3.709110714077983]",1
,,,,,"[0.0,4.0,6.7,1.0]","[0.0,1.9292810393004016,2.3094632585737083,3.709110714077983]",1
,,,,,"[0.0,2.0,7.9,1.0]","[0.0,0.9646405196502008,2.7230984690645217,3.709110714077983]",1
,,,,,"[0.0,1.0,9.4,1.0]","[0.0,0.4823202598251004,3.2401424821780385,3.709110714077983]",1
,,,,,"[0.0,1.0,9.1,1.0]","[0.0,0.4823202598251004,3.136733679555335,3.709110714077983]",1
,,,,,"[0.0,4.0,8.2,1.0]","[0.0,1.9292810393004016,2.8265072716872246,3.709110714077983]",1
,,,,,"[0.0,5.0,9.4,1.0]","[0.0,2.4116012991255023,3.2401424821780385,3.709110714077983]",1
,,,,,"[0.0,2.0,7.5,1.0]","[0.0,0.9646405196502008,2.585220065567584,3.709110714077983]",1
,,,,,"[0.0,4.0,6.3,1.0]","[0.0,1.9292810393004016,2.1715848550767705,3.709110714077983]",1
,,,,,"[0.0,1.0,8.5,1.0]","[0.0,0.4823202598251004,2.9299160743099284,3.709110714077983]",1
,,,,,"[0.0,3.0,8.7,1.0]","[0.0,1.4469607794753012,2.998855276058397,3.709110714077983]",1
,,,,,"[0.0,4.0,9.6,1.0]","[0.0,1.9292810393004016,3.3090816839265074,3.709110714077983]",1
,,,,,"[0.0,4.0,6.4,1.0]","[0.0,1.9292810393004016,2.206054455951005,3.709110714077983]",1
,,,,,"[0.0,1.0,6.8,1.0]","[0.0,0.4823202598251004,2.3439328594479427,3.709110714077983]",1
,,,,,"[0.0,3.0,7.4,1.0]","[0.0,1.4469607794753012,2.5507504646933494,3.709110714077983]",1
,,,,,"[0.0,3.0,9.0,1.0]","[0.0,1.4469607794753012,3.1022640786811007,3.709110714077983]",1
,,,,,"[0.0,1.0,6.2,1.0]","[0.0,0.4823202598251004,2.137115254202536,3.709110714077983]",1
,,,,,"[0.0,2.0,7.7,1.0]","[0.0,0.9646405196502008,2.654159267316053,3.709110714077983]",1
,,,,,"[0.0,4.0,9.4,1.0]","[0.0,1.9292810393004016,3.2401424821780385,3.709110714077983]",1
,,,,,"[0.0,2.0,9.0,1.0]","[0.0,0.9646405196502008,3.1022640786811007,3.709110714077983]",1
,,,,,"[0.0,3.0,6.1,1.0]","[0.0,1.4469607794753012,2.1026456533283016,3.709110714077983]",1
,,,,,"[0.0,4.0,9.8,1.0]","[0.0,1.9292810393004016,3.3780208856749767,3.709110714077983]",1
,,,,,"[0.0,2.0,8.3,1.0]","[0.0,0.9646405196502008,2.86097687256146,3.709110714077983]",1
,,,,,"[0.0,4.0,6.7,1.0]","[0.0,1.9292810393004016,2.3094632585737083,3.709110714077983]",1
,,,,,"[0.0,4.0,6.9,1.0]","[0.0,1.9292810393004016,2.378402460322177,3.709110714077983]",1
,,,,,"[0.0,5.0,10.0,1.0]","[0.0,2.4116012991255023,3.446960087423445,3.709110714077983]",1
,,,,,"[0.0,2.0,7.1,1.0]","[0.0,0.9646405196502008,2.447341662070646,3.709110714077983]",1
,,,,,"[0.0,2.0,8.9,1.0]","[0.0,0.9646405196502008,3.067794477806866,3.709110714077983]",1
,,,,,"[0.0,1.0,8.5,1.0]","[0.0,0.4823202598251004,2.9299160743099284,3.709110714077983]",1
,,,,,"[0.0,2.0,8.3,1.0]","[0.0,0.9646405196502008,2.86097687256146,3.709110714077983]",1
,,,,,"[0.0,3.0,10.0,1.0]","[0.0,1.4469607794753012,3.446960087423445,3.709110714077983]",1
,,,,,"[0.0,3.0,6.0,1.0]","[0.0,1.4469607794753012,2.068176052454067,3.709110714077983]",1
,,,,,"[0.0,1.0,9.0,1.0]","[0.0,0.4823202598251004,3.1022640786811007,3.709110714077983]",1
,,,,,"[0.0,1.0,9.7,1.0]","[0.0,0.4823202598251004,3.3435512848007414,3.709110714077983]",1
,,,,,"[0.0,1.0,7.2,1.0]","[0.0,0.4823202598251004,2.4818112629448805,3.709110714077983]",1
,,,,,"[0.0,1.0,9.4,1.0]","[0.0,0.4823202598251004,3.2401424821780385,3.709110714077983]",1
,,,,,"[0.0,3.0,8.2,1.0]","[0.0,1.4469607794753012,2.8265072716872246,3.709110714077983]",1
,,,,,"[0.0,2.0,7.1,1.0]","[0.0,0.9646405196502008,2.447341662070646,3.709110714077983]",1
,,,,,"[0.0,1.0,7.1,1.0]","[0.0,0.4823202598251004,2.447341662070646,3.709110714077983]",1
,,,,,"[0.0,2.0,7.3,1.0]","[0.0,0.9646405196502008,2.516280863819115,3.709110714077983]",1
,,,,,"[0.0,3.0,6.4,1.0]","[0.0,1.4469607794753012,2.206054455951005,3.709110714077983]",1
,,,,,"[0.0,4.0,9.4,1.0]","[0.0,1.9292810393004016,3.2401424821780385,3.709110714077983]",1
,,,,,"[0.0,1.0,9.6,1.0]","[0.0,0.4823202598251004,3.3090816839265074,3.709110714077983]",1
,,,,,"[0.0,3.0,10.0,1.0]","[0.0,1.4469607794753012,3.446960087423445,3.709110714077983]",1
,,,,,"[0.0,2.0,8.6,1.0]","[0.0,0.9646405196502008,2.964385675184163,3.709110714077983]",1
,,,,,"[0.0,4.0,6.8,1.0]","[0.0,1.9292810393004016,2.3439328594479427,3.709110714077983]",1
,,,,,"[0.0,3.0,7.9,1.0]","[0.0,1.4469607794753012,2.7230984690645217,3.709110714077983]",1
,,,,,"[0.0,2.0,6.4,1.0]","[0.0,0.9646405196502008,2.206054455951005,3.709110714077983]",1
,,,,,"[0.0,5.0,7.0,1.0]","[0.0,2.4116012991255023,2.4128720611964116,3.709110714077983]",1
,,,,,"[0.0,2.0,6.1,1.0]","[0.0,0.9646405196502008,2.1026456533283016,3.709110714077983]",1
,,,,,"[0.0,5.0,8.1,1.0]","[0.0,2.4116012991255023,2.7920376708129906,3.709110714077983]",1
,,,,,"[0.0,1.0,9.6,1.0]","[0.0,0.4823202598251004,3.3090816839265074,3.709110714077983]",1
,,,,,"[0.0,5.0,8.1,1.0]","[0.0,2.4116012991255023,2.7920376708129906,3.709110714077983]",1
,,,,,"[0.0,2.0,6.6,1.0]","[0.0,0.9646405196502008,2.274993657699474,3.709110714077983]",1
,,,,,"[0.0,2.0,6.2,1.0]","[0.0,0.9646405196502008,2.137115254202536,3.709110714077983]",1
,,,,,"[0.0,1.0,6.1,1.0]","[0.0,0.4823202598251004,2.1026456533283016,3.709110714077983]",1
,,,,,"[0.0,1.0,9.1,1.0]","[0.0,0.4823202598251004,3.136733679555335,3.709110714077983]",1
,,,,,"[0.0,3.0,7.8,1.0]","[0.0,1.4469607794753012,2.6886288681902872,3.709110714077983]",1
,,,,,"[0.0,3.0,8.3,1.0]","[0.0,1.4469607794753012,2.86097687256146,3.709110714077983]",1
,,,,,"[0.0,4.0,9.4,1.0]","[0.0,1.9292810393004016,3.2401424821780385,3.709110714077983]",1
,,,,,"[0.0,2.0,7.0,1.0]","[0.0,0.9646405196502008,2.4128720611964116,3.709110714077983]",1
,,,,,"[0.0,1.0,8.7,1.0]","[0.0,0.4823202598251004,2.998855276058397,3.709110714077983]",1
,,,,,"[0.0,1.0,6.5,1.0]","[0.0,0.4823202598251004,2.2405240568252394,3.709110714077983]",1
,,,,,"[0.0,1.0,7.2,1.0]","[0.0,0.4823202598251004,2.4818112629448805,3.709110714077983]",1
,,,,,"[0.0,4.0,8.7,1.0]","[0.0,1.9292810393004016,2.998855276058397,3.709110714077983]",1
,,,,,"[0.0,2.0,9.5,1.0]","[0.0,0.9646405196502008,3.274612083052273,3.709110714077983]",1
,,,,,"[0.0,3.0,9.6,1.0]","[0.0,1.4469607794753012,3.3090816839265074,3.709110714077983]",1
,,,,,"[0.0,5.0,7.3,1.0]","[0.0,2.4116012991255023,2.516280863819115,3.709110714077983]",1
,,,,,"[0.0,1.0,6.6,1.0]","[0.0,0.4823202598251004,2.274993657699474,3.709110714077983]",1
,,,,,"[0.0,4.0,9.5,1.0]","[0.0,1.9292810393004016,3.274612083052273,3.709110714077983]",1
,,,,,"[0.0,4.0,9.4,1.0]","[0.0,1.9292810393004016,3.2401424821780385,3.709110714077983]",1
,,,,,"[0.0,5.0,8.5,1.0]","[0.0,2.4116012991255023,2.9299160743099284,3.709110714077983]",1
,,,,,"[0.0,5.0,7.9,1.0]","[0.0,2.4116012991255023,2.7230984690645217,3.709110714077983]",1
,,,,,"[0.0,2.0,7.7,1.0]","[0.0,0.9646405196502008,2.654159267316053,3.709110714077983]",1
,,,,,"[0.0,5.0,7.5,1.0]","[0.0,2.4116012991255023,2.585220065567584,3.709110714077983]",1
,,,,,"[0.0,3.0,7.7,1.0]","[0.0,1.4469607794753012,2.654159267316053,3.709110714077983]",1
,,,,,"[0.0,1.0,6.5,1.0]","[0.0,0.4823202598251004,2.2405240568252394,3.709110714077983]",1
,,,,,"[0.0,4.0,7.4,1.0]","[0.0,1.9292810393004016,2.5507504646933494,3.709110714077983]",1
,,,,,"[0.0,2.0,9.4,1.0]","[0.0,0.9646405196502008,3.2401424821780385,3.709110714077983]",1
,,,,,"[0.0,2.0,8.0,1.0]","[0.0,0.9646405196502008,2.757568069938756,3.709110714077983]",1
,,,,,"[0.0,5.0,8.3,1.0]","[0.0,2.4116012991255023,2.86097687256146,3.709110714077983]",1
,,,,,"[0.0,4.0,7.6,1.0]","[0.0,1.9292810393004016,2.6196896664418183,3.709110714077983]",1
,,,,,"[0.0,3.0,8.3,1.0]","[0.0,1.4469607794753012,2.86097687256146,3.709110714077983]",1
,,,,,"[0.0,1.0,9.4,1.0]","[0.0,0.4823202598251004,3.2401424821780385,3.709110714077983]",1
,,,,,"[0.0,4.0,10.0,1.0]","[0.0,1.9292810393004016,3.446960087423445,3.709110714077983]",1
,,,,,"[0.0,3.0,7.8,1.0]","[0.0,1.4469607794753012,2.6886288681902872,3.709110714077983]",1
,,,,,"[0.0,4.0,8.8,1.0]","[0.0,1.9292810393004016,3.033324876932632,3.709110714077983]",1
,,,,,"[0.0,4.0,7.6,1.0]","[0.0,1.9292810393004016,2.6196896664418183,3.709110714077983]",1
,,,,,"[0.0,4.0,6.6,1.0]","[0.0,1.9292810393004016,2.274993657699474,3.709110714077983]",1
,,,,,"[0.0,3.0,9.2,1.0]","[0.0,1.4469607794753012,3.171203280429569,3.709110714077983]",1
,,,,,"[0.0,1.0,9.4,1.0]","[0.0,0.4823202598251004,3.2401424821780385,3.709110714077983]",1
,,,,,"[0.0,4.0,9.5,1.0]","[0.0,1.9292810393004016,3.274612083052273,3.709110714077983]",1
,,,,,"[0.0,4.0,7.8,1.0]","[0.0,1.9292810393004016,2.6886288681902872,3.709110714077983]",1
,,,,,"[0.0,3.0,9.5,1.0]","[0.0,1.4469607794753012,3.274612083052273,3.709110714077983]",1
,,,,,"[0.0,2.0,6.1,1.0]","[0.0,0.9646405196502008,2.1026456533283016,3.709110714077983]",1
,,,,,"[0.0,4.0,9.9,1.0]","[0.0,1.9292810393004016,3.4124904865492107,3.709110714077983]",1
,,,,,"[0.0,1.0,9.0,1.0]","[0.0,0.4823202598251004,3.1022640786811007,3.709110714077983]",1
,,,,,"[0.0,1.0,8.5,1.0]","[0.0,0.4823202598251004,2.9299160743099284,3.709110714077983]",1
,,,,,"[0.0,3.0,7.5,1.0]","[0.0,1.4469607794753012,2.585220065567584,3.709110714077983]",1
,,,,,"[0.0,3.0,7.8,1.0]","[0.0,1.4469607794753012,2.6886288681902872,3.709110714077983]",1
,,,,,"[0.0,1.0,6.3,1.0]","[0.0,0.4823202598251004,2.1715848550767705,3.709110714077983]",1
,,,,,"[0.0,3.0,7.7,1.0]","[0.0,1.4469607794753012,2.654159267316053,3.709110714077983]",1
,,,,,"[0.0,5.0,8.7,1.0]","[0.0,2.4116012991255023,2.998855276058397,3.709110714077983]",1
,,,,,"[0.0,2.0,9.8,1.0]","[0.0,0.9646405196502008,3.3780208856749767,3.709110714077983]",1
,,,,,"[0.0,4.0,6.4,1.0]","[0.0,1.9292810393004016,2.206054455951005,3.709110714077983]",1
,,,,,"[0.0,5.0,8.4,1.0]","[0.0,2.4116012991255023,2.895446473435694,3.709110714077983]",1
,,,,,"[0.0,2.0,6.8,1.0]","[0.0,0.9646405196502008,2.3439328594479427,3.709110714077983]",1
,,,,,"[0.0,1.0,9.3,1.0]","[0.0,0.4823202598251004,3.2056728813038045,3.709110714077983]",1
,,,,,"[0.0,4.0,6.2,1.0]","[0.0,1.9292810393004016,2.137115254202536,3.709110714077983]",1
,,,,,"[0.0,1.0,8.5,1.0]","[0.0,0.4823202598251004,2.9299160743099284,3.709110714077983]",1
,,,,,"[0.0,1.0,6.9,1.0]","[0.0,0.4823202598251004,2.378402460322177,3.709110714077983]",1
,,,,,"[0.0,5.0,9.9,1.0]","[0.0,2.4116012991255023,3.4124904865492107,3.709110714077983]",1
,,,,,"[0.0,5.0,7.0,1.0]","[0.0,2.4116012991255023,2.4128720611964116,3.709110714077983]",1
,,,,,"[0.0,1.0,9.9,1.0]","[0.0,0.4823202598251004,3.4124904865492107,3.709110714077983]",1
,,,,,"[0.0,3.0,9.9,1.0]","[0.0,1.4469607794753012,3.4124904865492107,3.709110714077983]",1
,,,,,"[0.0,1.0,8.8,1.0]","[0.0,0.4823202598251004,3.033324876932632,3.709110714077983]",1
,,,,,"[0.0,2.0,7.6,1.0]","[0.0,0.9646405196502008,2.6196896664418183,3.709110714077983]",1
,,,,,"[0.0,5.0,7.9,1.0]","[0.0,2.4116012991255023,2.7230984690645217,3.709110714077983]",1
,,,,,"[0.0,5.0,6.7,1.0]","[0.0,2.4116012991255023,2.3094632585737083,3.709110714077983]",1
,,,,,"[0.0,4.0,8.7,1.0]","[0.0,1.9292810393004016,2.998855276058397,3.709110714077983]",1
,,,,,"[0.0,3.0,6.7,1.0]","[0.0,1.4469607794753012,2.3094632585737083,3.709110714077983]",1
,,,,,"[0.0,4.0,8.0,1.0]","[0.0,1.9292810393004016,2.757568069938756,3.709110714077983]",1
,,,,,"[0.0,1.0,9.1,1.0]","[0.0,0.4823202598251004,3.136733679555335,3.709110714077983]",1
,,,,,"[0.0,5.0,7.2,1.0]","[0.0,2.4116012991255023,2.4818112629448805,3.709110714077983]",1
,,,,,"[0.0,1.0,8.8,1.0]","[0.0,0.4823202598251004,3.033324876932632,3.709110714077983]",1
,,,,,"[0.0,1.0,8.3,1.0]","[0.0,0.4823202598251004,2.86097687256146,3.709110714077983]",1
,,,,,"[0.0,5.0,9.9,1.0]","[0.0,2.4116012991255023,3.4124904865492107,3.709110714077983]",1
,,,,,"[0.0,3.0,9.2,1.0]","[0.0,1.4469607794753012,3.171203280429569,3.709110714077983]",1
,,,,,"[0.0,3.0,7.2,1.0]","[0.0,1.4469607794753012,2.4818112629448805,3.709110714077983]",1
,,,,,"[0.0,5.0,9.0,1.0]","[0.0,2.4116012991255023,3.1022640786811007,3.709110714077983]",1
,,,,,"[0.0,1.0,8.6,1.0]","[0.0,0.4823202598251004,2.964385675184163,3.709110714077983]",1
,,,,,"[0.0,3.0,8.8,1.0]","[0.0,1.4469607794753012,3.033324876932632,3.709110714077983]",1
,,,,,"[0.0,5.0,9.9,1.0]","[0.0,2.4116012991255023,3.4124904865492107,3.709110714077983]",1
,,,,,"[0.0,5.0,6.8,1.0]","[0.0,2.4116012991255023,2.3439328594479427,3.709110714077983]",1
,,,,,"[0.0,1.0,7.1,1.0]","[0.0,0.4823202598251004,2.447341662070646,3.709110714077983]",1
,,,,,"[0.0,3.0,6.6,1.0]","[0.0,1.4469607794753012,2.274993657699474,3.709110714077983]",1
,,,,,"[0.0,5.0,9.9,1.0]","[0.0,2.4116012991255023,3.4124904865492107,3.709110714077983]",1
,,,,,"[0.0,1.0,7.7,1.0]","[0.0,0.4823202598251004,2.654159267316053,3.709110714077983]",1
,,,,,"[0.0,1.0,7.2,1.0]","[0.0,0.4823202598251004,2.4818112629448805,3.709110714077983]",1
,,,,,"[0.0,5.0,9.9,1.0]","[0.0,2.4116012991255023,3.4124904865492107,3.709110714077983]",1
,,,,,"[0.0,4.0,9.0,1.0]","[0.0,1.9292810393004016,3.1022640786811007,3.709110714077983]",1
,,,,,"[0.0,1.0,7.5,1.0]","[0.0,0.4823202598251004,2.585220065567584,3.709110714077983]",1
,,,,,"[0.0,2.0,8.1,1.0]","[0.0,0.9646405196502008,2.7920376708129906,3.709110714077983]",1
,,,,,"[0.0,3.0,9.3,1.0]","[0.0,1.4469607794753012,3.2056728813038045,3.709110714077983]",1
,,,,,"[0.0,1.0,9.5,1.0]","[0.0,0.4823202598251004,3.274612083052273,3.709110714077983]",1
,,,,,"[0.0,2.0,6.3,1.0]","[0.0,0.9646405196502008,2.1715848550767705,3.709110714077983]",1
,,,,,"[0.0,1.0,10.0,1.0]","[0.0,0.4823202598251004,3.446960087423445,3.709110714077983]",1
,,,,,"[0.0,2.0,7.9,1.0]","[0.0,0.9646405196502008,2.7230984690645217,3.709110714077983]",1
,,,,,"[0.0,3.0,6.9,1.0]","[0.0,1.4469607794753012,2.378402460322177,3.709110714077983]",1
,,,,,"[0.0,4.0,9.4,1.0]","[0.0,1.9292810393004016,3.2401424821780385,3.709110714077983]",1
,,,,,"[0.0,1.0,6.2,1.0]","[0.0,0.4823202598251004,2.137115254202536,3.709110714077983]",1
,,,,,"[0.0,2.0,8.0,1.0]","[0.0,0.9646405196502008,2.757568069938756,3.709110714077983]",1
,,,,,"[0.0,4.0,7.7,1.0]","[0.0,1.9292810393004016,2.654159267316053,3.709110714077983]",1
,,,,,"[0.0,1.0,9.5,1.0]","[0.0,0.4823202598251004,3.274612083052273,3.709110714077983]",1
,,,,,"[0.0,1.0,7.2,1.0]","[0.0,0.4823202598251004,2.4818112629448805,3.709110714077983]",1
,,,,,"[0.0,2.0,9.1,1.0]","[0.0,0.9646405196502008,3.136733679555335,3.709110714077983]",1
,,,,,"[0.0,5.0,9.7,1.0]","[0.0,2.4116012991255023,3.3435512848007414,3.709110714077983]",1
,,,,,"[0.0,1.0,9.2,1.0]","[0.0,0.4823202598251004,3.171203280429569,3.709110714077983]",1
,,,,,"[0.0,1.0,7.4,1.0]","[0.0,0.4823202598251004,2.5507504646933494,3.709110714077983]",1
,,,,,"[0.0,1.0,8.2,1.0]","[0.0,0.4823202598251004,2.8265072716872246,3.709110714077983]",1
,,,,,"[0.0,3.0,7.8,1.0]","[0.0,1.4469607794753012,2.6886288681902872,3.709110714077983]",1
,,,,,"[0.0,3.0,8.4,1.0]","[0.0,1.4469607794753012,2.895446473435694,3.709110714077983]",1
,,,,,"[0.0,3.0,9.5,1.0]","[0.0,1.4469607794753012,3.274612083052273,3.709110714077983]",1
,,,,,"[0.0,5.0,8.3,1.0]","[0.0,2.4116012991255023,2.86097687256146,3.709110714077983]",1
,,,,,"[0.0,2.0,7.9,1.0]","[0.0,0.9646405196502008,2.7230984690645217,3.709110714077983]",1
,,,,,"[0.0,1.0,9.0,1.0]","[0.0,0.4823202598251004,3.1022640786811007,3.709110714077983]",1
,,,,,"[0.0,5.0,9.5,1.0]","[0.0,2.4116012991255023,3.274612083052273,3.709110714077983]",1
,,,,,"[0.0,4.0,8.3,1.0]","[0.0,1.9292810393004016,2.86097687256146,3.709110714077983]",1
,,,,,"[0.0,4.0,9.6,1.0]","[0.0,1.9292810393004016,3.3090816839265074,3.709110714077983]",1
,,,,,"[0.0,2.0,6.5,1.0]","[0.0,0.9646405196502008,2.2405240568252394,3.709110714077983]",1
,,,,,"[0.0,2.0,7.9,1.0]","[0.0,0.9646405196502008,2.7230984690645217,3.709110714077983]",1
,,,,,"[0.0,5.0,6.9,1.0]","[0.0,2.4116012991255023,2.378402460322177,3.709110714077983]",1
,,,,,"[0.0,5.0,7.9,1.0]","[0.0,2.4116012991255023,2.7230984690645217,3.709110714077983]",1
,,,,,"[0.0,3.0,9.1,1.0]","[0.0,1.4469607794753012,3.136733679555335,3.709110714077983]",1
,,,,,"[0.0,5.0,8.6,1.0]","[0.0,2.4116012991255023,2.964385675184163,3.709110714077983]",1
,,,,,"[0.0,4.0,6.9,1.0]","[0.0,1.9292810393004016,2.378402460322177,3.709110714077983]",1
,,,,,"[0.0,5.0,7.9,1.0]","[0.0,2.4116012991255023,2.7230984690645217,3.709110714077983]",1
,,,,,"[0.0,1.0,8.9,1.0]","[0.0,0.4823202598251004,3.067794477806866,3.709110714077983]",1
,,,,,"[0.0,1.0,8.7,1.0]","[0.0,0.4823202598251004,2.998855276058397,3.709110714077983]",1
,,,,,"[0.0,2.0,6.3,1.0]","[0.0,0.9646405196502008,2.1715848550767705,3.709110714077983]",1
,,,,,"[0.0,2.0,6.2,1.0]","[0.0,0.9646405196502008,2.137115254202536,3.709110714077983]",1
,,,,,"[0.0,3.0,6.4,1.0]","[0.0,1.4469607794753012,2.206054455951005,3.709110714077983]",1
,,,,,"[0.0,4.0,9.6,1.0]","[0.0,1.9292810393004016,3.3090816839265074,3.709110714077983]",1
,,,,,"[0.0,5.0,8.7,1.0]","[0.0,2.4116012991255023,2.998855276058397,3.709110714077983]",1
,,,,,"[0.0,2.0,6.7,1.0]","[0.0,0.9646405196502008,2.3094632585737083,3.709110714077983]",1
,,,,,"[0.0,5.0,8.7,1.0]","[0.0,2.4116012991255023,2.998855276058397,3.709110714077983]",1
,,,,,"[0.0,2.0,8.6,1.0]","[0.0,0.9646405196502008,2.964385675184163,3.709110714077983]",1
,,,,,"[0.0,2.0,7.1,1.0]","[0.0,0.9646405196502008,2.447341662070646,3.709110714077983]",1
,,,,,"[0.0,5.0,8.8,1.0]","[0.0,2.4116012991255023,3.033324876932632,3.709110714077983]",1
,,,,,"[0.0,1.0,8.2,1.0]","[0.0,0.4823202598251004,2.8265072716872246,3.709110714077983]",1
,,,,,"[0.0,1.0,7.9,1.0]","[0.0,0.4823202598251004,2.7230984690645217,3.709110714077983]",1
,,,,,"[0.0,4.0,8.8,1.0]","[0.0,1.9292810393004016,3.033324876932632,3.709110714077983]",1
,,,,,"[0.0,1.0,8.4,1.0]","[0.0,0.4823202598251004,2.895446473435694,3.709110714077983]",1
,,,,,"[0.0,2.0,10.0,1.0]","[0.0,0.9646405196502008,3.446960087423445,3.709110714077983]",1
,,,,,"[0.0,1.0,6.2,1.0]","[0.0,0.4823202598251004,2.137115254202536,3.709110714077983]",1
,,,,,"[0.0,4.0,6.6,1.0]","[0.0,1.9292810393004016,2.274993657699474,3.709110714077983]",1
,,,,,"[0.0,5.0,8.6,1.0]","[0.0,2.4116012991255023,2.964385675184163,3.709110714077983]",1
,,,,,"[0.0,4.0,7.3,1.0]","[0.0,1.9292810393004016,2.516280863819115,3.709110714077983]",1
,,,,,"[0.0,3.0,8.8,1.0]","[0.0,1.4469607794753012,3.033324876932632,3.709110714077983]",1
,,,,,"[0.0,5.0,8.8,1.0]","[0.0,2.4116012991255023,3.033324876932632,3.709110714077983]",1
,,,,,"[0.0,4.0,6.6,1.0]","[0.0,1.9292810393004016,2.274993657699474,3.709110714077983]",1
,,,,,"[0.0,2.0,8.1,1.0]","[0.0,0.9646405196502008,2.7920376708129906,3.709110714077983]",1
,,,,,"[0.0,5.0,9.5,1.0]","[0.0,2.4116012991255023,3.274612083052273,3.709110714077983]",1
,,,,,"[0.0,4.0,9.4,1.0]","[0.0,1.9292810393004016,3.2401424821780385,3.709110714077983]",1
,,,,,"[0.0,3.0,8.1,1.0]","[0.0,1.4469607794753012,2.7920376708129906,3.709110714077983]",1
,,,,,"[0.0,2.0,6.9,1.0]","[0.0,0.9646405196502008,2.378402460322177,3.709110714077983]",1
,,,,,"[0.0,5.0,8.5,1.0]","[0.0,2.4116012991255023,2.9299160743099284,3.709110714077983]",1
,,,,,"[0.0,5.0,9.8,1.0]","[0.0,2.4116012991255023,3.3780208856749767,3.709110714077983]",1
,,,,,"[0.0,4.0,7.9,1.0]","[0.0,1.9292810393004016,2.7230984690645217,3.709110714077983]",1
,,,,,"[0.0,3.0,8.9,1.0]","[0.0,1.4469607794753012,3.067794477806866,3.709110714077983]",1
,,,,,"[0.0,5.0,6.4,1.0]","[0.0,2.4116012991255023,2.206054455951005,3.709110714077983]",1
,,,,,"[0.0,4.0,9.5,1.0]","[0.0,1.9292810393004016,3.274612083052273,3.709110714077983]",1
,,,,,"[0.0,3.0,7.3,1.0]","[0.0,1.4469607794753012,2.516280863819115,3.709110714077983]",1
,,,,,"[0.0,4.0,7.0,1.0]","[0.0,1.9292810393004016,2.4128720611964116,3.709110714077983]",1
,,,,,"[0.0,2.0,8.9,1.0]","[0.0,0.9646405196502008,3.067794477806866,3.709110714077983]",1
,,,,,"[0.0,1.0,7.6,1.0]","[0.0,0.4823202598251004,2.6196896664418183,3.709110714077983]",1
,,,,,"[0.0,2.0,7.6,1.0]","[0.0,0.9646405196502008,2.6196896664418183,3.709110714077983]",1
,,,,,"[0.0,5.0,7.9,1.0]","[0.0,2.4116012991255023,2.7230984690645217,3.709110714077983]",1
,,,,,"[0.0,5.0,8.1,1.0]","[0.0,2.4116012991255023,2.7920376708129906,3.709110714077983]",1
,,,,,"[0.0,5.0,7.8,1.0]","[0.0,2.4116012991255023,2.6886288681902872,3.709110714077983]",1
,,,,,"[0.0,3.0,7.0,1.0]","[0.0,1.4469607794753012,2.4128720611964116,3.709110714077983]",1
,,,,,"[0.0,3.0,6.1,1.0]","[0.0,1.4469607794753012,2.1026456533283016,3.709110714077983]",1
,,,,,"[0.0,2.0,10.0,1.0]","[0.0,0.9646405196502008,3.446960087423445,3.709110714077983]",1
,,,,,"[0.0,2.0,8.8,1.0]","[0.0,0.9646405196502008,3.033324876932632,3.709110714077983]",1
,,,,,"[0.0,5.0,6.5,1.0]","[0.0,2.4116012991255023,2.2405240568252394,3.709110714077983]",1
,,,,,"[0.0,4.0,7.5,1.0]","[0.0,1.9292810393004016,2.585220065567584,3.709110714077983]",1
,,,,,"[0.0,5.0,6.8,1.0]","[0.0,2.4116012991255023,2.3439328594479427,3.709110714077983]",1
,,,,,"[0.0,1.0,6.9,1.0]","[0.0,0.4823202598251004,2.378402460322177,3.709110714077983]",1
,,,,,"[0.0,1.0,6.5,1.0]","[0.0,0.4823202598251004,2.2405240568252394,3.709110714077983]",1
,,,,,"[0.0,0.0,8.3,1.0]","[0.0,0.0,2.86097687256146,3.709110714077983]",1
,,,,,"[0.0,5.0,8.2,1.0]","[0.0,2.4116012991255023,2.8265072716872246,3.709110714077983]",1
,,,,,"[0.0,4.0,8.4,1.0]","[0.0,1.9292810393004016,2.895446473435694,3.709110714077983]",1
,,,,,"[0.0,4.0,9.0,1.0]","[0.0,1.9292810393004016,3.1022640786811007,3.709110714077983]",1
,,,,,"[0.0,0.0,8.8,1.0]","[0.0,0.0,3.033324876932632,3.709110714077983]",1
,,,,,"[0.0,0.0,8.0,1.0]","[0.0,0.0,2.757568069938756,3.709110714077983]",1
,,,,,"[0.0,0.0,8.6,1.0]","[0.0,0.0,2.964385675184163,3.709110714077983]",1
,,,,,"[0.0,4.0,9.2,1.0]","[0.0,1.9292810393004016,3.171203280429569,3.709110714077983]",1
,,,,,"[0.0,0.0,9.2,1.0]","[0.0,0.0,3.171203280429569,3.709110714077983]",1
,,,,,"[0.0,0.0,9.3,1.0]","[0.0,0.0,3.2056728813038045,3.709110714077983]",1
,,,,,"[0.0,0.0,10.0,1.0]","[0.0,0.0,3.446960087423445,3.709110714077983]",1
,,,,,"[0.0,0.0,8.9,1.0]","[0.0,0.0,3.067794477806866,3.709110714077983]",1
,,,,,"[0.0,0.0,9.4,1.0]","[0.0,0.0,3.2401424821780385,3.709110714077983]",1
,,,,,"[0.0,0.0,8.2,1.0]","[0.0,0.0,2.8265072716872246,3.709110714077983]",1
,,,,,"[0.0,0.0,9.6,1.0]","[0.0,0.0,3.3090816839265074,3.709110714077983]",1
,,,,,"[0.0,0.0,8.5,1.0]","[0.0,0.0,2.9299160743099284,3.709110714077983]",1
,,,,,"[0.0,0.0,9.3,1.0]","[0.0,0.0,3.2056728813038045,3.709110714077983]",1
,,,,,"[0.0,0.0,10.0,1.0]","[0.0,0.0,3.446960087423445,3.709110714077983]",1
,,,,,"[0.0,0.0,10.0,1.0]","[0.0,0.0,3.446960087423445,3.709110714077983]",1
,,,,,"[0.0,0.0,9.7,1.0]","[0.0,0.0,3.3435512848007414,3.709110714077983]",1
,,,,,"[0.0,4.0,8.8,1.0]","[0.0,1.9292810393004016,3.033324876932632,3.709110714077983]",1
,,,,,"[0.0,0.0,8.1,1.0]","[0.0,0.0,2.7920376708129906,3.709110714077983]",1
,,,,,"[0.0,5.0,8.8,1.0]","[0.0,2.4116012991255023,3.033324876932632,3.709110714077983]",1
,,,,,"[0.0,0.0,7.1,1.0]","[0.0,0.0,2.447341662070646,3.709110714077983]",1
,,,,,"[0.0,0.0,7.1,1.0]","[0.0,0.0,2.447341662070646,3.709110714077983]",1
,,,,,"[0.0,0.0,8.3,1.0]","[0.0,0.0,2.86097687256146,3.709110714077983]",1
,,,,,"[0.0,0.0,8.2,1.0]","[0.0,0.0,2.8265072716872246,3.709110714077983]",1
,,,,,"[0.0,0.0,4.0,1.0]","[0.0,0.0,1.378784034969378,3.709110714077983]",0
,,,,,"[0.0,0.0,5.5,1.0]","[0.0,0.0,1.8958280480828948,3.709110714077983]",0
,,,,,"(4,[3],[1.0])","(4,[3],[3.709110714077983])",0
,,,,,"[0.0,0.0,6.0,1.0]","[0.0,0.0,2.068176052454067,3.709110714077983]",0
,,,,,"[0.0,0.0,9.5,1.0]","[0.0,0.0,3.274612083052273,3.709110714077983]",1
,,,,,"[0.0,0.0,9.2,1.0]","[0.0,0.0,3.171203280429569,3.709110714077983]",1
,,,,,"[0.0,0.0,9.4,1.0]","[0.0,0.0,3.2401424821780385,3.709110714077983]",1
,,,,,"[0.0,0.0,8.0,1.0]","[0.0,0.0,2.757568069938756,3.709110714077983]",1
,,,,,"[0.0,0.0,8.4,1.0]","[0.0,0.0,2.895446473435694,3.709110714077983]",1
,,,,,"[0.0,0.0,8.9,1.0]","[0.0,0.0,3.067794477806866,3.709110714077983]",1
,,,,,"[0.0,0.0,5.7,1.0]","[0.0,0.0,1.9647672498313637,3.709110714077983]",0
,,,,,"(4,[3],[1.0])","(4,[3],[3.709110714077983])",0
,,,,,"(4,[3],[1.0])","(4,[3],[3.709110714077983])",0
,,,,,"[0.0,0.0,7.7,1.0]","[0.0,0.0,2.654159267316053,3.709110714077983]",1
,,,,,"[0.0,0.0,9.1,1.0]","[0.0,0.0,3.136733679555335,3.709110714077983]",1
,,,,,"[0.0,0.0,8.0,1.0]","[0.0,0.0,2.757568069938756,3.709110714077983]",1
,,,,,"[0.0,0.0,9.3,1.0]","[0.0,0.0,3.2056728813038045,3.709110714077983]",1
,,,,,"[0.0,0.0,8.4,1.0]","[0.0,0.0,2.895446473435694,3.709110714077983]",1
,,,,,"[0.0,0.0,8.7,1.0]","[0.0,0.0,2.998855276058397,3.709110714077983]",1
,,,,,"[0.0,0.0,8.9,1.0]","[0.0,0.0,3.067794477806866,3.709110714077983]",1
,,,,,"[0.0,0.0,10.0,1.0]","[0.0,0.0,3.446960087423445,3.709110714077983]",1
,,,,,"[0.0,0.0,9.1,1.0]","[0.0,0.0,3.136733679555335,3.709110714077983]",1
,,,,,"(4,[3],[1.0])","(4,[3],[3.709110714077983])",0
,,,,,"[0.0,5.0,7.8,1.0]","[0.0,2.4116012991255023,2.6886288681902872,3.709110714077983]",1
,,,,,"[0.0,0.0,8.1,1.0]","[0.0,0.0,2.7920376708129906,3.709110714077983]",1
,,,,,"[0.0,0.0,10.0,1.0]","[0.0,0.0,3.446960087423445,3.709110714077983]",1
,,,,,"(4,[3],[1.0])","(4,[3],[3.709110714077983])",0
,,,,,"[0.0,3.0,8.2,1.0]","[0.0,1.4469607794753012,2.8265072716872246,3.709110714077983]",1
,,,,,"[0.0,4.0,8.1,1.0]","[0.0,1.9292810393004016,2.7920376708129906,3.709110714077983]",1
,,,,,"[0.0,4.0,8.4,1.0]","[0.0,1.9292810393004016,2.895446473435694,3.709110714077983]",1
,,,,,"[0.0,0.0,8.4,1.0]","[0.0,0.0,2.895446473435694,3.709110714077983]",1
,,,,,"[0.0,5.0,8.6,1.0]","[0.0,2.4116012991255023,2.964385675184163,3.709110714077983]",1
,,,,,"[0.0,0.0,9.9,1.0]","[0.0,0.0,3.4124904865492107,3.709110714077983]",1
,,,,,"[0.0,0.0,8.4,1.0]","[0.0,0.0,2.895446473435694,3.709110714077983]",1
,,,,,"[0.0,0.0,8.8,1.0]","[0.0,0.0,3.033324876932632,3.709110714077983]",1
,,,,,"[0.0,0.0,10.0,1.0]","[0.0,0.0,3.446960087423445,3.709110714077983]",1
,,,,,"[0.0,0.0,8.3,1.0]","[0.0,0.0,2.86097687256146,3.709110714077983]",1
,,,,,"[0.0,0.0,7.6,1.0]","[0.0,0.0,2.6196896664418183,3.709110714077983]",1
,,,,,"[0.0,0.0,9.4,1.0]","[0.0,0.0,3.2401424821780385,3.709110714077983]",1
,,,,,"[0.0,0.0,8.1,1.0]","[0.0,0.0,2.7920376708129906,3.709110714077983]",1
,,,,,"[0.0,0.0,9.9,1.0]","[0.0,0.0,3.4124904865492107,3.709110714077983]",1
,,,,,"[0.0,0.0,9.6,1.0]","[0.0,0.0,3.3090816839265074,3.709110714077983]",1
,,,,,"[0.0,0.0,9.6,1.0]","[0.0,0.0,3.3090816839265074,3.709110714077983]",1
,,,,,"(4,[3],[1.0])","(4,[3],[3.709110714077983])",0
,,,,,"[0.0,0.0,9.4,1.0]","[0.0,0.0,3.2401424821780385,3.709110714077983]",1
,,,,,"[0.0,0.0,9.3,1.0]","[0.0,0.0,3.2056728813038045,3.709110714077983]",1
,,,,,"[0.0,0.0,9.3,1.0]","[0.0,0.0,3.2056728813038045,3.709110714077983]",1
,,,,,"[0.0,0.0,10.0,1.0]","[0.0,0.0,3.446960087423445,3.709110714077983]",1
,,,,,"(4,[3],[1.0])","(4,[3],[3.709110714077983])",0
,,,,,"[0.0,0.0,9.9,1.0]","[0.0,0.0,3.4124904865492107,3.709110714077983]",1
,,,,,"[0.0,0.0,9.6,1.0]","[0.0,0.0,3.3090816839265074,3.709110714077983]",1
,,,,,"[0.0,0.0,9.7,1.0]","[0.0,0.0,3.3435512848007414,3.709110714077983]",1
,,,,,"[0.0,0.0,8.2,1.0]","[0.0,0.0,2.8265072716872246,3.709110714077983]",1
,,,,,"[0.0,0.0,10.0,1.0]","[0.0,0.0,3.446960087423445,3.709110714077983]",1
,,,,,"[0.0,0.0,9.6,1.0]","[0.0,0.0,3.3090816839265074,3.709110714077983]",1
,,,,,"[0.0,0.0,9.8,1.0]","[0.0,0.0,3.3780208856749767,3.709110714077983]",1
,,,,,"[0.0,0.0,10.0,1.0]","[0.0,0.0,3.446960087423445,3.709110714077983]",1
,,,,,"(4,[3],[1.0])","(4,[3],[3.709110714077983])",0
,,,,,"[0.0,0.0,8.8,1.0]","[0.0,0.0,3.033324876932632,3.709110714077983]",1
,,,,,"[0.0,0.0,8.9,1.0]","[0.0,0.0,3.067794477806866,3.709110714077983]",1
,,,,,"[0.0,4.0,9.0,1.0]","[0.0,1.9292810393004016,3.1022640786811007,3.709110714077983]",1
,,,,,"[0.0,0.0,8.7,1.0]","[0.0,0.0,2.998855276058397,3.709110714077983]",1
,,,,,"[0.0,0.0,9.6,1.0]","[0.0,0.0,3.3090816839265074,3.709110714077983]",1
,,,,,"[0.0,0.0,7.5,1.0]","[0.0,0.0,2.585220065567584,3.709110714077983]",1
,,,,,"[0.0,0.0,7.9,1.0]","[0.0,0.0,2.7230984690645217,3.709110714077983]",1
,,,,,"[0.0,4.0,9.2,1.0]","[0.0,1.9292810393004016,3.171203280429569,3.709110714077983]",1
,,,,,"[0.0,0.0,8.6,1.0]","[0.0,0.0,2.964385675184163,3.709110714077983]",1
,,,,,"[0.0,0.0,8.6,1.0]","[0.0,0.0,2.964385675184163,3.709110714077983]",1
,,,,,"[0.0,0.0,9.5,1.0]","[0.0,0.0,3.274612083052273,3.709110714077983]",1
,,,,,"[0.0,0.0,8.0,1.0]","[0.0,0.0,2.757568069938756,3.709110714077983]",1
,,,,,"[0.0,0.0,8.2,1.0]","[0.0,0.0,2.8265072716872246,3.709110714077983]",1
,,,,,"[0.0,0.0,8.4,1.0]","[0.0,0.0,2.895446473435694,3.709110714077983]",1
,,,,,"[0.0,0.0,9.2,1.0]","[0.0,0.0,3.171203280429569,3.709110714077983]",1
,,,,,"[0.0,0.0,7.0,1.0]","[0.0,0.0,2.4128720611964116,3.709110714077983]",1
,,,,,"[0.0,0.0,9.3,1.0]","[0.0,0.0,3.2056728813038045,3.709110714077983]",1
,,,,,"[0.0,0.0,8.4,1.0]","[0.0,0.0,2.895446473435694,3.709110714077983]",1
,,,,,"[0.0,0.0,6.5,1.0]","[0.0,0.0,2.2405240568252394,3.709110714077983]",1
,,,,,"[0.0,0.0,9.9,1.0]","[0.0,0.0,3.4124904865492107,3.709110714077983]",1
,,,,,"[0.0,0.0,9.1,1.0]","[0.0,0.0,3.136733679555335,3.709110714077983]",1
,,,,,"[0.0,3.0,7.5,1.0]","[0.0,1.4469607794753012,2.585220065567584,3.709110714077983]",1
,,,,,"[0.0,0.0,8.9,1.0]","[0.0,0.0,3.067794477806866,3.709110714077983]",1
,,,,,"(4,[3],[1.0])","(4,[3],[3.709110714077983])",0
,,,,,"(4,[3],[1.0])","(4,[3],[3.709110714077983])",0
,,,,,"[74.0,4.0,8.3,1.0]","[2.442409848303705e-06,1.9292810393004016,2.86097687256146,3.709110714077983]",1
,,,,,"[74.0,4.0,8.3,1.0]","[2.442409848303705e-06,1.9292810393004016,2.86097687256146,3.709110714077983]",1
,,,,,"[74.0,4.0,8.0,1.0]","[2.442409848303705e-06,1.9292810393004016,2.757568069938756,3.709110714077983]",1
,,,,,"[74.0,4.0,8.1,1.0]","[2.442409848303705e-06,1.9292810393004016,2.7920376708129906,3.709110714077983]",1
,,,,,"[74.0,4.0,8.5,1.0]","[2.442409848303705e-06,1.9292810393004016,2.9299160743099284,3.709110714077983]",1
,,,,,"[74.0,4.0,8.6,1.0]","[2.442409848303705e-06,1.9292810393004016,2.964385675184163,3.709110714077983]",1
,,,,,"[126.0,0.0,0.0,1.0]","[4.158697849814417e-06,0.0,0.0,3.709110714077983]",0
,,,,,"[115.0,0.0,0.0,1.0]","[3.7956369264179206e-06,0.0,0.0,3.709110714077983]",0
,,,,,"[146.0,4.0,9.0,1.0]","[4.81880861962623e-06,1.9292810393004016,3.1022640786811007,3.709110714077983]",1
,,,,,"[146.0,0.0,0.0,1.0]","[4.81880861962623e-06,0.0,0.0,3.709110714077983]",0
,,,,,"[146.0,0.0,0.0,1.0]","[4.81880861962623e-06,0.0,0.0,3.709110714077983]",0
,,,,,"[147.0,0.0,0.0,1.0]","[4.85181415811682e-06,0.0,0.0,3.709110714077983]",0
,,,,,"[45.0,4.0,8.7,1.0]","[1.4852492320765776e-06,1.9292810393004016,2.998855276058397,3.709110714077983]",1
,,,,,"[45.0,0.0,0.0,1.0]","[1.4852492320765776e-06,0.0,0.0,3.709110714077983]",0
,,,,,"[146.0,4.0,8.6,1.0]","[4.81880861962623e-06,1.9292810393004016,2.964385675184163,3.709110714077983]",1
,,,,,"[146.0,0.0,0.0,1.0]","[4.81880861962623e-06,0.0,0.0,3.709110714077983]",0
,,,,,"[126.0,0.0,0.0,1.0]","[4.158697849814417e-06,0.0,0.0,3.709110714077983]",0
,,,,,"[123.0,4.0,8.9,1.0]","[4.059681234342646e-06,1.9292810393004016,3.067794477806866,3.709110714077983]",1
,,,,,"[102.0,0.0,0.0,1.0]","[3.3665649260402427e-06,0.0,0.0,3.709110714077983]",0
,,,,,"[89.0,4.0,8.6,1.0]","[2.9374929256625647e-06,1.9292810393004016,2.964385675184163,3.709110714077983]",1
,,,,,"[86.0,4.0,8.3,1.0]","[2.8384763101907927e-06,1.9292810393004016,2.86097687256146,3.709110714077983]",1
,,,,,"[86.0,0.0,0.0,1.0]","[2.8384763101907927e-06,0.0,0.0,3.709110714077983]",0
,,,,,"[108.0,4.0,8.0,1.0]","[3.5645981569837862e-06,1.9292810393004016,2.757568069938756,3.709110714077983]",1
,,,,,"[108.0,0.0,0.0,1.0]","[3.5645981569837862e-06,0.0,0.0,3.709110714077983]",0
,,,,,"[-1166496249.0,0.0,0.0,1.0]","[-38.50083684549907,0.0,0.0,3.709110714077983]",2
,,,,,"[80.0,0.0,0.0,1.0]","[2.640443079247249e-06,0.0,0.0,3.709110714077983]",0
,,,,,"[80.0,0.0,0.0,1.0]","[2.640443079247249e-06,0.0,0.0,3.709110714077983]",0
,,,,,"[130228.0,0.0,0.0,1.0]","[0.004298245266552634,0.0,0.0,3.709110714077983]",0
,,,,,"[149178.0,0.0,0.0,1.0]","[0.004923700220949326,0.0,0.0,3.709110714077983]",0
,,,,,"[-1082994822.0,0.0,0.0,1.0]","[-35.74482728263133,0.0,0.0,3.709110714077983]",2
,,,,,"[-1353598147.0,0.0,0.0,1.0]","[-44.67623574160063,0.0,0.0,3.709110714077983]",2
,,,,,"[525228.0,0.0,0.0,1.0]","[0.017335432970335928,0.0,0.0,3.709110714077983]",0
,,,,,"[53.0,0.0,0.0,1.0]","[1.7492935400013025e-06,0.0,0.0,3.709110714077983]",0
,,,,,"[59.0,0.0,0.0,1.0]","[1.947326770944846e-06,0.0,0.0,3.709110714077983]",0
,,,,,"[179.0,0.0,0.0,1.0]","[5.90799138981572e-06,0.0,0.0,3.709110714077983]",0
,,,,,"[179.0,0.0,0.0,1.0]","[5.90799138981572e-06,0.0,0.0,3.709110714077983]",0
,,,,,"[154.0,0.0,0.0,1.0]","[5.082852927550954e-06,0.0,0.0,3.709110714077983]",0
,,,,,"[154.0,0.0,0.0,1.0]","[5.082852927550954e-06,0.0,0.0,3.709110714077983]",0
,,,,,"[75.0,0.0,0.0,1.0]","[2.475415386794296e-06,0.0,0.0,3.709110714077983]",0
,,,,,"[110.0,0.0,0.0,1.0]","[3.6306092339649674e-06,0.0,0.0,3.709110714077983]",0
,,,,,"[110.0,0.0,0.0,1.0]","[3.6306092339649674e-06,0.0,0.0,3.709110714077983]",0
,,,,,"[18.0,0.0,0.0,1.0]","[5.94099692830631e-07,0.0,0.0,3.709110714077983]",0
,,,,,"[26.0,0.0,0.0,1.0]","[8.58144000755356e-07,0.0,0.0,3.709110714077983]",0
,,,,,"[32.0,0.0,0.0,1.0]","[1.0561772316988996e-06,0.0,0.0,3.709110714077983]",0
,,,,,"[33.0,0.0,0.0,1.0]","[1.0891827701894902e-06,0.0,0.0,3.709110714077983]",0
,,,,,"[39.0,0.0,0.0,1.0]","[1.287216001133034e-06,0.0,0.0,3.709110714077983]",0
,,,,,"[32.0,0.0,0.0,1.0]","[1.0561772316988996e-06,0.0,0.0,3.709110714077983]",0
,,,,,"[192.0,0.0,0.0,1.0]","[6.337063390193397e-06,0.0,0.0,3.709110714077983]",0
,,,,,"[192.0,0.0,0.0,1.0]","[6.337063390193397e-06,0.0,0.0,3.709110714077983]",0
,,,,,"[192.0,0.0,0.0,1.0]","[6.337063390193397e-06,0.0,0.0,3.709110714077983]",0
,,,,,"[235.0,0.0,0.0,1.0]","[7.756301545288795e-06,0.0,0.0,3.709110714077983]",0
,,,,,"[235.0,0.0,0.0,1.0]","[7.756301545288795e-06,0.0,0.0,3.709110714077983]",0
,,,,,"[150.0,0.0,0.0,1.0]","[4.950830773588592e-06,0.0,0.0,3.709110714077983]",0
,,,,,"[150.0,0.0,0.0,1.0]","[4.950830773588592e-06,0.0,0.0,3.709110714077983]",0
,,,,,"[86.0,0.0,0.0,1.0]","[2.8384763101907927e-06,0.0,0.0,3.709110714077983]",0
,,,,,"[48.0,0.0,0.0,1.0]","[1.5842658475483493e-06,0.0,0.0,3.709110714077983]",0
,,,,,"[158.0,0.0,0.0,1.0]","[5.214875081513317e-06,0.0,0.0,3.709110714077983]",0
,,,,,"[158.0,0.0,0.0,1.0]","[5.214875081513317e-06,0.0,0.0,3.709110714077983]",0
,,,,,"[52.0,0.0,0.0,1.0]","[1.716288001510712e-06,0.0,0.0,3.709110714077983]",0
,,,,,"[64.0,0.0,0.0,1.0]","[2.1123544633977993e-06,0.0,0.0,3.709110714077983]",0
,,,,,"[64.0,0.0,0.0,1.0]","[2.1123544633977993e-06,0.0,0.0,3.709110714077983]",0
,,,,,"[34.0,0.0,0.0,1.0]","[1.1221883086800808e-06,0.0,0.0,3.709110714077983]",0
,,,,,"[74.0,0.0,0.0,1.0]","[2.442409848303705e-06,0.0,0.0,3.709110714077983]",0
,,,,,"[74.0,0.0,0.0,1.0]","[2.442409848303705e-06,0.0,0.0,3.709110714077983]",0
,,,,,"[74.0,0.0,0.0,1.0]","[2.442409848303705e-06,0.0,0.0,3.709110714077983]",0
,,,,,"[95.0,0.0,0.0,1.0]","[3.1355261566061083e-06,0.0,0.0,3.709110714077983]",0
,,,,,"[40.0,0.0,0.0,1.0]","[1.3202215396236246e-06,0.0,0.0,3.709110714077983]",0
,,,,,"[192.0,0.0,0.0,1.0]","[6.337063390193397e-06,0.0,0.0,3.709110714077983]",0
,,,,,"[64.0,0.0,0.0,1.0]","[2.1123544633977993e-06,0.0,0.0,3.709110714077983]",0
,,,,,"(4,[3],[1.0])","(4,[3],[3.709110714077983])",0
,,,,,"[0.0,0.0,8.0,1.0]","[0.0,0.0,2.757568069938756,3.709110714077983]",1
,,,,,"[0.0,3.0,8.0,1.0]","[0.0,1.4469607794753012,2.757568069938756,3.709110714077983]",1
,,,,,"[0.0,4.0,8.8,1.0]","[0.0,1.9292810393004016,3.033324876932632,3.709110714077983]",1
,,,,,"[0.0,3.0,8.3,1.0]","[0.0,1.4469607794753012,2.86097687256146,3.709110714077983]",1
,,,,,"[0.0,0.0,8.8,1.0]","[0.0,0.0,3.033324876932632,3.709110714077983]",1
,,,,,"[0.0,3.0,8.4,1.0]","[0.0,1.4469607794753012,2.895446473435694,3.709110714077983]",1
,,,,,"[0.0,3.0,8.4,1.0]","[0.0,1.4469607794753012,2.895446473435694,3.709110714077983]",1
,,,,,"[0.0,3.0,8.0,1.0]","[0.0,1.4469607794753012,2.757568069938756,3.709110714077983]",1
,,,,,"[0.0,0.0,7.8,1.0]","[0.0,0.0,2.6886288681902872,3.709110714077983]",1
,,,,,"[0.0,3.0,8.2,1.0]","[0.0,1.4469607794753012,2.8265072716872246,3.709110714077983]",1
,,,,,"[0.0,3.0,7.3,1.0]","[0.0,1.4469607794753012,2.516280863819115,3.709110714077983]",1
,,,,,"[0.0,3.0,7.3,1.0]","[0.0,1.4469607794753012,2.516280863819115,3.709110714077983]",1
,,,,,"[0.0,0.0,8.2,1.0]","[0.0,0.0,2.8265072716872246,3.709110714077983]",1
,,,,,"[0.0,0.0,7.1,1.0]","[0.0,0.0,2.447341662070646,3.709110714077983]",1
,,,,,"[0.0,0.0,8.5,1.0]","[0.0,0.0,2.9299160743099284,3.709110714077983]",1
,,,,,"[0.0,0.0,8.0,1.0]","[0.0,0.0,2.757568069938756,3.709110714077983]",1
,,,,,"[0.0,0.0,8.0,1.0]","[0.0,0.0,2.757568069938756,3.709110714077983]",1
,,,,,"[0.0,3.0,8.3,1.0]","[0.0,1.4469607794753012,2.86097687256146,3.709110714077983]",1
,,,,,"[0.0,3.0,8.4,1.0]","[0.0,1.4469607794753012,2.895446473435694,3.709110714077983]",1
,,,,,"(4,[3],[1.0])","(4,[3],[3.709110714077983])",0
,,,,,"[0.0,3.0,8.1,1.0]","[0.0,1.4469607794753012,2.7920376708129906,3.709110714077983]",1
,,,,,"[0.0,4.0,9.1,1.0]","[0.0,1.9292810393004016,3.136733679555335,3.709110714077983]",1
,,,,,"[0.0,3.0,7.5,1.0]","[0.0,1.4469607794753012,2.585220065567584,3.709110714077983]",1
,,,,,"[0.0,0.0,8.0,1.0]","[0.0,0.0,2.757568069938756,3.709110714077983]",1
,,,,,"[0.0,3.0,8.4,1.0]","[0.0,1.4469607794753012,2.895446473435694,3.709110714077983]",1
,,,,,"[0.0,3.0,8.6,1.0]","[0.0,1.4469607794753012,2.964385675184163,3.709110714077983]",1
,,,,,"[0.0,4.0,8.0,1.0]","[0.0,1.9292810393004016,2.757568069938756,3.709110714077983]",1
,,,,,"[0.0,3.0,8.9,1.0]","[0.0,1.4469607794753012,3.067794477806866,3.709110714077983]",1
,,,,,"[0.0,4.0,8.4,1.0]","[0.0,1.9292810393004016,2.895446473435694,3.709110714077983]",1
,,,,,"[0.0,3.0,8.0,1.0]","[0.0,1.4469607794753012,2.757568069938756,3.709110714077983]",1
,,,,,"[0.0,3.0,8.4,1.0]","[0.0,1.4469607794753012,2.895446473435694,3.709110714077983]",1
,,,,,"[0.0,3.0,7.9,1.0]","[0.0,1.4469607794753012,2.7230984690645217,3.709110714077983]",1
,,,,,"[0.0,3.0,8.8,1.0]","[0.0,1.4469607794753012,3.033324876932632,3.709110714077983]",1
,,,,,"[0.0,4.0,8.6,1.0]","[0.0,1.9292810393004016,2.964385675184163,3.709110714077983]",1
,,,,,"[0.0,3.0,8.3,1.0]","[0.0,1.4469607794753012,2.86097687256146,3.709110714077983]",1
,,,,,"[0.0,4.0,8.6,1.0]","[0.0,1.9292810393004016,2.964385675184163,3.709110714077983]",1
,,,,,"[0.0,3.0,8.0,1.0]","[0.0,1.4469607794753012,2.757568069938756,3.709110714077983]",1
,,,,,"[0.0,4.0,8.4,1.0]","[0.0,1.9292810393004016,2.895446473435694,3.709110714077983]",1
,,,,,"[0.0,3.0,8.0,1.0]","[0.0,1.4469607794753012,2.757568069938756,3.709110714077983]",1
,,,,,"[0.0,3.0,8.1,1.0]","[0.0,1.4469607794753012,2.7920376708129906,3.709110714077983]",1
,,,,,"[0.0,0.0,9.6,1.0]","[0.0,0.0,3.3090816839265074,3.709110714077983]",1
,,,,,"[0.0,3.0,9.1,1.0]","[0.0,1.4469607794753012,3.136733679555335,3.709110714077983]",1
,,,,,"[0.0,3.0,7.9,1.0]","[0.0,1.4469607794753012,2.7230984690645217,3.709110714077983]",1
,,,,,"[0.0,2.0,8.4,1.0]","[0.0,0.9646405196502008,2.895446473435694,3.709110714077983]",1
,,,,,"[0.0,0.0,8.4,1.0]","[0.0,0.0,2.895446473435694,3.709110714077983]",1
,,,,,"(4,[3],[1.0])","(4,[3],[3.709110714077983])",0
,,,,,"[0.0,3.0,8.3,1.0]","[0.0,1.4469607794753012,2.86097687256146,3.709110714077983]",1
,,,,,"[0.0,0.0,7.9,1.0]","[0.0,0.0,2.7230984690645217,3.709110714077983]",1
,,,,,"[0.0,0.0,8.6,1.0]","[0.0,0.0,2.964385675184163,3.709110714077983]",1
,,,,,"(4,[3],[1.0])","(4,[3],[3.709110714077983])",0
,,,,,"[0.0,2.0,8.4,1.0]","[0.0,0.9646405196502008,2.895446473435694,3.709110714077983]",1
,,,,,"(4,[3],[1.0])","(4,[3],[3.709110714077983])",0
,,,,,"(4,[3],[1.0])","(4,[3],[3.709110714077983])",0
,,,,,"(4,[3],[1.0])","(4,[3],[3.709110714077983])",0
,,,,,"[0.0,0.0,9.5,1.0]","[0.0,0.0,3.274612083052273,3.709110714077983]",1
,,,,,"[0.0,3.0,7.6,1.0]","[0.0,1.4469607794753012,2.6196896664418183,3.709110714077983]",1
,,,,,"(4,[3],[1.0])","(4,[3],[3.709110714077983])",0
,,,,,"[0.0,3.0,7.8,1.0]","[0.0,1.4469607794753012,2.6886288681902872,3.709110714077983]",1
,,,,,"[0.0,4.0,7.8,1.0]","[0.0,1.9292810393004016,2.6886288681902872,3.709110714077983]",1
,,,,,"[0.0,3.0,8.2,1.0]","[0.0,1.4469607794753012,2.8265072716872246,3.709110714077983]",1
,,,,,"(4,[3],[1.0])","(4,[3],[3.709110714077983])",0
,,,,,"[0.0,2.0,8.3,1.0]","[0.0,0.9646405196502008,2.86097687256146,3.709110714077983]",1
,,,,,"[0.0,3.0,8.6,1.0]","[0.0,1.4469607794753012,2.964385675184163,3.709110714077983]",1
,,,,,"(4,[3],[1.0])","(4,[3],[3.709110714077983])",0
,,,,,"[0.0,2.0,8.0,1.0]","[0.0,0.9646405196502008,2.757568069938756,3.709110714077983]",1
,,,,,"[0.0,3.0,0.0,1.0]","[0.0,1.4469607794753012,0.0,3.709110714077983]",0
,,,,,"[0.0,3.0,7.6,1.0]","[0.0,1.4469607794753012,2.6196896664418183,3.709110714077983]",1
,,,,,"(4,[3],[1.0])","(4,[3],[3.709110714077983])",0
,,,,,"(4,[3],[1.0])","(4,[3],[3.709110714077983])",0
,,,,,"[0.0,0.0,8.3,1.0]","[0.0,0.0,2.86097687256146,3.709110714077983]",1
,,,,,"[0.0,0.0,8.4,1.0]","[0.0,0.0,2.895446473435694,3.709110714077983]",1
,,,,,"[0.0,0.0,8.3,1.0]","[0.0,0.0,2.86097687256146,3.709110714077983]",1
,,,,,"[0.0,0.0,8.8,1.0]","[0.0,0.0,3.033324876932632,3.709110714077983]",1
,,,,,"[0.0,0.0,7.9,1.0]","[0.0,0.0,2.7230984690645217,3.709110714077983]",1
,,,,,"(4,[3],[1.0])","(4,[3],[3.709110714077983])",0
,,,,,"(4,[3],[1.0])","(4,[3],[3.709110714077983])",0
,,,,,"[0.0,3.0,8.1,1.0]","[0.0,1.4469607794753012,2.7920376708129906,3.709110714077983]",1
,,,,,"[0.0,4.0,8.2,1.0]","[0.0,1.9292810393004016,2.8265072716872246,3.709110714077983]",1
,,,,,"[0.0,0.0,8.4,1.0]","[0.0,0.0,2.895446473435694,3.709110714077983]",1
,,,,,"[0.0,3.0,8.4,1.0]","[0.0,1.4469607794753012,2.895446473435694,3.709110714077983]",1
,,,,,"[0.0,3.0,8.9,1.0]","[0.0,1.4469607794753012,3.067794477806866,3.709110714077983]",1
,,,,,"[0.0,3.0,8.5,1.0]","[0.0,1.4469607794753012,2.9299160743099284,3.709110714077983]",1
,,,,,"[0.0,0.0,8.4,1.0]","[0.0,0.0,2.895446473435694,3.709110714077983]",1
,,,,,"[0.0,3.0,8.5,1.0]","[0.0,1.4469607794753012,2.9299160743099284,3.709110714077983]",1
,,,,,"[0.0,4.0,8.4,1.0]","[0.0,1.9292810393004016,2.895446473435694,3.709110714077983]",1
,,,,,"[0.0,4.0,7.0,1.0]","[0.0,1.9292810393004016,2.4128720611964116,3.709110714077983]",1
,,,,,"[0.0,3.0,8.6,1.0]","[0.0,1.4469607794753012,2.964385675184163,3.709110714077983]",1
,,,,,"[0.0,4.0,7.6,1.0]","[0.0,1.9292810393004016,2.6196896664418183,3.709110714077983]",1
,,,,,"[0.0,0.0,8.5,1.0]","[0.0,0.0,2.9299160743099284,3.709110714077983]",1
,,,,,"[0.0,0.0,8.6,1.0]","[0.0,0.0,2.964385675184163,3.709110714077983]",1
,,,,,"[0.0,4.0,8.0,1.0]","[0.0,1.9292810393004016,2.757568069938756,3.709110714077983]",1
,,,,,"[0.0,3.0,8.1,1.0]","[0.0,1.4469607794753012,2.7920376708129906,3.709110714077983]",1
,,,,,"(4,[3],[1.0])","(4,[3],[3.709110714077983])",0
,,,,,"[0.0,3.0,7.7,1.0]","[0.0,1.4469607794753012,2.654159267316053,3.709110714077983]",1
,,,,,"[0.0,0.0,7.1,1.0]","[0.0,0.0,2.447341662070646,3.709110714077983]",1
,,,,,"[0.0,3.0,8.3,1.0]","[0.0,1.4469607794753012,2.86097687256146,3.709110714077983]",1
,,,,,"[0.0,3.0,8.4,1.0]","[0.0,1.4469607794753012,2.895446473435694,3.709110714077983]",1
,,,,,"[0.0,0.0,8.6,1.0]","[0.0,0.0,2.964385675184163,3.709110714077983]",1
,,,,,"[0.0,0.0,9.3,1.0]","[0.0,0.0,3.2056728813038045,3.709110714077983]",1
,,,,,"(4,[3],[1.0])","(4,[3],[3.709110714077983])",0
,,,,,"(4,[3],[1.0])","(4,[3],[3.709110714077983])",0
,,,,,"(4,[3],[1.0])","(4,[3],[3.709110714077983])",0
,,,,,"[0.0,5.0,8.8,1.0]","[0.0,2.4116012991255023,3.033324876932632,3.709110714077983]",1
,,,,,"[0.0,2.0,7.8,1.0]","[0.0,0.9646405196502008,2.6886288681902872,3.709110714077983]",1
,,,,,"[0.0,3.0,7.7,1.0]","[0.0,1.4469607794753012,2.654159267316053,3.709110714077983]",1
,,,,,"[0.0,4.0,8.7,1.0]","[0.0,1.9292810393004016,2.998855276058397,3.709110714077983]",1
,,,,,"[0.0,3.0,8.1,1.0]","[0.0,1.4469607794753012,2.7920376708129906,3.709110714077983]",1
,,,,,"[0.0,3.0,8.8,1.0]","[0.0,1.4469607794753012,3.033324876932632,3.709110714077983]",1
,,,,,"[0.0,3.0,7.9,1.0]","[0.0,1.4469607794753012,2.7230984690645217,3.709110714077983]",1
,,,,,"[0.0,3.0,8.9,1.0]","[0.0,1.4469607794753012,3.067794477806866,3.709110714077983]",1
,,,,,"(4,[3],[1.0])","(4,[3],[3.709110714077983])",0
,,,,,"[0.0,3.0,8.2,1.0]","[0.0,1.4469607794753012,2.8265072716872246,3.709110714077983]",1
,,,,,"[0.0,3.0,8.7,1.0]","[0.0,1.4469607794753012,2.998855276058397,3.709110714077983]",1
,,,,,"[0.0,4.0,7.9,1.0]","[0.0,1.9292810393004016,2.7230984690645217,3.709110714077983]",1
,,,,,"[0.0,5.0,8.8,1.0]","[0.0,2.4116012991255023,3.033324876932632,3.709110714077983]",1
,,,,,"(4,[3],[1.0])","(4,[3],[3.709110714077983])",0
,,,,,"[0.0,2.0,8.6,1.0]","[0.0,0.9646405196502008,2.964385675184163,3.709110714077983]",1
,,,,,"[0.0,3.0,8.1,1.0]","[0.0,1.4469607794753012,2.7920376708129906,3.709110714077983]",1
,,,,,"[0.0,3.0,7.7,1.0]","[0.0,1.4469607794753012,2.654159267316053,3.709110714077983]",1
,,,,,"[0.0,3.0,8.2,1.0]","[0.0,1.4469607794753012,2.8265072716872246,3.709110714077983]",1
,,,,,"[0.0,0.0,8.9,1.0]","[0.0,0.0,3.067794477806866,3.709110714077983]",1
,,,,,"[0.0,0.0,9.1,1.0]","[0.0,0.0,3.136733679555335,3.709110714077983]",1
,,,,,"(4,[3],[1.0])","(4,[3],[3.709110714077983])",0
,,,,,"[0.0,0.0,8.0,1.0]","[0.0,0.0,2.757568069938756,3.709110714077983]",1
,,,,,"[0.0,0.0,8.6,1.0]","[0.0,0.0,2.964385675184163,3.709110714077983]",1
,,,,,"[0.0,0.0,7.0,1.0]","[0.0,0.0,2.4128720611964116,3.709110714077983]",1
,,,,,"[0.0,2.0,0.0,1.0]","[0.0,0.9646405196502008,0.0,3.709110714077983]",0
,,,,,"[0.0,4.0,8.0,1.0]","[0.0,1.9292810393004016,2.757568069938756,3.709110714077983]",1
,,,,,"[0.0,3.0,8.0,1.0]","[0.0,1.4469607794753012,2.757568069938756,3.709110714077983]",1
,,,,,"[0.0,0.0,8.6,1.0]","[0.0,0.0,2.964385675184163,3.709110714077983]",1
,,,,,"[0.0,4.0,8.3,1.0]","[0.0,1.9292810393004016,2.86097687256146,3.709110714077983]",1
,,,,,"[0.0,3.0,8.1,1.0]","[0.0,1.4469607794753012,2.7920376708129906,3.709110714077983]",1
,,,,,"[0.0,0.0,8.7,1.0]","[0.0,0.0,2.998855276058397,3.709110714077983]",1
,,,,,"[0.0,0.0,8.6,1.0]","[0.0,0.0,2.964385675184163,3.709110714077983]",1
,,,,,"[0.0,0.0,7.7,1.0]","[0.0,0.0,2.654159267316053,3.709110714077983]",1
,,,,,"[0.0,5.0,0.0,1.0]","[0.0,2.4116012991255023,0.0,3.709110714077983]",0
,,,,,"[0.0,4.0,8.5,1.0]","[0.0,1.9292810393004016,2.9299160743099284,3.709110714077983]",1
,,,,,"[0.0,0.0,8.5,1.0]","[0.0,0.0,2.9299160743099284,3.709110714077983]",1
,,,,,"[0.0,0.0,8.9,1.0]","[0.0,0.0,3.067794477806866,3.709110714077983]",1
,,,,,"[0.0,3.0,8.1,1.0]","[0.0,1.4469607794753012,2.7920376708129906,3.709110714077983]",1
,,,,,"(4,[3],[1.0])","(4,[3],[3.709110714077983])",0
,,,,,"[0.0,2.0,9.1,1.0]","[0.0,0.9646405196502008,3.136733679555335,3.709110714077983]",1
,,,,,"[0.0,0.0,7.2,1.0]","[0.0,0.0,2.4818112629448805,3.709110714077983]",1
,,,,,"[0.0,3.0,8.6,1.0]","[0.0,1.4469607794753012,2.964385675184163,3.709110714077983]",1
,,,,,"[0.0,3.0,8.4,1.0]","[0.0,1.4469607794753012,2.895446473435694,3.709110714077983]",1
,,,,,"[0.0,3.0,8.1,1.0]","[0.0,1.4469607794753012,2.7920376708129906,3.709110714077983]",1
,,,,,"[0.0,2.0,8.7,1.0]","[0.0,0.9646405196502008,2.998855276058397,3.709110714077983]",1
,,,,,"[0.0,0.0,9.0,1.0]","[0.0,0.0,3.1022640786811007,3.709110714077983]",1
,,,,,"[0.0,3.0,8.8,1.0]","[0.0,1.4469607794753012,3.033324876932632,3.709110714077983]",1
,,,,,"[0.0,0.0,8.3,1.0]","[0.0,0.0,2.86097687256146,3.709110714077983]",1
,,,,,"(4,[3],[1.0])","(4,[3],[3.709110714077983])",0
,,,,,"[0.0,0.0,8.8,1.0]","[0.0,0.0,3.033324876932632,3.709110714077983]",1
,,,,,"(4,[3],[1.0])","(4,[3],[3.709110714077983])",0
,,,,,"[0.0,0.0,8.6,1.0]","[0.0,0.0,2.964385675184163,3.709110714077983]",1
,,,,,"[0.0,4.0,9.0,1.0]","[0.0,1.9292810393004016,3.1022640786811007,3.709110714077983]",1
,,,,,"[0.0,4.0,8.1,1.0]","[0.0,1.9292810393004016,2.7920376708129906,3.709110714077983]",1
,,,,,"[0.0,3.0,8.9,1.0]","[0.0,1.4469607794753012,3.067794477806866,3.709110714077983]",1
,,,,,"[0.0,4.0,8.3,1.0]","[0.0,1.9292810393004016,2.86097687256146,3.709110714077983]",1
,,,,,"[0.0,3.0,8.8,1.0]","[0.0,1.4469607794753012,3.033324876932632,3.709110714077983]",1
,,,,,"[0.0,3.0,8.2,1.0]","[0.0,1.4469607794753012,2.8265072716872246,3.709110714077983]",1
,,,,,"[0.0,3.0,7.9,1.0]","[0.0,1.4469607794753012,2.7230984690645217,3.709110714077983]",1
,,,,,"[0.0,3.0,8.5,1.0]","[0.0,1.4469607794753012,2.9299160743099284,3.709110714077983]",1
,,,,,"[0.0,0.0,8.2,1.0]","[0.0,0.0,2.8265072716872246,3.709110714077983]",1
,,,,,"[0.0,3.0,0.0,1.0]","[0.0,1.4469607794753012,0.0,3.709110714077983]",0
,,,,,"[0.0,3.0,9.5,1.0]","[0.0,1.4469607794753012,3.274612083052273,3.709110714077983]",1
,,,,,"[0.0,3.0,9.4,1.0]","[0.0,1.4469607794753012,3.2401424821780385,3.709110714077983]",1
,,,,,"(4,[3],[1.0])","(4,[3],[3.709110714077983])",0
,,,,,"(4,[3],[1.0])","(4,[3],[3.709110714077983])",0
,,,,,"[0.0,3.0,9.5,1.0]","[0.0,1.4469607794753012,3.274612083052273,3.709110714077983]",1
,,,,,"[0.0,0.0,8.2,1.0]","[0.0,0.0,2.8265072716872246,3.709110714077983]",1
,,,,,"[0.0,3.0,9.5,1.0]","[0.0,1.4469607794753012,3.274612083052273,3.709110714077983]",1
,,,,,"[0.0,3.0,8.7,1.0]","[0.0,1.4469607794753012,2.998855276058397,3.709110714077983]",1
,,,,,"(4,[3],[1.0])","(4,[3],[3.709110714077983])",0
,,,,,"(4,[3],[1.0])","(4,[3],[3.709110714077983])",0
,,,,,"[0.0,3.0,8.2,1.0]","[0.0,1.4469607794753012,2.8265072716872246,3.709110714077983]",1
,,,,,"[0.0,3.0,8.6,1.0]","[0.0,1.4469607794753012,2.964385675184163,3.709110714077983]",1
,,,,,"(4,[3],[1.0])","(4,[3],[3.709110714077983])",0
,,,,,"[0.0,3.0,8.8,1.0]","[0.0,1.4469607794753012,3.033324876932632,3.709110714077983]",1
,,,,,"(4,[3],[1.0])","(4,[3],[3.709110714077983])",0
,,,,,"[0.0,3.0,8.8,1.0]","[0.0,1.4469607794753012,3.033324876932632,3.709110714077983]",1
,,,,,"[0.0,4.0,8.3,1.0]","[0.0,1.9292810393004016,2.86097687256146,3.709110714077983]",1
,,,,,"[0.0,3.0,8.2,1.0]","[0.0,1.4469607794753012,2.8265072716872246,3.709110714077983]",1
,,,,,"[0.0,0.0,8.6,1.0]","[0.0,0.0,2.964385675184163,3.709110714077983]",1
,,,,,"[0.0,4.0,8.1,1.0]","[0.0,1.9292810393004016,2.7920376708129906,3.709110714077983]",1
,,,,,"[0.0,3.0,9.0,1.0]","[0.0,1.4469607794753012,3.1022640786811007,3.709110714077983]",1
,,,,,"[0.0,3.0,0.0,1.0]","[0.0,1.4469607794753012,0.0,3.709110714077983]",0
,,,,,"[0.0,0.0,8.5,1.0]","[0.0,0.0,2.9299160743099284,3.709110714077983]",1
,,,,,"[0.0,3.0,7.9,1.0]","[0.0,1.4469607794753012,2.7230984690645217,3.709110714077983]",1
,,,,,"(4,[3],[1.0])","(4,[3],[3.709110714077983])",0
,,,,,"[0.0,3.0,8.2,1.0]","[0.0,1.4469607794753012,2.8265072716872246,3.709110714077983]",1
,,,,,"[0.0,3.0,8.2,1.0]","[0.0,1.4469607794753012,2.8265072716872246,3.709110714077983]",1
,,,,,"(4,[3],[1.0])","(4,[3],[3.709110714077983])",0
,,,,,"(4,[3],[1.0])","(4,[3],[3.709110714077983])",0
,,,,,"[0.0,3.0,8.7,1.0]","[0.0,1.4469607794753012,2.998855276058397,3.709110714077983]",1
,,,,,"[0.0,3.0,8.2,1.0]","[0.0,1.4469607794753012,2.8265072716872246,3.709110714077983]",1
,,,,,"(4,[3],[1.0])","(4,[3],[3.709110714077983])",0
,,,,,"[0.0,0.0,8.6,1.0]","[0.0,0.0,2.964385675184163,3.709110714077983]",1
,,,,,"(4,[3],[1.0])","(4,[3],[3.709110714077983])",0
,,,,,"(4,[3],[1.0])","(4,[3],[3.709110714077983])",0
,,,,,"(4,[3],[1.0])","(4,[3],[3.709110714077983])",0
,,,,,"(4,[3],[1.0])","(4,[3],[3.709110714077983])",0
,,,,,"(4,[3],[1.0])","(4,[3],[3.709110714077983])",0
,,,,,"(4,[3],[1.0])","(4,[3],[3.709110714077983])",0
,,,,,"(4,[3],[1.0])","(4,[3],[3.709110714077983])",0
,,,,,"(4,[3],[1.0])","(4,[3],[3.709110714077983])",0
,,,,,"[0.0,4.0,8.0,1.0]","[0.0,1.9292810393004016,2.757568069938756,3.709110714077983]",1
,,,,,"[0.0,3.0,8.0,1.0]","[0.0,1.4469607794753012,2.757568069938756,3.709110714077983]",1
,,,,,"(4,[3],[1.0])","(4,[3],[3.709110714077983])",0
,,,,,"[0.0,4.0,8.9,1.0]","[0.0,1.9292810393004016,3.067794477806866,3.709110714077983]",1
,,,,,"[0.0,5.0,8.7,1.0]","[0.0,2.4116012991255023,2.998855276058397,3.709110714077983]",1
,,,,,"[0.0,4.0,8.1,1.0]","[0.0,1.9292810393004016,2.7920376708129906,3.709110714077983]",1
,,,,,"[0.0,3.0,8.7,1.0]","[0.0,1.4469607794753012,2.998855276058397,3.709110714077983]",1
,,,,,"[0.0,4.0,8.7,1.0]","[0.0,1.9292810393004016,2.998855276058397,3.709110714077983]",1
,,,,,"[0.0,4.0,8.2,1.0]","[0.0,1.9292810393004016,2.8265072716872246,3.709110714077983]",1
,,,,,"[0.0,3.0,8.7,1.0]","[0.0,1.4469607794753012,2.998855276058397,3.709110714077983]",1
,,,,,"(4,[3],[1.0])","(4,[3],[3.709110714077983])",0
,,,,,"(4,[3],[1.0])","(4,[3],[3.709110714077983])",0
,,,,,"[0.0,4.0,8.7,1.0]","[0.0,1.9292810393004016,2.998855276058397,3.709110714077983]",1
,,,,,"[0.0,4.0,8.2,1.0]","[0.0,1.9292810393004016,2.8265072716872246,3.709110714077983]",1
,,,,,"[0.0,5.0,8.6,1.0]","[0.0,2.4116012991255023,2.964385675184163,3.709110714077983]",1
,,,,,"[0.0,4.0,8.5,1.0]","[0.0,1.9292810393004016,2.9299160743099284,3.709110714077983]",1
,,,,,"[0.0,4.0,8.7,1.0]","[0.0,1.9292810393004016,2.998855276058397,3.709110714077983]",1
,,,,,"[0.0,4.0,8.3,1.0]","[0.0,1.9292810393004016,2.86097687256146,3.709110714077983]",1
,,,,,"[0.0,4.0,8.6,1.0]","[0.0,1.9292810393004016,2.964385675184163,3.709110714077983]",1
,,,,,"(4,[3],[1.0])","(4,[3],[3.709110714077983])",0
,,,,,"[0.0,3.0,8.3,1.0]","[0.0,1.4469607794753012,2.86097687256146,3.709110714077983]",1
,,,,,"[0.0,4.0,8.9,1.0]","[0.0,1.9292810393004016,3.067794477806866,3.709110714077983]",1
,,,,,"[0.0,0.0,8.7,1.0]","[0.0,0.0,2.998855276058397,3.709110714077983]",1
,,,,,"[0.0,0.0,8.3,1.0]","[0.0,0.0,2.86097687256146,3.709110714077983]",1
,,,,,"(4,[3],[1.0])","(4,[3],[3.709110714077983])",0
,,,,,"[0.0,4.0,8.4,1.0]","[0.0,1.9292810393004016,2.895446473435694,3.709110714077983]",1
,,,,,"[0.0,4.0,8.0,1.0]","[0.0,1.9292810393004016,2.757568069938756,3.709110714077983]",1
,,,,,"[0.0,0.0,7.6,1.0]","[0.0,0.0,2.6196896664418183,3.709110714077983]",1
,,,,,"[0.0,4.0,8.7,1.0]","[0.0,1.9292810393004016,2.998855276058397,3.709110714077983]",1
,,,,,"[0.0,3.0,8.4,1.0]","[0.0,1.4469607794753012,2.895446473435694,3.709110714077983]",1
,,,,,"(4,[3],[1.0])","(4,[3],[3.709110714077983])",0
,,,,,"[0.0,0.0,8.0,1.0]","[0.0,0.0,2.757568069938756,3.709110714077983]",1
,,,,,"[0.0,0.0,9.2,1.0]","[0.0,0.0,3.171203280429569,3.709110714077983]",1
,,,,,"[0.0,4.0,8.7,1.0]","[0.0,1.9292810393004016,2.998855276058397,3.709110714077983]",1
,,,,,"[0.0,0.0,8.0,1.0]","[0.0,0.0,2.757568069938756,3.709110714077983]",1
,,,,,"[0.0,0.0,9.5,1.0]","[0.0,0.0,3.274612083052273,3.709110714077983]",1
,,,,,"[0.0,0.0,9.0,1.0]","[0.0,0.0,3.1022640786811007,3.709110714077983]",1
,,,,,"(4,[3],[1.0])","(4,[3],[3.709110714077983])",0
,,,,,"[0.0,0.0,8.4,1.0]","[0.0,0.0,2.895446473435694,3.709110714077983]",1
,,,,,"(4,[3],[1.0])","(4,[3],[3.709110714077983])",0
,,,,,"[0.0,0.0,9.1,1.0]","[0.0,0.0,3.136733679555335,3.709110714077983]",1
,,,,,"[0.0,2.0,0.0,1.0]","[0.0,0.9646405196502008,0.0,3.709110714077983]",0
,,,,,"[0.0,0.0,9.2,1.0]","[0.0,0.0,3.171203280429569,3.709110714077983]",1
,,,,,"[0.0,0.0,9.8,1.0]","[0.0,0.0,3.3780208856749767,3.709110714077983]",1
,,,,,"[0.0,0.0,9.6,1.0]","[0.0,0.0,3.3090816839265074,3.709110714077983]",1
,,,,,"(4,[3],[1.0])","(4,[3],[3.709110714077983])",0
,,,,,"[0.0,0.0,8.0,1.0]","[0.0,0.0,2.757568069938756,3.709110714077983]",1
,,,,,"[0.0,0.0,7.7,1.0]","[0.0,0.0,2.654159267316053,3.709110714077983]",1
,,,,,"[0.0,3.0,8.6,1.0]","[0.0,1.4469607794753012,2.964385675184163,3.709110714077983]",1
,,,,,"[0.0,0.0,8.2,1.0]","[0.0,0.0,2.8265072716872246,3.709110714077983]",1
,,,,,"[0.0,4.0,8.3,1.0]","[0.0,1.9292810393004016,2.86097687256146,3.709110714077983]",1
,,,,,"[0.0,4.0,8.4,1.0]","[0.0,1.9292810393004016,2.895446473435694,3.709110714077983]",1
,,,,,"[0.0,3.0,8.7,1.0]","[0.0,1.4469607794753012,2.998855276058397,3.709110714077983]",1
,,,,,"[0.0,4.0,9.1,1.0]","[0.0,1.9292810393004016,3.136733679555335,3.709110714077983]",1
,,,,,"[0.0,3.0,8.5,1.0]","[0.0,1.4469607794753012,2.9299160743099284,3.709110714077983]",1
,,,,,"[0.0,3.0,8.2,1.0]","[0.0,1.4469607794753012,2.8265072716872246,3.709110714077983]",1
,,,,,"[0.0,3.0,7.8,1.0]","[0.0,1.4469607794753012,2.6886288681902872,3.709110714077983]",1
,,,,,"[0.0,0.0,8.9,1.0]","[0.0,0.0,3.067794477806866,3.709110714077983]",1
,,,,,"[0.0,0.0,8.8,1.0]","[0.0,0.0,3.033324876932632,3.709110714077983]",1
,,,,,"[0.0,3.0,8.0,1.0]","[0.0,1.4469607794753012,2.757568069938756,3.709110714077983]",1
,,,,,"[0.0,0.0,8.2,1.0]","[0.0,0.0,2.8265072716872246,3.709110714077983]",1
,,,,,"[0.0,3.0,7.9,1.0]","[0.0,1.4469607794753012,2.7230984690645217,3.709110714077983]",1
,,,,,"[0.0,0.0,7.7,1.0]","[0.0,0.0,2.654159267316053,3.709110714077983]",1
,,,,,"[0.0,0.0,8.9,1.0]","[0.0,0.0,3.067794477806866,3.709110714077983]",1
,,,,,"[0.0,4.0,8.3,1.0]","[0.0,1.9292810393004016,2.86097687256146,3.709110714077983]",1
,,,,,"[0.0,0.0,7.4,1.0]","[0.0,0.0,2.5507504646933494,3.709110714077983]",1
,,,,,"[0.0,0.0,7.6,1.0]","[0.0,0.0,2.6196896664418183,3.709110714077983]",1
,,,,,"(4,[3],[1.0])","(4,[3],[3.709110714077983])",0
,,,,,"(4,[3],[1.0])","(4,[3],[3.709110714077983])",0
,,,,,"(4,[3],[1.0])","(4,[3],[3.709110714077983])",0
,,,,,"(4,[3],[1.0])","(4,[3],[3.709110714077983])",0
,,,,,"(4,[3],[1.0])","(4,[3],[3.709110714077983])",0
,,,,,"(4,[3],[1.0])","(4,[3],[3.709110714077983])",0
,,,,,"[0.0,5.0,8.8,1.0]","[0.0,2.4116012991255023,3.033324876932632,3.709110714077983]",1
,,,,,"[0.0,3.0,8.8,1.0]","[0.0,1.4469607794753012,3.033324876932632,3.709110714077983]",1
,,,,,"[0.0,3.0,7.9,1.0]","[0.0,1.4469607794753012,2.7230984690645217,3.709110714077983]",1
,,,,,"[0.0,3.0,8.7,1.0]","[0.0,1.4469607794753012,2.998855276058397,3.709110714077983]",1
,,,,,"[0.0,3.0,8.4,1.0]","[0.0,1.4469607794753012,2.895446473435694,3.709110714077983]",1
,,,,,"[0.0,2.0,8.4,1.0]","[0.0,0.9646405196502008,2.895446473435694,3.709110714077983]",1
,,,,,"[0.0,3.0,7.1,1.0]","[0.0,1.4469607794753012,2.447341662070646,3.709110714077983]",1
,,,,,"[0.0,3.0,8.4,1.0]","[0.0,1.4469607794753012,2.895446473435694,3.709110714077983]",1
,,,,,"[0.0,5.0,8.8,1.0]","[0.0,2.4116012991255023,3.033324876932632,3.709110714077983]",1
,,,,,"[0.0,2.0,8.6,1.0]","[0.0,0.9646405196502008,2.964385675184163,3.709110714077983]",1
,,,,,"[0.0,3.0,8.5,1.0]","[0.0,1.4469607794753012,2.9299160743099284,3.709110714077983]",1
,,,,,"[0.0,0.0,8.9,1.0]","[0.0,0.0,3.067794477806866,3.709110714077983]",1
,,,,,"[0.0,0.0,9.3,1.0]","[0.0,0.0,3.2056728813038045,3.709110714077983]",1
,,,,,"[0.0,0.0,7.7,1.0]","[0.0,0.0,2.654159267316053,3.709110714077983]",1
,,,,,"[0.0,0.0,7.1,1.0]","[0.0,0.0,2.447341662070646,3.709110714077983]",1
,,,,,"[0.0,0.0,8.4,1.0]","[0.0,0.0,2.895446473435694,3.709110714077983]",1
,,,,,"[0.0,3.0,8.7,1.0]","[0.0,1.4469607794753012,2.998855276058397,3.709110714077983]",1
,,,,,"[0.0,0.0,7.1,1.0]","[0.0,0.0,2.447341662070646,3.709110714077983]",1
,,,,,"(4,[3],[1.0])","(4,[3],[3.709110714077983])",0
,,,,,"[0.0,0.0,9.0,1.0]","[0.0,0.0,3.1022640786811007,3.709110714077983]",1
,,,,,"[0.0,0.0,9.3,1.0]","[0.0,0.0,3.2056728813038045,3.709110714077983]",1
,,,,,"[0.0,0.0,8.2,1.0]","[0.0,0.0,2.8265072716872246,3.709110714077983]",1
,,,,,"[0.0,0.0,8.3,1.0]","[0.0,0.0,2.86097687256146,3.709110714077983]",1
,,,,,"[0.0,0.0,8.4,1.0]","[0.0,0.0,2.895446473435694,3.709110714077983]",1
,,,,,"[0.0,0.0,8.5,1.0]","[0.0,0.0,2.9299160743099284,3.709110714077983]",1
,,,,,"[0.0,5.0,8.8,1.0]","[0.0,2.4116012991255023,3.033324876932632,3.709110714077983]",1
,,,,,"[0.0,4.0,8.0,1.0]","[0.0,1.9292810393004016,2.757568069938756,3.709110714077983]",1
,,,,,"[0.0,4.0,8.3,1.0]","[0.0,1.9292810393004016,2.86097687256146,3.709110714077983]",1
,,,,,"[0.0,4.0,8.8,1.0]","[0.0,1.9292810393004016,3.033324876932632,3.709110714077983]",1
,,,,,"[0.0,3.0,8.9,1.0]","[0.0,1.4469607794753012,3.067794477806866,3.709110714077983]",1
,,,,,"[0.0,3.0,8.3,1.0]","[0.0,1.4469607794753012,2.86097687256146,3.709110714077983]",1
,,,,,"[0.0,4.0,8.2,1.0]","[0.0,1.9292810393004016,2.8265072716872246,3.709110714077983]",1
,,,,,"[0.0,3.0,8.8,1.0]","[0.0,1.4469607794753012,3.033324876932632,3.709110714077983]",1
,,,,,"[0.0,4.0,8.7,1.0]","[0.0,1.9292810393004016,2.998855276058397,3.709110714077983]",1
,,,,,"[0.0,4.0,8.8,1.0]","[0.0,1.9292810393004016,3.033324876932632,3.709110714077983]",1
,,,,,"[0.0,3.0,7.8,1.0]","[0.0,1.4469607794753012,2.6886288681902872,3.709110714077983]",1
,,,,,"[0.0,3.0,8.9,1.0]","[0.0,1.4469607794753012,3.067794477806866,3.709110714077983]",1
,,,,,"[0.0,2.0,8.3,1.0]","[0.0,0.9646405196502008,2.86097687256146,3.709110714077983]",1
,,,,,"[0.0,2.0,8.8,1.0]","[0.0,0.9646405196502008,3.033324876932632,3.709110714077983]",1
,,,,,"[0.0,0.0,8.8,1.0]","[0.0,0.0,3.033324876932632,3.709110714077983]",1
,,,,,"[0.0,3.0,7.4,1.0]","[0.0,1.4469607794753012,2.5507504646933494,3.709110714077983]",1
,,,,,"[0.0,0.0,8.6,1.0]","[0.0,0.0,2.964385675184163,3.709110714077983]",1
,,,,,"[0.0,3.0,8.9,1.0]","[0.0,1.4469607794753012,3.067794477806866,3.709110714077983]",1
,,,,,"(4,[3],[1.0])","(4,[3],[3.709110714077983])",0
,,,,,"[0.0,0.0,8.3,1.0]","[0.0,0.0,2.86097687256146,3.709110714077983]",1
,,,,,"(4,[3],[1.0])","(4,[3],[3.709110714077983])",0
,,,,,"(4,[3],[1.0])","(4,[3],[3.709110714077983])",0
,,,,,"[0.0,0.0,8.9,1.0]","[0.0,0.0,3.067794477806866,3.709110714077983]",1
,,,,,"[0.0,3.0,0.0,1.0]","[0.0,1.4469607794753012,0.0,3.709110714077983]",0
,,,,,"(4,[3],[1.0])","(4,[3],[3.709110714077983])",0
,,,,,"(4,[3],[1.0])","(4,[3],[3.709110714077983])",0
,,,,,"[0.0,3.0,7.9,1.0]","[0.0,1.4469607794753012,2.7230984690645217,3.709110714077983]",1
,,,,,"[0.0,3.0,8.9,1.0]","[0.0,1.4469607794753012,3.067794477806866,3.709110714077983]",1
,,,,,"[0.0,3.0,8.4,1.0]","[0.0,1.4469607794753012,2.895446473435694,3.709110714077983]",1
,,,,,"[0.0,0.0,8.7,1.0]","[0.0,0.0,2.998855276058397,3.709110714077983]",1
,,,,,"[0.0,3.0,8.5,1.0]","[0.0,1.4469607794753012,2.9299160743099284,3.709110714077983]",1
,,,,,"[0.0,0.0,9.2,1.0]","[0.0,0.0,3.171203280429569,3.709110714077983]",1
,,,,,"[0.0,3.0,8.8,1.0]","[0.0,1.4469607794753012,3.033324876932632,3.709110714077983]",1
,,,,,"[0.0,2.0,8.6,1.0]","[0.0,0.9646405196502008,2.964385675184163,3.709110714077983]",1
,,,,,"[0.0,0.0,8.2,1.0]","[0.0,0.0,2.8265072716872246,3.709110714077983]",1
,,,,,"[0.0,0.0,8.2,1.0]","[0.0,0.0,2.8265072716872246,3.709110714077983]",1
,,,,,"[0.0,4.0,9.2,1.0]","[0.0,1.9292810393004016,3.171203280429569,3.709110714077983]",1
,,,,,"[0.0,0.0,8.7,1.0]","[0.0,0.0,2.998855276058397,3.709110714077983]",1
,,,,,"[0.0,3.0,7.9,1.0]","[0.0,1.4469607794753012,2.7230984690645217,3.709110714077983]",1
,,,,,"[0.0,3.0,8.5,1.0]","[0.0,1.4469607794753012,2.9299160743099284,3.709110714077983]",1
,,,,,"[0.0,0.0,8.7,1.0]","[0.0,0.0,2.998855276058397,3.709110714077983]",1
,,,,,"[0.0,0.0,9.7,1.0]","[0.0,0.0,3.3435512848007414,3.709110714077983]",1
,,,,,"[0.0,3.0,8.5,1.0]","[0.0,1.4469607794753012,2.9299160743099284,3.709110714077983]",1
,,,,,"[0.0,0.0,9.6,1.0]","[0.0,0.0,3.3090816839265074,3.709110714077983]",1
,,,,,"[0.0,0.0,8.7,1.0]","[0.0,0.0,2.998855276058397,3.709110714077983]",1
,,,,,"[0.0,0.0,8.9,1.0]","[0.0,0.0,3.067794477806866,3.709110714077983]",1
,,,,,"[0.0,0.0,7.5,1.0]","[0.0,0.0,2.585220065567584,3.709110714077983]",1
,,,,,"(4,[3],[1.0])","(4,[3],[3.709110714077983])",0
,,,,,"[0.0,0.0,8.9,1.0]","[0.0,0.0,3.067794477806866,3.709110714077983]",1
,,,,,"[0.0,3.0,7.3,1.0]","[0.0,1.4469607794753012,2.516280863819115,3.709110714077983]",1
,,,,,"(4,[3],[1.0])","(4,[3],[3.709110714077983])",0
,,,,,"(4,[3],[1.0])","(4,[3],[3.709110714077983])",0
,,,,,"[0.0,4.0,8.4,1.0]","[0.0,1.9292810393004016,2.895446473435694,3.709110714077983]",1
,,,,,"[0.0,3.0,8.5,1.0]","[0.0,1.4469607794753012,2.9299160743099284,3.709110714077983]",1
,,,,,"[0.0,3.0,8.5,1.0]","[0.0,1.4469607794753012,2.9299160743099284,3.709110714077983]",1
,,,,,"[0.0,3.0,8.6,1.0]","[0.0,1.4469607794753012,2.964385675184163,3.709110714077983]",1
,,,,,"[0.0,3.0,9.0,1.0]","[0.0,1.4469607794753012,3.1022640786811007,3.709110714077983]",1
,,,,,"[0.0,4.0,9.7,1.0]","[0.0,1.9292810393004016,3.3435512848007414,3.709110714077983]",1
,,,,,"[0.0,0.0,9.0,1.0]","[0.0,0.0,3.1022640786811007,3.709110714077983]",1
,,,,,"[0.0,0.0,9.4,1.0]","[0.0,0.0,3.2401424821780385,3.709110714077983]",1
,,,,,"[0.0,0.0,8.9,1.0]","[0.0,0.0,3.067794477806866,3.709110714077983]",1
,,,,,"[0.0,3.0,7.4,1.0]","[0.0,1.4469607794753012,2.5507504646933494,3.709110714077983]",1
,,,,,"[0.0,4.0,8.4,1.0]","[0.0,1.9292810393004016,2.895446473435694,3.709110714077983]",1
,,,,,"(4,[3],[1.0])","(4,[3],[3.709110714077983])",0
,,,,,"[0.0,0.0,8.6,1.0]","[0.0,0.0,2.964385675184163,3.709110714077983]",1
,,,,,"[0.0,0.0,8.2,1.0]","[0.0,0.0,2.8265072716872246,3.709110714077983]",1
,,,,,"[0.0,0.0,8.9,1.0]","[0.0,0.0,3.067794477806866,3.709110714077983]",1
,,,,,"(4,[3],[1.0])","(4,[3],[3.709110714077983])",0
,,,,,"(4,[3],[1.0])","(4,[3],[3.709110714077983])",0
,,,,,"[0.0,0.0,8.5,1.0]","[0.0,0.0,2.9299160743099284,3.709110714077983]",1
,,,,,"(4,[3],[1.0])","(4,[3],[3.709110714077983])",0
,,,,,"[0.0,0.0,9.2,1.0]","[0.0,0.0,3.171203280429569,3.709110714077983]",1
,,,,,"[0.0,2.0,8.4,1.0]","[0.0,0.9646405196502008,2.895446473435694,3.709110714077983]",1
,,,,,"[0.0,0.0,8.9,1.0]","[0.0,0.0,3.067794477806866,3.709110714077983]",1
,,,,,"[0.0,0.0,8.8,1.0]","[0.0,0.0,3.033324876932632,3.709110714077983]",1
,,,,,"[0.0,0.0,8.9,1.0]","[0.0,0.0,3.067794477806866,3.709110714077983]",1
,,,,,"(4,[3],[1.0])","(4,[3],[3.709110714077983])",0
,,,,,"[0.0,5.0,9.1,1.0]","[0.0,2.4116012991255023,3.136733679555335,3.709110714077983]",1
,,,,,"[0.0,4.0,8.9,1.0]","[0.0,1.9292810393004016,3.067794477806866,3.709110714077983]",1
,,,,,"[0.0,3.0,8.0,1.0]","[0.0,1.4469607794753012,2.757568069938756,3.709110714077983]",1
,,,,,"[0.0,4.0,9.2,1.0]","[0.0,1.9292810393004016,3.171203280429569,3.709110714077983]",1
,,,,,"[0.0,5.0,9.5,1.0]","[0.0,2.4116012991255023,3.274612083052273,3.709110714077983]",1
,,,,,"[0.0,3.0,8.9,1.0]","[0.0,1.4469607794753012,3.067794477806866,3.709110714077983]",1
,,,,,"[0.0,5.0,9.1,1.0]","[0.0,2.4116012991255023,3.136733679555335,3.709110714077983]",1
,,,,,"[0.0,3.0,8.0,1.0]","[0.0,1.4469607794753012,2.757568069938756,3.709110714077983]",1
,,,,,"[0.0,3.0,8.5,1.0]","[0.0,1.4469607794753012,2.9299160743099284,3.709110714077983]",1
,,,,,"[0.0,3.0,7.9,1.0]","[0.0,1.4469607794753012,2.7230984690645217,3.709110714077983]",1
,,,,,"[0.0,3.0,8.9,1.0]","[0.0,1.4469607794753012,3.067794477806866,3.709110714077983]",1
,,,,,"[0.0,3.0,8.7,1.0]","[0.0,1.4469607794753012,2.998855276058397,3.709110714077983]",1
,,,,,"[0.0,3.0,9.2,1.0]","[0.0,1.4469607794753012,3.171203280429569,3.709110714077983]",1
,,,,,"[0.0,0.0,8.9,1.0]","[0.0,0.0,3.067794477806866,3.709110714077983]",1
,,,,,"[0.0,3.0,8.4,1.0]","[0.0,1.4469607794753012,2.895446473435694,3.709110714077983]",1
,,,,,"[0.0,0.0,9.4,1.0]","[0.0,0.0,3.2401424821780385,3.709110714077983]",1
,,,,,"(4,[3],[1.0])","(4,[3],[3.709110714077983])",0
,,,,,"(4,[3],[1.0])","(4,[3],[3.709110714077983])",0
,,,,,"(4,[3],[1.0])","(4,[3],[3.709110714077983])",0
,,,,,"(4,[3],[1.0])","(4,[3],[3.709110714077983])",0
,,,,,"[0.0,3.0,8.2,1.0]","[0.0,1.4469607794753012,2.8265072716872246,3.709110714077983]",1
,,,,,"(4,[3],[1.0])","(4,[3],[3.709110714077983])",0
,,,,,"(4,[3],[1.0])","(4,[3],[3.709110714077983])",0
,,,,,"(4,[3],[1.0])","(4,[3],[3.709110714077983])",0
,,,,,"(4,[3],[1.0])","(4,[3],[3.709110714077983])",0
,,,,,"(4,[3],[1.0])","(4,[3],[3.709110714077983])",0
,,,,,"[0.0,4.0,8.3,1.0]","[0.0,1.9292810393004016,2.86097687256146,3.709110714077983]",1
,,,,,"[0.0,0.0,7.6,1.0]","[0.0,0.0,2.6196896664418183,3.709110714077983]",1
,,,,,"[0.0,4.0,8.7,1.0]","[0.0,1.9292810393004016,2.998855276058397,3.709110714077983]",1
,,,,,"[0.0,3.0,7.8,1.0]","[0.0,1.4469607794753012,2.6886288681902872,3.709110714077983]",1
,,,,,"[0.0,0.0,8.6,1.0]","[0.0,0.0,2.964385675184163,3.709110714077983]",1
,,,,,"[0.0,4.0,8.5,1.0]","[0.0,1.9292810393004016,2.9299160743099284,3.709110714077983]",1
,,,,,"[0.0,0.0,8.0,1.0]","[0.0,0.0,2.757568069938756,3.709110714077983]",1
,,,,,"[0.0,3.0,7.7,1.0]","[0.0,1.4469607794753012,2.654159267316053,3.709110714077983]",1
,,,,,"[0.0,3.0,0.0,1.0]","[0.0,1.4469607794753012,0.0,3.709110714077983]",0
,,,,,"[0.0,3.0,7.7,1.0]","[0.0,1.4469607794753012,2.654159267316053,3.709110714077983]",1
,,,,,"[0.0,3.0,7.6,1.0]","[0.0,1.4469607794753012,2.6196896664418183,3.709110714077983]",1
,,,,,"[0.0,0.0,8.3,1.0]","[0.0,0.0,2.86097687256146,3.709110714077983]",1
,,,,,"(4,[3],[1.0])","(4,[3],[3.709110714077983])",0
,,,,,"[0.0,3.0,8.5,1.0]","[0.0,1.4469607794753012,2.9299160743099284,3.709110714077983]",1
,,,,,"[0.0,3.0,8.1,1.0]","[0.0,1.4469607794753012,2.7920376708129906,3.709110714077983]",1
,,,,,"[0.0,4.0,8.4,1.0]","[0.0,1.9292810393004016,2.895446473435694,3.709110714077983]",1
,,,,,"[0.0,4.0,8.4,1.0]","[0.0,1.9292810393004016,2.895446473435694,3.709110714077983]",1
,,,,,"(4,[3],[1.0])","(4,[3],[3.709110714077983])",0
,,,,,"[0.0,3.0,8.9,1.0]","[0.0,1.4469607794753012,3.067794477806866,3.709110714077983]",1
,,,,,"[0.0,3.0,9.1,1.0]","[0.0,1.4469607794753012,3.136733679555335,3.709110714077983]",1
,,,,,"(4,[3],[1.0])","(4,[3],[3.709110714077983])",0
,,,,,"[0.0,0.0,7.8,1.0]","[0.0,0.0,2.6886288681902872,3.709110714077983]",1
,,,,,"(4,[3],[1.0])","(4,[3],[3.709110714077983])",0
,,,,,"[0.0,0.0,9.1,1.0]","[0.0,0.0,3.136733679555335,3.709110714077983]",1
,,,,,"(4,[3],[1.0])","(4,[3],[3.709110714077983])",0
,,,,,"(4,[3],[1.0])","(4,[3],[3.709110714077983])",0
,,,,,"[0.0,3.0,8.3,1.0]","[0.0,1.4469607794753012,2.86097687256146,3.709110714077983]",1
,,,,,"[0.0,0.0,8.7,1.0]","[0.0,0.0,2.998855276058397,3.709110714077983]",1
,,,,,"[0.0,3.0,9.0,1.0]","[0.0,1.4469607794753012,3.1022640786811007,3.709110714077983]",1
,,,,,"[0.0,3.0,8.3,1.0]","[0.0,1.4469607794753012,2.86097687256146,3.709110714077983]",1
,,,,,"[0.0,4.0,9.1,1.0]","[0.0,1.9292810393004016,3.136733679555335,3.709110714077983]",1
,,,,,"[0.0,4.0,8.6,1.0]","[0.0,1.9292810393004016,2.964385675184163,3.709110714077983]",1
,,,,,"[0.0,0.0,9.4,1.0]","[0.0,0.0,3.2401424821780385,3.709110714077983]",1
,,,,,"[0.0,0.0,8.3,1.0]","[0.0,0.0,2.86097687256146,3.709110714077983]",1
,,,,,"[0.0,0.0,8.8,1.0]","[0.0,0.0,3.033324876932632,3.709110714077983]",1
,,,,,"[0.0,4.0,8.6,1.0]","[0.0,1.9292810393004016,2.964385675184163,3.709110714077983]",1
,,,,,"[0.0,0.0,9.7,1.0]","[0.0,0.0,3.3435512848007414,3.709110714077983]",1
,,,,,"[0.0,0.0,8.3,1.0]","[0.0,0.0,2.86097687256146,3.709110714077983]",1
,,,,,"[0.0,3.0,8.3,1.0]","[0.0,1.4469607794753012,2.86097687256146,3.709110714077983]",1
,,,,,"[0.0,0.0,8.3,1.0]","[0.0,0.0,2.86097687256146,3.709110714077983]",1
,,,,,"[0.0,0.0,9.1,1.0]","[0.0,0.0,3.136733679555335,3.709110714077983]",1
,,,,,"[0.0,0.0,9.9,1.0]","[0.0,0.0,3.4124904865492107,3.709110714077983]",1
,,,,,"[0.0,0.0,8.7,1.0]","[0.0,0.0,2.998855276058397,3.709110714077983]",1
,,,,,"[0.0,0.0,9.6,1.0]","[0.0,0.0,3.3090816839265074,3.709110714077983]",1
,,,,,"[0.0,0.0,9.2,1.0]","[0.0,0.0,3.171203280429569,3.709110714077983]",1
,,,,,"[0.0,0.0,9.2,1.0]","[0.0,0.0,3.171203280429569,3.709110714077983]",1
,,,,,"[0.0,0.0,9.4,1.0]","[0.0,0.0,3.2401424821780385,3.709110714077983]",1
,,,,,"(4,[3],[1.0])","(4,[3],[3.709110714077983])",0
,,,,,"[0.0,0.0,8.2,1.0]","[0.0,0.0,2.8265072716872246,3.709110714077983]",1
,,,,,"[0.0,3.0,9.4,1.0]","[0.0,1.4469607794753012,3.2401424821780385,3.709110714077983]",1
,,,,,"(4,[3],[1.0])","(4,[3],[3.709110714077983])",0
,,,,,"[0.0,0.0,9.5,1.0]","[0.0,0.0,3.274612083052273,3.709110714077983]",1
,,,,,"[0.0,3.0,8.6,1.0]","[0.0,1.4469607794753012,2.964385675184163,3.709110714077983]",1
,,,,,"[0.0,3.0,9.1,1.0]","[0.0,1.4469607794753012,3.136733679555335,3.709110714077983]",1
,,,,,"[0.0,3.0,8.5,1.0]","[0.0,1.4469607794753012,2.9299160743099284,3.709110714077983]",1
,,,,,"[0.0,3.0,8.9,1.0]","[0.0,1.4469607794753012,3.067794477806866,3.709110714077983]",1
,,,,,"[0.0,3.0,7.8,1.0]","[0.0,1.4469607794753012,2.6886288681902872,3.709110714077983]",1
,,,,,"[0.0,3.0,9.1,1.0]","[0.0,1.4469607794753012,3.136733679555335,3.709110714077983]",1
,,,,,"[0.0,0.0,8.5,1.0]","[0.0,0.0,2.9299160743099284,3.709110714077983]",1
,,,,,"[0.0,4.0,8.1,1.0]","[0.0,1.9292810393004016,2.7920376708129906,3.709110714077983]",1
,,,,,"[0.0,3.0,9.1,1.0]","[0.0,1.4469607794753012,3.136733679555335,3.709110714077983]",1
,,,,,"[0.0,3.0,8.3,1.0]","[0.0,1.4469607794753012,2.86097687256146,3.709110714077983]",1
,,,,,"[0.0,4.0,7.0,1.0]","[0.0,1.9292810393004016,2.4128720611964116,3.709110714077983]",1
,,,,,"[0.0,0.0,9.3,1.0]","[0.0,0.0,3.2056728813038045,3.709110714077983]",1
,,,,,"(4,[3],[1.0])","(4,[3],[3.709110714077983])",0
,,,,,"[0.0,0.0,8.0,1.0]","[0.0,0.0,2.757568069938756,3.709110714077983]",1
,,,,,"[0.0,0.0,9.1,1.0]","[0.0,0.0,3.136733679555335,3.709110714077983]",1
,,,,,"[0.0,0.0,9.2,1.0]","[0.0,0.0,3.171203280429569,3.709110714077983]",1
,,,,,"[0.0,2.0,9.1,1.0]","[0.0,0.9646405196502008,3.136733679555335,3.709110714077983]",1
,,,,,"(4,[3],[1.0])","(4,[3],[3.709110714077983])",0
,,,,,"[0.0,2.0,9.3,1.0]","[0.0,0.9646405196502008,3.2056728813038045,3.709110714077983]",1
,,,,,"[0.0,0.0,8.9,1.0]","[0.0,0.0,3.067794477806866,3.709110714077983]",1
,,,,,"(4,[3],[1.0])","(4,[3],[3.709110714077983])",0
,,,,,"[0.0,0.0,9.8,1.0]","[0.0,0.0,3.3780208856749767,3.709110714077983]",1
,,,,,"(4,[3],[1.0])","(4,[3],[3.709110714077983])",0
,,,,,"[0.0,3.0,9.6,1.0]","[0.0,1.4469607794753012,3.3090816839265074,3.709110714077983]",1
,,,,,"[0.0,0.0,7.8,1.0]","[0.0,0.0,2.6886288681902872,3.709110714077983]",1
,,,,,"[0.0,0.0,9.0,1.0]","[0.0,0.0,3.1022640786811007,3.709110714077983]",1
,,,,,"[0.0,3.0,9.0,1.0]","[0.0,1.4469607794753012,3.1022640786811007,3.709110714077983]",1
,,,,,"[0.0,4.0,8.3,1.0]","[0.0,1.9292810393004016,2.86097687256146,3.709110714077983]",1
,,,,,"[0.0,3.0,8.5,1.0]","[0.0,1.4469607794753012,2.9299160743099284,3.709110714077983]",1
,,,,,"[0.0,3.0,8.4,1.0]","[0.0,1.4469607794753012,2.895446473435694,3.709110714077983]",1
,,,,,"[0.0,0.0,9.0,1.0]","[0.0,0.0,3.1022640786811007,3.709110714077983]",1
,,,,,"[0.0,4.0,8.3,1.0]","[0.0,1.9292810393004016,2.86097687256146,3.709110714077983]",1
,,,,,"[0.0,4.0,8.4,1.0]","[0.0,1.9292810393004016,2.895446473435694,3.709110714077983]",1
,,,,,"[0.0,0.0,9.3,1.0]","[0.0,0.0,3.2056728813038045,3.709110714077983]",1
,,,,,"[0.0,3.0,7.9,1.0]","[0.0,1.4469607794753012,2.7230984690645217,3.709110714077983]",1
,,,,,"[0.0,0.0,9.3,1.0]","[0.0,0.0,3.2056728813038045,3.709110714077983]",1
,,,,,"[0.0,3.0,8.2,1.0]","[0.0,1.4469607794753012,2.8265072716872246,3.709110714077983]",1
,,,,,"[0.0,0.0,9.2,1.0]","[0.0,0.0,3.171203280429569,3.709110714077983]",1
,,,,,"[0.0,3.0,7.9,1.0]","[0.0,1.4469607794753012,2.7230984690645217,3.709110714077983]",1
,,,,,"[0.0,3.0,8.2,1.0]","[0.0,1.4469607794753012,2.8265072716872246,3.709110714077983]",1
,,,,,"[0.0,0.0,9.1,1.0]","[0.0,0.0,3.136733679555335,3.709110714077983]",1
,,,,,"[0.0,3.0,8.4,1.0]","[0.0,1.4469607794753012,2.895446473435694,3.709110714077983]",1
,,,,,"[0.0,0.0,9.8,1.0]","[0.0,0.0,3.3780208856749767,3.709110714077983]",1
,,,,,"(4,[3],[1.0])","(4,[3],[3.709110714077983])",0
,,,,,"[0.0,0.0,9.0,1.0]","[0.0,0.0,3.1022640786811007,3.709110714077983]",1
,,,,,"[0.0,3.0,8.5,1.0]","[0.0,1.4469607794753012,2.9299160743099284,3.709110714077983]",1
,,,,,"[0.0,0.0,8.0,1.0]","[0.0,0.0,2.757568069938756,3.709110714077983]",1
,,,,,"(4,[3],[1.0])","(4,[3],[3.709110714077983])",0
,,,,,"(4,[3],[1.0])","(4,[3],[3.709110714077983])",0
,,,,,"[0.0,0.0,9.7,1.0]","[0.0,0.0,3.3435512848007414,3.709110714077983]",1
,,,,,"[0.0,0.0,8.4,1.0]","[0.0,0.0,2.895446473435694,3.709110714077983]",1
,,,,,"(4,[3],[1.0])","(4,[3],[3.709110714077983])",0
,,,,,"[0.0,5.0,4.83,1.0]","[0.0,2.4116012991255023,1.664881722225524,3.709110714077983]",1
,,,,,"[0.0,5.0,5.0,1.0]","[0.0,2.4116012991255023,1.7234800437117226,3.709110714077983]",1
,,,,,"(4,[3],[1.0])","(4,[3],[3.709110714077983])",0
,,,,,"[0.0,5.0,4.8,1.0]","[0.0,2.4116012991255023,1.6545408419632537,3.709110714077983]",1
,,,,,"[0.0,5.0,4.8,1.0]","[0.0,2.4116012991255023,1.6545408419632537,3.709110714077983]",1
,,,,,"(4,[3],[1.0])","(4,[3],[3.709110714077983])",0
,,,,,"[0.0,5.0,5.0,1.0]","[0.0,2.4116012991255023,1.7234800437117226,3.709110714077983]",1
,,,,,"[0.0,5.0,5.0,1.0]","[0.0,2.4116012991255023,1.7234800437117226,3.709110714077983]",1
,,,,,"[0.0,5.0,5.0,1.0]","[0.0,2.4116012991255023,1.7234800437117226,3.709110714077983]",1
,,,,,"[0.0,5.0,4.88,1.0]","[0.0,2.4116012991255023,1.6821165226626411,3.709110714077983]",1
,,,,,"[0.0,4.0,4.74,1.0]","[0.0,1.9292810393004016,1.633859081438713,3.709110714077983]",1
,,,,,"[0.0,4.0,4.69,1.0]","[0.0,1.9292810393004016,1.6166242810015958,3.709110714077983]",1
,,,,,"[0.0,4.0,4.65,1.0]","[0.0,1.9292810393004016,1.6028364406519022,3.709110714077983]",1
,,,,,"[0.0,5.0,4.93,1.0]","[0.0,2.4116012991255023,1.6993513230997583,3.709110714077983]",1
,,,,,"[0.0,5.0,5.0,1.0]","[0.0,2.4116012991255023,1.7234800437117226,3.709110714077983]",1
,,,,,"[0.0,5.0,4.83,1.0]","[0.0,2.4116012991255023,1.664881722225524,3.709110714077983]",1
,,,,,"[0.0,5.0,4.96,1.0]","[0.0,2.4116012991255023,1.7096922033620288,3.709110714077983]",1
,,,,,"(4,[3],[1.0])","(4,[3],[3.709110714077983])",0
,,,,,"[0.0,5.0,4.94,1.0]","[0.0,2.4116012991255023,1.702798283187182,3.709110714077983]",1
,,,,,"[0.0,5.0,4.95,1.0]","[0.0,2.4116012991255023,1.7062452432746054,3.709110714077983]",1
,,,,,"[0.0,4.0,4.6,1.0]","[0.0,1.9292810393004016,1.5856016402147846,3.709110714077983]",1
,,,,,"[0.0,5.0,4.82,1.0]","[0.0,2.4116012991255023,1.6614347621381007,3.709110714077983]",1
,,,,,"[0.0,5.0,5.0,1.0]","[0.0,2.4116012991255023,1.7234800437117226,3.709110714077983]",1
,,,,,"(4,[3],[1.0])","(4,[3],[3.709110714077983])",0
,,,,,"[0.0,4.0,4.75,1.0]","[0.0,1.9292810393004016,1.6373060415261365,3.709110714077983]",1
,,,,,"[0.0,4.0,4.6,1.0]","[0.0,1.9292810393004016,1.5856016402147846,3.709110714077983]",1
,,,,,"(4,[3],[1.0])","(4,[3],[3.709110714077983])",0
,,,,,"[0.0,5.0,5.0,1.0]","[0.0,2.4116012991255023,1.7234800437117226,3.709110714077983]",1
,,,,,"[0.0,5.0,4.9,1.0]","[0.0,2.4116012991255023,1.6890104428374884,3.709110714077983]",1
,,,,,"[0.0,5.0,4.99,1.0]","[0.0,2.4116012991255023,1.7200330836242992,3.709110714077983]",1
,,,,,"[0.0,5.0,4.92,1.0]","[0.0,2.4116012991255023,1.695904363012335,3.709110714077983]",1
,,,,,"[0.0,5.0,4.88,1.0]","[0.0,2.4116012991255023,1.6821165226626411,3.709110714077983]",1
,,,,,"[0.0,5.0,4.98,1.0]","[0.0,2.4116012991255023,1.7165861235368758,3.709110714077983]",1
,,,,,"[0.0,5.0,4.91,1.0]","[0.0,2.4116012991255023,1.6924574029249115,3.709110714077983]",1
,,,,,"[0.0,5.0,4.91,1.0]","[0.0,2.4116012991255023,1.6924574029249115,3.709110714077983]",1
,,,,,"[0.0,5.0,5.0,1.0]","[0.0,2.4116012991255023,1.7234800437117226,3.709110714077983]",1
,,,,,"[0.0,5.0,5.0,1.0]","[0.0,2.4116012991255023,1.7234800437117226,3.709110714077983]",1
,,,,,"(4,[3],[1.0])","(4,[3],[3.709110714077983])",0
,,,,,"(4,[3],[1.0])","(4,[3],[3.709110714077983])",0
,,,,,"[0.0,5.0,4.95,1.0]","[0.0,2.4116012991255023,1.7062452432746054,3.709110714077983]",1
,,,,,"[0.0,5.0,4.97,1.0]","[0.0,2.4116012991255023,1.7131391634494522,3.709110714077983]",1
,,,,,"[0.0,5.0,4.82,1.0]","[0.0,2.4116012991255023,1.6614347621381007,3.709110714077983]",1
,,,,,"(4,[3],[1.0])","(4,[3],[3.709110714077983])",0
,,,,,"[0.0,5.0,4.91,1.0]","[0.0,2.4116012991255023,1.6924574029249115,3.709110714077983]",1
,,,,,"[0.0,5.0,4.91,1.0]","[0.0,2.4116012991255023,1.6924574029249115,3.709110714077983]",1
,,,,,"[0.0,4.0,4.7,1.0]","[0.0,1.9292810393004016,1.6200712410890192,3.709110714077983]",1
,,,,,"[0.0,4.0,4.66,1.0]","[0.0,1.9292810393004016,1.6062834007393254,3.709110714077983]",1
,,,,,"[0.0,4.0,4.59,1.0]","[0.0,1.9292810393004016,1.5821546801273614,3.709110714077983]",1
,,,,,"[0.0,5.0,4.94,1.0]","[0.0,2.4116012991255023,1.702798283187182,3.709110714077983]",1
,,,,,"[0.0,5.0,4.91,1.0]","[0.0,2.4116012991255023,1.6924574029249115,3.709110714077983]",1
,,,,,"(4,[3],[1.0])","(4,[3],[3.709110714077983])",0
,,,,,"(4,[3],[1.0])","(4,[3],[3.709110714077983])",0
,,,,,"[0.0,5.0,4.98,1.0]","[0.0,2.4116012991255023,1.7165861235368758,3.709110714077983]",1
,,,,,"(4,[3],[1.0])","(4,[3],[3.709110714077983])",0
,,,,,"[0.0,5.0,5.0,1.0]","[0.0,2.4116012991255023,1.7234800437117226,3.709110714077983]",1
,,,,,"[0.0,5.0,4.99,1.0]","[0.0,2.4116012991255023,1.7200330836242992,3.709110714077983]",1
,,,,,"(4,[3],[1.0])","(4,[3],[3.709110714077983])",0
,,,,,"[0.0,5.0,4.94,1.0]","[0.0,2.4116012991255023,1.702798283187182,3.709110714077983]",1
,,,,,"(4,[3],[1.0])","(4,[3],[3.709110714077983])",0
,,,,,"(4,[3],[1.0])","(4,[3],[3.709110714077983])",0
,,,,,"[0.0,5.0,4.97,1.0]","[0.0,2.4116012991255023,1.7131391634494522,3.709110714077983]",1
,,,,,"[0.0,5.0,4.86,1.0]","[0.0,2.4116012991255023,1.6752226024877945,3.709110714077983]",1
,,,,,"[0.0,5.0,4.97,1.0]","[0.0,2.4116012991255023,1.7131391634494522,3.709110714077983]",1
,,,,,"[0.0,5.0,4.96,1.0]","[0.0,2.4116012991255023,1.7096922033620288,3.709110714077983]",1
,,,,,"[0.0,5.0,4.93,1.0]","[0.0,2.4116012991255023,1.6993513230997583,3.709110714077983]",1
,,,,,"(4,[3],[1.0])","(4,[3],[3.709110714077983])",0
,,,,,"[0.0,5.0,4.81,1.0]","[0.0,2.4116012991255023,1.657987802050677,3.709110714077983]",1
,,,,,"(4,[3],[1.0])","(4,[3],[3.709110714077983])",0
,,,,,"[0.0,5.0,4.9,1.0]","[0.0,2.4116012991255023,1.6890104428374884,3.709110714077983]",1
,,,,,"[0.0,5.0,5.0,1.0]","[0.0,2.4116012991255023,1.7234800437117226,3.709110714077983]",1
,,,,,"(4,[3],[1.0])","(4,[3],[3.709110714077983])",0
,,,,,"[0.0,5.0,4.93,1.0]","[0.0,2.4116012991255023,1.6993513230997583,3.709110714077983]",1
,,,,,"(4,[3],[1.0])","(4,[3],[3.709110714077983])",0
,,,,,"[0.0,5.0,4.92,1.0]","[0.0,2.4116012991255023,1.695904363012335,3.709110714077983]",1
,,,,,"(4,[3],[1.0])","(4,[3],[3.709110714077983])",0
,,,,,"[0.0,4.0,4.76,1.0]","[0.0,1.9292810393004016,1.6407530016135599,3.709110714077983]",1
,,,,,"[0.0,5.0,4.88,1.0]","[0.0,2.4116012991255023,1.6821165226626411,3.709110714077983]",1
,,,,,"[0.0,3.0,4.48,1.0]","[0.0,1.4469607794753012,1.5442381191657035,3.709110714077983]",1
,,,,,"[0.0,5.0,4.84,1.0]","[0.0,2.4116012991255023,1.6683286823129475,3.709110714077983]",1
,,,,,"[0.0,5.0,4.98,1.0]","[0.0,2.4116012991255023,1.7165861235368758,3.709110714077983]",1
,,,,,"[0.0,5.0,4.81,1.0]","[0.0,2.4116012991255023,1.657987802050677,3.709110714077983]",1
,,,,,"[0.0,5.0,4.99,1.0]","[0.0,2.4116012991255023,1.7200330836242992,3.709110714077983]",1
,,,,,"(4,[3],[1.0])","(4,[3],[3.709110714077983])",0
,,,,,"[0.0,5.0,4.96,1.0]","[0.0,2.4116012991255023,1.7096922033620288,3.709110714077983]",1
,,,,,"[0.0,5.0,5.0,1.0]","[0.0,2.4116012991255023,1.7234800437117226,3.709110714077983]",1
,,,,,"[0.0,5.0,4.88,1.0]","[0.0,2.4116012991255023,1.6821165226626411,3.709110714077983]",1
,,,,,"(4,[3],[1.0])","(4,[3],[3.709110714077983])",0
,,,,,"[0.0,5.0,4.85,1.0]","[0.0,2.4116012991255023,1.6717756424003707,3.709110714077983]",1
,,,,,"[0.0,5.0,4.93,1.0]","[0.0,2.4116012991255023,1.6993513230997583,3.709110714077983]",1
,,,,,"[0.0,5.0,5.0,1.0]","[0.0,2.4116012991255023,1.7234800437117226,3.709110714077983]",1
,,,,,"[0.0,4.0,4.79,1.0]","[0.0,1.9292810393004016,1.6510938818758303,3.709110714077983]",1
,,,,,"[0.0,5.0,5.0,1.0]","[0.0,2.4116012991255023,1.7234800437117226,3.709110714077983]",1
,,,,,"[0.0,5.0,4.95,1.0]","[0.0,2.4116012991255023,1.7062452432746054,3.709110714077983]",1
,,,,,"[0.0,2.0,3.6,1.0]","[0.0,0.9646405196502008,1.2409056314724403,3.709110714077983]",0
,,,,,"[0.0,5.0,5.0,1.0]","[0.0,2.4116012991255023,1.7234800437117226,3.709110714077983]",1
,,,,,"[0.0,5.0,4.94,1.0]","[0.0,2.4116012991255023,1.702798283187182,3.709110714077983]",1
,,,,,"[0.0,5.0,5.0,1.0]","[0.0,2.4116012991255023,1.7234800437117226,3.709110714077983]",1
,,,,,"[0.0,5.0,4.91,1.0]","[0.0,2.4116012991255023,1.6924574029249115,3.709110714077983]",1
,,,,,"[0.0,5.0,5.0,1.0]","[0.0,2.4116012991255023,1.7234800437117226,3.709110714077983]",1
,,,,,"[0.0,5.0,4.97,1.0]","[0.0,2.4116012991255023,1.7131391634494522,3.709110714077983]",1
,,,,,"[0.0,5.0,4.87,1.0]","[0.0,2.4116012991255023,1.678669562575218,3.709110714077983]",1
,,,,,"[0.0,3.0,4.44,1.0]","[0.0,1.4469607794753012,1.5304502788160097,3.709110714077983]",1
,,,,,"[0.0,5.0,4.95,1.0]","[0.0,2.4116012991255023,1.7062452432746054,3.709110714077983]",1
,,,,,"[0.0,5.0,4.82,1.0]","[0.0,2.4116012991255023,1.6614347621381007,3.709110714077983]",1
,,,,,"(4,[3],[1.0])","(4,[3],[3.709110714077983])",0
,,,,,"[0.0,5.0,4.84,1.0]","[0.0,2.4116012991255023,1.6683286823129475,3.709110714077983]",1
,,,,,"(4,[3],[1.0])","(4,[3],[3.709110714077983])",0
,,,,,"[0.0,4.0,4.73,1.0]","[0.0,1.9292810393004016,1.6304121213512897,3.709110714077983]",1
,,,,,"[0.0,5.0,4.91,1.0]","[0.0,2.4116012991255023,1.6924574029249115,3.709110714077983]",1
,,,,,"[0.0,5.0,4.9,1.0]","[0.0,2.4116012991255023,1.6890104428374884,3.709110714077983]",1
,,,,,"[0.0,5.0,4.94,1.0]","[0.0,2.4116012991255023,1.702798283187182,3.709110714077983]",1
,,,,,"[0.0,5.0,4.95,1.0]","[0.0,2.4116012991255023,1.7062452432746054,3.709110714077983]",1
,,,,,"[0.0,4.0,4.68,1.0]","[0.0,1.9292810393004016,1.6131773209141722,3.709110714077983]",1
,,,,,"[0.0,5.0,4.88,1.0]","[0.0,2.4116012991255023,1.6821165226626411,3.709110714077983]",1
,,,,,"[0.0,4.0,4.79,1.0]","[0.0,1.9292810393004016,1.6510938818758303,3.709110714077983]",1
,,,,,"[0.0,5.0,4.89,1.0]","[0.0,2.4116012991255023,1.6855634827500645,3.709110714077983]",1
,,,,,"[0.0,4.0,4.74,1.0]","[0.0,1.9292810393004016,1.633859081438713,3.709110714077983]",1
,,,,,"[0.0,5.0,4.9,1.0]","[0.0,2.4116012991255023,1.6890104428374884,3.709110714077983]",1
,,,,,"[0.0,5.0,4.88,1.0]","[0.0,2.4116012991255023,1.6821165226626411,3.709110714077983]",1
,,,,,"[0.0,5.0,4.97,1.0]","[0.0,2.4116012991255023,1.7131391634494522,3.709110714077983]",1
,,,,,"[0.0,5.0,4.88,1.0]","[0.0,2.4116012991255023,1.6821165226626411,3.709110714077983]",1
,,,,,"[0.0,5.0,4.93,1.0]","[0.0,2.4116012991255023,1.6993513230997583,3.709110714077983]",1
,,,,,"[0.0,4.0,4.69,1.0]","[0.0,1.9292810393004016,1.6166242810015958,3.709110714077983]",1
,,,,,"[0.0,5.0,4.96,1.0]","[0.0,2.4116012991255023,1.7096922033620288,3.709110714077983]",1
,,,,,"[0.0,5.0,4.85,1.0]","[0.0,2.4116012991255023,1.6717756424003707,3.709110714077983]",1
,,,,,"[0.0,5.0,4.95,1.0]","[0.0,2.4116012991255023,1.7062452432746054,3.709110714077983]",1
,,,,,"[0.0,5.0,5.0,1.0]","[0.0,2.4116012991255023,1.7234800437117226,3.709110714077983]",1
,,,,,"[0.0,5.0,4.92,1.0]","[0.0,2.4116012991255023,1.695904363012335,3.709110714077983]",1
,,,,,"[0.0,5.0,4.86,1.0]","[0.0,2.4116012991255023,1.6752226024877945,3.709110714077983]",1
,,,,,"[0.0,5.0,4.9,1.0]","[0.0,2.4116012991255023,1.6890104428374884,3.709110714077983]",1
,,,,,"[0.0,5.0,5.0,1.0]","[0.0,2.4116012991255023,1.7234800437117226,3.709110714077983]",1
,,,,,"[0.0,5.0,4.9,1.0]","[0.0,2.4116012991255023,1.6890104428374884,3.709110714077983]",1
,,,,,"(4,[3],[1.0])","(4,[3],[3.709110714077983])",0
,,,,,"[0.0,4.0,4.69,1.0]","[0.0,1.9292810393004016,1.6166242810015958,3.709110714077983]",1
,,,,,"[0.0,5.0,4.88,1.0]","[0.0,2.4116012991255023,1.6821165226626411,3.709110714077983]",1
,,,,,"[0.0,5.0,4.97,1.0]","[0.0,2.4116012991255023,1.7131391634494522,3.709110714077983]",1
,,,,,"[0.0,5.0,4.8,1.0]","[0.0,2.4116012991255023,1.6545408419632537,3.709110714077983]",1
,,,,,"[0.0,4.0,4.65,1.0]","[0.0,1.9292810393004016,1.6028364406519022,3.709110714077983]",1
,,,,,"[0.0,5.0,4.8,1.0]","[0.0,2.4116012991255023,1.6545408419632537,3.709110714077983]",1
,,,,,"[0.0,5.0,4.85,1.0]","[0.0,2.4116012991255023,1.6717756424003707,3.709110714077983]",1
,,,,,"[0.0,5.0,5.0,1.0]","[0.0,2.4116012991255023,1.7234800437117226,3.709110714077983]",1
,,,,,"[0.0,5.0,4.86,1.0]","[0.0,2.4116012991255023,1.6752226024877945,3.709110714077983]",1
,,,,,"[0.0,5.0,5.0,1.0]","[0.0,2.4116012991255023,1.7234800437117226,3.709110714077983]",1
,,,,,"[0.0,5.0,4.95,1.0]","[0.0,2.4116012991255023,1.7062452432746054,3.709110714077983]",1
,,,,,"[0.0,4.0,4.7,1.0]","[0.0,1.9292810393004016,1.6200712410890192,3.709110714077983]",1
,,,,,"(4,[3],[1.0])","(4,[3],[3.709110714077983])",0
,,,,,"[0.0,5.0,4.87,1.0]","[0.0,2.4116012991255023,1.678669562575218,3.709110714077983]",1
,,,,,"[0.0,2.0,1.944,1.0]","[0.0,0.9646405196502008,0.6700890409951177,3.709110714077983]",0
,,,,,"[0.0,4.0,4.63,1.0]","[0.0,1.9292810393004016,1.595942520477055,3.709110714077983]",1
,,,,,"[0.0,3.0,4.33,1.0]","[0.0,1.4469607794753012,1.4925337178543518,3.709110714077983]",1
,,,,,"[0.0,5.0,4.83,1.0]","[0.0,2.4116012991255023,1.664881722225524,3.709110714077983]",1
,,,,,"[0.0,4.0,4.64,1.0]","[0.0,1.9292810393004016,1.5993894805644784,3.709110714077983]",1
,,,,,"[0.0,5.0,4.89,1.0]","[0.0,2.4116012991255023,1.6855634827500645,3.709110714077983]",1
,,,,,"(4,[3],[1.0])","(4,[3],[3.709110714077983])",0
,,,,,"[0.0,5.0,5.0,1.0]","[0.0,2.4116012991255023,1.7234800437117226,3.709110714077983]",1
,,,,,"[0.0,5.0,4.84,1.0]","[0.0,2.4116012991255023,1.6683286823129475,3.709110714077983]",1
,,,,,"[0.0,4.0,4.59,1.0]","[0.0,1.9292810393004016,1.5821546801273614,3.709110714077983]",1
,,,,,"[0.0,5.0,4.96,1.0]","[0.0,2.4116012991255023,1.7096922033620288,3.709110714077983]",1
,,,,,"(4,[3],[1.0])","(4,[3],[3.709110714077983])",0
,,,,,"[0.0,4.0,4.6,1.0]","[0.0,1.9292810393004016,1.5856016402147846,3.709110714077983]",1
,,,,,"[0.0,5.0,4.91,1.0]","[0.0,2.4116012991255023,1.6924574029249115,3.709110714077983]",1
,,,,,"[0.0,4.0,4.68,1.0]","[0.0,1.9292810393004016,1.6131773209141722,3.709110714077983]",1
,,,,,"[0.0,5.0,4.86,1.0]","[0.0,2.4116012991255023,1.6752226024877945,3.709110714077983]",1
,,,,,"[0.0,5.0,4.83,1.0]","[0.0,2.4116012991255023,1.664881722225524,3.709110714077983]",1
,,,,,"[0.0,4.0,4.67,1.0]","[0.0,1.9292810393004016,1.6097303608267488,3.709110714077983]",1
,,,,,"[0.0,5.0,5.0,1.0]","[0.0,2.4116012991255023,1.7234800437117226,3.709110714077983]",1
,,,,,"(4,[3],[1.0])","(4,[3],[3.709110714077983])",0
,,,,,"(4,[3],[1.0])","(4,[3],[3.709110714077983])",0
,,,,,"[0.0,5.0,5.0,1.0]","[0.0,2.4116012991255023,1.7234800437117226,3.709110714077983]",1
,,,,,"[0.0,5.0,4.92,1.0]","[0.0,2.4116012991255023,1.695904363012335,3.709110714077983]",1
,,,,,"[0.0,5.0,5.0,1.0]","[0.0,2.4116012991255023,1.7234800437117226,3.709110714077983]",1
,,,,,"[0.0,4.0,4.67,1.0]","[0.0,1.9292810393004016,1.6097303608267488,3.709110714077983]",1
,,,,,"[0.0,5.0,4.9,1.0]","[0.0,2.4116012991255023,1.6890104428374884,3.709110714077983]",1
,,,,,"[0.0,5.0,4.97,1.0]","[0.0,2.4116012991255023,1.7131391634494522,3.709110714077983]",1
,,,,,"[0.0,5.0,4.96,1.0]","[0.0,2.4116012991255023,1.7096922033620288,3.709110714077983]",1
,,,,,"[0.0,2.0,1.5,1.0]","[0.0,0.9646405196502008,0.5170440131135168,3.709110714077983]",0
,,,,,"[0.0,5.0,4.9,1.0]","[0.0,2.4116012991255023,1.6890104428374884,3.709110714077983]",1
,,,,,"[0.0,5.0,5.0,1.0]","[0.0,2.4116012991255023,1.7234800437117226,3.709110714077983]",1
,,,,,"[0.0,5.0,5.0,1.0]","[0.0,2.4116012991255023,1.7234800437117226,3.709110714077983]",1
,,,,,"[0.0,5.0,4.98,1.0]","[0.0,2.4116012991255023,1.7165861235368758,3.709110714077983]",1
,,,,,"(4,[3],[1.0])","(4,[3],[3.709110714077983])",0
,,,,,"[0.0,4.0,4.79,1.0]","[0.0,1.9292810393004016,1.6510938818758303,3.709110714077983]",1
,,,,,"[0.0,5.0,4.93,1.0]","[0.0,2.4116012991255023,1.6993513230997583,3.709110714077983]",1
,,,,,"[0.0,5.0,4.9,1.0]","[0.0,2.4116012991255023,1.6890104428374884,3.709110714077983]",1
,,,,,"[0.0,5.0,4.96,1.0]","[0.0,2.4116012991255023,1.7096922033620288,3.709110714077983]",1
,,,,,"[0.0,5.0,4.81,1.0]","[0.0,2.4116012991255023,1.657987802050677,3.709110714077983]",1
,,,,,"[0.0,4.0,4.65,1.0]","[0.0,1.9292810393004016,1.6028364406519022,3.709110714077983]",1
,,,,,"[0.0,5.0,4.92,1.0]","[0.0,2.4116012991255023,1.695904363012335,3.709110714077983]",1
,,,,,"(4,[3],[1.0])","(4,[3],[3.709110714077983])",0
,,,,,"[0.0,5.0,5.0,1.0]","[0.0,2.4116012991255023,1.7234800437117226,3.709110714077983]",1
,,,,,"(4,[3],[1.0])","(4,[3],[3.709110714077983])",0
,,,,,"[0.0,5.0,4.91,1.0]","[0.0,2.4116012991255023,1.6924574029249115,3.709110714077983]",1
,,,,,"[0.0,5.0,4.92,1.0]","[0.0,2.4116012991255023,1.695904363012335,3.709110714077983]",1
,,,,,"[0.0,5.0,4.89,1.0]","[0.0,2.4116012991255023,1.6855634827500645,3.709110714077983]",1
,,,,,"(4,[3],[1.0])","(4,[3],[3.709110714077983])",0
,,,,,"[0.0,5.0,4.82,1.0]","[0.0,2.4116012991255023,1.6614347621381007,3.709110714077983]",1
,,,,,"[0.0,5.0,5.0,1.0]","[0.0,2.4116012991255023,1.7234800437117226,3.709110714077983]",1
,,,,,"[0.0,5.0,4.86,1.0]","[0.0,2.4116012991255023,1.6752226024877945,3.709110714077983]",1
,,,,,"[0.0,5.0,4.96,1.0]","[0.0,2.4116012991255023,1.7096922033620288,3.709110714077983]",1
,,,,,"[0.0,5.0,5.0,1.0]","[0.0,2.4116012991255023,1.7234800437117226,3.709110714077983]",1
,,,,,"[0.0,5.0,4.84,1.0]","[0.0,2.4116012991255023,1.6683286823129475,3.709110714077983]",1
,,,,,"[0.0,5.0,4.8,1.0]","[0.0,2.4116012991255023,1.6545408419632537,3.709110714077983]",1
,,,,,"[0.0,5.0,4.89,1.0]","[0.0,2.4116012991255023,1.6855634827500645,3.709110714077983]",1
,,,,,"[0.0,5.0,4.91,1.0]","[0.0,2.4116012991255023,1.6924574029249115,3.709110714077983]",1
,,,,,"[0.0,5.0,4.83,1.0]","[0.0,2.4116012991255023,1.664881722225524,3.709110714077983]",1
,,,,,"[0.0,5.0,4.84,1.0]","[0.0,2.4116012991255023,1.6683286823129475,3.709110714077983]",1
,,,,,"[0.0,5.0,4.84,1.0]","[0.0,2.4116012991255023,1.6683286823129475,3.709110714077983]",1
,,,,,"[0.0,5.0,5.0,1.0]","[0.0,2.4116012991255023,1.7234800437117226,3.709110714077983]",1
,,,,,"[0.0,5.0,4.88,1.0]","[0.0,2.4116012991255023,1.6821165226626411,3.709110714077983]",1
,,,,,"[0.0,5.0,4.81,1.0]","[0.0,2.4116012991255023,1.657987802050677,3.709110714077983]",1
,,,,,"(4,[3],[1.0])","(4,[3],[3.709110714077983])",0
,,,,,"[0.0,5.0,4.95,1.0]","[0.0,2.4116012991255023,1.7062452432746054,3.709110714077983]",1
,,,,,"[0.0,4.0,4.58,1.0]","[0.0,1.9292810393004016,1.578707720039938,3.709110714077983]",1
,,,,,"[0.0,5.0,4.93,1.0]","[0.0,2.4116012991255023,1.6993513230997583,3.709110714077983]",1
,,,,,"(4,[3],[1.0])","(4,[3],[3.709110714077983])",0
,,,,,"[0.0,5.0,4.96,1.0]","[0.0,2.4116012991255023,1.7096922033620288,3.709110714077983]",1
,,,,,"[0.0,5.0,4.92,1.0]","[0.0,2.4116012991255023,1.695904363012335,3.709110714077983]",1
,,,,,"[0.0,4.0,4.7,1.0]","[0.0,1.9292810393004016,1.6200712410890192,3.709110714077983]",1
,,,,,"[0.0,5.0,4.87,1.0]","[0.0,2.4116012991255023,1.678669562575218,3.709110714077983]",1
,,,,,"[0.0,5.0,4.92,1.0]","[0.0,2.4116012991255023,1.695904363012335,3.709110714077983]",1
,,,,,"[0.0,5.0,4.8,1.0]","[0.0,2.4116012991255023,1.6545408419632537,3.709110714077983]",1
,,,,,"[0.0,5.0,5.0,1.0]","[0.0,2.4116012991255023,1.7234800437117226,3.709110714077983]",1
,,,,,"[0.0,5.0,5.0,1.0]","[0.0,2.4116012991255023,1.7234800437117226,3.709110714077983]",1
,,,,,"[0.0,5.0,4.96,1.0]","[0.0,2.4116012991255023,1.7096922033620288,3.709110714077983]",1
,,,,,"[0.0,5.0,4.88,1.0]","[0.0,2.4116012991255023,1.6821165226626411,3.709110714077983]",1
,,,,,"[0.0,5.0,4.9,1.0]","[0.0,2.4116012991255023,1.6890104428374884,3.709110714077983]",1
,,,,,"[0.0,5.0,4.91,1.0]","[0.0,2.4116012991255023,1.6924574029249115,3.709110714077983]",1
,,,,,"[0.0,5.0,4.94,1.0]","[0.0,2.4116012991255023,1.702798283187182,3.709110714077983]",1
,,,,,"[0.0,5.0,4.93,1.0]","[0.0,2.4116012991255023,1.6993513230997583,3.709110714077983]",1
,,,,,"[0.0,5.0,5.0,1.0]","[0.0,2.4116012991255023,1.7234800437117226,3.709110714077983]",1
,,,,,"[0.0,5.0,5.0,1.0]","[0.0,2.4116012991255023,1.7234800437117226,3.709110714077983]",1
,,,,,"[0.0,5.0,5.0,1.0]","[0.0,2.4116012991255023,1.7234800437117226,3.709110714077983]",1
,,,,,"[0.0,5.0,4.91,1.0]","[0.0,2.4116012991255023,1.6924574029249115,3.709110714077983]",1
,,,,,"[0.0,5.0,5.0,1.0]","[0.0,2.4116012991255023,1.7234800437117226,3.709110714077983]",1
,,,,,"(4,[3],[1.0])","(4,[3],[3.709110714077983])",0
,,,,,"[0.0,5.0,5.0,1.0]","[0.0,2.4116012991255023,1.7234800437117226,3.709110714077983]",1
,,,,,"[0.0,4.0,4.6,1.0]","[0.0,1.9292810393004016,1.5856016402147846,3.709110714077983]",1
,,,,,"[0.0,5.0,4.91,1.0]","[0.0,2.4116012991255023,1.6924574029249115,3.709110714077983]",1
,,,,,"[0.0,5.0,5.0,1.0]","[0.0,2.4116012991255023,1.7234800437117226,3.709110714077983]",1
,,,,,"(4,[3],[1.0])","(4,[3],[3.709110714077983])",0
,,,,,"[0.0,5.0,4.96,1.0]","[0.0,2.4116012991255023,1.7096922033620288,3.709110714077983]",1
,,,,,"[0.0,5.0,4.94,1.0]","[0.0,2.4116012991255023,1.702798283187182,3.709110714077983]",1
,,,,,"[0.0,5.0,4.96,1.0]","[0.0,2.4116012991255023,1.7096922033620288,3.709110714077983]",1
,,,,,"[0.0,5.0,4.82,1.0]","[0.0,2.4116012991255023,1.6614347621381007,3.709110714077983]",1
,,,,,"[0.0,5.0,4.94,1.0]","[0.0,2.4116012991255023,1.702798283187182,3.709110714077983]",1
,,,,,"[0.0,5.0,5.0,1.0]","[0.0,2.4116012991255023,1.7234800437117226,3.709110714077983]",1
,,,,,"[0.0,5.0,4.93,1.0]","[0.0,2.4116012991255023,1.6993513230997583,3.709110714077983]",1
,,,,,"[0.0,4.0,4.67,1.0]","[0.0,1.9292810393004016,1.6097303608267488,3.709110714077983]",1
,,,,,"[0.0,5.0,4.85,1.0]","[0.0,2.4116012991255023,1.6717756424003707,3.709110714077983]",1
,,,,,"[0.0,4.0,4.63,1.0]","[0.0,1.9292810393004016,1.595942520477055,3.709110714077983]",1
,,,,,"[0.0,5.0,4.88,1.0]","[0.0,2.4116012991255023,1.6821165226626411,3.709110714077983]",1
,,,,,"(4,[3],[1.0])","(4,[3],[3.709110714077983])",0
,,,,,"[0.0,5.0,4.89,1.0]","[0.0,2.4116012991255023,1.6855634827500645,3.709110714077983]",1
,,,,,"[0.0,5.0,4.85,1.0]","[0.0,2.4116012991255023,1.6717756424003707,3.709110714077983]",1
,,,,,"[0.0,5.0,5.0,1.0]","[0.0,2.4116012991255023,1.7234800437117226,3.709110714077983]",1
,,,,,"[0.0,5.0,4.93,1.0]","[0.0,2.4116012991255023,1.6993513230997583,3.709110714077983]",1
,,,,,"[0.0,5.0,5.0,1.0]","[0.0,2.4116012991255023,1.7234800437117226,3.709110714077983]",1
,,,,,"[0.0,5.0,4.83,1.0]","[0.0,2.4116012991255023,1.664881722225524,3.709110714077983]",1
,,,,,"[0.0,5.0,4.94,1.0]","[0.0,2.4116012991255023,1.702798283187182,3.709110714077983]",1
,,,,,"[0.0,5.0,5.0,1.0]","[0.0,2.4116012991255023,1.7234800437117226,3.709110714077983]",1
,,,,,"[0.0,5.0,4.85,1.0]","[0.0,2.4116012991255023,1.6717756424003707,3.709110714077983]",1
,,,,,"[0.0,5.0,5.0,1.0]","[0.0,2.4116012991255023,1.7234800437117226,3.709110714077983]",1
,,,,,"[0.0,5.0,4.91,1.0]","[0.0,2.4116012991255023,1.6924574029249115,3.709110714077983]",1
,,,,,"[0.0,5.0,4.86,1.0]","[0.0,2.4116012991255023,1.6752226024877945,3.709110714077983]",1
,,,,,"[0.0,5.0,4.97,1.0]","[0.0,2.4116012991255023,1.7131391634494522,3.709110714077983]",1
,,,,,"[0.0,5.0,5.0,1.0]","[0.0,2.4116012991255023,1.7234800437117226,3.709110714077983]",1
,,,,,"(4,[3],[1.0])","(4,[3],[3.709110714077983])",0
,,,,,"[0.0,5.0,5.0,1.0]","[0.0,2.4116012991255023,1.7234800437117226,3.709110714077983]",1
,,,,,"[0.0,5.0,4.97,1.0]","[0.0,2.4116012991255023,1.7131391634494522,3.709110714077983]",1
,,,,,"[0.0,5.0,4.8,1.0]","[0.0,2.4116012991255023,1.6545408419632537,3.709110714077983]",1
,,,,,"[0.0,5.0,4.89,1.0]","[0.0,2.4116012991255023,1.6855634827500645,3.709110714077983]",1
,,,,,"[0.0,5.0,4.89,1.0]","[0.0,2.4116012991255023,1.6855634827500645,3.709110714077983]",1
,,,,,"[0.0,5.0,4.92,1.0]","[0.0,2.4116012991255023,1.695904363012335,3.709110714077983]",1
,,,,,"[0.0,5.0,4.83,1.0]","[0.0,2.4116012991255023,1.664881722225524,3.709110714077983]",1
,,,,,"[0.0,5.0,4.92,1.0]","[0.0,2.4116012991255023,1.695904363012335,3.709110714077983]",1
,,,,,"[0.0,5.0,5.0,1.0]","[0.0,2.4116012991255023,1.7234800437117226,3.709110714077983]",1
,,,,,"(4,[3],[1.0])","(4,[3],[3.709110714077983])",0
,,,,,"[0.0,5.0,4.86,1.0]","[0.0,2.4116012991255023,1.6752226024877945,3.709110714077983]",1
,,,,,"[0.0,5.0,4.96,1.0]","[0.0,2.4116012991255023,1.7096922033620288,3.709110714077983]",1
,,,,,"[0.0,5.0,4.85,1.0]","[0.0,2.4116012991255023,1.6717756424003707,3.709110714077983]",1
,,,,,"[0.0,5.0,5.0,1.0]","[0.0,2.4116012991255023,1.7234800437117226,3.709110714077983]",1
,,,,,"[0.0,4.0,4.64,1.0]","[0.0,1.9292810393004016,1.5993894805644784,3.709110714077983]",1
,,,,,"[0.0,5.0,4.86,1.0]","[0.0,2.4116012991255023,1.6752226024877945,3.709110714077983]",1
,,,,,"[0.0,5.0,4.89,1.0]","[0.0,2.4116012991255023,1.6855634827500645,3.709110714077983]",1
,,,,,"[0.0,5.0,4.82,1.0]","[0.0,2.4116012991255023,1.6614347621381007,3.709110714077983]",1
,,,,,"[0.0,4.0,4.74,1.0]","[0.0,1.9292810393004016,1.633859081438713,3.709110714077983]",1
,,,,,"[0.0,5.0,5.0,1.0]","[0.0,2.4116012991255023,1.7234800437117226,3.709110714077983]",1
,,,,,"[0.0,5.0,4.82,1.0]","[0.0,2.4116012991255023,1.6614347621381007,3.709110714077983]",1
,,,,,"[0.0,5.0,4.86,1.0]","[0.0,2.4116012991255023,1.6752226024877945,3.709110714077983]",1
,,,,,"[0.0,4.0,4.63,1.0]","[0.0,1.9292810393004016,1.595942520477055,3.709110714077983]",1
,,,,,"(4,[3],[1.0])","(4,[3],[3.709110714077983])",0
,,,,,"[0.0,5.0,4.82,1.0]","[0.0,2.4116012991255023,1.6614347621381007,3.709110714077983]",1
,,,,,"[0.0,5.0,4.95,1.0]","[0.0,2.4116012991255023,1.7062452432746054,3.709110714077983]",1
,,,,,"[0.0,5.0,4.96,1.0]","[0.0,2.4116012991255023,1.7096922033620288,3.709110714077983]",1
,,,,,"[0.0,5.0,4.94,1.0]","[0.0,2.4116012991255023,1.702798283187182,3.709110714077983]",1
,,,,,"[0.0,5.0,5.0,1.0]","[0.0,2.4116012991255023,1.7234800437117226,3.709110714077983]",1
,,,,,"[0.0,5.0,5.0,1.0]","[0.0,2.4116012991255023,1.7234800437117226,3.709110714077983]",1
,,,,,"[0.0,5.0,4.85,1.0]","[0.0,2.4116012991255023,1.6717756424003707,3.709110714077983]",1
,,,,,"[0.0,5.0,4.91,1.0]","[0.0,2.4116012991255023,1.6924574029249115,3.709110714077983]",1
,,,,,"[0.0,5.0,4.96,1.0]","[0.0,2.4116012991255023,1.7096922033620288,3.709110714077983]",1
,,,,,"[0.0,5.0,4.86,1.0]","[0.0,2.4116012991255023,1.6752226024877945,3.709110714077983]",1
,,,,,"[0.0,5.0,4.95,1.0]","[0.0,2.4116012991255023,1.7062452432746054,3.709110714077983]",1
,,,,,"(4,[3],[1.0])","(4,[3],[3.709110714077983])",0
,,,,,"[0.0,5.0,4.9,1.0]","[0.0,2.4116012991255023,1.6890104428374884,3.709110714077983]",1
,,,,,"[0.0,5.0,4.84,1.0]","[0.0,2.4116012991255023,1.6683286823129475,3.709110714077983]",1
,,,,,"[0.0,5.0,4.8,1.0]","[0.0,2.4116012991255023,1.6545408419632537,3.709110714077983]",1
,,,,,"[0.0,5.0,5.0,1.0]","[0.0,2.4116012991255023,1.7234800437117226,3.709110714077983]",1
,,,,,"[0.0,5.0,5.0,1.0]","[0.0,2.4116012991255023,1.7234800437117226,3.709110714077983]",1
,,,,,"[0.0,5.0,4.91,1.0]","[0.0,2.4116012991255023,1.6924574029249115,3.709110714077983]",1
,,,,,"[0.0,5.0,4.91,1.0]","[0.0,2.4116012991255023,1.6924574029249115,3.709110714077983]",1
,,,,,"[0.0,5.0,5.0,1.0]","[0.0,2.4116012991255023,1.7234800437117226,3.709110714077983]",1
,,,,,"[0.0,5.0,4.94,1.0]","[0.0,2.4116012991255023,1.702798283187182,3.709110714077983]",1
,,,,,"[0.0,5.0,4.89,1.0]","[0.0,2.4116012991255023,1.6855634827500645,3.709110714077983]",1
,,,,,"[0.0,5.0,4.98,1.0]","[0.0,2.4116012991255023,1.7165861235368758,3.709110714077983]",1
,,,,,"[0.0,4.0,4.61,1.0]","[0.0,1.9292810393004016,1.5890486003022084,3.709110714077983]",1
,,,,,"[0.0,5.0,4.92,1.0]","[0.0,2.4116012991255023,1.695904363012335,3.709110714077983]",1
,,,,,"[0.0,5.0,4.85,1.0]","[0.0,2.4116012991255023,1.6717756424003707,3.709110714077983]",1
,,,,,"[0.0,5.0,5.0,1.0]","[0.0,2.4116012991255023,1.7234800437117226,3.709110714077983]",1
,,,,,"[0.0,5.0,4.9,1.0]","[0.0,2.4116012991255023,1.6890104428374884,3.709110714077983]",1
,,,,,"(4,[3],[1.0])","(4,[3],[3.709110714077983])",0
,,,,,"[0.0,5.0,4.92,1.0]","[0.0,2.4116012991255023,1.695904363012335,3.709110714077983]",1
,,,,,"[0.0,5.0,4.85,1.0]","[0.0,2.4116012991255023,1.6717756424003707,3.709110714077983]",1
,,,,,"(4,[3],[1.0])","(4,[3],[3.709110714077983])",0
,,,,,"[0.0,5.0,4.99,1.0]","[0.0,2.4116012991255023,1.7200330836242992,3.709110714077983]",1
,,,,,"[0.0,5.0,4.91,1.0]","[0.0,2.4116012991255023,1.6924574029249115,3.709110714077983]",1
,,,,,"[0.0,5.0,4.87,1.0]","[0.0,2.4116012991255023,1.678669562575218,3.709110714077983]",1
,,,,,"[0.0,5.0,4.9,1.0]","[0.0,2.4116012991255023,1.6890104428374884,3.709110714077983]",1
,,,,,"[0.0,5.0,4.96,1.0]","[0.0,2.4116012991255023,1.7096922033620288,3.709110714077983]",1
,,,,,"[0.0,5.0,4.96,1.0]","[0.0,2.4116012991255023,1.7096922033620288,3.709110714077983]",1
,,,,,"[0.0,5.0,4.86,1.0]","[0.0,2.4116012991255023,1.6752226024877945,3.709110714077983]",1
,,,,,"[0.0,5.0,4.94,1.0]","[0.0,2.4116012991255023,1.702798283187182,3.709110714077983]",1
,,,,,"[0.0,5.0,5.0,1.0]","[0.0,2.4116012991255023,1.7234800437117226,3.709110714077983]",1
,,,,,"[0.0,5.0,4.94,1.0]","[0.0,2.4116012991255023,1.702798283187182,3.709110714077983]",1
,,,,,"[0.0,4.0,4.7,1.0]","[0.0,1.9292810393004016,1.6200712410890192,3.709110714077983]",1
,,,,,"[0.0,5.0,4.94,1.0]","[0.0,2.4116012991255023,1.702798283187182,3.709110714077983]",1
,,,,,"(4,[3],[1.0])","(4,[3],[3.709110714077983])",0
,,,,,"[0.0,3.0,4.33,1.0]","[0.0,1.4469607794753012,1.4925337178543518,3.709110714077983]",1
,,,,,"[0.0,4.0,4.74,1.0]","[0.0,1.9292810393004016,1.633859081438713,3.709110714077983]",1
,,,,,"[0.0,4.0,4.76,1.0]","[0.0,1.9292810393004016,1.6407530016135599,3.709110714077983]",1
,,,,,"[0.0,4.0,4.75,1.0]","[0.0,1.9292810393004016,1.6373060415261365,3.709110714077983]",1
,,,,,"(4,[3],[1.0])","(4,[3],[3.709110714077983])",0
,,,,,"[0.0,4.0,4.72,1.0]","[0.0,1.9292810393004016,1.626965161263866,3.709110714077983]",1
,,,,,"[0.0,4.0,4.78,1.0]","[0.0,1.9292810393004016,1.6476469217884069,3.709110714077983]",1
,,,,,"[0.0,5.0,4.82,1.0]","[0.0,2.4116012991255023,1.6614347621381007,3.709110714077983]",1
,,,,,"[0.0,5.0,4.87,1.0]","[0.0,2.4116012991255023,1.678669562575218,3.709110714077983]",1
,,,,,"[0.0,5.0,4.95,1.0]","[0.0,2.4116012991255023,1.7062452432746054,3.709110714077983]",1
,,,,,"[0.0,5.0,4.84,1.0]","[0.0,2.4116012991255023,1.6683286823129475,3.709110714077983]",1
,,,,,"[0.0,5.0,4.88,1.0]","[0.0,2.4116012991255023,1.6821165226626411,3.709110714077983]",1
,,,,,"[0.0,5.0,4.84,1.0]","[0.0,2.4116012991255023,1.6683286823129475,3.709110714077983]",1
,,,,,"[0.0,5.0,4.96,1.0]","[0.0,2.4116012991255023,1.7096922033620288,3.709110714077983]",1
,,,,,"[0.0,5.0,4.98,1.0]","[0.0,2.4116012991255023,1.7165861235368758,3.709110714077983]",1
,,,,,"[0.0,5.0,4.95,1.0]","[0.0,2.4116012991255023,1.7062452432746054,3.709110714077983]",1
,,,,,"[0.0,5.0,4.86,1.0]","[0.0,2.4116012991255023,1.6752226024877945,3.709110714077983]",1
,,,,,"[0.0,5.0,4.98,1.0]","[0.0,2.4116012991255023,1.7165861235368758,3.709110714077983]",1
,,,,,"[0.0,5.0,4.86,1.0]","[0.0,2.4116012991255023,1.6752226024877945,3.709110714077983]",1
,,,,,"[0.0,5.0,5.0,1.0]","[0.0,2.4116012991255023,1.7234800437117226,3.709110714077983]",1
,,,,,"[0.0,5.0,4.98,1.0]","[0.0,2.4116012991255023,1.7165861235368758,3.709110714077983]",1
,,,,,"[0.0,5.0,4.84,1.0]","[0.0,2.4116012991255023,1.6683286823129475,3.709110714077983]",1
,,,,,"[0.0,5.0,4.97,1.0]","[0.0,2.4116012991255023,1.7131391634494522,3.709110714077983]",1
,,,,,"[0.0,5.0,4.89,1.0]","[0.0,2.4116012991255023,1.6855634827500645,3.709110714077983]",1
,,,,,"[0.0,4.0,4.79,1.0]","[0.0,1.9292810393004016,1.6510938818758303,3.709110714077983]",1
,,,,,"[0.0,5.0,5.0,1.0]","[0.0,2.4116012991255023,1.7234800437117226,3.709110714077983]",1
,,,,,"[0.0,5.0,4.94,1.0]","[0.0,2.4116012991255023,1.702798283187182,3.709110714077983]",1
,,,,,"[0.0,5.0,4.97,1.0]","[0.0,2.4116012991255023,1.7131391634494522,3.709110714077983]",1
,,,,,"[0.0,5.0,5.0,1.0]","[0.0,2.4116012991255023,1.7234800437117226,3.709110714077983]",1
,,,,,"[0.0,4.0,4.6,1.0]","[0.0,1.9292810393004016,1.5856016402147846,3.709110714077983]",1
,,,,,"[0.0,5.0,4.97,1.0]","[0.0,2.4116012991255023,1.7131391634494522,3.709110714077983]",1
,,,,,"[0.0,5.0,5.0,1.0]","[0.0,2.4116012991255023,1.7234800437117226,3.709110714077983]",1
,,,,,"[0.0,5.0,4.93,1.0]","[0.0,2.4116012991255023,1.6993513230997583,3.709110714077983]",1
,,,,,"[0.0,4.0,4.69,1.0]","[0.0,1.9292810393004016,1.6166242810015958,3.709110714077983]",1
,,,,,"[0.0,3.0,4.4,1.0]","[0.0,1.4469607794753012,1.516662438466316,3.709110714077983]",1
,,,,,"[0.0,5.0,5.0,1.0]","[0.0,2.4116012991255023,1.7234800437117226,3.709110714077983]",1
,,,,,"[0.0,2.0,1.134,1.0]","[0.0,0.9646405196502008,0.39088527391381866,3.709110714077983]",0
,,,,,"[0.0,5.0,5.0,1.0]","[0.0,2.4116012991255023,1.7234800437117226,3.709110714077983]",1
,,,,,"[0.0,4.0,4.73,1.0]","[0.0,1.9292810393004016,1.6304121213512897,3.709110714077983]",1
,,,,,"[0.0,5.0,4.94,1.0]","[0.0,2.4116012991255023,1.702798283187182,3.709110714077983]",1
,,,,,"[0.0,5.0,4.85,1.0]","[0.0,2.4116012991255023,1.6717756424003707,3.709110714077983]",1
,,,,,"[0.0,2.0,1.146,1.0]","[0.0,0.9646405196502008,0.3950216260187268,3.709110714077983]",0
,,,,,"[0.0,5.0,5.0,1.0]","[0.0,2.4116012991255023,1.7234800437117226,3.709110714077983]",1
,,,,,"[0.0,5.0,4.96,1.0]","[0.0,2.4116012991255023,1.7096922033620288,3.709110714077983]",1
,,,,,"[0.0,5.0,4.98,1.0]","[0.0,2.4116012991255023,1.7165861235368758,3.709110714077983]",1
,,,,,"[0.0,5.0,4.93,1.0]","[0.0,2.4116012991255023,1.6993513230997583,3.709110714077983]",1
,,,,,"[0.0,5.0,4.92,1.0]","[0.0,2.4116012991255023,1.695904363012335,3.709110714077983]",1
,,,,,"[0.0,5.0,5.0,1.0]","[0.0,2.4116012991255023,1.7234800437117226,3.709110714077983]",1
,,,,,"[0.0,5.0,4.95,1.0]","[0.0,2.4116012991255023,1.7062452432746054,3.709110714077983]",1
,,,,,"[0.0,5.0,4.98,1.0]","[0.0,2.4116012991255023,1.7165861235368758,3.709110714077983]",1
,,,,,"[0.0,5.0,4.89,1.0]","[0.0,2.4116012991255023,1.6855634827500645,3.709110714077983]",1
,,,,,"[0.0,5.0,4.93,1.0]","[0.0,2.4116012991255023,1.6993513230997583,3.709110714077983]",1
,,,,,"(4,[3],[1.0])","(4,[3],[3.709110714077983])",0
,,,,,"[0.0,5.0,4.93,1.0]","[0.0,2.4116012991255023,1.6993513230997583,3.709110714077983]",1
,,,,,"[0.0,5.0,4.98,1.0]","[0.0,2.4116012991255023,1.7165861235368758,3.709110714077983]",1
,,,,,"[0.0,5.0,4.96,1.0]","[0.0,2.4116012991255023,1.7096922033620288,3.709110714077983]",1
,,,,,"(4,[3],[1.0])","(4,[3],[3.709110714077983])",0
,,,,,"[0.0,5.0,4.92,1.0]","[0.0,2.4116012991255023,1.695904363012335,3.709110714077983]",1
,,,,,"[0.0,5.0,4.87,1.0]","[0.0,2.4116012991255023,1.678669562575218,3.709110714077983]",1
,,,,,"[0.0,5.0,4.89,1.0]","[0.0,2.4116012991255023,1.6855634827500645,3.709110714077983]",1
,,,,,"[0.0,5.0,4.88,1.0]","[0.0,2.4116012991255023,1.6821165226626411,3.709110714077983]",1
,,,,,"[0.0,5.0,4.91,1.0]","[0.0,2.4116012991255023,1.6924574029249115,3.709110714077983]",1
,,,,,"[0.0,5.0,4.95,1.0]","[0.0,2.4116012991255023,1.7062452432746054,3.709110714077983]",1
,,,,,"(4,[3],[1.0])","(4,[3],[3.709110714077983])",0
,,,,,"[0.0,5.0,5.0,1.0]","[0.0,2.4116012991255023,1.7234800437117226,3.709110714077983]",1
,,,,,"[0.0,5.0,5.0,1.0]","[0.0,2.4116012991255023,1.7234800437117226,3.709110714077983]",1
,,,,,"[0.0,5.0,4.9,1.0]","[0.0,2.4116012991255023,1.6890104428374884,3.709110714077983]",1
,,,,,"[0.0,5.0,4.9,1.0]","[0.0,2.4116012991255023,1.6890104428374884,3.709110714077983]",1
,,,,,"[0.0,5.0,5.0,1.0]","[0.0,2.4116012991255023,1.7234800437117226,3.709110714077983]",1
,,,,,"[0.0,5.0,4.9,1.0]","[0.0,2.4116012991255023,1.6890104428374884,3.709110714077983]",1
,,,,,"[0.0,5.0,4.86,1.0]","[0.0,2.4116012991255023,1.6752226024877945,3.709110714077983]",1
,,,,,"[0.0,2.0,1.354,1.0]","[0.0,0.9646405196502008,0.4667183958371345,3.709110714077983]",0
,,,,,"[0.0,5.0,5.0,1.0]","[0.0,2.4116012991255023,1.7234800437117226,3.709110714077983]",1
,,,,,"[0.0,4.0,4.75,1.0]","[0.0,1.9292810393004016,1.6373060415261365,3.709110714077983]",1
,,,,,"[0.0,3.0,4.33,1.0]","[0.0,1.4469607794753012,1.4925337178543518,3.709110714077983]",1
,,,,,"[0.0,4.0,4.73,1.0]","[0.0,1.9292810393004016,1.6304121213512897,3.709110714077983]",1
,,,,,"[0.0,4.0,4.75,1.0]","[0.0,1.9292810393004016,1.6373060415261365,3.709110714077983]",1
,,,,,"[0.0,5.0,4.88,1.0]","[0.0,2.4116012991255023,1.6821165226626411,3.709110714077983]",1
,,,,,"[0.0,4.0,4.67,1.0]","[0.0,1.9292810393004016,1.6097303608267488,3.709110714077983]",1
,,,,,"[0.0,4.0,4.73,1.0]","[0.0,1.9292810393004016,1.6304121213512897,3.709110714077983]",1
,,,,,"(4,[3],[1.0])","(4,[3],[3.709110714077983])",0
,,,,,"[0.0,5.0,4.81,1.0]","[0.0,2.4116012991255023,1.657987802050677,3.709110714077983]",1
,,,,,"[0.0,5.0,4.96,1.0]","[0.0,2.4116012991255023,1.7096922033620288,3.709110714077983]",1
,,,,,"[0.0,5.0,4.84,1.0]","[0.0,2.4116012991255023,1.6683286823129475,3.709110714077983]",1
,,,,,"[0.0,5.0,4.9,1.0]","[0.0,2.4116012991255023,1.6890104428374884,3.709110714077983]",1
,,,,,"[0.0,5.0,4.97,1.0]","[0.0,2.4116012991255023,1.7131391634494522,3.709110714077983]",1
,,,,,"[0.0,5.0,4.96,1.0]","[0.0,2.4116012991255023,1.7096922033620288,3.709110714077983]",1
,,,,,"[0.0,5.0,4.94,1.0]","[0.0,2.4116012991255023,1.702798283187182,3.709110714077983]",1
,,,,,"[0.0,5.0,4.87,1.0]","[0.0,2.4116012991255023,1.678669562575218,3.709110714077983]",1
,,,,,"(4,[3],[1.0])","(4,[3],[3.709110714077983])",0
,,,,,"[0.0,5.0,5.0,1.0]","[0.0,2.4116012991255023,1.7234800437117226,3.709110714077983]",1
,,,,,"[0.0,5.0,5.0,1.0]","[0.0,2.4116012991255023,1.7234800437117226,3.709110714077983]",1
,,,,,"[0.0,5.0,4.9,1.0]","[0.0,2.4116012991255023,1.6890104428374884,3.709110714077983]",1
,,,,,"[0.0,5.0,5.0,1.0]","[0.0,2.4116012991255023,1.7234800437117226,3.709110714077983]",1
,,,,,"[0.0,5.0,5.0,1.0]","[0.0,2.4116012991255023,1.7234800437117226,3.709110714077983]",1
,,,,,"[0.0,5.0,4.81,1.0]","[0.0,2.4116012991255023,1.657987802050677,3.709110714077983]",1
,,,,,"[0.0,2.0,1.586,1.0]","[0.0,0.9646405196502008,0.5466878698653584,3.709110714077983]",0
,,,,,"[0.0,5.0,5.0,1.0]","[0.0,2.4116012991255023,1.7234800437117226,3.709110714077983]",1
,,,,,"[0.0,5.0,4.84,1.0]","[0.0,2.4116012991255023,1.6683286823129475,3.709110714077983]",1
,,,,,"[0.0,5.0,4.92,1.0]","[0.0,2.4116012991255023,1.695904363012335,3.709110714077983]",1
,,,,,"[0.0,5.0,4.89,1.0]","[0.0,2.4116012991255023,1.6855634827500645,3.709110714077983]",1
,,,,,"[0.0,5.0,4.89,1.0]","[0.0,2.4116012991255023,1.6855634827500645,3.709110714077983]",1
,,,,,"[0.0,5.0,5.0,1.0]","[0.0,2.4116012991255023,1.7234800437117226,3.709110714077983]",1
,,,,,"[0.0,5.0,4.88,1.0]","[0.0,2.4116012991255023,1.6821165226626411,3.709110714077983]",1
,,,,,"[0.0,5.0,4.91,1.0]","[0.0,2.4116012991255023,1.6924574029249115,3.709110714077983]",1
,,,,,"[0.0,5.0,4.98,1.0]","[0.0,2.4116012991255023,1.7165861235368758,3.709110714077983]",1
,,,,,"[0.0,2.0,1.5,1.0]","[0.0,0.9646405196502008,0.5170440131135168,3.709110714077983]",0
,,,,,"[0.0,5.0,4.99,1.0]","[0.0,2.4116012991255023,1.7200330836242992,3.709110714077983]",1
,,,,,"[0.0,5.0,4.91,1.0]","[0.0,2.4116012991255023,1.6924574029249115,3.709110714077983]",1
,,,,,"[0.0,5.0,4.83,1.0]","[0.0,2.4116012991255023,1.664881722225524,3.709110714077983]",1
,,,,,"[0.0,5.0,4.87,1.0]","[0.0,2.4116012991255023,1.678669562575218,3.709110714077983]",1
,,,,,"[0.0,5.0,4.96,1.0]","[0.0,2.4116012991255023,1.7096922033620288,3.709110714077983]",1
,,,,,"[0.0,5.0,4.85,1.0]","[0.0,2.4116012991255023,1.6717756424003707,3.709110714077983]",1
,,,,,"[0.0,5.0,4.95,1.0]","[0.0,2.4116012991255023,1.7062452432746054,3.709110714077983]",1
,,,,,"[0.0,5.0,4.8,1.0]","[0.0,2.4116012991255023,1.6545408419632537,3.709110714077983]",1
,,,,,"[0.0,5.0,4.95,1.0]","[0.0,2.4116012991255023,1.7062452432746054,3.709110714077983]",1
,,,,,"[0.0,5.0,5.0,1.0]","[0.0,2.4116012991255023,1.7234800437117226,3.709110714077983]",1
,,,,,"[0.0,5.0,4.94,1.0]","[0.0,2.4116012991255023,1.702798283187182,3.709110714077983]",1
,,,,,"[0.0,5.0,4.82,1.0]","[0.0,2.4116012991255023,1.6614347621381007,3.709110714077983]",1
,,,,,"[0.0,5.0,4.97,1.0]","[0.0,2.4116012991255023,1.7131391634494522,3.709110714077983]",1
,,,,,"[0.0,5.0,4.98,1.0]","[0.0,2.4116012991255023,1.7165861235368758,3.709110714077983]",1
,,,,,"[0.0,5.0,4.82,1.0]","[0.0,2.4116012991255023,1.6614347621381007,3.709110714077983]",1
,,,,,"[0.0,5.0,4.89,1.0]","[0.0,2.4116012991255023,1.6855634827500645,3.709110714077983]",1
,,,,,"[0.0,4.0,4.76,1.0]","[0.0,1.9292810393004016,1.6407530016135599,3.709110714077983]",1
,,,,,"[0.0,5.0,4.96,1.0]","[0.0,2.4116012991255023,1.7096922033620288,3.709110714077983]",1
,,,,,"[0.0,5.0,4.86,1.0]","[0.0,2.4116012991255023,1.6752226024877945,3.709110714077983]",1
,,,,,"[0.0,5.0,4.93,1.0]","[0.0,2.4116012991255023,1.6993513230997583,3.709110714077983]",1
,,,,,"[0.0,5.0,4.9,1.0]","[0.0,2.4116012991255023,1.6890104428374884,3.709110714077983]",1
,,,,,"[0.0,5.0,4.98,1.0]","[0.0,2.4116012991255023,1.7165861235368758,3.709110714077983]",1
,,,,,"[0.0,5.0,4.95,1.0]","[0.0,2.4116012991255023,1.7062452432746054,3.709110714077983]",1
,,,,,"[0.0,5.0,4.85,1.0]","[0.0,2.4116012991255023,1.6717756424003707,3.709110714077983]",1
,,,,,"[0.0,5.0,5.0,1.0]","[0.0,2.4116012991255023,1.7234800437117226,3.709110714077983]",1
,,,,,"[0.0,5.0,5.0,1.0]","[0.0,2.4116012991255023,1.7234800437117226,3.709110714077983]",1
,,,,,"[0.0,5.0,4.97,1.0]","[0.0,2.4116012991255023,1.7131391634494522,3.709110714077983]",1
,,,,,"[0.0,5.0,4.93,1.0]","[0.0,2.4116012991255023,1.6993513230997583,3.709110714077983]",1
,,,,,"[0.0,5.0,4.84,1.0]","[0.0,2.4116012991255023,1.6683286823129475,3.709110714077983]",1
,,,,,"[0.0,4.0,4.5,1.0]","[0.0,1.9292810393004016,1.5511320393405503,3.709110714077983]",1
,,,,,"[0.0,5.0,5.0,1.0]","[0.0,2.4116012991255023,1.7234800437117226,3.709110714077983]",1
,,,,,"[0.0,5.0,4.82,1.0]","[0.0,2.4116012991255023,1.6614347621381007,3.709110714077983]",1
,,,,,"[0.0,5.0,4.87,1.0]","[0.0,2.4116012991255023,1.678669562575218,3.709110714077983]",1
,,,,,"[0.0,4.0,4.52,1.0]","[0.0,1.9292810393004016,1.5580259595153971,3.709110714077983]",1
,,,,,"[0.0,5.0,4.98,1.0]","[0.0,2.4116012991255023,1.7165861235368758,3.709110714077983]",1
,,,,,"[0.0,4.0,4.79,1.0]","[0.0,1.9292810393004016,1.6510938818758303,3.709110714077983]",1
,,,,,"[0.0,5.0,4.92,1.0]","[0.0,2.4116012991255023,1.695904363012335,3.709110714077983]",1
,,,,,"[0.0,5.0,4.85,1.0]","[0.0,2.4116012991255023,1.6717756424003707,3.709110714077983]",1
,,,,,"[0.0,5.0,5.0,1.0]","[0.0,2.4116012991255023,1.7234800437117226,3.709110714077983]",1
,,,,,"(4,[3],[1.0])","(4,[3],[3.709110714077983])",0
,,,,,"[0.0,5.0,4.99,1.0]","[0.0,2.4116012991255023,1.7200330836242992,3.709110714077983]",1
,,,,,"(4,[3],[1.0])","(4,[3],[3.709110714077983])",0
,,,,,"[0.0,5.0,5.0,1.0]","[0.0,2.4116012991255023,1.7234800437117226,3.709110714077983]",1
,,,,,"[0.0,5.0,4.9,1.0]","[0.0,2.4116012991255023,1.6890104428374884,3.709110714077983]",1
,,,,,"[0.0,5.0,4.9,1.0]","[0.0,2.4116012991255023,1.6890104428374884,3.709110714077983]",1
,,,,,"[0.0,5.0,4.86,1.0]","[0.0,2.4116012991255023,1.6752226024877945,3.709110714077983]",1
,,,,,"[0.0,5.0,4.88,1.0]","[0.0,2.4116012991255023,1.6821165226626411,3.709110714077983]",1
,,,,,"[0.0,5.0,4.92,1.0]","[0.0,2.4116012991255023,1.695904363012335,3.709110714077983]",1
,,,,,"[0.0,5.0,4.9,1.0]","[0.0,2.4116012991255023,1.6890104428374884,3.709110714077983]",1
,,,,,"[0.0,5.0,5.0,1.0]","[0.0,2.4116012991255023,1.7234800437117226,3.709110714077983]",1
,,,,,"[0.0,5.0,5.0,1.0]","[0.0,2.4116012991255023,1.7234800437117226,3.709110714077983]",1
,,,,,"[0.0,5.0,5.0,1.0]","[0.0,2.4116012991255023,1.7234800437117226,3.709110714077983]",1
,,,,,"[0.0,5.0,5.0,1.0]","[0.0,2.4116012991255023,1.7234800437117226,3.709110714077983]",1
,,,,,"(4,[3],[1.0])","(4,[3],[3.709110714077983])",0
,,,,,"[0.0,4.0,4.78,1.0]","[0.0,1.9292810393004016,1.6476469217884069,3.709110714077983]",1
,,,,,"(4,[3],[1.0])","(4,[3],[3.709110714077983])",0
,,,,,"[0.0,5.0,5.0,1.0]","[0.0,2.4116012991255023,1.7234800437117226,3.709110714077983]",1
,,,,,"[0.0,5.0,4.8,1.0]","[0.0,2.4116012991255023,1.6545408419632537,3.709110714077983]",1
,,,,,"[0.0,5.0,5.0,1.0]","[0.0,2.4116012991255023,1.7234800437117226,3.709110714077983]",1
,,,,,"[0.0,5.0,4.9,1.0]","[0.0,2.4116012991255023,1.6890104428374884,3.709110714077983]",1
,,,,,"[0.0,4.0,4.71,1.0]","[0.0,1.9292810393004016,1.6235182011764426,3.709110714077983]",1
,,,,,"[0.0,5.0,4.93,1.0]","[0.0,2.4116012991255023,1.6993513230997583,3.709110714077983]",1
,,,,,"[0.0,5.0,5.0,1.0]","[0.0,2.4116012991255023,1.7234800437117226,3.709110714077983]",1
,,,,,"[0.0,4.0,4.5,1.0]","[0.0,1.9292810393004016,1.5511320393405503,3.709110714077983]",1
,,,,,"[0.0,5.0,4.86,1.0]","[0.0,2.4116012991255023,1.6752226024877945,3.709110714077983]",1
,,,,,"[0.0,5.0,4.94,1.0]","[0.0,2.4116012991255023,1.702798283187182,3.709110714077983]",1
,,,,,"[0.0,5.0,5.0,1.0]","[0.0,2.4116012991255023,1.7234800437117226,3.709110714077983]",1
,,,,,"[0.0,5.0,4.93,1.0]","[0.0,2.4116012991255023,1.6993513230997583,3.709110714077983]",1
,,,,,"[0.0,5.0,4.88,1.0]","[0.0,2.4116012991255023,1.6821165226626411,3.709110714077983]",1
,,,,,"[0.0,5.0,4.84,1.0]","[0.0,2.4116012991255023,1.6683286823129475,3.709110714077983]",1
,,,,,"(4,[3],[1.0])","(4,[3],[3.709110714077983])",0
,,,,,"[0.0,5.0,4.89,1.0]","[0.0,2.4116012991255023,1.6855634827500645,3.709110714077983]",1
,,,,,"[0.0,4.0,4.65,1.0]","[0.0,1.9292810393004016,1.6028364406519022,3.709110714077983]",1
,,,,,"[0.0,5.0,4.96,1.0]","[0.0,2.4116012991255023,1.7096922033620288,3.709110714077983]",1
,,,,,"[0.0,4.0,4.6,1.0]","[0.0,1.9292810393004016,1.5856016402147846,3.709110714077983]",1
,,,,,"[0.0,4.0,4.69,1.0]","[0.0,1.9292810393004016,1.6166242810015958,3.709110714077983]",1
,,,,,"[0.0,2.0,2.5,1.0]","[0.0,0.9646405196502008,0.8617400218558613,3.709110714077983]",0
,,,,,"[0.0,5.0,4.95,1.0]","[0.0,2.4116012991255023,1.7062452432746054,3.709110714077983]",1
,,,,,"[0.0,5.0,4.84,1.0]","[0.0,2.4116012991255023,1.6683286823129475,3.709110714077983]",1
,,,,,"[0.0,5.0,5.0,1.0]","[0.0,2.4116012991255023,1.7234800437117226,3.709110714077983]",1
,,,,,"[0.0,5.0,4.82,1.0]","[0.0,2.4116012991255023,1.6614347621381007,3.709110714077983]",1
,,,,,"[0.0,5.0,4.9,1.0]","[0.0,2.4116012991255023,1.6890104428374884,3.709110714077983]",1
,,,,,"(4,[3],[1.0])","(4,[3],[3.709110714077983])",0
,,,,,"[0.0,5.0,4.88,1.0]","[0.0,2.4116012991255023,1.6821165226626411,3.709110714077983]",1
,,,,,"(4,[3],[1.0])","(4,[3],[3.709110714077983])",0
,,,,,"(4,[3],[1.0])","(4,[3],[3.709110714077983])",0
,,,,,"[0.0,5.0,5.0,1.0]","[0.0,2.4116012991255023,1.7234800437117226,3.709110714077983]",1
,,,,,"(4,[3],[1.0])","(4,[3],[3.709110714077983])",0
,,,,,"[0.0,4.0,4.58,1.0]","[0.0,1.9292810393004016,1.578707720039938,3.709110714077983]",1
,,,,,"[0.0,5.0,4.87,1.0]","[0.0,2.4116012991255023,1.678669562575218,3.709110714077983]",1
,,,,,"[0.0,3.0,4.42,1.0]","[0.0,1.4469607794753012,1.5235563586411627,3.709110714077983]",1
,,,,,"[0.0,5.0,4.8,1.0]","[0.0,2.4116012991255023,1.6545408419632537,3.709110714077983]",1
,,,,,"[0.0,5.0,4.85,1.0]","[0.0,2.4116012991255023,1.6717756424003707,3.709110714077983]",1
,,,,,"(4,[3],[1.0])","(4,[3],[3.709110714077983])",0
,,,,,"[0.0,5.0,5.0,1.0]","[0.0,2.4116012991255023,1.7234800437117226,3.709110714077983]",1
,,,,,"[0.0,5.0,4.94,1.0]","[0.0,2.4116012991255023,1.702798283187182,3.709110714077983]",1
,,,,,"[0.0,5.0,4.88,1.0]","[0.0,2.4116012991255023,1.6821165226626411,3.709110714077983]",1
,,,,,"[0.0,5.0,4.94,1.0]","[0.0,2.4116012991255023,1.702798283187182,3.709110714077983]",1
,,,,,"(4,[3],[1.0])","(4,[3],[3.709110714077983])",0
,,,,,"[0.0,5.0,4.92,1.0]","[0.0,2.4116012991255023,1.695904363012335,3.709110714077983]",1
,,,,,"[0.0,5.0,4.87,1.0]","[0.0,2.4116012991255023,1.678669562575218,3.709110714077983]",1
,,,,,"[0.0,5.0,4.94,1.0]","[0.0,2.4116012991255023,1.702798283187182,3.709110714077983]",1
,,,,,"[0.0,5.0,5.0,1.0]","[0.0,2.4116012991255023,1.7234800437117226,3.709110714077983]",1
,,,,,"[0.0,5.0,4.8,1.0]","[0.0,2.4116012991255023,1.6545408419632537,3.709110714077983]",1
,,,,,"[0.0,4.0,4.59,1.0]","[0.0,1.9292810393004016,1.5821546801273614,3.709110714077983]",1
,,,,,"[0.0,4.0,4.74,1.0]","[0.0,1.9292810393004016,1.633859081438713,3.709110714077983]",1
,,,,,"[0.0,5.0,5.0,1.0]","[0.0,2.4116012991255023,1.7234800437117226,3.709110714077983]",1
,,,,,"[0.0,5.0,4.89,1.0]","[0.0,2.4116012991255023,1.6855634827500645,3.709110714077983]",1
,,,,,"(4,[3],[1.0])","(4,[3],[3.709110714077983])",0
,,,,,"[0.0,5.0,4.96,1.0]","[0.0,2.4116012991255023,1.7096922033620288,3.709110714077983]",1
,,,,,"(4,[3],[1.0])","(4,[3],[3.709110714077983])",0
,,,,,"[0.0,4.0,4.69,1.0]","[0.0,1.9292810393004016,1.6166242810015958,3.709110714077983]",1
,,,,,"[0.0,5.0,4.82,1.0]","[0.0,2.4116012991255023,1.6614347621381007,3.709110714077983]",1
,,,,,"[0.0,5.0,4.9,1.0]","[0.0,2.4116012991255023,1.6890104428374884,3.709110714077983]",1
,,,,,"[0.0,5.0,4.94,1.0]","[0.0,2.4116012991255023,1.702798283187182,3.709110714077983]",1
,,,,,"[0.0,4.0,4.75,1.0]","[0.0,1.9292810393004016,1.6373060415261365,3.709110714077983]",1
,,,,,"[0.0,5.0,4.88,1.0]","[0.0,2.4116012991255023,1.6821165226626411,3.709110714077983]",1
,,,,,"[0.0,5.0,5.0,1.0]","[0.0,2.4116012991255023,1.7234800437117226,3.709110714077983]",1
,,,,,"[0.0,4.0,4.64,1.0]","[0.0,1.9292810393004016,1.5993894805644784,3.709110714077983]",1
,,,,,"(4,[3],[1.0])","(4,[3],[3.709110714077983])",0
,,,,,"[0.0,5.0,5.0,1.0]","[0.0,2.4116012991255023,1.7234800437117226,3.709110714077983]",1
,,,,,"[0.0,5.0,4.86,1.0]","[0.0,2.4116012991255023,1.6752226024877945,3.709110714077983]",1
,,,,,"[0.0,5.0,4.96,1.0]","[0.0,2.4116012991255023,1.7096922033620288,3.709110714077983]",1
,,,,,"[0.0,5.0,4.94,1.0]","[0.0,2.4116012991255023,1.702798283187182,3.709110714077983]",1
,,,,,"[0.0,5.0,4.94,1.0]","[0.0,2.4116012991255023,1.702798283187182,3.709110714077983]",1
,,,,,"[0.0,5.0,4.85,1.0]","[0.0,2.4116012991255023,1.6717756424003707,3.709110714077983]",1
,,,,,"(4,[3],[1.0])","(4,[3],[3.709110714077983])",0
,,,,,"[0.0,5.0,4.89,1.0]","[0.0,2.4116012991255023,1.6855634827500645,3.709110714077983]",1
,,,,,"[0.0,5.0,4.91,1.0]","[0.0,2.4116012991255023,1.6924574029249115,3.709110714077983]",1
,,,,,"[0.0,5.0,4.83,1.0]","[0.0,2.4116012991255023,1.664881722225524,3.709110714077983]",1
,,,,,"[0.0,5.0,4.8,1.0]","[0.0,2.4116012991255023,1.6545408419632537,3.709110714077983]",1
,,,,,"[0.0,4.0,4.79,1.0]","[0.0,1.9292810393004016,1.6510938818758303,3.709110714077983]",1
,,,,,"[0.0,5.0,4.95,1.0]","[0.0,2.4116012991255023,1.7062452432746054,3.709110714077983]",1
,,,,,"[0.0,5.0,4.92,1.0]","[0.0,2.4116012991255023,1.695904363012335,3.709110714077983]",1
,,,,,"(4,[3],[1.0])","(4,[3],[3.709110714077983])",0
,,,,,"[0.0,5.0,5.0,1.0]","[0.0,2.4116012991255023,1.7234800437117226,3.709110714077983]",1
,,,,,"[0.0,5.0,4.88,1.0]","[0.0,2.4116012991255023,1.6821165226626411,3.709110714077983]",1
,,,,,"[0.0,5.0,5.0,1.0]","[0.0,2.4116012991255023,1.7234800437117226,3.709110714077983]",1
,,,,,"[0.0,5.0,5.0,1.0]","[0.0,2.4116012991255023,1.7234800437117226,3.709110714077983]",1
,,,,,"[0.0,5.0,4.8,1.0]","[0.0,2.4116012991255023,1.6545408419632537,3.709110714077983]",1
,,,,,"[0.0,5.0,4.96,1.0]","[0.0,2.4116012991255023,1.7096922033620288,3.709110714077983]",1
,,,,,"[0.0,5.0,4.96,1.0]","[0.0,2.4116012991255023,1.7096922033620288,3.709110714077983]",1
,,,,,"[0.0,5.0,4.88,1.0]","[0.0,2.4116012991255023,1.6821165226626411,3.709110714077983]",1
,,,,,"[0.0,5.0,4.94,1.0]","[0.0,2.4116012991255023,1.702798283187182,3.709110714077983]",1
,,,,,"[0.0,5.0,4.89,1.0]","[0.0,2.4116012991255023,1.6855634827500645,3.709110714077983]",1
,,,,,"[0.0,5.0,4.89,1.0]","[0.0,2.4116012991255023,1.6855634827500645,3.709110714077983]",1
,,,,,"[0.0,5.0,4.92,1.0]","[0.0,2.4116012991255023,1.695904363012335,3.709110714077983]",1
,,,,,"[0.0,5.0,5.0,1.0]","[0.0,2.4116012991255023,1.7234800437117226,3.709110714077983]",1
,,,,,"[0.0,5.0,4.98,1.0]","[0.0,2.4116012991255023,1.7165861235368758,3.709110714077983]",1
,,,,,"[0.0,4.0,4.58,1.0]","[0.0,1.9292810393004016,1.578707720039938,3.709110714077983]",1
,,,,,"[0.0,5.0,4.84,1.0]","[0.0,2.4116012991255023,1.6683286823129475,3.709110714077983]",1
,,,,,"[0.0,5.0,4.93,1.0]","[0.0,2.4116012991255023,1.6993513230997583,3.709110714077983]",1
,,,,,"[0.0,5.0,5.0,1.0]","[0.0,2.4116012991255023,1.7234800437117226,3.709110714077983]",1
,,,,,"[0.0,5.0,4.96,1.0]","[0.0,2.4116012991255023,1.7096922033620288,3.709110714077983]",1
,,,,,"[0.0,5.0,4.93,1.0]","[0.0,2.4116012991255023,1.6993513230997583,3.709110714077983]",1
,,,,,"[0.0,5.0,4.96,1.0]","[0.0,2.4116012991255023,1.7096922033620288,3.709110714077983]",1
,,,,,"[0.0,5.0,5.0,1.0]","[0.0,2.4116012991255023,1.7234800437117226,3.709110714077983]",1
,,,,,"[0.0,4.0,4.78,1.0]","[0.0,1.9292810393004016,1.6476469217884069,3.709110714077983]",1
,,,,,"[0.0,5.0,5.0,1.0]","[0.0,2.4116012991255023,1.7234800437117226,3.709110714077983]",1
,,,,,"[0.0,5.0,4.94,1.0]","[0.0,2.4116012991255023,1.702798283187182,3.709110714077983]",1
,,,,,"(4,[3],[1.0])","(4,[3],[3.709110714077983])",0
,,,,,"[0.0,4.0,4.77,1.0]","[0.0,1.9292810393004016,1.6441999617009833,3.709110714077983]",1
,,,,,"[0.0,5.0,4.95,1.0]","[0.0,2.4116012991255023,1.7062452432746054,3.709110714077983]",1
,,,,,"[0.0,5.0,4.98,1.0]","[0.0,2.4116012991255023,1.7165861235368758,3.709110714077983]",1
,,,,,"[0.0,5.0,4.95,1.0]","[0.0,2.4116012991255023,1.7062452432746054,3.709110714077983]",1
,,,,,"[0.0,5.0,4.81,1.0]","[0.0,2.4116012991255023,1.657987802050677,3.709110714077983]",1
,,,,,"[0.0,5.0,5.0,1.0]","[0.0,2.4116012991255023,1.7234800437117226,3.709110714077983]",1
,,,,,"[0.0,5.0,4.86,1.0]","[0.0,2.4116012991255023,1.6752226024877945,3.709110714077983]",1
,,,,,"[0.0,5.0,4.88,1.0]","[0.0,2.4116012991255023,1.6821165226626411,3.709110714077983]",1
,,,,,"[0.0,5.0,5.0,1.0]","[0.0,2.4116012991255023,1.7234800437117226,3.709110714077983]",1
,,,,,"(4,[3],[1.0])","(4,[3],[3.709110714077983])",0
,,,,,"[0.0,5.0,5.0,1.0]","[0.0,2.4116012991255023,1.7234800437117226,3.709110714077983]",1
,,,,,"[0.0,5.0,4.89,1.0]","[0.0,2.4116012991255023,1.6855634827500645,3.709110714077983]",1
,,,,,"(4,[3],[1.0])","(4,[3],[3.709110714077983])",0
,,,,,"(4,[3],[1.0])","(4,[3],[3.709110714077983])",0
,,,,,"(4,[3],[1.0])","(4,[3],[3.709110714077983])",0
,,,,,"[0.0,5.0,4.81,1.0]","[0.0,2.4116012991255023,1.657987802050677,3.709110714077983]",1
,,,,,"[0.0,5.0,4.93,1.0]","[0.0,2.4116012991255023,1.6993513230997583,3.709110714077983]",1
,,,,,"[0.0,5.0,5.0,1.0]","[0.0,2.4116012991255023,1.7234800437117226,3.709110714077983]",1
,,,,,"(4,[3],[1.0])","(4,[3],[3.709110714077983])",0
,,,,,"[0.0,5.0,4.97,1.0]","[0.0,2.4116012991255023,1.7131391634494522,3.709110714077983]",1
,,,,,"[0.0,5.0,5.0,1.0]","[0.0,2.4116012991255023,1.7234800437117226,3.709110714077983]",1
,,,,,"[0.0,5.0,5.0,1.0]","[0.0,2.4116012991255023,1.7234800437117226,3.709110714077983]",1
,,,,,"[0.0,5.0,4.85,1.0]","[0.0,2.4116012991255023,1.6717756424003707,3.709110714077983]",1
,,,,,"[0.0,5.0,5.0,1.0]","[0.0,2.4116012991255023,1.7234800437117226,3.709110714077983]",1
,,,,,"[0.0,5.0,4.94,1.0]","[0.0,2.4116012991255023,1.702798283187182,3.709110714077983]",1
,,,,,"[0.0,5.0,4.94,1.0]","[0.0,2.4116012991255023,1.702798283187182,3.709110714077983]",1
,,,,,"[0.0,5.0,4.86,1.0]","[0.0,2.4116012991255023,1.6752226024877945,3.709110714077983]",1
,,,,,"[0.0,5.0,4.97,1.0]","[0.0,2.4116012991255023,1.7131391634494522,3.709110714077983]",1
,,,,,"[0.0,5.0,4.93,1.0]","[0.0,2.4116012991255023,1.6993513230997583,3.709110714077983]",1
,,,,,"[0.0,5.0,4.83,1.0]","[0.0,2.4116012991255023,1.664881722225524,3.709110714077983]",1
,,,,,"(4,[3],[1.0])","(4,[3],[3.709110714077983])",0
,,,,,"[0.0,4.0,4.7,1.0]","[0.0,1.9292810393004016,1.6200712410890192,3.709110714077983]",1
,,,,,"[0.0,5.0,4.83,1.0]","[0.0,2.4116012991255023,1.664881722225524,3.709110714077983]",1
,,,,,"[0.0,5.0,4.83,1.0]","[0.0,2.4116012991255023,1.664881722225524,3.709110714077983]",1
,,,,,"[0.0,5.0,5.0,1.0]","[0.0,2.4116012991255023,1.7234800437117226,3.709110714077983]",1
,,,,,"[0.0,4.0,4.79,1.0]","[0.0,1.9292810393004016,1.6510938818758303,3.709110714077983]",1
,,,,,"[0.0,5.0,5.0,1.0]","[0.0,2.4116012991255023,1.7234800437117226,3.709110714077983]",1
,,,,,"[0.0,5.0,4.82,1.0]","[0.0,2.4116012991255023,1.6614347621381007,3.709110714077983]",1
,,,,,"[0.0,5.0,4.83,1.0]","[0.0,2.4116012991255023,1.664881722225524,3.709110714077983]",1
,,,,,"[0.0,5.0,4.8,1.0]","[0.0,2.4116012991255023,1.6545408419632537,3.709110714077983]",1
,,,,,"[0.0,5.0,4.96,1.0]","[0.0,2.4116012991255023,1.7096922033620288,3.709110714077983]",1
,,,,,"[0.0,5.0,5.0,1.0]","[0.0,2.4116012991255023,1.7234800437117226,3.709110714077983]",1
,,,,,"[0.0,5.0,4.89,1.0]","[0.0,2.4116012991255023,1.6855634827500645,3.709110714077983]",1
,,,,,"[0.0,5.0,5.0,1.0]","[0.0,2.4116012991255023,1.7234800437117226,3.709110714077983]",1
,,,,,"[0.0,2.0,1.248,1.0]","[0.0,0.9646405196502008,0.43018061891044596,3.709110714077983]",0
,,,,,"(4,[3],[1.0])","(4,[3],[3.709110714077983])",0
,,,,,"[0.0,4.0,4.5,1.0]","[0.0,1.9292810393004016,1.5511320393405503,3.709110714077983]",1
,,,,,"[0.0,3.0,4.44,1.0]","[0.0,1.4469607794753012,1.5304502788160097,3.709110714077983]",1
,,,,,"[0.0,5.0,4.85,1.0]","[0.0,2.4116012991255023,1.6717756424003707,3.709110714077983]",1
,,,,,"[0.0,5.0,5.0,1.0]","[0.0,2.4116012991255023,1.7234800437117226,3.709110714077983]",1
,,,,,"[0.0,5.0,5.0,1.0]","[0.0,2.4116012991255023,1.7234800437117226,3.709110714077983]",1
,,,,,"[0.0,5.0,4.92,1.0]","[0.0,2.4116012991255023,1.695904363012335,3.709110714077983]",1
,,,,,"[0.0,5.0,4.96,1.0]","[0.0,2.4116012991255023,1.7096922033620288,3.709110714077983]",1
,,,,,"(4,[3],[1.0])","(4,[3],[3.709110714077983])",0
,,,,,"[0.0,5.0,5.0,1.0]","[0.0,2.4116012991255023,1.7234800437117226,3.709110714077983]",1
,,,,,"[0.0,4.0,4.7,1.0]","[0.0,1.9292810393004016,1.6200712410890192,3.709110714077983]",1
,,,,,"[0.0,5.0,5.0,1.0]","[0.0,2.4116012991255023,1.7234800437117226,3.709110714077983]",1
,,,,,"[0.0,5.0,4.97,1.0]","[0.0,2.4116012991255023,1.7131391634494522,3.709110714077983]",1
,,,,,"[0.0,5.0,4.95,1.0]","[0.0,2.4116012991255023,1.7062452432746054,3.709110714077983]",1
,,,,,"[0.0,5.0,4.96,1.0]","[0.0,2.4116012991255023,1.7096922033620288,3.709110714077983]",1
,,,,,"[0.0,5.0,4.87,1.0]","[0.0,2.4116012991255023,1.678669562575218,3.709110714077983]",1
,,,,,"[0.0,5.0,4.83,1.0]","[0.0,2.4116012991255023,1.664881722225524,3.709110714077983]",1
,,,,,"[0.0,5.0,4.91,1.0]","[0.0,2.4116012991255023,1.6924574029249115,3.709110714077983]",1
,,,,,"[0.0,5.0,4.92,1.0]","[0.0,2.4116012991255023,1.695904363012335,3.709110714077983]",1
,,,,,"[0.0,5.0,5.0,1.0]","[0.0,2.4116012991255023,1.7234800437117226,3.709110714077983]",1
,,,,,"[0.0,5.0,4.86,1.0]","[0.0,2.4116012991255023,1.6752226024877945,3.709110714077983]",1
,,,,,"[0.0,4.0,4.75,1.0]","[0.0,1.9292810393004016,1.6373060415261365,3.709110714077983]",1
,,,,,"[0.0,5.0,4.86,1.0]","[0.0,2.4116012991255023,1.6752226024877945,3.709110714077983]",1
,,,,,"(4,[3],[1.0])","(4,[3],[3.709110714077983])",0
,,,,,"[0.0,5.0,4.95,1.0]","[0.0,2.4116012991255023,1.7062452432746054,3.709110714077983]",1
,,,,,"[0.0,4.0,4.5,1.0]","[0.0,1.9292810393004016,1.5511320393405503,3.709110714077983]",1
,,,,,"[0.0,5.0,5.0,1.0]","[0.0,2.4116012991255023,1.7234800437117226,3.709110714077983]",1
,,,,,"[0.0,5.0,4.8,1.0]","[0.0,2.4116012991255023,1.6545408419632537,3.709110714077983]",1
,,,,,"[0.0,5.0,4.9,1.0]","[0.0,2.4116012991255023,1.6890104428374884,3.709110714077983]",1
,,,,,"[0.0,5.0,5.0,1.0]","[0.0,2.4116012991255023,1.7234800437117226,3.709110714077983]",1
,,,,,"[0.0,5.0,4.89,1.0]","[0.0,2.4116012991255023,1.6855634827500645,3.709110714077983]",1
,,,,,"[0.0,5.0,4.93,1.0]","[0.0,2.4116012991255023,1.6993513230997583,3.709110714077983]",1
,,,,,"[0.0,5.0,4.88,1.0]","[0.0,2.4116012991255023,1.6821165226626411,3.709110714077983]",1
,,,,,"[0.0,5.0,5.0,1.0]","[0.0,2.4116012991255023,1.7234800437117226,3.709110714077983]",1
,,,,,"[0.0,5.0,4.95,1.0]","[0.0,2.4116012991255023,1.7062452432746054,3.709110714077983]",1
,,,,,"[0.0,5.0,4.93,1.0]","[0.0,2.4116012991255023,1.6993513230997583,3.709110714077983]",1
,,,,,"[0.0,5.0,5.0,1.0]","[0.0,2.4116012991255023,1.7234800437117226,3.709110714077983]",1
,,,,,"[0.0,5.0,4.86,1.0]","[0.0,2.4116012991255023,1.6752226024877945,3.709110714077983]",1
,,,,,"(4,[3],[1.0])","(4,[3],[3.709110714077983])",0
,,,,,"[0.0,5.0,4.92,1.0]","[0.0,2.4116012991255023,1.695904363012335,3.709110714077983]",1
,,,,,"[0.0,5.0,4.85,1.0]","[0.0,2.4116012991255023,1.6717756424003707,3.709110714077983]",1
,,,,,"[0.0,5.0,4.93,1.0]","[0.0,2.4116012991255023,1.6993513230997583,3.709110714077983]",1
,,,,,"[0.0,5.0,4.94,1.0]","[0.0,2.4116012991255023,1.702798283187182,3.709110714077983]",1
,,,,,"[0.0,5.0,5.0,1.0]","[0.0,2.4116012991255023,1.7234800437117226,3.709110714077983]",1
,,,,,"[0.0,5.0,4.94,1.0]","[0.0,2.4116012991255023,1.702798283187182,3.709110714077983]",1
,,,,,"[0.0,5.0,4.97,1.0]","[0.0,2.4116012991255023,1.7131391634494522,3.709110714077983]",1
,,,,,"[0.0,5.0,4.92,1.0]","[0.0,2.4116012991255023,1.695904363012335,3.709110714077983]",1
,,,,,"[0.0,5.0,4.94,1.0]","[0.0,2.4116012991255023,1.702798283187182,3.709110714077983]",1
,,,,,"[0.0,5.0,4.99,1.0]","[0.0,2.4116012991255023,1.7200330836242992,3.709110714077983]",1
,,,,,"[0.0,5.0,4.93,1.0]","[0.0,2.4116012991255023,1.6993513230997583,3.709110714077983]",1
,,,,,"[0.0,4.0,4.75,1.0]","[0.0,1.9292810393004016,1.6373060415261365,3.709110714077983]",1
,,,,,"[0.0,5.0,4.89,1.0]","[0.0,2.4116012991255023,1.6855634827500645,3.709110714077983]",1
,,,,,"[0.0,5.0,4.92,1.0]","[0.0,2.4116012991255023,1.695904363012335,3.709110714077983]",1
,,,,,"[0.0,5.0,4.93,1.0]","[0.0,2.4116012991255023,1.6993513230997583,3.709110714077983]",1
,,,,,"[0.0,5.0,4.93,1.0]","[0.0,2.4116012991255023,1.6993513230997583,3.709110714077983]",1
,,,,,"[0.0,5.0,5.0,1.0]","[0.0,2.4116012991255023,1.7234800437117226,3.709110714077983]",1
,,,,,"[0.0,5.0,4.97,1.0]","[0.0,2.4116012991255023,1.7131391634494522,3.709110714077983]",1
,,,,,"[0.0,5.0,5.0,1.0]","[0.0,2.4116012991255023,1.7234800437117226,3.709110714077983]",1
,,,,,"[0.0,5.0,4.91,1.0]","[0.0,2.4116012991255023,1.6924574029249115,3.709110714077983]",1
,,,,,"[0.0,5.0,5.0,1.0]","[0.0,2.4116012991255023,1.7234800437117226,3.709110714077983]",1
,,,,,"(4,[3],[1.0])","(4,[3],[3.709110714077983])",0
,,,,,"[0.0,5.0,4.82,1.0]","[0.0,2.4116012991255023,1.6614347621381007,3.709110714077983]",1
,,,,,"[0.0,5.0,4.96,1.0]","[0.0,2.4116012991255023,1.7096922033620288,3.709110714077983]",1
,,,,,"[0.0,5.0,4.94,1.0]","[0.0,2.4116012991255023,1.702798283187182,3.709110714077983]",1
,,,,,"[0.0,5.0,4.92,1.0]","[0.0,2.4116012991255023,1.695904363012335,3.709110714077983]",1
,,,,,"[0.0,5.0,5.0,1.0]","[0.0,2.4116012991255023,1.7234800437117226,3.709110714077983]",1
,,,,,"[0.0,5.0,4.91,1.0]","[0.0,2.4116012991255023,1.6924574029249115,3.709110714077983]",1
,,,,,"[0.0,5.0,4.96,1.0]","[0.0,2.4116012991255023,1.7096922033620288,3.709110714077983]",1
,,,,,"[0.0,5.0,4.96,1.0]","[0.0,2.4116012991255023,1.7096922033620288,3.709110714077983]",1
,,,,,"[0.0,5.0,4.93,1.0]","[0.0,2.4116012991255023,1.6993513230997583,3.709110714077983]",1
,,,,,"[0.0,5.0,5.0,1.0]","[0.0,2.4116012991255023,1.7234800437117226,3.709110714077983]",1
,,,,,"[0.0,5.0,4.94,1.0]","[0.0,2.4116012991255023,1.702798283187182,3.709110714077983]",1
,,,,,"[0.0,5.0,4.87,1.0]","[0.0,2.4116012991255023,1.678669562575218,3.709110714077983]",1
,,,,,"[0.0,5.0,4.81,1.0]","[0.0,2.4116012991255023,1.657987802050677,3.709110714077983]",1
,,,,,"[0.0,5.0,4.84,1.0]","[0.0,2.4116012991255023,1.6683286823129475,3.709110714077983]",1
,,,,,"[0.0,5.0,4.96,1.0]","[0.0,2.4116012991255023,1.7096922033620288,3.709110714077983]",1
,,,,,"[0.0,5.0,5.0,1.0]","[0.0,2.4116012991255023,1.7234800437117226,3.709110714077983]",1
,,,,,"[0.0,5.0,4.96,1.0]","[0.0,2.4116012991255023,1.7096922033620288,3.709110714077983]",1
,,,,,"[0.0,5.0,4.83,1.0]","[0.0,2.4116012991255023,1.664881722225524,3.709110714077983]",1
,,,,,"[0.0,5.0,4.88,1.0]","[0.0,2.4116012991255023,1.6821165226626411,3.709110714077983]",1
,,,,,"[0.0,5.0,4.86,1.0]","[0.0,2.4116012991255023,1.6752226024877945,3.709110714077983]",1
,,,,,"[0.0,5.0,4.94,1.0]","[0.0,2.4116012991255023,1.702798283187182,3.709110714077983]",1
,,,,,"[0.0,5.0,5.0,1.0]","[0.0,2.4116012991255023,1.7234800437117226,3.709110714077983]",1
,,,,,"[0.0,5.0,4.93,1.0]","[0.0,2.4116012991255023,1.6993513230997583,3.709110714077983]",1
,,,,,"[0.0,5.0,4.95,1.0]","[0.0,2.4116012991255023,1.7062452432746054,3.709110714077983]",1
,,,,,"[0.0,5.0,5.0,1.0]","[0.0,2.4116012991255023,1.7234800437117226,3.709110714077983]",1
,,,,,"[0.0,5.0,5.0,1.0]","[0.0,2.4116012991255023,1.7234800437117226,3.709110714077983]",1
,,,,,"[0.0,4.0,4.62,1.0]","[0.0,1.9292810393004016,1.5924955603896318,3.709110714077983]",1
,,,,,"[0.0,5.0,4.96,1.0]","[0.0,2.4116012991255023,1.7096922033620288,3.709110714077983]",1
,,,,,"[0.0,4.0,4.67,1.0]","[0.0,1.9292810393004016,1.6097303608267488,3.709110714077983]",1
,,,,,"[0.0,5.0,4.88,1.0]","[0.0,2.4116012991255023,1.6821165226626411,3.709110714077983]",1
,,,,,"[0.0,5.0,4.88,1.0]","[0.0,2.4116012991255023,1.6821165226626411,3.709110714077983]",1
,,,,,"[0.0,5.0,5.0,1.0]","[0.0,2.4116012991255023,1.7234800437117226,3.709110714077983]",1
,,,,,"[0.0,4.0,4.76,1.0]","[0.0,1.9292810393004016,1.6407530016135599,3.709110714077983]",1
,,,,,"(4,[3],[1.0])","(4,[3],[3.709110714077983])",0
,,,,,"[0.0,5.0,5.0,1.0]","[0.0,2.4116012991255023,1.7234800437117226,3.709110714077983]",1
,,,,,"[0.0,5.0,4.92,1.0]","[0.0,2.4116012991255023,1.695904363012335,3.709110714077983]",1
,,,,,"[0.0,5.0,4.93,1.0]","[0.0,2.4116012991255023,1.6993513230997583,3.709110714077983]",1
,,,,,"[0.0,5.0,4.97,1.0]","[0.0,2.4116012991255023,1.7131391634494522,3.709110714077983]",1
,,,,,"[0.0,4.0,4.69,1.0]","[0.0,1.9292810393004016,1.6166242810015958,3.709110714077983]",1
,,,,,"[0.0,5.0,5.0,1.0]","[0.0,2.4116012991255023,1.7234800437117226,3.709110714077983]",1
,,,,,"[0.0,5.0,4.9,1.0]","[0.0,2.4116012991255023,1.6890104428374884,3.709110714077983]",1
,,,,,"[0.0,5.0,4.89,1.0]","[0.0,2.4116012991255023,1.6855634827500645,3.709110714077983]",1
,,,,,"[0.0,5.0,4.99,1.0]","[0.0,2.4116012991255023,1.7200330836242992,3.709110714077983]",1
,,,,,"[0.0,5.0,5.0,1.0]","[0.0,2.4116012991255023,1.7234800437117226,3.709110714077983]",1
,,,,,"[0.0,4.0,4.73,1.0]","[0.0,1.9292810393004016,1.6304121213512897,3.709110714077983]",1
,,,,,"[0.0,5.0,4.99,1.0]","[0.0,2.4116012991255023,1.7200330836242992,3.709110714077983]",1
,,,,,"[0.0,5.0,4.87,1.0]","[0.0,2.4116012991255023,1.678669562575218,3.709110714077983]",1
,,,,,"[0.0,2.0,2.5,1.0]","[0.0,0.9646405196502008,0.8617400218558613,3.709110714077983]",0
,,,,,"[0.0,5.0,4.96,1.0]","[0.0,2.4116012991255023,1.7096922033620288,3.709110714077983]",1
,,,,,"[0.0,5.0,4.92,1.0]","[0.0,2.4116012991255023,1.695904363012335,3.709110714077983]",1
,,,,,"[0.0,5.0,5.0,1.0]","[0.0,2.4116012991255023,1.7234800437117226,3.709110714077983]",1
,,,,,"[0.0,5.0,5.0,1.0]","[0.0,2.4116012991255023,1.7234800437117226,3.709110714077983]",1
,,,,,"[0.0,5.0,4.96,1.0]","[0.0,2.4116012991255023,1.7096922033620288,3.709110714077983]",1
,,,,,"[0.0,5.0,4.94,1.0]","[0.0,2.4116012991255023,1.702798283187182,3.709110714077983]",1
,,,,,"[0.0,5.0,4.94,1.0]","[0.0,2.4116012991255023,1.702798283187182,3.709110714077983]",1
,,,,,"[0.0,5.0,4.84,1.0]","[0.0,2.4116012991255023,1.6683286823129475,3.709110714077983]",1
,,,,,"[0.0,5.0,4.93,1.0]","[0.0,2.4116012991255023,1.6993513230997583,3.709110714077983]",1
,,,,,"[0.0,5.0,4.81,1.0]","[0.0,2.4116012991255023,1.657987802050677,3.709110714077983]",1
,,,,,"[0.0,5.0,4.95,1.0]","[0.0,2.4116012991255023,1.7062452432746054,3.709110714077983]",1
,,,,,"[0.0,5.0,4.89,1.0]","[0.0,2.4116012991255023,1.6855634827500645,3.709110714077983]",1
,,,,,"[0.0,5.0,4.98,1.0]","[0.0,2.4116012991255023,1.7165861235368758,3.709110714077983]",1
,,,,,"[0.0,5.0,4.98,1.0]","[0.0,2.4116012991255023,1.7165861235368758,3.709110714077983]",1
,,,,,"[0.0,5.0,4.93,1.0]","[0.0,2.4116012991255023,1.6993513230997583,3.709110714077983]",1
,,,,,"[0.0,5.0,4.96,1.0]","[0.0,2.4116012991255023,1.7096922033620288,3.709110714077983]",1
,,,,,"[0.0,5.0,4.9,1.0]","[0.0,2.4116012991255023,1.6890104428374884,3.709110714077983]",1
,,,,,"[0.0,5.0,4.98,1.0]","[0.0,2.4116012991255023,1.7165861235368758,3.709110714077983]",1
,,,,,"[0.0,5.0,5.0,1.0]","[0.0,2.4116012991255023,1.7234800437117226,3.709110714077983]",1
,,,,,"[0.0,5.0,4.86,1.0]","[0.0,2.4116012991255023,1.6752226024877945,3.709110714077983]",1
,,,,,"[0.0,5.0,4.96,1.0]","[0.0,2.4116012991255023,1.7096922033620288,3.709110714077983]",1
,,,,,"[0.0,5.0,5.0,1.0]","[0.0,2.4116012991255023,1.7234800437117226,3.709110714077983]",1
,,,,,"[0.0,5.0,4.81,1.0]","[0.0,2.4116012991255023,1.657987802050677,3.709110714077983]",1
,,,,,"[0.0,5.0,5.0,1.0]","[0.0,2.4116012991255023,1.7234800437117226,3.709110714077983]",1
,,,,,"[0.0,5.0,4.94,1.0]","[0.0,2.4116012991255023,1.702798283187182,3.709110714077983]",1
,,,,,"[0.0,5.0,4.95,1.0]","[0.0,2.4116012991255023,1.7062452432746054,3.709110714077983]",1
,,,,,"(4,[3],[1.0])","(4,[3],[3.709110714077983])",0
,,,,,"(4,[3],[1.0])","(4,[3],[3.709110714077983])",0
,,,,,"(4,[3],[1.0])","(4,[3],[3.709110714077983])",0
,,,,,"(4,[3],[1.0])","(4,[3],[3.709110714077983])",0
,,,,,"(4,[3],[1.0])","(4,[3],[3.709110714077983])",0
,,,,,"(4,[3],[1.0])","(4,[3],[3.709110714077983])",0
,,,,,"(4,[3],[1.0])","(4,[3],[3.709110714077983])",0
,,,,,"(4,[3],[1.0])","(4,[3],[3.709110714077983])",0
,,,,,"(4,[3],[1.0])","(4,[3],[3.709110714077983])",0
,,,,,"(4,[3],[1.0])","(4,[3],[3.709110714077983])",0
,,,,,"(4,[3],[1.0])","(4,[3],[3.709110714077983])",0
,,,,,"(4,[3],[1.0])","(4,[3],[3.709110714077983])",0
,,,,,"(4,[3],[1.0])","(4,[3],[3.709110714077983])",0
,,,,,"(4,[3],[1.0])","(4,[3],[3.709110714077983])",0
,,,,,"(4,[3],[1.0])","(4,[3],[3.709110714077983])",0
,,,,,"(4,[3],[1.0])","(4,[3],[3.709110714077983])",0
,,,,,"(4,[3],[1.0])","(4,[3],[3.709110714077983])",0
,,,,,"(4,[3],[1.0])","(4,[3],[3.709110714077983])",0
,,,,,"(4,[3],[1.0])","(4,[3],[3.709110714077983])",0
,,,,,"(4,[3],[1.0])","(4,[3],[3.709110714077983])",0
,,,,,"(4,[3],[1.0])","(4,[3],[3.709110714077983])",0
,,,,,"(4,[3],[1.0])","(4,[3],[3.709110714077983])",0
,,,,,"(4,[3],[1.0])","(4,[3],[3.709110714077983])",0
,,,,,"(4,[3],[1.0])","(4,[3],[3.709110714077983])",0
,,,,,"(4,[3],[1.0])","(4,[3],[3.709110714077983])",0
,,,,,"(4,[3],[1.0])","(4,[3],[3.709110714077983])",0
,,,,,"(4,[3],[1.0])","(4,[3],[3.709110714077983])",0
,,,,,"(4,[3],[1.0])","(4,[3],[3.709110714077983])",0
,,,,,"(4,[3],[1.0])","(4,[3],[3.709110714077983])",0
,,,,,"(4,[3],[1.0])","(4,[3],[3.709110714077983])",0
,,,,,"(4,[3],[1.0])","(4,[3],[3.709110714077983])",0
,,,,,"(4,[3],[1.0])","(4,[3],[3.709110714077983])",0
,,,,,"(4,[3],[1.0])","(4,[3],[3.709110714077983])",0
,,,,,"(4,[3],[1.0])","(4,[3],[3.709110714077983])",0
,,,,,"(4,[3],[1.0])","(4,[3],[3.709110714077983])",0
,,,,,"(4,[3],[1.0])","(4,[3],[3.709110714077983])",0
,,,,,"(4,[3],[1.0])","(4,[3],[3.709110714077983])",0
,,,,,"(4,[3],[1.0])","(4,[3],[3.709110714077983])",0
,,,,,"(4,[3],[1.0])","(4,[3],[3.709110714077983])",0
,,,,,"(4,[3],[1.0])","(4,[3],[3.709110714077983])",0
,,,,,"(4,[3],[1.0])","(4,[3],[3.709110714077983])",0
,,,,,"(4,[3],[1.0])","(4,[3],[3.709110714077983])",0
,,,,,"(4,[3],[1.0])","(4,[3],[3.709110714077983])",0
,,,,,"(4,[3],[1.0])","(4,[3],[3.709110714077983])",0
,,,,,"(4,[3],[1.0])","(4,[3],[3.709110714077983])",0
,,,,,"(4,[3],[1.0])","(4,[3],[3.709110714077983])",0
,,,,,"(4,[3],[1.0])","(4,[3],[3.709110714077983])",0
,,,,,"(4,[3],[1.0])","(4,[3],[3.709110714077983])",0
,,,,,"(4,[3],[1.0])","(4,[3],[3.709110714077983])",0
,,,,,"(4,[3],[1.0])","(4,[3],[3.709110714077983])",0
,,,,,"(4,[3],[1.0])","(4,[3],[3.709110714077983])",0
,,,,,"(4,[3],[1.0])","(4,[3],[3.709110714077983])",0
,,,,,"(4,[3],[1.0])","(4,[3],[3.709110714077983])",0
,,,,,"(4,[3],[1.0])","(4,[3],[3.709110714077983])",0
,,,,,"(4,[3],[1.0])","(4,[3],[3.709110714077983])",0
,,,,,"(4,[3],[1.0])","(4,[3],[3.709110714077983])",0
,,,,,"(4,[3],[1.0])","(4,[3],[3.709110714077983])",0
,,,,,"[0.0,4.0,8.8,1.0]","[0.0,1.9292810393004016,3.033324876932632,3.709110714077983]",1
,,,,,"[0.0,3.0,8.2,1.0]","[0.0,1.4469607794753012,2.8265072716872246,3.709110714077983]",1
,,,,,"[0.0,0.0,8.0,1.0]","[0.0,0.0,2.757568069938756,3.709110714077983]",1
,,,,,"[0.0,3.0,8.9,1.0]","[0.0,1.4469607794753012,3.067794477806866,3.709110714077983]",1
,,,,,"[0.0,3.0,7.9,1.0]","[0.0,1.4469607794753012,2.7230984690645217,3.709110714077983]",1
,,,,,"[0.0,3.0,8.0,1.0]","[0.0,1.4469607794753012,2.757568069938756,3.709110714077983]",1
,,,,,"[0.0,3.0,8.3,1.0]","[0.0,1.4469607794753012,2.86097687256146,3.709110714077983]",1
,,,,,"[0.0,3.0,8.1,1.0]","[0.0,1.4469607794753012,2.7920376708129906,3.709110714077983]",1
,,,,,"[0.0,0.0,9.5,1.0]","[0.0,0.0,3.274612083052273,3.709110714077983]",1
,,,,,"[0.0,3.0,8.2,1.0]","[0.0,1.4469607794753012,2.8265072716872246,3.709110714077983]",1
,,,,,"(4,[3],[1.0])","(4,[3],[3.709110714077983])",0
,,,,,"(4,[3],[1.0])","(4,[3],[3.709110714077983])",0
,,,,,"(4,[3],[1.0])","(4,[3],[3.709110714077983])",0
,,,,,"[0.0,3.0,8.9,1.0]","[0.0,1.4469607794753012,3.067794477806866,3.709110714077983]",1
,,,,,"[0.0,3.0,7.7,1.0]","[0.0,1.4469607794753012,2.654159267316053,3.709110714077983]",1
,,,,,"[0.0,0.0,7.1,1.0]","[0.0,0.0,2.447341662070646,3.709110714077983]",1
,,,,,"[0.0,0.0,7.8,1.0]","[0.0,0.0,2.6886288681902872,3.709110714077983]",1
,,,,,"[0.0,0.0,9.5,1.0]","[0.0,0.0,3.274612083052273,3.709110714077983]",1
,,,,,"[0.0,3.0,8.5,1.0]","[0.0,1.4469607794753012,2.9299160743099284,3.709110714077983]",1
,,,,,"[0.0,4.0,8.0,1.0]","[0.0,1.9292810393004016,2.757568069938756,3.709110714077983]",1
,,,,,"[0.0,3.0,7.9,1.0]","[0.0,1.4469607794753012,2.7230984690645217,3.709110714077983]",1
,,,,,"[0.0,0.0,8.8,1.0]","[0.0,0.0,3.033324876932632,3.709110714077983]",1
,,,,,"[0.0,3.0,7.2,1.0]","[0.0,1.4469607794753012,2.4818112629448805,3.709110714077983]",1
,,,,,"[0.0,4.0,8.7,1.0]","[0.0,1.9292810393004016,2.998855276058397,3.709110714077983]",1
,,,,,"[0.0,0.0,8.3,1.0]","[0.0,0.0,2.86097687256146,3.709110714077983]",1
,,,,,"[0.0,3.0,8.2,1.0]","[0.0,1.4469607794753012,2.8265072716872246,3.709110714077983]",1
,,,,,"[0.0,2.0,0.0,1.0]","[0.0,0.9646405196502008,0.0,3.709110714077983]",0
,,,,,"[0.0,0.0,9.1,1.0]","[0.0,0.0,3.136733679555335,3.709110714077983]",1
,,,,,"[0.0,0.0,9.7,1.0]","[0.0,0.0,3.3435512848007414,3.709110714077983]",1
,,,,,"[0.0,3.0,8.4,1.0]","[0.0,1.4469607794753012,2.895446473435694,3.709110714077983]",1
,,,,,"[0.0,3.0,8.6,1.0]","[0.0,1.4469607794753012,2.964385675184163,3.709110714077983]",1
,,,,,"[0.0,0.0,7.6,1.0]","[0.0,0.0,2.6196896664418183,3.709110714077983]",1
,,,,,"[0.0,0.0,7.7,1.0]","[0.0,0.0,2.654159267316053,3.709110714077983]",1
,,,,,"[0.0,0.0,9.1,1.0]","[0.0,0.0,3.136733679555335,3.709110714077983]",1
,,,,,"[0.0,3.0,8.2,1.0]","[0.0,1.4469607794753012,2.8265072716872246,3.709110714077983]",1
,,,,,"[0.0,0.0,8.5,1.0]","[0.0,0.0,2.9299160743099284,3.709110714077983]",1
,,,,,"[0.0,3.0,8.8,1.0]","[0.0,1.4469607794753012,3.033324876932632,3.709110714077983]",1
,,,,,"[0.0,3.0,9.5,1.0]","[0.0,1.4469607794753012,3.274612083052273,3.709110714077983]",1
,,,,,"[0.0,3.0,8.7,1.0]","[0.0,1.4469607794753012,2.998855276058397,3.709110714077983]",1
,,,,,"[0.0,4.0,9.0,1.0]","[0.0,1.9292810393004016,3.1022640786811007,3.709110714077983]",1
,,,,,"[0.0,3.0,9.0,1.0]","[0.0,1.4469607794753012,3.1022640786811007,3.709110714077983]",1
,,,,,"[0.0,3.0,9.5,1.0]","[0.0,1.4469607794753012,3.274612083052273,3.709110714077983]",1
,,,,,"[0.0,4.0,7.6,1.0]","[0.0,1.9292810393004016,2.6196896664418183,3.709110714077983]",1
,,,,,"[0.0,0.0,8.6,1.0]","[0.0,0.0,2.964385675184163,3.709110714077983]",1
,,,,,"[0.0,3.0,8.2,1.0]","[0.0,1.4469607794753012,2.8265072716872246,3.709110714077983]",1
,,,,,"[0.0,3.0,8.2,1.0]","[0.0,1.4469607794753012,2.8265072716872246,3.709110714077983]",1
,,,,,"[0.0,4.0,8.1,1.0]","[0.0,1.9292810393004016,2.7920376708129906,3.709110714077983]",1
,,,,,"[0.0,3.0,9.0,1.0]","[0.0,1.4469607794753012,3.1022640786811007,3.709110714077983]",1
,,,,,"[0.0,3.0,8.2,1.0]","[0.0,1.4469607794753012,2.8265072716872246,3.709110714077983]",1
,,,,,"[0.0,3.0,8.9,1.0]","[0.0,1.4469607794753012,3.067794477806866,3.709110714077983]",1
,,,,,"[0.0,2.0,8.5,1.0]","[0.0,0.9646405196502008,2.9299160743099284,3.709110714077983]",1
,,,,,"[0.0,3.0,8.9,1.0]","[0.0,1.4469607794753012,3.067794477806866,3.709110714077983]",1
,,,,,"[0.0,3.0,8.1,1.0]","[0.0,1.4469607794753012,2.7920376708129906,3.709110714077983]",1
,,,,,"[0.0,3.0,0.0,1.0]","[0.0,1.4469607794753012,0.0,3.709110714077983]",0
,,,,,"[0.0,3.0,8.0,1.0]","[0.0,1.4469607794753012,2.757568069938756,3.709110714077983]",1
,,,,,"[0.0,3.0,8.7,1.0]","[0.0,1.4469607794753012,2.998855276058397,3.709110714077983]",1
,,,,,"[0.0,3.0,8.8,1.0]","[0.0,1.4469607794753012,3.033324876932632,3.709110714077983]",1
,,,,,"[0.0,4.0,8.4,1.0]","[0.0,1.9292810393004016,2.895446473435694,3.709110714077983]",1
,,,,,"[0.0,5.0,8.7,1.0]","[0.0,2.4116012991255023,2.998855276058397,3.709110714077983]",1
,,,,,"[0.0,5.0,9.0,1.0]","[0.0,2.4116012991255023,3.1022640786811007,3.709110714077983]",1
,,,,,"[0.0,4.0,8.7,1.0]","[0.0,1.9292810393004016,2.998855276058397,3.709110714077983]",1
,,,,,"[0.0,5.0,8.0,1.0]","[0.0,2.4116012991255023,2.757568069938756,3.709110714077983]",1
,,,,,"[0.0,5.0,9.1,1.0]","[0.0,2.4116012991255023,3.136733679555335,3.709110714077983]",1
,,,,,"[0.0,4.0,8.6,1.0]","[0.0,1.9292810393004016,2.964385675184163,3.709110714077983]",1
,,,,,"[0.0,4.0,8.2,1.0]","[0.0,1.9292810393004016,2.8265072716872246,3.709110714077983]",1
,,,,,"[0.0,4.0,8.6,1.0]","[0.0,1.9292810393004016,2.964385675184163,3.709110714077983]",1
,,,,,"[0.0,4.0,8.5,1.0]","[0.0,1.9292810393004016,2.9299160743099284,3.709110714077983]",1
,,,,,"[0.0,5.0,8.9,1.0]","[0.0,2.4116012991255023,3.067794477806866,3.709110714077983]",1
,,,,,"[0.0,4.0,8.9,1.0]","[0.0,1.9292810393004016,3.067794477806866,3.709110714077983]",1
,,,,,"[0.0,4.0,8.2,1.0]","[0.0,1.9292810393004016,2.8265072716872246,3.709110714077983]",1
,,,,,"[0.0,4.0,8.2,1.0]","[0.0,1.9292810393004016,2.8265072716872246,3.709110714077983]",1
,,,,,"[0.0,4.0,8.1,1.0]","[0.0,1.9292810393004016,2.7920376708129906,3.709110714077983]",1
,,,,,"[0.0,3.0,8.5,1.0]","[0.0,1.4469607794753012,2.9299160743099284,3.709110714077983]",1
,,,,,"[0.0,0.0,9.0,1.0]","[0.0,0.0,3.1022640786811007,3.709110714077983]",1
,,,,,"[0.0,0.0,8.8,1.0]","[0.0,0.0,3.033324876932632,3.709110714077983]",1
,,,,,"[0.0,0.0,7.6,1.0]","[0.0,0.0,2.6196896664418183,3.709110714077983]",1
,,,,,"[0.0,3.0,0.0,1.0]","[0.0,1.4469607794753012,0.0,3.709110714077983]",0
,,,,,"[0.0,0.0,8.0,1.0]","[0.0,0.0,2.757568069938756,3.709110714077983]",1
,,,,,"[0.0,2.0,0.0,1.0]","[0.0,0.9646405196502008,0.0,3.709110714077983]",0
,,,,,"(4,[3],[1.0])","(4,[3],[3.709110714077983])",0
,,,,,"[0.0,4.0,9.1,1.0]","[0.0,1.9292810393004016,3.136733679555335,3.709110714077983]",1
,,,,,"[0.0,2.0,8.3,1.0]","[0.0,0.9646405196502008,2.86097687256146,3.709110714077983]",1
,,,,,"[0.0,3.0,8.8,1.0]","[0.0,1.4469607794753012,3.033324876932632,3.709110714077983]",1
,,,,,"[0.0,0.0,8.0,1.0]","[0.0,0.0,2.757568069938756,3.709110714077983]",1
,,,,,"[0.0,3.0,8.0,1.0]","[0.0,1.4469607794753012,2.757568069938756,3.709110714077983]",1
,,,,,"[0.0,0.0,8.9,1.0]","[0.0,0.0,3.067794477806866,3.709110714077983]",1
,,,,,"[0.0,3.0,7.4,1.0]","[0.0,1.4469607794753012,2.5507504646933494,3.709110714077983]",1
,,,,,"[0.0,0.0,8.9,1.0]","[0.0,0.0,3.067794477806866,3.709110714077983]",1
,,,,,"[0.0,0.0,8.4,1.0]","[0.0,0.0,2.895446473435694,3.709110714077983]",1
,,,,,"[0.0,0.0,9.1,1.0]","[0.0,0.0,3.136733679555335,3.709110714077983]",1
,,,,,"[0.0,0.0,9.3,1.0]","[0.0,0.0,3.2056728813038045,3.709110714077983]",1
,,,,,"[0.0,0.0,8.2,1.0]","[0.0,0.0,2.8265072716872246,3.709110714077983]",1
,,,,,"[0.0,3.0,8.0,1.0]","[0.0,1.4469607794753012,2.757568069938756,3.709110714077983]",1
,,,,,"[0.0,0.0,8.3,1.0]","[0.0,0.0,2.86097687256146,3.709110714077983]",1
,,,,,"[0.0,2.0,8.4,1.0]","[0.0,0.9646405196502008,2.895446473435694,3.709110714077983]",1
,,,,,"[0.0,0.0,8.9,1.0]","[0.0,0.0,3.067794477806866,3.709110714077983]",1
,,,,,"[0.0,0.0,9.3,1.0]","[0.0,0.0,3.2056728813038045,3.709110714077983]",1
,,,,,"[0.0,0.0,8.2,1.0]","[0.0,0.0,2.8265072716872246,3.709110714077983]",1
,,,,,"[0.0,0.0,8.7,1.0]","[0.0,0.0,2.998855276058397,3.709110714077983]",1
,,,,,"[0.0,2.0,8.6,1.0]","[0.0,0.9646405196502008,2.964385675184163,3.709110714077983]",1
,,,,,"[0.0,0.0,7.7,1.0]","[0.0,0.0,2.654159267316053,3.709110714077983]",1
,,,,,"[0.0,0.0,7.7,1.0]","[0.0,0.0,2.654159267316053,3.709110714077983]",1
,,,,,"[0.0,4.0,9.7,1.0]","[0.0,1.9292810393004016,3.3435512848007414,3.709110714077983]",1
,,,,,"[0.0,3.0,8.9,1.0]","[0.0,1.4469607794753012,3.067794477806866,3.709110714077983]",1
,,,,,"[0.0,3.0,7.4,1.0]","[0.0,1.4469607794753012,2.5507504646933494,3.709110714077983]",1
,,,,,"[0.0,2.0,8.7,1.0]","[0.0,0.9646405196502008,2.998855276058397,3.709110714077983]",1
,,,,,"[0.0,0.0,8.2,1.0]","[0.0,0.0,2.8265072716872246,3.709110714077983]",1
,,,,,"[0.0,0.0,8.7,1.0]","[0.0,0.0,2.998855276058397,3.709110714077983]",1
,,,,,"[0.0,0.0,8.9,1.0]","[0.0,0.0,3.067794477806866,3.709110714077983]",1
,,,,,"[0.0,0.0,8.9,1.0]","[0.0,0.0,3.067794477806866,3.709110714077983]",1
,,,,,"[0.0,0.0,8.9,1.0]","[0.0,0.0,3.067794477806866,3.709110714077983]",1
,,,,,"[0.0,4.0,8.6,1.0]","[0.0,1.9292810393004016,2.964385675184163,3.709110714077983]",1
,,,,,"[0.0,4.0,8.4,1.0]","[0.0,1.9292810393004016,2.895446473435694,3.709110714077983]",1
,,,,,"[0.0,4.0,8.5,1.0]","[0.0,1.9292810393004016,2.9299160743099284,3.709110714077983]",1
,,,,,"[0.0,5.0,9.5,1.0]","[0.0,2.4116012991255023,3.274612083052273,3.709110714077983]",1
,,,,,"[0.0,5.0,9.1,1.0]","[0.0,2.4116012991255023,3.136733679555335,3.709110714077983]",1
,,,,,"[0.0,3.0,8.6,1.0]","[0.0,1.4469607794753012,2.964385675184163,3.709110714077983]",1
,,,,,"[0.0,0.0,9.4,1.0]","[0.0,0.0,3.2401424821780385,3.709110714077983]",1
,,,,,"[0.0,0.0,9.0,1.0]","[0.0,0.0,3.1022640786811007,3.709110714077983]",1
,,,,,"[0.0,0.0,9.6,1.0]","[0.0,0.0,3.3090816839265074,3.709110714077983]",1
,,,,,"[0.0,0.0,9.8,1.0]","[0.0,0.0,3.3780208856749767,3.709110714077983]",1
,,,,,"[0.0,4.0,8.5,1.0]","[0.0,1.9292810393004016,2.9299160743099284,3.709110714077983]",1
,,,,,"[0.0,0.0,7.2,1.0]","[0.0,0.0,2.4818112629448805,3.709110714077983]",1
,,,,,"[0.0,3.0,7.9,1.0]","[0.0,1.4469607794753012,2.7230984690645217,3.709110714077983]",1
,,,,,"[0.0,0.0,8.3,1.0]","[0.0,0.0,2.86097687256146,3.709110714077983]",1
,,,,,"[0.0,0.0,8.5,1.0]","[0.0,0.0,2.9299160743099284,3.709110714077983]",1
,,,,,"[0.0,3.0,9.2,1.0]","[0.0,1.4469607794753012,3.171203280429569,3.709110714077983]",1
,,,,,"[0.0,0.0,8.2,1.0]","[0.0,0.0,2.8265072716872246,3.709110714077983]",1
,,,,,"[0.0,3.0,8.6,1.0]","[0.0,1.4469607794753012,2.964385675184163,3.709110714077983]",1
,,,,,"[0.0,0.0,9.3,1.0]","[0.0,0.0,3.2056728813038045,3.709110714077983]",1
,,,,,"[0.0,3.0,8.6,1.0]","[0.0,1.4469607794753012,2.964385675184163,3.709110714077983]",1
,,,,,"[0.0,3.0,8.8,1.0]","[0.0,1.4469607794753012,3.033324876932632,3.709110714077983]",1
,,,,,"[0.0,2.0,9.1,1.0]","[0.0,0.9646405196502008,3.136733679555335,3.709110714077983]",1
,,,,,"[0.0,3.0,9.6,1.0]","[0.0,1.4469607794753012,3.3090816839265074,3.709110714077983]",1
,,,,,"[0.0,3.0,9.6,1.0]","[0.0,1.4469607794753012,3.3090816839265074,3.709110714077983]",1
,,,,,"[0.0,3.0,8.2,1.0]","[0.0,1.4469607794753012,2.8265072716872246,3.709110714077983]",1
,,,,,"[0.0,0.0,9.3,1.0]","[0.0,0.0,3.2056728813038045,3.709110714077983]",1
,,,,,"[0.0,0.0,7.8,1.0]","[0.0,0.0,2.6886288681902872,3.709110714077983]",1
,,,,,"[0.0,2.0,8.1,1.0]","[0.0,0.9646405196502008,2.7920376708129906,3.709110714077983]",1
,,,,,"[0.0,0.0,9.6,1.0]","[0.0,0.0,3.3090816839265074,3.709110714077983]",1
,,,,,"[0.0,0.0,8.6,3.0]","[0.0,0.0,2.964385675184163,11.127332142233948]",0
,,,,,"[0.0,0.0,7.5,3.0]","[0.0,0.0,2.585220065567584,11.127332142233948]",0
,,,,,"[0.0,4.0,8.6,3.0]","[0.0,1.9292810393004016,2.964385675184163,11.127332142233948]",1
,,,,,"[0.0,4.0,7.9,3.0]","[0.0,1.9292810393004016,2.7230984690645217,11.127332142233948]",1
,,,,,"[0.0,4.0,8.5,3.0]","[0.0,1.9292810393004016,2.9299160743099284,11.127332142233948]",1
,,,,,"[0.0,4.0,8.9,3.0]","[0.0,1.9292810393004016,3.067794477806866,11.127332142233948]",1
,,,,,"[0.0,4.0,9.0,3.0]","[0.0,1.9292810393004016,3.1022640786811007,11.127332142233948]",1
,,,,,"[0.0,4.0,8.4,3.0]","[0.0,1.9292810393004016,2.895446473435694,11.127332142233948]",1
,,,,,"[0.0,3.0,8.7,3.0]","[0.0,1.4469607794753012,2.998855276058397,11.127332142233948]",1
,,,,,"[0.0,5.0,8.6,3.0]","[0.0,2.4116012991255023,2.964385675184163,11.127332142233948]",1
,,,,,"[0.0,5.0,8.9,3.0]","[0.0,2.4116012991255023,3.067794477806866,11.127332142233948]",1
,,,,,"[0.0,3.0,8.3,3.0]","[0.0,1.4469607794753012,2.86097687256146,11.127332142233948]",1
,,,,,"[0.0,4.0,8.0,3.0]","[0.0,1.9292810393004016,2.757568069938756,11.127332142233948]",1
,,,,,"[0.0,4.0,8.1,3.0]","[0.0,1.9292810393004016,2.7920376708129906,11.127332142233948]",1
,,,,,"(4,[3],[3.0])","(4,[3],[11.127332142233948])",0
,,,,,"(4,[3],[3.0])","(4,[3],[11.127332142233948])",0
,,,,,"[0.0,3.0,9.0,3.0]","[0.0,1.4469607794753012,3.1022640786811007,11.127332142233948]",1
,,,,,"[0.0,4.0,9.1,3.0]","[0.0,1.9292810393004016,3.136733679555335,11.127332142233948]",1
,,,,,"[0.0,4.0,8.1,3.0]","[0.0,1.9292810393004016,2.7920376708129906,11.127332142233948]",1
,,,,,"[0.0,4.0,8.4,3.0]","[0.0,1.9292810393004016,2.895446473435694,11.127332142233948]",1
,,,,,"[0.0,0.0,9.3,3.0]","[0.0,0.0,3.2056728813038045,11.127332142233948]",0
,,,,,"[0.0,4.0,9.0,3.0]","[0.0,1.9292810393004016,3.1022640786811007,11.127332142233948]",1
,,,,,"[0.0,4.0,9.0,3.0]","[0.0,1.9292810393004016,3.1022640786811007,11.127332142233948]",1
,,,,,"[0.0,4.0,9.4,3.0]","[0.0,1.9292810393004016,3.2401424821780385,11.127332142233948]",1
,,,,,"[0.0,0.0,9.0,3.0]","[0.0,0.0,3.1022640786811007,11.127332142233948]",0
,,,,,"[0.0,4.0,7.6,3.0]","[0.0,1.9292810393004016,2.6196896664418183,11.127332142233948]",1
,,,,,"(4,[3],[3.0])","(4,[3],[11.127332142233948])",0
,,,,,"(4,[3],[3.0])","(4,[3],[11.127332142233948])",0
,,,,,"(4,[3],[3.0])","(4,[3],[11.127332142233948])",0
,,,,,"[0.0,4.0,8.3,3.0]","[0.0,1.9292810393004016,2.86097687256146,11.127332142233948]",1
,,,,,"[0.0,4.0,7.6,3.0]","[0.0,1.9292810393004016,2.6196896664418183,11.127332142233948]",1
,,,,,"[0.0,4.0,8.7,3.0]","[0.0,1.9292810393004016,2.998855276058397,11.127332142233948]",1
,,,,,"[0.0,0.0,7.8,3.0]","[0.0,0.0,2.6886288681902872,11.127332142233948]",0
,,,,,"[0.0,0.0,9.0,3.0]","[0.0,0.0,3.1022640786811007,11.127332142233948]",0
,,,,,"[0.0,0.0,8.3,3.0]","[0.0,0.0,2.86097687256146,11.127332142233948]",0
,,,,,"[0.0,4.0,8.6,3.0]","[0.0,1.9292810393004016,2.964385675184163,11.127332142233948]",1
,,,,,"(4,[3],[3.0])","(4,[3],[11.127332142233948])",0
,,,,,"(4,[3],[3.0])","(4,[3],[11.127332142233948])",0
,,,,,"(4,[3],[3.0])","(4,[3],[11.127332142233948])",0
,,,,,"(4,[3],[3.0])","(4,[3],[11.127332142233948])",0
,,,,,"(4,[3],[3.0])","(4,[3],[11.127332142233948])",0
,,,,,"(4,[3],[3.0])","(4,[3],[11.127332142233948])",0
,,,,,"(4,[3],[3.0])","(4,[3],[11.127332142233948])",0
,,,,,"(4,[3],[3.0])","(4,[3],[11.127332142233948])",0
,,,,,"(4,[3],[3.0])","(4,[3],[11.127332142233948])",0
,,,,,"[0.0,0.0,7.0,3.0]","[0.0,0.0,2.4128720611964116,11.127332142233948]",0
,,,,,"(4,[3],[3.0])","(4,[3],[11.127332142233948])",0
,,,,,"[0.0,0.0,8.4,3.0]","[0.0,0.0,2.895446473435694,11.127332142233948]",0
,,,,,"(4,[3],[3.0])","(4,[3],[11.127332142233948])",0
,,,,,"(4,[3],[3.0])","(4,[3],[11.127332142233948])",0
,,,,,"(4,[3],[3.0])","(4,[3],[11.127332142233948])",0
,,,,,"(4,[3],[3.0])","(4,[3],[11.127332142233948])",0
,,,,,"(4,[3],[3.0])","(4,[3],[11.127332142233948])",0
,,,,,"[0.0,0.0,7.9,3.0]","[0.0,0.0,2.7230984690645217,11.127332142233948]",0
,,,,,"[0.0,0.0,8.4,3.0]","[0.0,0.0,2.895446473435694,11.127332142233948]",0
,,,,,"(4,[3],[3.0])","(4,[3],[11.127332142233948])",0
,,,,,"(4,[3],[3.0])","(4,[3],[11.127332142233948])",0
,,,,,"(4,[3],[3.0])","(4,[3],[11.127332142233948])",0
,,,,,"(4,[3],[3.0])","(4,[3],[11.127332142233948])",0
,,,,,"(4,[3],[3.0])","(4,[3],[11.127332142233948])",0
,,,,,"[0.0,0.0,8.0,3.0]","[0.0,0.0,2.757568069938756,11.127332142233948]",0
,,,,,"(4,[3],[3.0])","(4,[3],[11.127332142233948])",0
,,,,,"(4,[3],[3.0])","(4,[3],[11.127332142233948])",0
,,,,,"(4,[3],[3.0])","(4,[3],[11.127332142233948])",0
,,,,,"(4,[3],[3.0])","(4,[3],[11.127332142233948])",0
,,,,,"(4,[3],[3.0])","(4,[3],[11.127332142233948])",0
,,,,,"(4,[3],[3.0])","(4,[3],[11.127332142233948])",0
,,,,,"[0.0,0.0,7.8,3.0]","[0.0,0.0,2.6886288681902872,11.127332142233948]",0
,,,,,"[0.0,3.0,7.8,3.0]","[0.0,1.4469607794753012,2.6886288681902872,11.127332142233948]",1
,,,,,"[0.0,2.0,9.1,3.0]","[0.0,0.9646405196502008,3.136733679555335,11.127332142233948]",1
,,,,,"[0.0,0.0,8.8,3.0]","[0.0,0.0,3.033324876932632,11.127332142233948]",0
,,,,,"[0.0,0.0,9.4,3.0]","[0.0,0.0,3.2401424821780385,11.127332142233948]",0
,,,,,"[0.0,3.0,9.2,3.0]","[0.0,1.4469607794753012,3.171203280429569,11.127332142233948]",1
,,,,,"[0.0,3.0,8.1,3.0]","[0.0,1.4469607794753012,2.7920376708129906,11.127332142233948]",1
,,,,,"[0.0,0.0,8.3,3.0]","[0.0,0.0,2.86097687256146,11.127332142233948]",0
,,,,,"[0.0,0.0,9.4,3.0]","[0.0,0.0,3.2401424821780385,11.127332142233948]",0
,,,,,"[0.0,0.0,9.5,3.0]","[0.0,0.0,3.274612083052273,11.127332142233948]",0
,,,,,"(4,[3],[3.0])","(4,[3],[11.127332142233948])",0
,,,,,"(4,[3],[3.0])","(4,[3],[11.127332142233948])",0
,,,,,"(4,[3],[3.0])","(4,[3],[11.127332142233948])",0
,,,,,"(4,[3],[3.0])","(4,[3],[11.127332142233948])",0
,,,,,"[0.0,0.0,8.5,3.0]","[0.0,0.0,2.9299160743099284,11.127332142233948]",0
,,,,,"(4,[3],[3.0])","(4,[3],[11.127332142233948])",0
,,,,,"(4,[3],[3.0])","(4,[3],[11.127332142233948])",0
,,,,,"(4,[3],[3.0])","(4,[3],[11.127332142233948])",0
,,,,,"(4,[3],[3.0])","(4,[3],[11.127332142233948])",0
,,,,,"[0.0,3.0,8.0,3.0]","[0.0,1.4469607794753012,2.757568069938756,11.127332142233948]",1
,,,,,"[0.0,0.0,8.5,3.0]","[0.0,0.0,2.9299160743099284,11.127332142233948]",0
,,,,,"(4,[3],[1.0])","(4,[3],[3.709110714077983])",0
,,,,,"(4,[3],[1.0])","(4,[3],[3.709110714077983])",0
,,,,,"(4,[3],[1.0])","(4,[3],[3.709110714077983])",0
,,,,,"(4,[3],[1.0])","(4,[3],[3.709110714077983])",0
,,,,,"(4,[3],[1.0])","(4,[3],[3.709110714077983])",0
,,,,,"(4,[3],[1.0])","(4,[3],[3.709110714077983])",0
,,,,,"(4,[3],[1.0])","(4,[3],[3.709110714077983])",0
,,,,,"(4,[3],[1.0])","(4,[3],[3.709110714077983])",0
,,,,,"(4,[3],[1.0])","(4,[3],[3.709110714077983])",0
,,,,,"[0.0,0.0,9.6,1.0]","[0.0,0.0,3.3090816839265074,3.709110714077983]",1
,,,,,"[0.0,0.0,8.7,1.0]","[0.0,0.0,2.998855276058397,3.709110714077983]",1
,,,,,"(4,[3],[1.0])","(4,[3],[3.709110714077983])",0
,,,,,"[0.0,3.0,9.6,1.0]","[0.0,1.4469607794753012,3.3090816839265074,3.709110714077983]",1
,,,,,"(4,[3],[1.0])","(4,[3],[3.709110714077983])",0
,,,,,"(4,[3],[1.0])","(4,[3],[3.709110714077983])",0
,,,,,"(4,[3],[1.0])","(4,[3],[3.709110714077983])",0
,,,,,"[0.0,4.0,8.2,1.0]","[0.0,1.9292810393004016,2.8265072716872246,3.709110714077983]",1
,,,,,"[0.0,3.0,9.4,1.0]","[0.0,1.4469607794753012,3.2401424821780385,3.709110714077983]",1
,,,,,"(4,[3],[1.0])","(4,[3],[3.709110714077983])",0
,,,,,"[0.0,3.0,8.6,1.0]","[0.0,1.4469607794753012,2.964385675184163,3.709110714077983]",1
,,,,,"[0.0,4.0,8.4,1.0]","[0.0,1.9292810393004016,2.895446473435694,3.709110714077983]",1
,,,,,"[0.0,3.0,8.3,1.0]","[0.0,1.4469607794753012,2.86097687256146,3.709110714077983]",1
,,,,,"[0.0,3.0,7.8,1.0]","[0.0,1.4469607794753012,2.6886288681902872,3.709110714077983]",1
,,,,,"(4,[3],[1.0])","(4,[3],[3.709110714077983])",0
,,,,,"(4,[3],[1.0])","(4,[3],[3.709110714077983])",0
,,,,,"[0.0,4.0,8.6,1.0]","[0.0,1.9292810393004016,2.964385675184163,3.709110714077983]",1
,,,,,"[0.0,3.0,6.6,1.0]","[0.0,1.4469607794753012,2.274993657699474,3.709110714077983]",1
,,,,,"[0.0,4.0,7.6,1.0]","[0.0,1.9292810393004016,2.6196896664418183,3.709110714077983]",1
,,,,,"[0.0,4.0,8.6,1.0]","[0.0,1.9292810393004016,2.964385675184163,3.709110714077983]",1
,,,,,"[0.0,4.0,7.9,1.0]","[0.0,1.9292810393004016,2.7230984690645217,3.709110714077983]",1
,,,,,"[0.0,4.0,7.8,1.0]","[0.0,1.9292810393004016,2.6886288681902872,3.709110714077983]",1
,,,,,"[0.0,3.0,7.4,1.0]","[0.0,1.4469607794753012,2.5507504646933494,3.709110714077983]",1
,,,,,"[0.0,5.0,9.2,1.0]","[0.0,2.4116012991255023,3.171203280429569,3.709110714077983]",1
,,,,,"[0.0,3.0,7.5,1.0]","[0.0,1.4469607794753012,2.585220065567584,3.709110714077983]",1
,,,,,"[0.0,3.0,6.7,1.0]","[0.0,1.4469607794753012,2.3094632585737083,3.709110714077983]",1
,,,,,"[0.0,5.0,9.7,1.0]","[0.0,2.4116012991255023,3.3435512848007414,3.709110714077983]",1
,,,,,"[0.0,4.0,8.0,1.0]","[0.0,1.9292810393004016,2.757568069938756,3.709110714077983]",1
,,,,,"[0.0,3.0,7.7,1.0]","[0.0,1.4469607794753012,2.654159267316053,3.709110714077983]",1
,,,,,"[0.0,3.0,6.6,1.0]","[0.0,1.4469607794753012,2.274993657699474,3.709110714077983]",1
,,,,,"[0.0,4.0,7.9,1.0]","[0.0,1.9292810393004016,2.7230984690645217,3.709110714077983]",1
,,,,,"[0.0,4.0,8.3,1.0]","[0.0,1.9292810393004016,2.86097687256146,3.709110714077983]",1
,,,,,"[0.0,5.0,9.6,1.0]","[0.0,2.4116012991255023,3.3090816839265074,3.709110714077983]",1
,,,,,"[0.0,5.0,9.3,1.0]","[0.0,2.4116012991255023,3.2056728813038045,3.709110714077983]",1
,,,,,"[0.0,4.0,8.8,1.0]","[0.0,1.9292810393004016,3.033324876932632,3.709110714077983]",1
,,,,,"[0.0,5.0,8.9,1.0]","[0.0,2.4116012991255023,3.067794477806866,3.709110714077983]",1
,,,,,"[0.0,2.0,6.7,1.0]","[0.0,0.9646405196502008,2.3094632585737083,3.709110714077983]",1
,,,,,"[0.0,5.0,9.7,1.0]","[0.0,2.4116012991255023,3.3435512848007414,3.709110714077983]",1
,,,,,"[0.0,5.0,9.0,1.0]","[0.0,2.4116012991255023,3.1022640786811007,3.709110714077983]",1
,,,,,"[0.0,3.0,6.6,1.0]","[0.0,1.4469607794753012,2.274993657699474,3.709110714077983]",1
,,,,,"[0.0,3.0,7.3,1.0]","[0.0,1.4469607794753012,2.516280863819115,3.709110714077983]",1
,,,,,"[0.0,4.0,8.6,1.0]","[0.0,1.9292810393004016,2.964385675184163,3.709110714077983]",1
,,,,,"[0.0,4.0,7.5,1.0]","[0.0,1.9292810393004016,2.585220065567584,3.709110714077983]",1
,,,,,"[0.0,4.0,8.0,1.0]","[0.0,1.9292810393004016,2.757568069938756,3.709110714077983]",1
,,,,,"[0.0,5.0,9.3,1.0]","[0.0,2.4116012991255023,3.2056728813038045,3.709110714077983]",1
,,,,,"[0.0,3.0,6.8,1.0]","[0.0,1.4469607794753012,2.3439328594479427,3.709110714077983]",1
,,,,,"[0.0,3.0,6.7,1.0]","[0.0,1.4469607794753012,2.3094632585737083,3.709110714077983]",1
,,,,,"[0.0,2.0,6.9,1.0]","[0.0,0.9646405196502008,2.378402460322177,3.709110714077983]",1
,,,,,"[0.0,4.0,8.5,1.0]","[0.0,1.9292810393004016,2.9299160743099284,3.709110714077983]",1
,,,,,"[0.0,5.0,9.1,1.0]","[0.0,2.4116012991255023,3.136733679555335,3.709110714077983]",1
,,,,,"[0.0,4.0,7.6,1.0]","[0.0,1.9292810393004016,2.6196896664418183,3.709110714077983]",1
,,,,,"[0.0,5.0,9.4,1.0]","[0.0,2.4116012991255023,3.2401424821780385,3.709110714077983]",1
,,,,,"[0.0,4.0,7.6,1.0]","[0.0,1.9292810393004016,2.6196896664418183,3.709110714077983]",1
,,,,,"[0.0,4.0,8.9,1.0]","[0.0,1.9292810393004016,3.067794477806866,3.709110714077983]",1
,,,,,"[0.0,5.0,8.9,1.0]","[0.0,2.4116012991255023,3.067794477806866,3.709110714077983]",1
,,,,,"[0.0,5.0,9.4,1.0]","[0.0,2.4116012991255023,3.2401424821780385,3.709110714077983]",1
,,,,,"[0.0,3.0,7.8,1.0]","[0.0,1.4469607794753012,2.6886288681902872,3.709110714077983]",1
,,,,,"[0.0,4.0,8.5,1.0]","[0.0,1.9292810393004016,2.9299160743099284,3.709110714077983]",1
,,,,,"[0.0,4.0,8.4,1.0]","[0.0,1.9292810393004016,2.895446473435694,3.709110714077983]",1
,,,,,"[0.0,4.0,8.7,1.0]","[0.0,1.9292810393004016,2.998855276058397,3.709110714077983]",1
,,,,,"[0.0,4.0,7.8,1.0]","[0.0,1.9292810393004016,2.6886288681902872,3.709110714077983]",1
,,,,,"[0.0,4.0,8.5,1.0]","[0.0,1.9292810393004016,2.9299160743099284,3.709110714077983]",1
,,,,,"[0.0,4.0,8.4,1.0]","[0.0,1.9292810393004016,2.895446473435694,3.709110714077983]",1
,,,,,"[0.0,3.0,7.6,1.0]","[0.0,1.4469607794753012,2.6196896664418183,3.709110714077983]",1
,,,,,"[0.0,3.0,7.0,1.0]","[0.0,1.4469607794753012,2.4128720611964116,3.709110714077983]",1
,,,,,"[0.0,3.0,7.4,1.0]","[0.0,1.4469607794753012,2.5507504646933494,3.709110714077983]",1
,,,,,"[0.0,2.0,7.2,1.0]","[0.0,0.9646405196502008,2.4818112629448805,3.709110714077983]",1
,,,,,"[0.0,4.0,7.9,1.0]","[0.0,1.9292810393004016,2.7230984690645217,3.709110714077983]",1
,,,,,"[0.0,4.0,8.3,1.0]","[0.0,1.9292810393004016,2.86097687256146,3.709110714077983]",1
,,,,,"[0.0,2.0,6.9,1.0]","[0.0,0.9646405196502008,2.378402460322177,3.709110714077983]",1
,,,,,"[0.0,3.0,7.9,1.0]","[0.0,1.4469607794753012,2.7230984690645217,3.709110714077983]",1
,,,,,"[0.0,3.0,7.1,1.0]","[0.0,1.4469607794753012,2.447341662070646,3.709110714077983]",1
,,,,,"[0.0,3.0,6.8,1.0]","[0.0,1.4469607794753012,2.3439328594479427,3.709110714077983]",1
,,,,,"[0.0,4.0,7.9,1.0]","[0.0,1.9292810393004016,2.7230984690645217,3.709110714077983]",1
,,,,,"[0.0,3.0,7.8,1.0]","[0.0,1.4469607794753012,2.6886288681902872,3.709110714077983]",1
,,,,,"[0.0,4.0,7.5,1.0]","[0.0,1.9292810393004016,2.585220065567584,3.709110714077983]",1
,,,,,"[0.0,4.0,8.8,1.0]","[0.0,1.9292810393004016,3.033324876932632,3.709110714077983]",1
,,,,,"[0.0,4.0,8.3,1.0]","[0.0,1.9292810393004016,2.86097687256146,3.709110714077983]",1
,,,,,"[0.0,4.0,8.5,1.0]","[0.0,1.9292810393004016,2.9299160743099284,3.709110714077983]",1
,,,,,"[0.0,4.0,8.5,1.0]","[0.0,1.9292810393004016,2.9299160743099284,3.709110714077983]",1
,,,,,"[0.0,4.0,8.1,1.0]","[0.0,1.9292810393004016,2.7920376708129906,3.709110714077983]",1
,,,,,"[0.0,4.0,8.2,1.0]","[0.0,1.9292810393004016,2.8265072716872246,3.709110714077983]",1
,,,,,"[0.0,3.0,9.0,1.0]","[0.0,1.4469607794753012,3.1022640786811007,3.709110714077983]",1
,,,,,"[0.0,5.0,7.7,1.0]","[0.0,2.4116012991255023,2.654159267316053,3.709110714077983]",1
,,,,,"[0.0,3.0,7.9,1.0]","[0.0,1.4469607794753012,2.7230984690645217,3.709110714077983]",1
,,,,,"[0.0,5.0,9.2,1.0]","[0.0,2.4116012991255023,3.171203280429569,3.709110714077983]",1
,,,,,"[0.0,3.0,7.9,1.0]","[0.0,1.4469607794753012,2.7230984690645217,3.709110714077983]",1
,,,,,"[0.0,5.0,7.2,1.0]","[0.0,2.4116012991255023,2.4818112629448805,3.709110714077983]",1
,,,,,"[0.0,5.0,8.5,1.0]","[0.0,2.4116012991255023,2.9299160743099284,3.709110714077983]",1
,,,,,"[0.0,3.0,7.9,1.0]","[0.0,1.4469607794753012,2.7230984690645217,3.709110714077983]",1
,,,,,"[0.0,4.0,8.6,1.0]","[0.0,1.9292810393004016,2.964385675184163,3.709110714077983]",1
,,,,,"[0.0,5.0,7.6,1.0]","[0.0,2.4116012991255023,2.6196896664418183,3.709110714077983]",1
,,,,,"[0.0,3.0,7.3,1.0]","[0.0,1.4469607794753012,2.516280863819115,3.709110714077983]",1
,,,,,"[0.0,4.0,7.1,1.0]","[0.0,1.9292810393004016,2.447341662070646,3.709110714077983]",1
,,,,,"[0.0,3.0,7.1,1.0]","[0.0,1.4469607794753012,2.447341662070646,3.709110714077983]",1
,,,,,"[0.0,4.0,7.8,1.0]","[0.0,1.9292810393004016,2.6886288681902872,3.709110714077983]",1
,,,,,"[0.0,4.0,7.1,1.0]","[0.0,1.9292810393004016,2.447341662070646,3.709110714077983]",1
,,,,,"[0.0,3.0,8.9,1.0]","[0.0,1.4469607794753012,3.067794477806866,3.709110714077983]",1
,,,,,"[0.0,3.0,7.2,1.0]","[0.0,1.4469607794753012,2.4818112629448805,3.709110714077983]",1
,,,,,"[0.0,3.0,8.3,1.0]","[0.0,1.4469607794753012,2.86097687256146,3.709110714077983]",1
,,,,,"[0.0,3.0,7.2,1.0]","[0.0,1.4469607794753012,2.4818112629448805,3.709110714077983]",1
,,,,,"[0.0,4.0,7.3,1.0]","[0.0,1.9292810393004016,2.516280863819115,3.709110714077983]",1
,,,,,"[0.0,3.0,7.7,1.0]","[0.0,1.4469607794753012,2.654159267316053,3.709110714077983]",1
,,,,,"[0.0,5.0,7.1,1.0]","[0.0,2.4116012991255023,2.447341662070646,3.709110714077983]",1
,,,,,"[0.0,4.0,7.9,1.0]","[0.0,1.9292810393004016,2.7230984690645217,3.709110714077983]",1
,,,,,"[0.0,3.0,8.3,1.0]","[0.0,1.4469607794753012,2.86097687256146,3.709110714077983]",1
,,,,,"[0.0,3.0,8.0,1.0]","[0.0,1.4469607794753012,2.757568069938756,3.709110714077983]",1
,,,,,"[0.0,5.0,9.3,1.0]","[0.0,2.4116012991255023,3.2056728813038045,3.709110714077983]",1
,,,,,"[0.0,4.0,7.2,1.0]","[0.0,1.9292810393004016,2.4818112629448805,3.709110714077983]",1
,,,,,"[0.0,4.0,7.1,1.0]","[0.0,1.9292810393004016,2.447341662070646,3.709110714077983]",1
,,,,,"[0.0,4.0,9.2,1.0]","[0.0,1.9292810393004016,3.171203280429569,3.709110714077983]",1
,,,,,"[0.0,4.0,7.0,1.0]","[0.0,1.9292810393004016,2.4128720611964116,3.709110714077983]",1
,,,,,"[0.0,4.0,8.3,1.0]","[0.0,1.9292810393004016,2.86097687256146,3.709110714077983]",1
,,,,,"[0.0,3.0,9.0,1.0]","[0.0,1.4469607794753012,3.1022640786811007,3.709110714077983]",1
,,,,,"[0.0,4.0,7.3,1.0]","[0.0,1.9292810393004016,2.516280863819115,3.709110714077983]",1
,,,,,"[0.0,4.0,7.4,1.0]","[0.0,1.9292810393004016,2.5507504646933494,3.709110714077983]",1
,,,,,"[0.0,4.0,8.3,1.0]","[0.0,1.9292810393004016,2.86097687256146,3.709110714077983]",1
,,,,,"[0.0,3.0,8.5,1.0]","[0.0,1.4469607794753012,2.9299160743099284,3.709110714077983]",1
,,,,,"[0.0,4.0,8.3,1.0]","[0.0,1.9292810393004016,2.86097687256146,3.709110714077983]",1
,,,,,"[0.0,4.0,9.4,1.0]","[0.0,1.9292810393004016,3.2401424821780385,3.709110714077983]",1
,,,,,"[0.0,4.0,8.3,1.0]","[0.0,1.9292810393004016,2.86097687256146,3.709110714077983]",1
,,,,,"[0.0,4.0,7.7,1.0]","[0.0,1.9292810393004016,2.654159267316053,3.709110714077983]",1
,,,,,"[0.0,5.0,8.8,1.0]","[0.0,2.4116012991255023,3.033324876932632,3.709110714077983]",1
,,,,,"[0.0,5.0,8.5,1.0]","[0.0,2.4116012991255023,2.9299160743099284,3.709110714077983]",1
,,,,,"[0.0,4.0,7.8,1.0]","[0.0,1.9292810393004016,2.6886288681902872,3.709110714077983]",1
,,,,,"[0.0,4.0,8.9,1.0]","[0.0,1.9292810393004016,3.067794477806866,3.709110714077983]",1
,,,,,"[0.0,4.0,8.1,1.0]","[0.0,1.9292810393004016,2.7920376708129906,3.709110714077983]",1
,,,,,"[0.0,4.0,8.1,1.0]","[0.0,1.9292810393004016,2.7920376708129906,3.709110714077983]",1
,,,,,"[0.0,5.0,9.5,1.0]","[0.0,2.4116012991255023,3.274612083052273,3.709110714077983]",1
,,,,,"[0.0,5.0,9.4,1.0]","[0.0,2.4116012991255023,3.2401424821780385,3.709110714077983]",1
,,,,,"[0.0,3.0,7.7,1.0]","[0.0,1.4469607794753012,2.654159267316053,3.709110714077983]",1
,,,,,"[0.0,3.0,7.4,1.0]","[0.0,1.4469607794753012,2.5507504646933494,3.709110714077983]",1
,,,,,"[0.0,3.0,7.1,1.0]","[0.0,1.4469607794753012,2.447341662070646,3.709110714077983]",1
,,,,,"[0.0,4.0,8.1,1.0]","[0.0,1.9292810393004016,2.7920376708129906,3.709110714077983]",1
,,,,,"[0.0,5.0,8.7,1.0]","[0.0,2.4116012991255023,2.998855276058397,3.709110714077983]",1
,,,,,"[0.0,5.0,9.4,1.0]","[0.0,2.4116012991255023,3.2401424821780385,3.709110714077983]",1
,,,,,"[0.0,4.0,8.7,1.0]","[0.0,1.9292810393004016,2.998855276058397,3.709110714077983]",1
,,,,,"[0.0,5.0,8.6,1.0]","[0.0,2.4116012991255023,2.964385675184163,3.709110714077983]",1
,,,,,"[0.0,4.0,8.9,1.0]","[0.0,1.9292810393004016,3.067794477806866,3.709110714077983]",1
,,,,,"[0.0,4.0,8.1,1.0]","[0.0,1.9292810393004016,2.7920376708129906,3.709110714077983]",1
,,,,,"[0.0,4.0,8.7,1.0]","[0.0,1.9292810393004016,2.998855276058397,3.709110714077983]",1
,,,,,"[0.0,3.0,7.2,1.0]","[0.0,1.4469607794753012,2.4818112629448805,3.709110714077983]",1
,,,,,"[0.0,4.0,8.1,1.0]","[0.0,1.9292810393004016,2.7920376708129906,3.709110714077983]",1
,,,,,"[0.0,5.0,8.6,1.0]","[0.0,2.4116012991255023,2.964385675184163,3.709110714077983]",1
,,,,,"[0.0,3.0,7.5,1.0]","[0.0,1.4469607794753012,2.585220065567584,3.709110714077983]",1
,,,,,"[0.0,3.0,7.1,1.0]","[0.0,1.4469607794753012,2.447341662070646,3.709110714077983]",1
,,,,,"[0.0,3.0,7.6,1.0]","[0.0,1.4469607794753012,2.6196896664418183,3.709110714077983]",1
,,,,,"[0.0,4.0,8.8,1.0]","[0.0,1.9292810393004016,3.033324876932632,3.709110714077983]",1
,,,,,"[0.0,5.0,9.3,1.0]","[0.0,2.4116012991255023,3.2056728813038045,3.709110714077983]",1
,,,,,"[0.0,4.0,8.4,1.0]","[0.0,1.9292810393004016,2.895446473435694,3.709110714077983]",1
,,,,,"[0.0,4.0,8.4,1.0]","[0.0,1.9292810393004016,2.895446473435694,3.709110714077983]",1
,,,,,"[0.0,5.0,9.2,1.0]","[0.0,2.4116012991255023,3.171203280429569,3.709110714077983]",1
,,,,,"[0.0,3.0,7.9,1.0]","[0.0,1.4469607794753012,2.7230984690645217,3.709110714077983]",1
,,,,,"[0.0,4.0,8.3,1.0]","[0.0,1.9292810393004016,2.86097687256146,3.709110714077983]",1
,,,,,"[0.0,5.0,9.2,1.0]","[0.0,2.4116012991255023,3.171203280429569,3.709110714077983]",1
,,,,,"[0.0,4.0,8.5,1.0]","[0.0,1.9292810393004016,2.9299160743099284,3.709110714077983]",1
,,,,,"[0.0,5.0,9.1,1.0]","[0.0,2.4116012991255023,3.136733679555335,3.709110714077983]",1
,,,,,"[0.0,5.0,9.1,1.0]","[0.0,2.4116012991255023,3.136733679555335,3.709110714077983]",1
,,,,,"[0.0,4.0,8.1,1.0]","[0.0,1.9292810393004016,2.7920376708129906,3.709110714077983]",1
,,,,,"[0.0,3.0,7.9,1.0]","[0.0,1.4469607794753012,2.7230984690645217,3.709110714077983]",1
,,,,,"[0.0,4.0,8.4,1.0]","[0.0,1.9292810393004016,2.895446473435694,3.709110714077983]",1
,,,,,"[0.0,3.0,7.3,1.0]","[0.0,1.4469607794753012,2.516280863819115,3.709110714077983]",1
,,,,,"[0.0,3.0,7.9,1.0]","[0.0,1.4469607794753012,2.7230984690645217,3.709110714077983]",1
,,,,,"[0.0,3.0,7.7,1.0]","[0.0,1.4469607794753012,2.654159267316053,3.709110714077983]",1
,,,,,"[0.0,4.0,8.0,1.0]","[0.0,1.9292810393004016,2.757568069938756,3.709110714077983]",1
,,,,,"[0.0,4.0,8.2,1.0]","[0.0,1.9292810393004016,2.8265072716872246,3.709110714077983]",1
,,,,,"[0.0,4.0,8.6,1.0]","[0.0,1.9292810393004016,2.964385675184163,3.709110714077983]",1
,,,,,"[0.0,3.0,6.9,1.0]","[0.0,1.4469607794753012,2.378402460322177,3.709110714077983]",1
,,,,,"[0.0,4.0,8.7,1.0]","[0.0,1.9292810393004016,2.998855276058397,3.709110714077983]",1
,,,,,"[0.0,4.0,7.9,1.0]","[0.0,1.9292810393004016,2.7230984690645217,3.709110714077983]",1
,,,,,"[0.0,4.0,8.8,1.0]","[0.0,1.9292810393004016,3.033324876932632,3.709110714077983]",1
,,,,,"[0.0,4.0,8.4,1.0]","[0.0,1.9292810393004016,2.895446473435694,3.709110714077983]",1
,,,,,"[0.0,3.0,7.4,1.0]","[0.0,1.4469607794753012,2.5507504646933494,3.709110714077983]",1
,,,,,"[0.0,3.0,7.0,1.0]","[0.0,1.4469607794753012,2.4128720611964116,3.709110714077983]",1
,,,,,"[0.0,4.0,8.5,1.0]","[0.0,1.9292810393004016,2.9299160743099284,3.709110714077983]",1
,,,,,"[0.0,3.0,7.0,1.0]","[0.0,1.4469607794753012,2.4128720611964116,3.709110714077983]",1
,,,,,"[0.0,5.0,9.2,1.0]","[0.0,2.4116012991255023,3.171203280429569,3.709110714077983]",1
,,,,,"[0.0,4.0,8.1,1.0]","[0.0,1.9292810393004016,2.7920376708129906,3.709110714077983]",1
,,,,,"[0.0,4.0,8.1,1.0]","[0.0,1.9292810393004016,2.7920376708129906,3.709110714077983]",1
,,,,,"[0.0,3.0,6.9,1.0]","[0.0,1.4469607794753012,2.378402460322177,3.709110714077983]",1
,,,,,"[0.0,5.0,8.5,1.0]","[0.0,2.4116012991255023,2.9299160743099284,3.709110714077983]",1
,,,,,"[0.0,5.0,8.5,1.0]","[0.0,2.4116012991255023,2.9299160743099284,3.709110714077983]",1
,,,,,"[0.0,4.0,8.6,1.0]","[0.0,1.9292810393004016,2.964385675184163,3.709110714077983]",1
,,,,,"[0.0,5.0,9.1,1.0]","[0.0,2.4116012991255023,3.136733679555335,3.709110714077983]",1
,,,,,"[0.0,3.0,7.4,1.0]","[0.0,1.4469607794753012,2.5507504646933494,3.709110714077983]",1
,,,,,"[0.0,4.0,8.2,1.0]","[0.0,1.9292810393004016,2.8265072716872246,3.709110714077983]",1
,,,,,"[0.0,3.0,7.5,1.0]","[0.0,1.4469607794753012,2.585220065567584,3.709110714077983]",1
,,,,,"[0.0,5.0,9.6,1.0]","[0.0,2.4116012991255023,3.3090816839265074,3.709110714077983]",1
,,,,,"[0.0,5.0,9.2,1.0]","[0.0,2.4116012991255023,3.171203280429569,3.709110714077983]",1
,,,,,"[0.0,4.0,8.1,1.0]","[0.0,1.9292810393004016,2.7920376708129906,3.709110714077983]",1
,,,,,"[0.0,4.0,8.1,1.0]","[0.0,1.9292810393004016,2.7920376708129906,3.709110714077983]",1
,,,,,"[0.0,4.0,8.5,1.0]","[0.0,1.9292810393004016,2.9299160743099284,3.709110714077983]",1
,,,,,"[0.0,4.0,8.6,1.0]","[0.0,1.9292810393004016,2.964385675184163,3.709110714077983]",1
,,,,,"[0.0,3.0,7.7,1.0]","[0.0,1.4469607794753012,2.654159267316053,3.709110714077983]",1
,,,,,"[0.0,3.0,7.2,1.0]","[0.0,1.4469607794753012,2.4818112629448805,3.709110714077983]",1
,,,,,"[0.0,4.0,8.3,1.0]","[0.0,1.9292810393004016,2.86097687256146,3.709110714077983]",1
,,,,,"[0.0,4.0,8.3,1.0]","[0.0,1.9292810393004016,2.86097687256146,3.709110714077983]",1
,,,,,"[0.0,4.0,7.8,1.0]","[0.0,1.9292810393004016,2.6886288681902872,3.709110714077983]",1
,,,,,"[0.0,3.0,7.2,1.0]","[0.0,1.4469607794753012,2.4818112629448805,3.709110714077983]",1
,,,,,"[0.0,4.0,8.4,1.0]","[0.0,1.9292810393004016,2.895446473435694,3.709110714077983]",1
,,,,,"[0.0,3.0,7.7,1.0]","[0.0,1.4469607794753012,2.654159267316053,3.709110714077983]",1
,,,,,"[0.0,5.0,9.3,1.0]","[0.0,2.4116012991255023,3.2056728813038045,3.709110714077983]",1
,,,,,"[0.0,3.0,7.5,1.0]","[0.0,1.4469607794753012,2.585220065567584,3.709110714077983]",1
,,,,,"[0.0,3.0,7.3,1.0]","[0.0,1.4469607794753012,2.516280863819115,3.709110714077983]",1
,,,,,"[0.0,4.0,8.0,1.0]","[0.0,1.9292810393004016,2.757568069938756,3.709110714077983]",1
,,,,,"[0.0,4.0,8.4,1.0]","[0.0,1.9292810393004016,2.895446473435694,3.709110714077983]",1
,,,,,"[0.0,3.0,7.7,1.0]","[0.0,1.4469607794753012,2.654159267316053,3.709110714077983]",1
,,,,,"[0.0,3.0,7.4,1.0]","[0.0,1.4469607794753012,2.5507504646933494,3.709110714077983]",1
,,,,,"[0.0,3.0,7.7,1.0]","[0.0,1.4469607794753012,2.654159267316053,3.709110714077983]",1
,,,,,"[0.0,5.0,9.7,1.0]","[0.0,2.4116012991255023,3.3435512848007414,3.709110714077983]",1
,,,,,"[0.0,5.0,8.6,1.0]","[0.0,2.4116012991255023,2.964385675184163,3.709110714077983]",1
,,,,,"[0.0,4.0,8.6,1.0]","[0.0,1.9292810393004016,2.964385675184163,3.709110714077983]",1
,,,,,"[0.0,3.0,7.0,1.0]","[0.0,1.4469607794753012,2.4128720611964116,3.709110714077983]",1
,,,,,"[0.0,3.0,7.2,1.0]","[0.0,1.4469607794753012,2.4818112629448805,3.709110714077983]",1
,,,,,"[0.0,5.0,8.6,1.0]","[0.0,2.4116012991255023,2.964385675184163,3.709110714077983]",1
,,,,,"[0.0,4.0,8.4,1.0]","[0.0,1.9292810393004016,2.895446473435694,3.709110714077983]",1
,,,,,"[0.0,4.0,8.6,1.0]","[0.0,1.9292810393004016,2.964385675184163,3.709110714077983]",1
,,,,,"[0.0,4.0,8.8,1.0]","[0.0,1.9292810393004016,3.033324876932632,3.709110714077983]",1
,,,,,"[0.0,4.0,8.3,1.0]","[0.0,1.9292810393004016,2.86097687256146,3.709110714077983]",1
,,,,,"[0.0,3.0,7.8,1.0]","[0.0,1.4469607794753012,2.6886288681902872,3.709110714077983]",1
,,,,,"[0.0,3.0,6.8,1.0]","[0.0,1.4469607794753012,2.3439328594479427,3.709110714077983]",1
,,,,,"[0.0,4.0,8.0,1.0]","[0.0,1.9292810393004016,2.757568069938756,3.709110714077983]",1
,,,,,"[0.0,4.0,8.2,1.0]","[0.0,1.9292810393004016,2.8265072716872246,3.709110714077983]",1
,,,,,"[0.0,5.0,8.8,1.0]","[0.0,2.4116012991255023,3.033324876932632,3.709110714077983]",1
,,,,,"[0.0,5.0,9.4,1.0]","[0.0,2.4116012991255023,3.2401424821780385,3.709110714077983]",1
,,,,,"[0.0,3.0,7.0,1.0]","[0.0,1.4469607794753012,2.4128720611964116,3.709110714077983]",1
,,,,,"[0.0,4.0,8.3,1.0]","[0.0,1.9292810393004016,2.86097687256146,3.709110714077983]",1
,,,,,"[0.0,4.0,8.8,1.0]","[0.0,1.9292810393004016,3.033324876932632,3.709110714077983]",1
,,,,,"[0.0,3.0,6.9,1.0]","[0.0,1.4469607794753012,2.378402460322177,3.709110714077983]",1
,,,,,"[0.0,4.0,8.3,1.0]","[0.0,1.9292810393004016,2.86097687256146,3.709110714077983]",1
,,,,,"[0.0,4.0,8.5,1.0]","[0.0,1.9292810393004016,2.9299160743099284,3.709110714077983]",1
,,,,,"[0.0,4.0,8.7,1.0]","[0.0,1.9292810393004016,2.998855276058397,3.709110714077983]",1
,,,,,"[0.0,5.0,8.7,1.0]","[0.0,2.4116012991255023,2.998855276058397,3.709110714077983]",1
,,,,,"[0.0,3.0,7.1,1.0]","[0.0,1.4469607794753012,2.447341662070646,3.709110714077983]",1
,,,,,"[0.0,3.0,7.6,1.0]","[0.0,1.4469607794753012,2.6196896664418183,3.709110714077983]",1
,,,,,"[0.0,4.0,8.5,1.0]","[0.0,1.9292810393004016,2.9299160743099284,3.709110714077983]",1
,,,,,"[0.0,3.0,7.7,1.0]","[0.0,1.4469607794753012,2.654159267316053,3.709110714077983]",1
,,,,,"[0.0,5.0,8.9,1.0]","[0.0,2.4116012991255023,3.067794477806866,3.709110714077983]",1
,,,,,"[0.0,3.0,7.6,1.0]","[0.0,1.4469607794753012,2.6196896664418183,3.709110714077983]",1
,,,,,"[0.0,4.0,8.5,1.0]","[0.0,1.9292810393004016,2.9299160743099284,3.709110714077983]",1
,,,,,"[0.0,5.0,9.0,1.0]","[0.0,2.4116012991255023,3.1022640786811007,3.709110714077983]",1
,,,,,"[0.0,4.0,8.0,1.0]","[0.0,1.9292810393004016,2.757568069938756,3.709110714077983]",1
,,,,,"[0.0,4.0,8.3,1.0]","[0.0,1.9292810393004016,2.86097687256146,3.709110714077983]",1
,,,,,"[0.0,3.0,6.9,1.0]","[0.0,1.4469607794753012,2.378402460322177,3.709110714077983]",1
,,,,,"[0.0,4.0,8.5,1.0]","[0.0,1.9292810393004016,2.9299160743099284,3.709110714077983]",1
,,,,,"[0.0,5.0,8.8,1.0]","[0.0,2.4116012991255023,3.033324876932632,3.709110714077983]",1
,,,,,"[0.0,4.0,8.9,1.0]","[0.0,1.9292810393004016,3.067794477806866,3.709110714077983]",1
,,,,,"[0.0,3.0,7.7,1.0]","[0.0,1.4469607794753012,2.654159267316053,3.709110714077983]",1
,,,,,"[0.0,4.0,8.6,1.0]","[0.0,1.9292810393004016,2.964385675184163,3.709110714077983]",1
,,,,,"[0.0,3.0,7.5,1.0]","[0.0,1.4469607794753012,2.585220065567584,3.709110714077983]",1
,,,,,"[0.0,4.0,8.0,1.0]","[0.0,1.9292810393004016,2.757568069938756,3.709110714077983]",1
,,,,,"[0.0,3.0,7.7,1.0]","[0.0,1.4469607794753012,2.654159267316053,3.709110714077983]",1
,,,,,"[0.0,4.0,8.0,1.0]","[0.0,1.9292810393004016,2.757568069938756,3.709110714077983]",1
,,,,,"[0.0,3.0,7.1,1.0]","[0.0,1.4469607794753012,2.447341662070646,3.709110714077983]",1
,,,,,"[0.0,4.0,8.5,1.0]","[0.0,1.9292810393004016,2.9299160743099284,3.709110714077983]",1
,,,,,"[0.0,3.0,7.5,1.0]","[0.0,1.4469607794753012,2.585220065567584,3.709110714077983]",1
,,,,,"[0.0,3.0,7.3,1.0]","[0.0,1.4469607794753012,2.516280863819115,3.709110714077983]",1
,,,,,"[0.0,3.0,7.2,1.0]","[0.0,1.4469607794753012,2.4818112629448805,3.709110714077983]",1
,,,,,"[0.0,3.0,6.9,1.0]","[0.0,1.4469607794753012,2.378402460322177,3.709110714077983]",1
,,,,,"[0.0,3.0,7.9,1.0]","[0.0,1.4469607794753012,2.7230984690645217,3.709110714077983]",1
,,,,,"[0.0,5.0,8.6,1.0]","[0.0,2.4116012991255023,2.964385675184163,3.709110714077983]",1
,,,,,"[0.0,3.0,7.0,1.0]","[0.0,1.4469607794753012,2.4128720611964116,3.709110714077983]",1
,,,,,"[0.0,4.0,8.5,1.0]","[0.0,1.9292810393004016,2.9299160743099284,3.709110714077983]",1
,,,,,"[0.0,3.0,7.1,1.0]","[0.0,1.4469607794753012,2.447341662070646,3.709110714077983]",1
,,,,,"[0.0,4.0,8.8,1.0]","[0.0,1.9292810393004016,3.033324876932632,3.709110714077983]",1
,,,,,"[0.0,4.0,8.2,1.0]","[0.0,1.9292810393004016,2.8265072716872246,3.709110714077983]",1
,,,,,"[0.0,4.0,8.8,1.0]","[0.0,1.9292810393004016,3.033324876932632,3.709110714077983]",1
,,,,,"[0.0,5.0,9.2,1.0]","[0.0,2.4116012991255023,3.171203280429569,3.709110714077983]",1
,,,,,"[0.0,3.0,7.8,1.0]","[0.0,1.4469607794753012,2.6886288681902872,3.709110714077983]",1
,,,,,"[0.0,4.0,8.0,1.0]","[0.0,1.9292810393004016,2.757568069938756,3.709110714077983]",1
,,,,,"[0.0,3.0,7.0,1.0]","[0.0,1.4469607794753012,2.4128720611964116,3.709110714077983]",1
,,,,,"[0.0,5.0,9.3,1.0]","[0.0,2.4116012991255023,3.2056728813038045,3.709110714077983]",1
,,,,,"[0.0,3.0,7.7,1.0]","[0.0,1.4469607794753012,2.654159267316053,3.709110714077983]",1
,,,,,"[0.0,4.0,8.5,1.0]","[0.0,1.9292810393004016,2.9299160743099284,3.709110714077983]",1
,,,,,"[0.0,5.0,9.2,1.0]","[0.0,2.4116012991255023,3.171203280429569,3.709110714077983]",1
,,,,,"[0.0,3.0,7.5,1.0]","[0.0,1.4469607794753012,2.585220065567584,3.709110714077983]",1
,,,,,"[0.0,5.0,9.0,1.0]","[0.0,2.4116012991255023,3.1022640786811007,3.709110714077983]",1
,,,,,"[0.0,3.0,7.0,1.0]","[0.0,1.4469607794753012,2.4128720611964116,3.709110714077983]",1
,,,,,"[0.0,4.0,8.8,1.0]","[0.0,1.9292810393004016,3.033324876932632,3.709110714077983]",1
,,,,,"[0.0,3.0,7.2,1.0]","[0.0,1.4469607794753012,2.4818112629448805,3.709110714077983]",1
,,,,,"[0.0,4.0,8.2,1.0]","[0.0,1.9292810393004016,2.8265072716872246,3.709110714077983]",1
,,,,,"[0.0,4.0,8.9,1.0]","[0.0,1.9292810393004016,3.067794477806866,3.709110714077983]",1
,,,,,"[0.0,4.0,8.9,1.0]","[0.0,1.9292810393004016,3.067794477806866,3.709110714077983]",1
,,,,,"[0.0,4.0,8.5,1.0]","[0.0,1.9292810393004016,2.9299160743099284,3.709110714077983]",1
,,,,,"[0.0,4.0,8.8,1.0]","[0.0,1.9292810393004016,3.033324876932632,3.709110714077983]",1
,,,,,"[0.0,5.0,9.2,1.0]","[0.0,2.4116012991255023,3.171203280429569,3.709110714077983]",1
,,,,,"[0.0,3.0,7.6,1.0]","[0.0,1.4469607794753012,2.6196896664418183,3.709110714077983]",1
,,,,,"[0.0,4.0,8.8,1.0]","[0.0,1.9292810393004016,3.033324876932632,3.709110714077983]",1
,,,,,"[0.0,4.0,8.9,1.0]","[0.0,1.9292810393004016,3.067794477806866,3.709110714077983]",1
,,,,,"[0.0,4.0,8.7,1.0]","[0.0,1.9292810393004016,2.998855276058397,3.709110714077983]",1
,,,,,"[0.0,4.0,8.8,1.0]","[0.0,1.9292810393004016,3.033324876932632,3.709110714077983]",1
,,,,,"[0.0,3.0,6.9,1.0]","[0.0,1.4469607794753012,2.378402460322177,3.709110714077983]",1
,,,,,"[0.0,4.0,8.7,1.0]","[0.0,1.9292810393004016,2.998855276058397,3.709110714077983]",1
,,,,,"[0.0,4.0,8.9,1.0]","[0.0,1.9292810393004016,3.067794477806866,3.709110714077983]",1
,,,,,"[0.0,5.0,9.0,1.0]","[0.0,2.4116012991255023,3.1022640786811007,3.709110714077983]",1
,,,,,"[0.0,3.0,7.1,1.0]","[0.0,1.4469607794753012,2.447341662070646,3.709110714077983]",1
,,,,,"[0.0,3.0,7.1,1.0]","[0.0,1.4469607794753012,2.447341662070646,3.709110714077983]",1
,,,,,"[0.0,3.0,7.0,1.0]","[0.0,1.4469607794753012,2.4128720611964116,3.709110714077983]",1
,,,,,"[0.0,4.0,8.8,1.0]","[0.0,1.9292810393004016,3.033324876932632,3.709110714077983]",1
,,,,,"[0.0,3.0,6.8,1.0]","[0.0,1.4469607794753012,2.3439328594479427,3.709110714077983]",1
,,,,,"[0.0,3.0,7.3,1.0]","[0.0,1.4469607794753012,2.516280863819115,3.709110714077983]",1
,,,,,"[0.0,3.0,7.6,1.0]","[0.0,1.4469607794753012,2.6196896664418183,3.709110714077983]",1
,,,,,"[0.0,4.0,8.4,1.0]","[0.0,1.9292810393004016,2.895446473435694,3.709110714077983]",1
,,,,,"[0.0,4.0,8.0,1.0]","[0.0,1.9292810393004016,2.757568069938756,3.709110714077983]",1
,,,,,"[0.0,3.0,7.0,1.0]","[0.0,1.4469607794753012,2.4128720611964116,3.709110714077983]",1
,,,,,"[0.0,4.0,8.8,1.0]","[0.0,1.9292810393004016,3.033324876932632,3.709110714077983]",1
,,,,,"[0.0,5.0,8.8,1.0]","[0.0,2.4116012991255023,3.033324876932632,3.709110714077983]",1
,,,,,"[0.0,3.0,6.8,1.0]","[0.0,1.4469607794753012,2.3439328594479427,3.709110714077983]",1
,,,,,"[0.0,3.0,7.8,1.0]","[0.0,1.4469607794753012,2.6886288681902872,3.709110714077983]",1
,,,,,"[0.0,4.0,8.0,1.0]","[0.0,1.9292810393004016,2.757568069938756,3.709110714077983]",1
,,,,,"[0.0,3.0,7.3,1.0]","[0.0,1.4469607794753012,2.516280863819115,3.709110714077983]",1
,,,,,"[0.0,5.0,9.2,1.0]","[0.0,2.4116012991255023,3.171203280429569,3.709110714077983]",1
,,,,,"[0.0,4.0,8.0,1.0]","[0.0,1.9292810393004016,2.757568069938756,3.709110714077983]",1
,,,,,"[0.0,4.0,8.5,1.0]","[0.0,1.9292810393004016,2.9299160743099284,3.709110714077983]",1
,,,,,"[0.0,3.0,7.1,1.0]","[0.0,1.4469607794753012,2.447341662070646,3.709110714077983]",1
,,,,,"[0.0,3.0,7.1,1.0]","[0.0,1.4469607794753012,2.447341662070646,3.709110714077983]",1
,,,,,"[0.0,3.0,6.9,1.0]","[0.0,1.4469607794753012,2.378402460322177,3.709110714077983]",1
,,,,,"[0.0,5.0,8.7,1.0]","[0.0,2.4116012991255023,2.998855276058397,3.709110714077983]",1
,,,,,"[0.0,4.0,8.6,1.0]","[0.0,1.9292810393004016,2.964385675184163,3.709110714077983]",1
,,,,,"[0.0,3.0,7.8,1.0]","[0.0,1.4469607794753012,2.6886288681902872,3.709110714077983]",1
,,,,,"[0.0,4.0,8.2,1.0]","[0.0,1.9292810393004016,2.8265072716872246,3.709110714077983]",1
,,,,,"[0.0,4.0,8.4,1.0]","[0.0,1.9292810393004016,2.895446473435694,3.709110714077983]",1
,,,,,"[0.0,3.0,7.3,1.0]","[0.0,1.4469607794753012,2.516280863819115,3.709110714077983]",1
,,,,,"[0.0,3.0,7.4,1.0]","[0.0,1.4469607794753012,2.5507504646933494,3.709110714077983]",1
,,,,,"[0.0,5.0,9.0,1.0]","[0.0,2.4116012991255023,3.1022640786811007,3.709110714077983]",1
,,,,,"[0.0,3.0,7.8,1.0]","[0.0,1.4469607794753012,2.6886288681902872,3.709110714077983]",1
,,,,,"[0.0,4.0,8.1,1.0]","[0.0,1.9292810393004016,2.7920376708129906,3.709110714077983]",1
,,,,,"[0.0,3.0,7.1,1.0]","[0.0,1.4469607794753012,2.447341662070646,3.709110714077983]",1
,,,,,"[0.0,4.0,8.0,1.0]","[0.0,1.9292810393004016,2.757568069938756,3.709110714077983]",1
,,,,,"[0.0,5.0,8.9,1.0]","[0.0,2.4116012991255023,3.067794477806866,3.709110714077983]",1
,,,,,"[0.0,4.0,8.8,1.0]","[0.0,1.9292810393004016,3.033324876932632,3.709110714077983]",1
,,,,,"[0.0,3.0,7.6,1.0]","[0.0,1.4469607794753012,2.6196896664418183,3.709110714077983]",1
,,,,,"[0.0,4.0,8.4,1.0]","[0.0,1.9292810393004016,2.895446473435694,3.709110714077983]",1
,,,,,"[0.0,4.0,7.8,1.0]","[0.0,1.9292810393004016,2.6886288681902872,3.709110714077983]",1
,,,,,"[0.0,3.0,7.7,1.0]","[0.0,1.4469607794753012,2.654159267316053,3.709110714077983]",1
,,,,,"[0.0,5.0,8.9,1.0]","[0.0,2.4116012991255023,3.067794477806866,3.709110714077983]",1
,,,,,"[0.0,3.0,7.4,1.0]","[0.0,1.4469607794753012,2.5507504646933494,3.709110714077983]",1
,,,,,"[0.0,4.0,8.7,1.0]","[0.0,1.9292810393004016,2.998855276058397,3.709110714077983]",1
,,,,,"[0.0,5.0,9.7,1.0]","[0.0,2.4116012991255023,3.3435512848007414,3.709110714077983]",1
,,,,,"[0.0,4.0,8.0,1.0]","[0.0,1.9292810393004016,2.757568069938756,3.709110714077983]",1
,,,,,"[0.0,3.0,7.5,1.0]","[0.0,1.4469607794753012,2.585220065567584,3.709110714077983]",1
,,,,,"[0.0,5.0,9.2,1.0]","[0.0,2.4116012991255023,3.171203280429569,3.709110714077983]",1
,,,,,"[0.0,4.0,7.9,1.0]","[0.0,1.9292810393004016,2.7230984690645217,3.709110714077983]",1
,,,,,"[0.0,4.0,8.4,1.0]","[0.0,1.9292810393004016,2.895446473435694,3.709110714077983]",1
,,,,,"[0.0,3.0,7.3,1.0]","[0.0,1.4469607794753012,2.516280863819115,3.709110714077983]",1
,,,,,"[0.0,4.0,8.8,1.0]","[0.0,1.9292810393004016,3.033324876932632,3.709110714077983]",1
,,,,,"[0.0,3.0,7.3,1.0]","[0.0,1.4469607794753012,2.516280863819115,3.709110714077983]",1
,,,,,"[0.0,3.0,7.5,1.0]","[0.0,1.4469607794753012,2.585220065567584,3.709110714077983]",1
,,,,,"[0.0,3.0,7.8,1.0]","[0.0,1.4469607794753012,2.6886288681902872,3.709110714077983]",1
,,,,,"[0.0,4.0,8.3,1.0]","[0.0,1.9292810393004016,2.86097687256146,3.709110714077983]",1
,,,,,"[0.0,3.0,6.8,1.0]","[0.0,1.4469607794753012,2.3439328594479427,3.709110714077983]",1
,,,,,"[0.0,3.0,7.9,1.0]","[0.0,1.4469607794753012,2.7230984690645217,3.709110714077983]",1
,,,,,"[0.0,4.0,8.9,1.0]","[0.0,1.9292810393004016,3.067794477806866,3.709110714077983]",1
,,,,,"[0.0,4.0,8.5,1.0]","[0.0,1.9292810393004016,2.9299160743099284,3.709110714077983]",1
,,,,,"[0.0,3.0,7.4,1.0]","[0.0,1.4469607794753012,2.5507504646933494,3.709110714077983]",1
,,,,,"[0.0,3.0,7.3,1.0]","[0.0,1.4469607794753012,2.516280863819115,3.709110714077983]",1
,,,,,"[0.0,5.0,9.1,1.0]","[0.0,2.4116012991255023,3.136733679555335,3.709110714077983]",1
,,,,,"[0.0,4.0,8.7,1.0]","[0.0,1.9292810393004016,2.998855276058397,3.709110714077983]",1
,,,,,"[0.0,5.0,9.6,1.0]","[0.0,2.4116012991255023,3.3090816839265074,3.709110714077983]",1
,,,,,"[0.0,5.0,8.8,1.0]","[0.0,2.4116012991255023,3.033324876932632,3.709110714077983]",1
,,,,,"[0.0,3.0,7.4,1.0]","[0.0,1.4469607794753012,2.5507504646933494,3.709110714077983]",1
,,,,,"[0.0,3.0,7.0,1.0]","[0.0,1.4469607794753012,2.4128720611964116,3.709110714077983]",1
,,,,,"[0.0,3.0,7.7,1.0]","[0.0,1.4469607794753012,2.654159267316053,3.709110714077983]",1
,,,,,"[0.0,3.0,7.2,1.0]","[0.0,1.4469607794753012,2.4818112629448805,3.709110714077983]",1
,,,,,"[0.0,3.0,6.9,1.0]","[0.0,1.4469607794753012,2.378402460322177,3.709110714077983]",1
,,,,,"[0.0,5.0,8.5,1.0]","[0.0,2.4116012991255023,2.9299160743099284,3.709110714077983]",1
,,,,,"[0.0,4.0,7.8,1.0]","[0.0,1.9292810393004016,2.6886288681902872,3.709110714077983]",1
,,,,,"[0.0,3.0,7.8,1.0]","[0.0,1.4469607794753012,2.6886288681902872,3.709110714077983]",1
,,,,,"[0.0,5.0,8.8,1.0]","[0.0,2.4116012991255023,3.033324876932632,3.709110714077983]",1
,,,,,"[0.0,4.0,7.8,1.0]","[0.0,1.9292810393004016,2.6886288681902872,3.709110714077983]",1
,,,,,"[0.0,4.0,8.2,1.0]","[0.0,1.9292810393004016,2.8265072716872246,3.709110714077983]",1
,,,,,"[0.0,4.0,8.8,1.0]","[0.0,1.9292810393004016,3.033324876932632,3.709110714077983]",1
,,,,,"[0.0,3.0,7.2,1.0]","[0.0,1.4469607794753012,2.4818112629448805,3.709110714077983]",1
,,,,,"[0.0,3.0,7.4,1.0]","[0.0,1.4469607794753012,2.5507504646933494,3.709110714077983]",1
,,,,,"[0.0,4.0,8.4,1.0]","[0.0,1.9292810393004016,2.895446473435694,3.709110714077983]",1
,,,,,"[0.0,4.0,8.0,1.0]","[0.0,1.9292810393004016,2.757568069938756,3.709110714077983]",1
,,,,,"[0.0,3.0,7.9,1.0]","[0.0,1.4469607794753012,2.7230984690645217,3.709110714077983]",1
,,,,,"[0.0,3.0,6.9,1.0]","[0.0,1.4469607794753012,2.378402460322177,3.709110714077983]",1
,,,,,"[0.0,4.0,8.9,1.0]","[0.0,1.9292810393004016,3.067794477806866,3.709110714077983]",1
,,,,,"[0.0,4.0,8.5,1.0]","[0.0,1.9292810393004016,2.9299160743099284,3.709110714077983]",1
,,,,,"[0.0,4.0,8.2,1.0]","[0.0,1.9292810393004016,2.8265072716872246,3.709110714077983]",1
,,,,,"[0.0,5.0,8.8,1.0]","[0.0,2.4116012991255023,3.033324876932632,3.709110714077983]",1
,,,,,"[0.0,4.0,8.4,1.0]","[0.0,1.9292810393004016,2.895446473435694,3.709110714077983]",1
,,,,,"[0.0,4.0,8.8,1.0]","[0.0,1.9292810393004016,3.033324876932632,3.709110714077983]",1
,,,,,"[0.0,4.0,8.4,1.0]","[0.0,1.9292810393004016,2.895446473435694,3.709110714077983]",1
,,,,,"[0.0,5.0,9.7,1.0]","[0.0,2.4116012991255023,3.3435512848007414,3.709110714077983]",1
,,,,,"[0.0,4.0,7.8,1.0]","[0.0,1.9292810393004016,2.6886288681902872,3.709110714077983]",1
,,,,,"[0.0,3.0,7.4,1.0]","[0.0,1.4469607794753012,2.5507504646933494,3.709110714077983]",1
,,,,,"[0.0,4.0,8.9,1.0]","[0.0,1.9292810393004016,3.067794477806866,3.709110714077983]",1
,,,,,"[0.0,0.0,9.2,1.0]","[0.0,0.0,3.171203280429569,3.709110714077983]",1
,,,,,"[0.0,0.0,7.8,1.0]","[0.0,0.0,2.6886288681902872,3.709110714077983]",1
,,,,,"[0.0,0.0,8.8,1.0]","[0.0,0.0,3.033324876932632,3.709110714077983]",1
,,,,,"[0.0,0.0,8.4,1.0]","[0.0,0.0,2.895446473435694,3.709110714077983]",1
,,,,,"[0.0,0.0,8.5,1.0]","[0.0,0.0,2.9299160743099284,3.709110714077983]",1
,,,,,"[0.0,0.0,7.6,1.0]","[0.0,0.0,2.6196896664418183,3.709110714077983]",1
,,,,,"[0.0,0.0,8.1,1.0]","[0.0,0.0,2.7920376708129906,3.709110714077983]",1
,,,,,"[0.0,0.0,8.1,1.0]","[0.0,0.0,2.7920376708129906,3.709110714077983]",1
,,,,,"[0.0,0.0,8.0,1.0]","[0.0,0.0,2.757568069938756,3.709110714077983]",1
,,,,,"[0.0,0.0,8.1,1.0]","[0.0,0.0,2.7920376708129906,3.709110714077983]",1
,,,,,"[0.0,0.0,8.3,1.0]","[0.0,0.0,2.86097687256146,3.709110714077983]",1
,,,,,"[0.0,0.0,9.0,1.0]","[0.0,0.0,3.1022640786811007,3.709110714077983]",1
,,,,,"[0.0,0.0,8.1,1.0]","[0.0,0.0,2.7920376708129906,3.709110714077983]",1
,,,,,"[0.0,0.0,9.2,1.0]","[0.0,0.0,3.171203280429569,3.709110714077983]",1
,,,,,"[0.0,0.0,9.0,1.0]","[0.0,0.0,3.1022640786811007,3.709110714077983]",1
,,,,,"[0.0,0.0,8.0,1.0]","[0.0,0.0,2.757568069938756,3.709110714077983]",1
,,,,,"[0.0,0.0,7.3,1.0]","[0.0,0.0,2.516280863819115,3.709110714077983]",1
,,,,,"(4,[3],[1.0])","(4,[3],[3.709110714077983])",0
,,,,,"(4,[3],[1.0])","(4,[3],[3.709110714077983])",0
,,,,,"(4,[3],[1.0])","(4,[3],[3.709110714077983])",0
,,,,,"(4,[3],[1.0])","(4,[3],[3.709110714077983])",0
,,,,,"(4,[3],[1.0])","(4,[3],[3.709110714077983])",0
,,,,,"(4,[3],[1.0])","(4,[3],[3.709110714077983])",0
,,,,,"(4,[3],[1.0])","(4,[3],[3.709110714077983])",0
,,,,,"(4,[3],[1.0])","(4,[3],[3.709110714077983])",0
,,,,,"[0.0,0.0,8.4,1.0]","[0.0,0.0,2.895446473435694,3.709110714077983]",1
,,,,,"[0.0,0.0,8.4,1.0]","[0.0,0.0,2.895446473435694,3.709110714077983]",1
,,,,,"[0.0,0.0,8.9,1.0]","[0.0,0.0,3.067794477806866,3.709110714077983]",1
,,,,,"[0.0,0.0,8.2,1.0]","[0.0,0.0,2.8265072716872246,3.709110714077983]",1
,,,,,"[0.0,0.0,8.6,1.0]","[0.0,0.0,2.964385675184163,3.709110714077983]",1
,,,,,"[0.0,0.0,7.8,1.0]","[0.0,0.0,2.6886288681902872,3.709110714077983]",1
,,,,,"[0.0,0.0,8.4,1.0]","[0.0,0.0,2.895446473435694,3.709110714077983]",1
,,,,,"[0.0,0.0,8.1,1.0]","[0.0,0.0,2.7920376708129906,3.709110714077983]",1
,,,,,"[0.0,0.0,8.4,1.0]","[0.0,0.0,2.895446473435694,3.709110714077983]",1
,,,,,"[0.0,0.0,8.4,1.0]","[0.0,0.0,2.895446473435694,3.709110714077983]",1
,,,,,"[0.0,0.0,8.5,1.0]","[0.0,0.0,2.9299160743099284,3.709110714077983]",1
,,,,,"[0.0,0.0,8.4,1.0]","[0.0,0.0,2.895446473435694,3.709110714077983]",1
,,,,,"[0.0,0.0,9.5,1.0]","[0.0,0.0,3.274612083052273,3.709110714077983]",1
,,,,,"[0.0,0.0,8.1,1.0]","[0.0,0.0,2.7920376708129906,3.709110714077983]",1
,,,,,"[0.0,0.0,8.8,1.0]","[0.0,0.0,3.033324876932632,3.709110714077983]",1
,,,,,"[0.0,0.0,7.8,1.0]","[0.0,0.0,2.6886288681902872,3.709110714077983]",1
,,,,,"[0.0,0.0,8.0,1.0]","[0.0,0.0,2.757568069938756,3.709110714077983]",1
,,,,,"(4,[3],[1.0])","(4,[3],[3.709110714077983])",0
,,,,,"[0.0,0.0,7.9,1.0]","[0.0,0.0,2.7230984690645217,3.709110714077983]",1
,,,,,"[0.0,0.0,8.3,1.0]","[0.0,0.0,2.86097687256146,3.709110714077983]",1
,,,,,"[0.0,0.0,8.5,1.0]","[0.0,0.0,2.9299160743099284,3.709110714077983]",1
,,,,,"[0.0,0.0,8.0,1.0]","[0.0,0.0,2.757568069938756,3.709110714077983]",1
,,,,,"(4,[3],[1.0])","(4,[3],[3.709110714077983])",0
,,,,,"(4,[3],[1.0])","(4,[3],[3.709110714077983])",0
,,,,,"(4,[3],[1.0])","(4,[3],[3.709110714077983])",0
,,,,,"(4,[3],[1.0])","(4,[3],[3.709110714077983])",0
,,,,,"(4,[3],[1.0])","(4,[3],[3.709110714077983])",0
,,,,,"(4,[3],[1.0])","(4,[3],[3.709110714077983])",0
,,,,,"(4,[3],[1.0])","(4,[3],[3.709110714077983])",0
,,,,,"[0.0,0.0,8.3,1.0]","[0.0,0.0,2.86097687256146,3.709110714077983]",1
,,,,,"[0.0,0.0,8.6,1.0]","[0.0,0.0,2.964385675184163,3.709110714077983]",1
,,,,,"[0.0,0.0,8.9,1.0]","[0.0,0.0,3.067794477806866,3.709110714077983]",1
,,,,,"[0.0,0.0,8.8,1.0]","[0.0,0.0,3.033324876932632,3.709110714077983]",1
,,,,,"[0.0,0.0,8.0,1.0]","[0.0,0.0,2.757568069938756,3.709110714077983]",1
,,,,,"[0.0,0.0,9.2,1.0]","[0.0,0.0,3.171203280429569,3.709110714077983]",1
,,,,,"[0.0,0.0,8.6,1.0]","[0.0,0.0,2.964385675184163,3.709110714077983]",1
,,,,,"[0.0,0.0,8.4,1.0]","[0.0,0.0,2.895446473435694,3.709110714077983]",1
,,,,,"[0.0,0.0,8.3,1.0]","[0.0,0.0,2.86097687256146,3.709110714077983]",1
,,,,,"[0.0,0.0,7.9,1.0]","[0.0,0.0,2.7230984690645217,3.709110714077983]",1
,,,,,"[0.0,0.0,9.0,1.0]","[0.0,0.0,3.1022640786811007,3.709110714077983]",1
,,,,,"[0.0,0.0,8.9,1.0]","[0.0,0.0,3.067794477806866,3.709110714077983]",1
,,,,,"[0.0,0.0,9.0,1.0]","[0.0,0.0,3.1022640786811007,3.709110714077983]",1
,,,,,"(4,[3],[1.0])","(4,[3],[3.709110714077983])",0
,,,,,"[0.0,0.0,7.7,1.0]","[0.0,0.0,2.654159267316053,3.709110714077983]",1
,,,,,"[0.0,0.0,8.5,1.0]","[0.0,0.0,2.9299160743099284,3.709110714077983]",1
,,,,,"[0.0,0.0,8.4,1.0]","[0.0,0.0,2.895446473435694,3.709110714077983]",1
,,,,,"[0.0,0.0,8.9,1.0]","[0.0,0.0,3.067794477806866,3.709110714077983]",1
,,,,,"[0.0,0.0,8.4,1.0]","[0.0,0.0,2.895446473435694,3.709110714077983]",1
,,,,,"(4,[3],[1.0])","(4,[3],[3.709110714077983])",0
,,,,,"[0.0,0.0,8.7,1.0]","[0.0,0.0,2.998855276058397,3.709110714077983]",1
,,,,,"[0.0,0.0,9.4,1.0]","[0.0,0.0,3.2401424821780385,3.709110714077983]",1
,,,,,"[0.0,0.0,8.9,1.0]","[0.0,0.0,3.067794477806866,3.709110714077983]",1
,,,,,"[0.0,0.0,9.1,1.0]","[0.0,0.0,3.136733679555335,3.709110714077983]",1
,,,,,"[0.0,0.0,8.2,1.0]","[0.0,0.0,2.8265072716872246,3.709110714077983]",1
,,,,,"[0.0,0.0,8.9,1.0]","[0.0,0.0,3.067794477806866,3.709110714077983]",1
,,,,,"[0.0,0.0,8.3,1.0]","[0.0,0.0,2.86097687256146,3.709110714077983]",1
,,,,,"[0.0,0.0,8.3,1.0]","[0.0,0.0,2.86097687256146,3.709110714077983]",1
,,,,,"[0.0,0.0,8.8,1.0]","[0.0,0.0,3.033324876932632,3.709110714077983]",1
,,,,,"[0.0,0.0,8.4,1.0]","[0.0,0.0,2.895446473435694,3.709110714077983]",1
,,,,,"[0.0,0.0,8.2,1.0]","[0.0,0.0,2.8265072716872246,3.709110714077983]",1
,,,,,"[0.0,0.0,7.8,1.0]","[0.0,0.0,2.6886288681902872,3.709110714077983]",1
,,,,,"[0.0,0.0,8.2,1.0]","[0.0,0.0,2.8265072716872246,3.709110714077983]",1
,,,,,"[0.0,0.0,8.8,1.0]","[0.0,0.0,3.033324876932632,3.709110714077983]",1
,,,,,"[0.0,0.0,8.4,1.0]","[0.0,0.0,2.895446473435694,3.709110714077983]",1
,,,,,"[0.0,0.0,8.2,1.0]","[0.0,0.0,2.8265072716872246,3.709110714077983]",1
,,,,,"[0.0,0.0,8.4,1.0]","[0.0,0.0,2.895446473435694,3.709110714077983]",1
,,,,,"[0.0,0.0,8.4,1.0]","[0.0,0.0,2.895446473435694,3.709110714077983]",1
,,,,,"[0.0,0.0,5.0,1.0]","[0.0,0.0,1.7234800437117226,3.709110714077983]",0
,,,,,"[0.0,0.0,7.5,1.0]","[0.0,0.0,2.585220065567584,3.709110714077983]",1
,,,,,"[0.0,0.0,9.1,1.0]","[0.0,0.0,3.136733679555335,3.709110714077983]",1
,,,,,"[0.0,0.0,7.7,1.0]","[0.0,0.0,2.654159267316053,3.709110714077983]",1
,,,,,"[0.0,0.0,7.3,1.0]","[0.0,0.0,2.516280863819115,3.709110714077983]",1
,,,,,"[0.0,0.0,8.0,1.0]","[0.0,0.0,2.757568069938756,3.709110714077983]",1
,,,,,"[0.0,0.0,7.8,1.0]","[0.0,0.0,2.6886288681902872,3.709110714077983]",1
,,,,,"[0.0,0.0,9.8,1.0]","[0.0,0.0,3.3780208856749767,3.709110714077983]",1
,,,,,"(4,[3],[1.0])","(4,[3],[3.709110714077983])",0
,,,,,"(4,[3],[1.0])","(4,[3],[3.709110714077983])",0
,,,,,"(4,[3],[1.0])","(4,[3],[3.709110714077983])",0
,,,,,"(4,[3],[1.0])","(4,[3],[3.709110714077983])",0
,,,,,"(4,[3],[1.0])","(4,[3],[3.709110714077983])",0
,,,,,"(4,[3],[1.0])","(4,[3],[3.709110714077983])",0
,,,,,"(4,[3],[1.0])","(4,[3],[3.709110714077983])",0
,,,,,"[0.0,0.0,8.7,1.0]","[0.0,0.0,2.998855276058397,3.709110714077983]",1
,,,,,"[0.0,0.0,8.5,1.0]","[0.0,0.0,2.9299160743099284,3.709110714077983]",1
,,,,,"[0.0,0.0,8.5,1.0]","[0.0,0.0,2.9299160743099284,3.709110714077983]",1
,,,,,"[0.0,0.0,8.1,1.0]","[0.0,0.0,2.7920376708129906,3.709110714077983]",1
,,,,,"[0.0,0.0,7.6,1.0]","[0.0,0.0,2.6196896664418183,3.709110714077983]",1
,,,,,"[0.0,0.0,8.4,1.0]","[0.0,0.0,2.895446473435694,3.709110714077983]",1
,,,,,"[0.0,0.0,9.1,1.0]","[0.0,0.0,3.136733679555335,3.709110714077983]",1
,,,,,"[0.0,0.0,7.2,1.0]","[0.0,0.0,2.4818112629448805,3.709110714077983]",1
,,,,,"[0.0,0.0,7.7,1.0]","[0.0,0.0,2.654159267316053,3.709110714077983]",1
,,,,,"[0.0,0.0,8.5,1.0]","[0.0,0.0,2.9299160743099284,3.709110714077983]",1
,,,,,"[0.0,0.0,8.9,1.0]","[0.0,0.0,3.067794477806866,3.709110714077983]",1
,,,,,"[0.0,0.0,7.7,1.0]","[0.0,0.0,2.654159267316053,3.709110714077983]",1
,,,,,"[0.0,0.0,9.2,1.0]","[0.0,0.0,3.171203280429569,3.709110714077983]",1
,,,,,"[0.0,0.0,8.1,1.0]","[0.0,0.0,2.7920376708129906,3.709110714077983]",1
,,,,,"[0.0,0.0,8.2,1.0]","[0.0,0.0,2.8265072716872246,3.709110714077983]",1
,,,,,"[0.0,0.0,8.4,1.0]","[0.0,0.0,2.895446473435694,3.709110714077983]",1
,,,,,"[0.0,0.0,9.0,1.0]","[0.0,0.0,3.1022640786811007,3.709110714077983]",1
,,,,,"[0.0,0.0,9.4,1.0]","[0.0,0.0,3.2401424821780385,3.709110714077983]",1
,,,,,"[0.0,0.0,9.6,1.0]","[0.0,0.0,3.3090816839265074,3.709110714077983]",1
,,,,,"[0.0,0.0,7.0,1.0]","[0.0,0.0,2.4128720611964116,3.709110714077983]",1
,,,,,"(4,[3],[1.0])","(4,[3],[3.709110714077983])",0
,,,,,"(4,[3],[1.0])","(4,[3],[3.709110714077983])",0
,,,,,"(4,[3],[1.0])","(4,[3],[3.709110714077983])",0
,,,,,"(4,[3],[1.0])","(4,[3],[3.709110714077983])",0
,,,,,"(4,[3],[1.0])","(4,[3],[3.709110714077983])",0
,,,,,"(4,[3],[1.0])","(4,[3],[3.709110714077983])",0
,,,,,"(4,[3],[1.0])","(4,[3],[3.709110714077983])",0
,,,,,"(4,[3],[1.0])","(4,[3],[3.709110714077983])",0
,,,,,"[0.0,0.0,9.0,1.0]","[0.0,0.0,3.1022640786811007,3.709110714077983]",1
,,,,,"[0.0,0.0,8.0,1.0]","[0.0,0.0,2.757568069938756,3.709110714077983]",1
,,,,,"[0.0,0.0,8.8,1.0]","[0.0,0.0,3.033324876932632,3.709110714077983]",1
,,,,,"[0.0,0.0,8.5,1.0]","[0.0,0.0,2.9299160743099284,3.709110714077983]",1
,,,,,"[0.0,0.0,8.7,1.0]","[0.0,0.0,2.998855276058397,3.709110714077983]",1
,,,,,"[0.0,0.0,8.7,1.0]","[0.0,0.0,2.998855276058397,3.709110714077983]",1
,,,,,"[0.0,0.0,8.5,1.0]","[0.0,0.0,2.9299160743099284,3.709110714077983]",1
,,,,,"[0.0,0.0,9.2,1.0]","[0.0,0.0,3.171203280429569,3.709110714077983]",1
,,,,,"[0.0,0.0,8.9,1.0]","[0.0,0.0,3.067794477806866,3.709110714077983]",1
,,,,,"[0.0,0.0,8.9,1.0]","[0.0,0.0,3.067794477806866,3.709110714077983]",1
,,,,,"[0.0,0.0,9.0,1.0]","[0.0,0.0,3.1022640786811007,3.709110714077983]",1
,,,,,"[0.0,0.0,8.8,1.0]","[0.0,0.0,3.033324876932632,3.709110714077983]",1
,,,,,"[0.0,0.0,9.2,1.0]","[0.0,0.0,3.171203280429569,3.709110714077983]",1
,,,,,"[0.0,0.0,8.1,1.0]","[0.0,0.0,2.7920376708129906,3.709110714077983]",1
,,,,,"[0.0,0.0,8.7,1.0]","[0.0,0.0,2.998855276058397,3.709110714077983]",1
,,,,,"[0.0,0.0,8.6,1.0]","[0.0,0.0,2.964385675184163,3.709110714077983]",1
,,,,,"[0.0,0.0,8.9,1.0]","[0.0,0.0,3.067794477806866,3.709110714077983]",1
,,,,,"[0.0,0.0,9.1,1.0]","[0.0,0.0,3.136733679555335,3.709110714077983]",1
,,,,,"[0.0,0.0,7.8,1.0]","[0.0,0.0,2.6886288681902872,3.709110714077983]",1
,,,,,"[0.0,0.0,9.3,1.0]","[0.0,0.0,3.2056728813038045,3.709110714077983]",1
,,,,,"[0.0,0.0,8.6,1.0]","[0.0,0.0,2.964385675184163,3.709110714077983]",1
,,,,,"[0.0,0.0,8.6,1.0]","[0.0,0.0,2.964385675184163,3.709110714077983]",1
,,,,,"[0.0,0.0,9.0,1.0]","[0.0,0.0,3.1022640786811007,3.709110714077983]",1
,,,,,"(4,[3],[1.0])","(4,[3],[3.709110714077983])",0
,,,,,"(4,[3],[1.0])","(4,[3],[3.709110714077983])",0
,,,,,"(4,[3],[1.0])","(4,[3],[3.709110714077983])",0
,,,,,"(4,[3],[1.0])","(4,[3],[3.709110714077983])",0
,,,,,"(4,[3],[1.0])","(4,[3],[3.709110714077983])",0
,,,,,"(4,[3],[1.0])","(4,[3],[3.709110714077983])",0
,,,,,"(4,[3],[1.0])","(4,[3],[3.709110714077983])",0
,,,,,"(4,[3],[1.0])","(4,[3],[3.709110714077983])",0
,,,,,"[0.0,0.0,8.9,1.0]","[0.0,0.0,3.067794477806866,3.709110714077983]",1
,,,,,"[0.0,0.0,8.6,1.0]","[0.0,0.0,2.964385675184163,3.709110714077983]",1
,,,,,"[0.0,0.0,8.9,1.0]","[0.0,0.0,3.067794477806866,3.709110714077983]",1
,,,,,"[0.0,0.0,9.1,1.0]","[0.0,0.0,3.136733679555335,3.709110714077983]",1
,,,,,"[0.0,0.0,8.4,1.0]","[0.0,0.0,2.895446473435694,3.709110714077983]",1
,,,,,"[0.0,0.0,8.0,1.0]","[0.0,0.0,2.757568069938756,3.709110714077983]",1
,,,,,"[0.0,0.0,9.0,1.0]","[0.0,0.0,3.1022640786811007,3.709110714077983]",1
,,,,,"[0.0,0.0,8.7,1.0]","[0.0,0.0,2.998855276058397,3.709110714077983]",1
,,,,,"[0.0,0.0,8.7,1.0]","[0.0,0.0,2.998855276058397,3.709110714077983]",1
,,,,,"[0.0,0.0,8.2,1.0]","[0.0,0.0,2.8265072716872246,3.709110714077983]",1
,,,,,"[0.0,0.0,10.0,1.0]","[0.0,0.0,3.446960087423445,3.709110714077983]",1
,,,,,"[0.0,0.0,7.7,1.0]","[0.0,0.0,2.654159267316053,3.709110714077983]",1
,,,,,"[0.0,0.0,8.0,1.0]","[0.0,0.0,2.757568069938756,3.709110714077983]",1
,,,,,"[0.0,0.0,9.2,1.0]","[0.0,0.0,3.171203280429569,3.709110714077983]",1
,,,,,"[0.0,0.0,9.0,1.0]","[0.0,0.0,3.1022640786811007,3.709110714077983]",1
,,,,,"[0.0,0.0,8.6,1.0]","[0.0,0.0,2.964385675184163,3.709110714077983]",1
,,,,,"[0.0,0.0,7.9,1.0]","[0.0,0.0,2.7230984690645217,3.709110714077983]",1
,,,,,"[0.0,0.0,8.4,1.0]","[0.0,0.0,2.895446473435694,3.709110714077983]",1
,,,,,"[0.0,0.0,9.5,1.0]","[0.0,0.0,3.274612083052273,3.709110714077983]",1
,,,,,"[0.0,0.0,8.2,1.0]","[0.0,0.0,2.8265072716872246,3.709110714077983]",1
,,,,,"[0.0,0.0,9.6,1.0]","[0.0,0.0,3.3090816839265074,3.709110714077983]",1
,,,,,"[0.0,0.0,8.6,1.0]","[0.0,0.0,2.964385675184163,3.709110714077983]",1
,,,,,"[0.0,0.0,7.8,1.0]","[0.0,0.0,2.6886288681902872,3.709110714077983]",1
,,,,,"[0.0,0.0,9.0,1.0]","[0.0,0.0,3.1022640786811007,3.709110714077983]",1
,,,,,"(4,[3],[1.0])","(4,[3],[3.709110714077983])",0
,,,,,"(4,[3],[1.0])","(4,[3],[3.709110714077983])",0
,,,,,"(4,[3],[1.0])","(4,[3],[3.709110714077983])",0
,,,,,"(4,[3],[1.0])","(4,[3],[3.709110714077983])",0
,,,,,"(4,[3],[1.0])","(4,[3],[3.709110714077983])",0
,,,,,"(4,[3],[1.0])","(4,[3],[3.709110714077983])",0
,,,,,"(4,[3],[1.0])","(4,[3],[3.709110714077983])",0
,,,,,"(4,[3],[1.0])","(4,[3],[3.709110714077983])",0
,,,,,"[0.0,0.0,9.5,1.0]","[0.0,0.0,3.274612083052273,3.709110714077983]",1
,,,,,"[0.0,0.0,8.7,1.0]","[0.0,0.0,2.998855276058397,3.709110714077983]",1
,,,,,"[0.0,0.0,8.4,1.0]","[0.0,0.0,2.895446473435694,3.709110714077983]",1
,,,,,"[0.0,0.0,8.2,1.0]","[0.0,0.0,2.8265072716872246,3.709110714077983]",1
,,,,,"[0.0,0.0,8.2,1.0]","[0.0,0.0,2.8265072716872246,3.709110714077983]",1
,,,,,"[0.0,0.0,9.4,1.0]","[0.0,0.0,3.2401424821780385,3.709110714077983]",1
,,,,,"[0.0,0.0,8.8,1.0]","[0.0,0.0,3.033324876932632,3.709110714077983]",1
,,,,,"[0.0,0.0,8.6,1.0]","[0.0,0.0,2.964385675184163,3.709110714077983]",1
,,,,,"[0.0,0.0,8.2,1.0]","[0.0,0.0,2.8265072716872246,3.709110714077983]",1
,,,,,"[0.0,0.0,8.8,1.0]","[0.0,0.0,3.033324876932632,3.709110714077983]",1
,,,,,"[0.0,0.0,8.2,1.0]","[0.0,0.0,2.8265072716872246,3.709110714077983]",1
,,,,,"[0.0,0.0,9.0,1.0]","[0.0,0.0,3.1022640786811007,3.709110714077983]",1
,,,,,"[0.0,0.0,9.0,1.0]","[0.0,0.0,3.1022640786811007,3.709110714077983]",1
,,,,,"[0.0,0.0,8.7,1.0]","[0.0,0.0,2.998855276058397,3.709110714077983]",1
,,,,,"[0.0,0.0,8.0,1.0]","[0.0,0.0,2.757568069938756,3.709110714077983]",1
,,,,,"[0.0,0.0,8.6,1.0]","[0.0,0.0,2.964385675184163,3.709110714077983]",1
,,,,,"[0.0,0.0,8.4,1.0]","[0.0,0.0,2.895446473435694,3.709110714077983]",1
,,,,,"[0.0,0.0,8.8,1.0]","[0.0,0.0,3.033324876932632,3.709110714077983]",1
,,,,,"[0.0,0.0,8.9,1.0]","[0.0,0.0,3.067794477806866,3.709110714077983]",1
,,,,,"[0.0,0.0,8.5,1.0]","[0.0,0.0,2.9299160743099284,3.709110714077983]",1
,,,,,"[0.0,0.0,8.3,1.0]","[0.0,0.0,2.86097687256146,3.709110714077983]",1
,,,,,"[0.0,0.0,8.7,1.0]","[0.0,0.0,2.998855276058397,3.709110714077983]",1
,,,,,"[0.0,0.0,8.3,1.0]","[0.0,0.0,2.86097687256146,3.709110714077983]",1
,,,,,"[0.0,0.0,8.6,1.0]","[0.0,0.0,2.964385675184163,3.709110714077983]",1
,,,,,"[0.0,0.0,7.8,1.0]","[0.0,0.0,2.6886288681902872,3.709110714077983]",1
,,,,,"[0.0,0.0,7.8,1.0]","[0.0,0.0,2.6886288681902872,3.709110714077983]",1
,,,,,"(4,[3],[1.0])","(4,[3],[3.709110714077983])",0
,,,,,"(4,[3],[1.0])","(4,[3],[3.709110714077983])",0
,,,,,"(4,[3],[1.0])","(4,[3],[3.709110714077983])",0
,,,,,"(4,[3],[1.0])","(4,[3],[3.709110714077983])",0
,,,,,"(4,[3],[1.0])","(4,[3],[3.709110714077983])",0
,,,,,"(4,[3],[1.0])","(4,[3],[3.709110714077983])",0
,,,,,"(4,[3],[1.0])","(4,[3],[3.709110714077983])",0
,,,,,"(4,[3],[1.0])","(4,[3],[3.709110714077983])",0
,,,,,"[0.0,0.0,9.5,1.0]","[0.0,0.0,3.274612083052273,3.709110714077983]",1
,,,,,"(4,[3],[1.0])","(4,[3],[3.709110714077983])",0
,,,,,"[0.0,0.0,8.9,1.0]","[0.0,0.0,3.067794477806866,3.709110714077983]",1
,,,,,"[0.0,0.0,9.0,1.0]","[0.0,0.0,3.1022640786811007,3.709110714077983]",1
,,,,,"[0.0,0.0,8.4,1.0]","[0.0,0.0,2.895446473435694,3.709110714077983]",1
,,,,,"[0.0,0.0,9.4,1.0]","[0.0,0.0,3.2401424821780385,3.709110714077983]",1
,,,,,"[0.0,0.0,9.4,1.0]","[0.0,0.0,3.2401424821780385,3.709110714077983]",1
,,,,,"[0.0,0.0,9.5,1.0]","[0.0,0.0,3.274612083052273,3.709110714077983]",1
,,,,,"[0.0,0.0,9.6,1.0]","[0.0,0.0,3.3090816839265074,3.709110714077983]",1
,,,,,"[0.0,0.0,7.9,1.0]","[0.0,0.0,2.7230984690645217,3.709110714077983]",1
,,,,,"[0.0,0.0,9.5,1.0]","[0.0,0.0,3.274612083052273,3.709110714077983]",1
,,,,,"[0.0,0.0,8.6,1.0]","[0.0,0.0,2.964385675184163,3.709110714077983]",1
,,,,,"[0.0,0.0,8.3,1.0]","[0.0,0.0,2.86097687256146,3.709110714077983]",1
,,,,,"[0.0,0.0,9.1,1.0]","[0.0,0.0,3.136733679555335,3.709110714077983]",1
,,,,,"[0.0,0.0,8.5,1.0]","[0.0,0.0,2.9299160743099284,3.709110714077983]",1
,,,,,"[0.0,0.0,9.3,1.0]","[0.0,0.0,3.2056728813038045,3.709110714077983]",1
,,,,,"[0.0,0.0,9.0,1.0]","[0.0,0.0,3.1022640786811007,3.709110714077983]",1
,,,,,"[0.0,0.0,8.2,1.0]","[0.0,0.0,2.8265072716872246,3.709110714077983]",1
,,,,,"[0.0,0.0,8.2,1.0]","[0.0,0.0,2.8265072716872246,3.709110714077983]",1
,,,,,"[0.0,0.0,8.9,1.0]","[0.0,0.0,3.067794477806866,3.709110714077983]",1
,,,,,"[0.0,0.0,9.0,1.0]","[0.0,0.0,3.1022640786811007,3.709110714077983]",1
,,,,,"[0.0,0.0,9.6,1.0]","[0.0,0.0,3.3090816839265074,3.709110714077983]",1
,,,,,"(4,[3],[1.0])","(4,[3],[3.709110714077983])",0
,,,,,"(4,[3],[1.0])","(4,[3],[3.709110714077983])",0
,,,,,"(4,[3],[1.0])","(4,[3],[3.709110714077983])",0
,,,,,"(4,[3],[1.0])","(4,[3],[3.709110714077983])",0
,,,,,"(4,[3],[1.0])","(4,[3],[3.709110714077983])",0
,,,,,"(4,[3],[1.0])","(4,[3],[3.709110714077983])",0
,,,,,"(4,[3],[1.0])","(4,[3],[3.709110714077983])",0
,,,,,"(4,[3],[1.0])","(4,[3],[3.709110714077983])",0
,,,,,"[0.0,0.0,9.0,1.0]","[0.0,0.0,3.1022640786811007,3.709110714077983]",1
,,,,,"[0.0,0.0,8.5,1.0]","[0.0,0.0,2.9299160743099284,3.709110714077983]",1
,,,,,"[0.0,0.0,8.7,1.0]","[0.0,0.0,2.998855276058397,3.709110714077983]",1
,,,,,"[0.0,0.0,9.2,1.0]","[0.0,0.0,3.171203280429569,3.709110714077983]",1
,,,,,"[0.0,0.0,9.3,1.0]","[0.0,0.0,3.2056728813038045,3.709110714077983]",1
,,,,,"[0.0,0.0,8.1,1.0]","[0.0,0.0,2.7920376708129906,3.709110714077983]",1
,,,,,"[0.0,0.0,8.2,1.0]","[0.0,0.0,2.8265072716872246,3.709110714077983]",1
,,,,,"(4,[3],[1.0])","(4,[3],[3.709110714077983])",0
,,,,,"(4,[3],[1.0])","(4,[3],[3.709110714077983])",0
,,,,,"[0.0,0.0,7.7,1.0]","[0.0,0.0,2.654159267316053,3.709110714077983]",1
,,,,,"[0.0,0.0,10.0,1.0]","[0.0,0.0,3.446960087423445,3.709110714077983]",1
,,,,,"[0.0,0.0,9.3,1.0]","[0.0,0.0,3.2056728813038045,3.709110714077983]",1
,,,,,"[0.0,0.0,9.4,1.0]","[0.0,0.0,3.2401424821780385,3.709110714077983]",1
,,,,,"[0.0,0.0,6.3,1.0]","[0.0,0.0,2.1715848550767705,3.709110714077983]",1
,,,,,"[0.0,0.0,9.6,1.0]","[0.0,0.0,3.3090816839265074,3.709110714077983]",1
,,,,,"[0.0,0.0,7.4,1.0]","[0.0,0.0,2.5507504646933494,3.709110714077983]",1
,,,,,"[0.0,0.0,9.5,1.0]","[0.0,0.0,3.274612083052273,3.709110714077983]",1
,,,,,"[0.0,0.0,7.7,1.0]","[0.0,0.0,2.654159267316053,3.709110714077983]",1
,,,,,"[0.0,0.0,7.6,1.0]","[0.0,0.0,2.6196896664418183,3.709110714077983]",1
,,,,,"[0.0,0.0,7.5,1.0]","[0.0,0.0,2.585220065567584,3.709110714077983]",1
,,,,,"[0.0,0.0,8.4,1.0]","[0.0,0.0,2.895446473435694,3.709110714077983]",1
,,,,,"[0.0,0.0,8.4,1.0]","[0.0,0.0,2.895446473435694,3.709110714077983]",1
,,,,,"[0.0,0.0,9.0,1.0]","[0.0,0.0,3.1022640786811007,3.709110714077983]",1
,,,,,"[0.0,0.0,7.9,1.0]","[0.0,0.0,2.7230984690645217,3.709110714077983]",1
,,,,,"[0.0,0.0,8.1,1.0]","[0.0,0.0,2.7920376708129906,3.709110714077983]",1
,,,,,"[0.0,0.0,9.6,1.0]","[0.0,0.0,3.3090816839265074,3.709110714077983]",1
,,,,,"[0.0,0.0,7.6,1.0]","[0.0,0.0,2.6196896664418183,3.709110714077983]",1
,,,,,"[0.0,0.0,10.0,1.0]","[0.0,0.0,3.446960087423445,3.709110714077983]",1
,,,,,"[0.0,0.0,7.4,1.0]","[0.0,0.0,2.5507504646933494,3.709110714077983]",1
,,,,,"[0.0,0.0,8.9,1.0]","[0.0,0.0,3.067794477806866,3.709110714077983]",1
,,,,,"[0.0,0.0,9.1,1.0]","[0.0,0.0,3.136733679555335,3.709110714077983]",1
,,,,,"[0.0,0.0,10.0,1.0]","[0.0,0.0,3.446960087423445,3.709110714077983]",1
,,,,,"[0.0,0.0,8.5,1.0]","[0.0,0.0,2.9299160743099284,3.709110714077983]",1
,,,,,"[0.0,0.0,8.1,1.0]","[0.0,0.0,2.7920376708129906,3.709110714077983]",1
,,,,,"[0.0,0.0,9.1,1.0]","[0.0,0.0,3.136733679555335,3.709110714077983]",1
,,,,,"[0.0,0.0,7.8,1.0]","[0.0,0.0,2.6886288681902872,3.709110714077983]",1
,,,,,"[0.0,0.0,9.6,1.0]","[0.0,0.0,3.3090816839265074,3.709110714077983]",1
,,,,,"[0.0,0.0,9.1,1.0]","[0.0,0.0,3.136733679555335,3.709110714077983]",1
,,,,,"[0.0,0.0,9.0,1.0]","[0.0,0.0,3.1022640786811007,3.709110714077983]",1
,,,,,"[0.0,0.0,9.5,1.0]","[0.0,0.0,3.274612083052273,3.709110714077983]",1
,,,,,"[0.0,0.0,9.1,1.0]","[0.0,0.0,3.136733679555335,3.709110714077983]",1
,,,,,"[0.0,0.0,9.6,1.0]","[0.0,0.0,3.3090816839265074,3.709110714077983]",1
,,,,,"[0.0,0.0,8.8,1.0]","[0.0,0.0,3.033324876932632,3.709110714077983]",1
,,,,,"[0.0,0.0,9.3,1.0]","[0.0,0.0,3.2056728813038045,3.709110714077983]",1
,,,,,"[0.0,0.0,9.9,1.0]","[0.0,0.0,3.4124904865492107,3.709110714077983]",1
,,,,,"[0.0,0.0,9.3,1.0]","[0.0,0.0,3.2056728813038045,3.709110714077983]",1
,,,,,"[0.0,0.0,9.6,1.0]","[0.0,0.0,3.3090816839265074,3.709110714077983]",1
,,,,,"[0.0,0.0,8.8,1.0]","[0.0,0.0,3.033324876932632,3.709110714077983]",1
,,,,,"[0.0,0.0,9.5,1.0]","[0.0,0.0,3.274612083052273,3.709110714077983]",1
,,,,,"(4,[3],[1.0])","(4,[3],[3.709110714077983])",0
,,,,,"[0.0,0.0,8.8,1.0]","[0.0,0.0,3.033324876932632,3.709110714077983]",1
,,,,,"[0.0,0.0,9.2,1.0]","[0.0,0.0,3.171203280429569,3.709110714077983]",1
,,,,,"[0.0,0.0,9.7,1.0]","[0.0,0.0,3.3435512848007414,3.709110714077983]",1
,,,,,"[0.0,0.0,9.3,1.0]","[0.0,0.0,3.2056728813038045,3.709110714077983]",1
,,,,,"[0.0,0.0,8.8,1.0]","[0.0,0.0,3.033324876932632,3.709110714077983]",1
,,,,,"[0.0,0.0,8.3,1.0]","[0.0,0.0,2.86097687256146,3.709110714077983]",1
,,,,,"[0.0,0.0,8.6,1.0]","[0.0,0.0,2.964385675184163,3.709110714077983]",1
,,,,,"[0.0,0.0,8.8,1.0]","[0.0,0.0,3.033324876932632,3.709110714077983]",1
,,,,,"[0.0,0.0,8.0,1.0]","[0.0,0.0,2.757568069938756,3.709110714077983]",1
,,,,,"[0.0,0.0,7.6,1.0]","[0.0,0.0,2.6196896664418183,3.709110714077983]",1
,,,,,"[0.0,0.0,8.3,1.0]","[0.0,0.0,2.86097687256146,3.709110714077983]",1
,,,,,"[0.0,0.0,8.3,1.0]","[0.0,0.0,2.86097687256146,3.709110714077983]",1
,,,,,"[0.0,0.0,8.5,1.0]","[0.0,0.0,2.9299160743099284,3.709110714077983]",1
,,,,,"[0.0,0.0,9.1,1.0]","[0.0,0.0,3.136733679555335,3.709110714077983]",1
,,,,,"[0.0,0.0,8.9,1.0]","[0.0,0.0,3.067794477806866,3.709110714077983]",1
,,,,,"[0.0,0.0,9.0,1.0]","[0.0,0.0,3.1022640786811007,3.709110714077983]",1
,,,,,"[0.0,0.0,8.6,1.0]","[0.0,0.0,2.964385675184163,3.709110714077983]",1
,,,,,"[0.0,0.0,8.4,1.0]","[0.0,0.0,2.895446473435694,3.709110714077983]",1
,,,,,"[0.0,0.0,7.7,1.0]","[0.0,0.0,2.654159267316053,3.709110714077983]",1
,,,,,"[0.0,0.0,7.0,1.0]","[0.0,0.0,2.4128720611964116,3.709110714077983]",1
,,,,,"[0.0,0.0,8.5,1.0]","[0.0,0.0,2.9299160743099284,3.709110714077983]",1
,,,,,"[0.0,0.0,7.8,1.0]","[0.0,0.0,2.6886288681902872,3.709110714077983]",1
,,,,,"[0.0,0.0,8.8,1.0]","[0.0,0.0,3.033324876932632,3.709110714077983]",1
,,,,,"[0.0,0.0,8.9,1.0]","[0.0,0.0,3.067794477806866,3.709110714077983]",1
,,,,,"[0.0,0.0,9.0,1.0]","[0.0,0.0,3.1022640786811007,3.709110714077983]",1
,,,,,"(4,[3],[1.0])","(4,[3],[3.709110714077983])",0
,,,,,"[0.0,0.0,7.8,1.0]","[0.0,0.0,2.6886288681902872,3.709110714077983]",1
,,,,,"[0.0,0.0,7.6,1.0]","[0.0,0.0,2.6196896664418183,3.709110714077983]",1
,,,,,"[0.0,0.0,7.1,1.0]","[0.0,0.0,2.447341662070646,3.709110714077983]",1
,,,,,"[0.0,0.0,7.8,1.0]","[0.0,0.0,2.6886288681902872,3.709110714077983]",1
,,,,,"[0.0,0.0,9.5,1.0]","[0.0,0.0,3.274612083052273,3.709110714077983]",1
,,,,,"[0.0,0.0,8.6,1.0]","[0.0,0.0,2.964385675184163,3.709110714077983]",1
,,,,,"(4,[3],[1.0])","(4,[3],[3.709110714077983])",0
,,,,,"[0.0,0.0,8.6,1.0]","[0.0,0.0,2.964385675184163,3.709110714077983]",1
,,,,,"[0.0,0.0,9.3,1.0]","[0.0,0.0,3.2056728813038045,3.709110714077983]",1
,,,,,"[0.0,0.0,8.0,1.0]","[0.0,0.0,2.757568069938756,3.709110714077983]",1
,,,,,"[0.0,0.0,8.2,1.0]","[0.0,0.0,2.8265072716872246,3.709110714077983]",1
,,,,,"[0.0,0.0,8.4,1.0]","[0.0,0.0,2.895446473435694,3.709110714077983]",1
,,,,,"[0.0,0.0,8.0,1.0]","[0.0,0.0,2.757568069938756,3.709110714077983]",1
,,,,,"[0.0,0.0,8.4,1.0]","[0.0,0.0,2.895446473435694,3.709110714077983]",1
,,,,,"(4,[3],[1.0])","(4,[3],[3.709110714077983])",0
,,,,,"(4,[3],[1.0])","(4,[3],[3.709110714077983])",0
,,,,,"[0.0,0.0,9.7,1.0]","[0.0,0.0,3.3435512848007414,3.709110714077983]",1
,,,,,"[0.0,0.0,9.6,1.0]","[0.0,0.0,3.3090816839265074,3.709110714077983]",1
,,,,,"[0.0,0.0,9.0,1.0]","[0.0,0.0,3.1022640786811007,3.709110714077983]",1
,,,,,"[0.0,0.0,8.8,1.0]","[0.0,0.0,3.033324876932632,3.709110714077983]",1
,,,,,"[0.0,0.0,9.5,1.0]","[0.0,0.0,3.274612083052273,3.709110714077983]",1
,,,,,"[0.0,0.0,9.2,1.0]","[0.0,0.0,3.171203280429569,3.709110714077983]",1
,,,,,"[0.0,0.0,9.4,1.0]","[0.0,0.0,3.2401424821780385,3.709110714077983]",1
,,,,,"[0.0,0.0,7.9,1.0]","[0.0,0.0,2.7230984690645217,3.709110714077983]",1
,,,,,"[0.0,0.0,9.4,1.0]","[0.0,0.0,3.2401424821780385,3.709110714077983]",1
,,,,,"[0.0,0.0,8.6,1.0]","[0.0,0.0,2.964385675184163,3.709110714077983]",1
,,,,,"[0.0,0.0,8.7,1.0]","[0.0,0.0,2.998855276058397,3.709110714077983]",1
,,,,,"[0.0,0.0,7.8,1.0]","[0.0,0.0,2.6886288681902872,3.709110714077983]",1
,,,,,"[0.0,0.0,9.0,1.0]","[0.0,0.0,3.1022640786811007,3.709110714077983]",1
,,,,,"(4,[3],[1.0])","(4,[3],[3.709110714077983])",0
,,,,,"[0.0,0.0,9.0,1.0]","[0.0,0.0,3.1022640786811007,3.709110714077983]",1
,,,,,"[0.0,0.0,9.1,1.0]","[0.0,0.0,3.136733679555335,3.709110714077983]",1
,,,,,"[0.0,0.0,8.6,1.0]","[0.0,0.0,2.964385675184163,3.709110714077983]",1
,,,,,"[0.0,0.0,7.7,1.0]","[0.0,0.0,2.654159267316053,3.709110714077983]",1
,,,,,"[0.0,0.0,9.7,1.0]","[0.0,0.0,3.3435512848007414,3.709110714077983]",1
,,,,,"[0.0,0.0,9.3,1.0]","[0.0,0.0,3.2056728813038045,3.709110714077983]",1
,,,,,"[0.0,0.0,8.4,1.0]","[0.0,0.0,2.895446473435694,3.709110714077983]",1
,,,,,"[0.0,0.0,8.6,1.0]","[0.0,0.0,2.964385675184163,3.709110714077983]",1
,,,,,"[0.0,0.0,8.0,1.0]","[0.0,0.0,2.757568069938756,3.709110714077983]",1
,,,,,"[0.0,0.0,8.9,1.0]","[0.0,0.0,3.067794477806866,3.709110714077983]",1
,,,,,"[0.0,0.0,8.2,1.0]","[0.0,0.0,2.8265072716872246,3.709110714077983]",1
,,,,,"[0.0,0.0,9.3,1.0]","[0.0,0.0,3.2056728813038045,3.709110714077983]",1
,,,,,"[0.0,0.0,8.1,1.0]","[0.0,0.0,2.7920376708129906,3.709110714077983]",1
,,,,,"[0.0,0.0,8.4,1.0]","[0.0,0.0,2.895446473435694,3.709110714077983]",1
,,,,,"[0.0,0.0,8.9,1.0]","[0.0,0.0,3.067794477806866,3.709110714077983]",1
,,,,,"(4,[3],[1.0])","(4,[3],[3.709110714077983])",0
,,,,,"[0.0,0.0,9.6,1.0]","[0.0,0.0,3.3090816839265074,3.709110714077983]",1
,,,,,"[0.0,0.0,8.2,1.0]","[0.0,0.0,2.8265072716872246,3.709110714077983]",1
,,,,,"[0.0,0.0,9.4,1.0]","[0.0,0.0,3.2401424821780385,3.709110714077983]",1
,,,,,"[0.0,0.0,8.0,1.0]","[0.0,0.0,2.757568069938756,3.709110714077983]",1
,,,,,"[0.0,0.0,9.0,1.0]","[0.0,0.0,3.1022640786811007,3.709110714077983]",1
,,,,,"[0.0,0.0,9.0,1.0]","[0.0,0.0,3.1022640786811007,3.709110714077983]",1
,,,,,"[0.0,0.0,9.6,1.0]","[0.0,0.0,3.3090816839265074,3.709110714077983]",1
,,,,,"[0.0,0.0,8.6,1.0]","[0.0,0.0,2.964385675184163,3.709110714077983]",1
,,,,,"[0.0,0.0,9.8,1.0]","[0.0,0.0,3.3780208856749767,3.709110714077983]",1
,,,,,"[0.0,0.0,8.8,1.0]","[0.0,0.0,3.033324876932632,3.709110714077983]",1
,,,,,"[0.0,0.0,9.5,1.0]","[0.0,0.0,3.274612083052273,3.709110714077983]",1
,,,,,"[0.0,0.0,9.0,1.0]","[0.0,0.0,3.1022640786811007,3.709110714077983]",1
,,,,,"[0.0,0.0,9.0,1.0]","[0.0,0.0,3.1022640786811007,3.709110714077983]",1
,,,,,"[0.0,0.0,8.8,1.0]","[0.0,0.0,3.033324876932632,3.709110714077983]",1
,,,,,"[0.0,0.0,9.1,1.0]","[0.0,0.0,3.136733679555335,3.709110714077983]",1
,,,,,"[0.0,0.0,7.8,1.0]","[0.0,0.0,2.6886288681902872,3.709110714077983]",1
,,,,,"[0.0,0.0,8.0,1.0]","[0.0,0.0,2.757568069938756,3.709110714077983]",1
,,,,,"[0.0,0.0,8.2,1.0]","[0.0,0.0,2.8265072716872246,3.709110714077983]",1
,,,,,"[0.0,0.0,8.4,1.0]","[0.0,0.0,2.895446473435694,3.709110714077983]",1
,,,,,"[0.0,0.0,9.2,1.0]","[0.0,0.0,3.171203280429569,3.709110714077983]",1
,,,,,"(4,[3],[1.0])","(4,[3],[3.709110714077983])",0
,,,,,"(4,[3],[1.0])","(4,[3],[3.709110714077983])",0
,,,,,"[0.0,0.0,10.0,1.0]","[0.0,0.0,3.446960087423445,3.709110714077983]",1
,,,,,"[0.0,0.0,8.8,1.0]","[0.0,0.0,3.033324876932632,3.709110714077983]",1
,,,,,"[0.0,0.0,9.1,1.0]","[0.0,0.0,3.136733679555335,3.709110714077983]",1
,,,,,"[0.0,0.0,8.6,1.0]","[0.0,0.0,2.964385675184163,3.709110714077983]",1
,,,,,"(4,[3],[1.0])","(4,[3],[3.709110714077983])",0
,,,,,"[0.0,0.0,7.1,1.0]","[0.0,0.0,2.447341662070646,3.709110714077983]",1
,,,,,"(4,[3],[1.0])","(4,[3],[3.709110714077983])",0
,,,,,"[0.0,0.0,8.3,1.0]","[0.0,0.0,2.86097687256146,3.709110714077983]",1
,,,,,"(4,[3],[1.0])","(4,[3],[3.709110714077983])",0
,,,,,"[0.0,0.0,9.1,1.0]","[0.0,0.0,3.136733679555335,3.709110714077983]",1
,,,,,"(4,[3],[1.0])","(4,[3],[3.709110714077983])",0
,,,,,"[0.0,0.0,9.2,1.0]","[0.0,0.0,3.171203280429569,3.709110714077983]",1
,,,,,"[0.0,0.0,8.2,1.0]","[0.0,0.0,2.8265072716872246,3.709110714077983]",1
,,,,,"[0.0,0.0,8.7,1.0]","[0.0,0.0,2.998855276058397,3.709110714077983]",1
,,,,,"[0.0,0.0,8.9,1.0]","[0.0,0.0,3.067794477806866,3.709110714077983]",1
,,,,,"[0.0,0.0,9.7,1.0]","[0.0,0.0,3.3435512848007414,3.709110714077983]",1
,,,,,"[0.0,0.0,7.7,1.0]","[0.0,0.0,2.654159267316053,3.709110714077983]",1
,,,,,"[0.0,3.0,8.9,1.0]","[0.0,1.4469607794753012,3.067794477806866,3.709110714077983]",1
,,,,,"[0.0,0.0,8.4,1.0]","[0.0,0.0,2.895446473435694,3.709110714077983]",1
,,,,,"[0.0,2.0,8.5,1.0]","[0.0,0.9646405196502008,2.9299160743099284,3.709110714077983]",1
,,,,,"[0.0,3.0,7.7,1.0]","[0.0,1.4469607794753012,2.654159267316053,3.709110714077983]",1
,,,,,"[0.0,0.0,9.1,1.0]","[0.0,0.0,3.136733679555335,3.709110714077983]",1
,,,,,"[0.0,0.0,7.1,1.0]","[0.0,0.0,2.447341662070646,3.709110714077983]",1
,,,,,"[0.0,0.0,8.1,1.0]","[0.0,0.0,2.7920376708129906,3.709110714077983]",1
,,,,,"[0.0,0.0,8.6,1.0]","[0.0,0.0,2.964385675184163,3.709110714077983]",1
,,,,,"[0.0,0.0,7.0,1.0]","[0.0,0.0,2.4128720611964116,3.709110714077983]",1
,,,,,"[0.0,0.0,8.7,1.0]","[0.0,0.0,2.998855276058397,3.709110714077983]",1
,,,,,"[0.0,0.0,8.6,1.0]","[0.0,0.0,2.964385675184163,3.709110714077983]",1
,,,,,"[0.0,4.0,0.0,1.0]","[0.0,1.9292810393004016,0.0,3.709110714077983]",0
,,,,,"[0.0,3.0,7.9,1.0]","[0.0,1.4469607794753012,2.7230984690645217,3.709110714077983]",1
,,,,,"[0.0,3.0,8.8,1.0]","[0.0,1.4469607794753012,3.033324876932632,3.709110714077983]",1
,,,,,"[0.0,0.0,8.5,1.0]","[0.0,0.0,2.9299160743099284,3.709110714077983]",1
,,,,,"[0.0,0.0,8.6,1.0]","[0.0,0.0,2.964385675184163,3.709110714077983]",1
,,,,,"[0.0,3.0,9.1,1.0]","[0.0,1.4469607794753012,3.136733679555335,3.709110714077983]",1
,,,,,"[0.0,3.0,8.8,1.0]","[0.0,1.4469607794753012,3.033324876932632,3.709110714077983]",1
,,,,,"[0.0,3.0,8.2,1.0]","[0.0,1.4469607794753012,2.8265072716872246,3.709110714077983]",1
,,,,,"[0.0,3.0,8.5,1.0]","[0.0,1.4469607794753012,2.9299160743099284,3.709110714077983]",1
,,,,,"[0.0,3.0,8.7,1.0]","[0.0,1.4469607794753012,2.998855276058397,3.709110714077983]",1
,,,,,"[0.0,0.0,9.0,1.0]","[0.0,0.0,3.1022640786811007,3.709110714077983]",1
,,,,,"[0.0,3.0,8.5,1.0]","[0.0,1.4469607794753012,2.9299160743099284,3.709110714077983]",1
,,,,,"[0.0,2.0,9.1,1.0]","[0.0,0.9646405196502008,3.136733679555335,3.709110714077983]",1
,,,,,"[0.0,3.0,8.6,1.0]","[0.0,1.4469607794753012,2.964385675184163,3.709110714077983]",1
,,,,,"[0.0,3.0,9.1,1.0]","[0.0,1.4469607794753012,3.136733679555335,3.709110714077983]",1
,,,,,"[0.0,3.0,9.5,1.0]","[0.0,1.4469607794753012,3.274612083052273,3.709110714077983]",1
,,,,,"[0.0,4.0,8.2,1.0]","[0.0,1.9292810393004016,2.8265072716872246,3.709110714077983]",1
,,,,,"[0.0,4.0,8.5,1.0]","[0.0,1.9292810393004016,2.9299160743099284,3.709110714077983]",1
,,,,,"[0.0,4.0,8.0,1.0]","[0.0,1.9292810393004016,2.757568069938756,3.709110714077983]",1
,,,,,"[0.0,4.0,8.1,1.0]","[0.0,1.9292810393004016,2.7920376708129906,3.709110714077983]",1
,,,,,"[0.0,0.0,9.0,1.0]","[0.0,0.0,3.1022640786811007,3.709110714077983]",1
,,,,,"(4,[3],[1.0])","(4,[3],[3.709110714077983])",0
,,,,,"[0.0,2.0,8.4,1.0]","[0.0,0.9646405196502008,2.895446473435694,3.709110714077983]",1
,,,,,"[0.0,3.0,0.0,1.0]","[0.0,1.4469607794753012,0.0,3.709110714077983]",0
,,,,,"[0.0,0.0,9.3,1.0]","[0.0,0.0,3.2056728813038045,3.709110714077983]",1
,,,,,"[0.0,0.0,7.9,1.0]","[0.0,0.0,2.7230984690645217,3.709110714077983]",1
,,,,,"[0.0,3.0,8.3,1.0]","[0.0,1.4469607794753012,2.86097687256146,3.709110714077983]",1
,,,,,"[0.0,3.0,7.9,1.0]","[0.0,1.4469607794753012,2.7230984690645217,3.709110714077983]",1
,,,,,"[0.0,3.0,8.7,1.0]","[0.0,1.4469607794753012,2.998855276058397,3.709110714077983]",1
,,,,,"[0.0,0.0,8.8,1.0]","[0.0,0.0,3.033324876932632,3.709110714077983]",1
,,,,,"[0.0,0.0,8.2,1.0]","[0.0,0.0,2.8265072716872246,3.709110714077983]",1
,,,,,"[0.0,0.0,9.0,1.0]","[0.0,0.0,3.1022640786811007,3.709110714077983]",1
,,,,,"[0.0,0.0,9.1,1.0]","[0.0,0.0,3.136733679555335,3.709110714077983]",1
,,,,,"[0.0,0.0,7.1,1.0]","[0.0,0.0,2.447341662070646,3.709110714077983]",1
,,,,,"[0.0,3.0,7.6,1.0]","[0.0,1.4469607794753012,2.6196896664418183,3.709110714077983]",1
,,,,,"(4,[3],[1.0])","(4,[3],[3.709110714077983])",0
,,,,,"[0.0,0.0,9.1,1.0]","[0.0,0.0,3.136733679555335,3.709110714077983]",1
,,,,,"[0.0,0.0,8.2,1.0]","[0.0,0.0,2.8265072716872246,3.709110714077983]",1
,,,,,"[0.0,0.0,9.1,1.0]","[0.0,0.0,3.136733679555335,3.709110714077983]",1
,,,,,"[0.0,3.0,7.7,1.0]","[0.0,1.4469607794753012,2.654159267316053,3.709110714077983]",1
,,,,,"[0.0,3.0,0.0,1.0]","[0.0,1.4469607794753012,0.0,3.709110714077983]",0
,,,,,"[0.0,0.0,9.1,1.0]","[0.0,0.0,3.136733679555335,3.709110714077983]",1
,,,,,"[0.0,0.0,8.4,1.0]","[0.0,0.0,2.895446473435694,3.709110714077983]",1
,,,,,"[0.0,0.0,8.6,1.0]","[0.0,0.0,2.964385675184163,3.709110714077983]",1
,,,,,"[0.0,5.0,4.84,1.0]","[0.0,2.4116012991255023,1.6683286823129475,3.709110714077983]",1
,,,,,"[0.0,2.0,1.465,1.0]","[0.0,0.9646405196502008,0.5049796528075348,3.709110714077983]",0
,,,,,"[0.0,5.0,4.8,1.0]","[0.0,2.4116012991255023,1.6545408419632537,3.709110714077983]",1
,,,,,"[0.0,4.0,4.75,1.0]","[0.0,1.9292810393004016,1.6373060415261365,3.709110714077983]",1
,,,,,"[0.0,4.0,4.7,1.0]","[0.0,1.9292810393004016,1.6200712410890192,3.709110714077983]",1
,,,,,"[0.0,5.0,5.0,1.0]","[0.0,2.4116012991255023,1.7234800437117226,3.709110714077983]",1
,,,,,"(4,[3],[1.0])","(4,[3],[3.709110714077983])",0
,,,,,"[0.0,5.0,4.96,1.0]","[0.0,2.4116012991255023,1.7096922033620288,3.709110714077983]",1
,,,,,"[0.0,5.0,5.0,1.0]","[0.0,2.4116012991255023,1.7234800437117226,3.709110714077983]",1
,,,,,"[0.0,5.0,4.95,1.0]","[0.0,2.4116012991255023,1.7062452432746054,3.709110714077983]",1
,,,,,"[0.0,4.0,4.69,1.0]","[0.0,1.9292810393004016,1.6166242810015958,3.709110714077983]",1
,,,,,"(4,[3],[1.0])","(4,[3],[3.709110714077983])",0
,,,,,"(4,[3],[1.0])","(4,[3],[3.709110714077983])",0
,,,,,"[0.0,5.0,4.84,1.0]","[0.0,2.4116012991255023,1.6683286823129475,3.709110714077983]",1
,,,,,"(4,[3],[1.0])","(4,[3],[3.709110714077983])",0
,,,,,"[0.0,2.0,1.588,1.0]","[0.0,0.9646405196502008,0.5473772618828431,3.709110714077983]",0
,,,,,"[0.0,4.0,4.69,1.0]","[0.0,1.9292810393004016,1.6166242810015958,3.709110714077983]",1
,,,,,"[0.0,5.0,5.0,1.0]","[0.0,2.4116012991255023,1.7234800437117226,3.709110714077983]",1
,,,,,"[0.0,5.0,4.87,1.0]","[0.0,2.4116012991255023,1.678669562575218,3.709110714077983]",1
,,,,,"[0.0,5.0,4.94,1.0]","[0.0,2.4116012991255023,1.702798283187182,3.709110714077983]",1
,,,,,"[0.0,4.0,4.77,1.0]","[0.0,1.9292810393004016,1.6441999617009833,3.709110714077983]",1
,,,,,"[0.0,5.0,4.98,1.0]","[0.0,2.4116012991255023,1.7165861235368758,3.709110714077983]",1
,,,,,"[0.0,5.0,4.89,1.0]","[0.0,2.4116012991255023,1.6855634827500645,3.709110714077983]",1
,,,,,"[0.0,5.0,5.0,1.0]","[0.0,2.4116012991255023,1.7234800437117226,3.709110714077983]",1
,,,,,"(4,[3],[1.0])","(4,[3],[3.709110714077983])",0
,,,,,"[0.0,4.0,4.71,1.0]","[0.0,1.9292810393004016,1.6235182011764426,3.709110714077983]",1
,,,,,"[0.0,5.0,4.89,1.0]","[0.0,2.4116012991255023,1.6855634827500645,3.709110714077983]",1
,,,,,"(4,[3],[1.0])","(4,[3],[3.709110714077983])",0
,,,,,"[0.0,4.0,4.5,1.0]","[0.0,1.9292810393004016,1.5511320393405503,3.709110714077983]",1
,,,,,"[0.0,2.0,1.717,1.0]","[0.0,0.9646405196502008,0.5918430470106055,3.709110714077983]",0
,,,,,"[0.0,4.0,4.54,1.0]","[0.0,1.9292810393004016,1.5649198796902442,3.709110714077983]",1
,,,,,"(4,[3],[1.0])","(4,[3],[3.709110714077983])",0
,,,,,"[0.0,5.0,4.92,1.0]","[0.0,2.4116012991255023,1.695904363012335,3.709110714077983]",1
,,,,,"[0.0,5.0,4.94,1.0]","[0.0,2.4116012991255023,1.702798283187182,3.709110714077983]",1
,,,,,"[0.0,5.0,4.98,1.0]","[0.0,2.4116012991255023,1.7165861235368758,3.709110714077983]",1
,,,,,"[0.0,5.0,5.0,1.0]","[0.0,2.4116012991255023,1.7234800437117226,3.709110714077983]",1
,,,,,"(4,[3],[1.0])","(4,[3],[3.709110714077983])",0
,,,,,"[0.0,4.0,4.76,1.0]","[0.0,1.9292810393004016,1.6407530016135599,3.709110714077983]",1
,,,,,"[0.0,4.0,4.75,1.0]","[0.0,1.9292810393004016,1.6373060415261365,3.709110714077983]",1
,,,,,"[0.0,5.0,5.0,1.0]","[0.0,2.4116012991255023,1.7234800437117226,3.709110714077983]",1
,,,,,"[0.0,5.0,4.97,1.0]","[0.0,2.4116012991255023,1.7131391634494522,3.709110714077983]",1
,,,,,"[0.0,4.0,4.75,1.0]","[0.0,1.9292810393004016,1.6373060415261365,3.709110714077983]",1
,,,,,"[250.0,0.0,0.0,1.0]","[8.251384622647653e-06,0.0,0.0,3.709110714077983]",0
,,,,,"[250.0,0.0,0.0,1.0]","[8.251384622647653e-06,0.0,0.0,3.709110714077983]",0
,,,,,"[250.0,0.0,0.0,1.0]","[8.251384622647653e-06,0.0,0.0,3.709110714077983]",0
,,,,,"[250.0,0.0,0.0,1.0]","[8.251384622647653e-06,0.0,0.0,3.709110714077983]",0
,,,,,"[250.0,0.0,0.0,1.0]","[8.251384622647653e-06,0.0,0.0,3.709110714077983]",0
,,,,,"[250.0,0.0,0.0,1.0]","[8.251384622647653e-06,0.0,0.0,3.709110714077983]",0
,,,,,"[250.0,0.0,0.0,1.0]","[8.251384622647653e-06,0.0,0.0,3.709110714077983]",0
,,,,,"[250.0,0.0,0.0,1.0]","[8.251384622647653e-06,0.0,0.0,3.709110714077983]",0
,,,,,"[250.0,0.0,0.0,1.0]","[8.251384622647653e-06,0.0,0.0,3.709110714077983]",0
,,,,,"[250.0,0.0,0.0,1.0]","[8.251384622647653e-06,0.0,0.0,3.709110714077983]",0
,,,,,"[250.0,0.0,0.0,1.0]","[8.251384622647653e-06,0.0,0.0,3.709110714077983]",0
,,,,,"[250.0,0.0,0.0,1.0]","[8.251384622647653e-06,0.0,0.0,3.709110714077983]",0
,,,,,"[250.0,0.0,0.0,1.0]","[8.251384622647653e-06,0.0,0.0,3.709110714077983]",0
,,,,,"[250.0,0.0,0.0,1.0]","[8.251384622647653e-06,0.0,0.0,3.709110714077983]",0
,,,,,"[250.0,0.0,0.0,1.0]","[8.251384622647653e-06,0.0,0.0,3.709110714077983]",0
,,,,,"[250.0,0.0,0.0,1.0]","[8.251384622647653e-06,0.0,0.0,3.709110714077983]",0
,,,,,"[250.0,0.0,0.0,1.0]","[8.251384622647653e-06,0.0,0.0,3.709110714077983]",0
,,,,,"[250.0,0.0,0.0,1.0]","[8.251384622647653e-06,0.0,0.0,3.709110714077983]",0
,,,,,"[250.0,0.0,0.0,1.0]","[8.251384622647653e-06,0.0,0.0,3.709110714077983]",0
,,,,,"[250.0,0.0,0.0,1.0]","[8.251384622647653e-06,0.0,0.0,3.709110714077983]",0
,,,,,"(4,[3],[1.0])","(4,[3],[3.709110714077983])",0
,,,,,"(4,[3],[1.0])","(4,[3],[3.709110714077983])",0
,,,,,"(4,[3],[1.0])","(4,[3],[3.709110714077983])",0
,,,,,"[0.0,0.0,4.5,1.0]","[0.0,0.0,1.5511320393405503,3.709110714077983]",0
,,,,,"[0.0,0.0,4.5,1.0]","[0.0,0.0,1.5511320393405503,3.709110714077983]",0
,,,,,"[0.0,0.0,4.5,1.0]","[0.0,0.0,1.5511320393405503,3.709110714077983]",0
,,,,,"[0.0,0.0,4.5,1.0]","[0.0,0.0,1.5511320393405503,3.709110714077983]",0
,,,,,"[0.0,0.0,4.5,1.0]","[0.0,0.0,1.5511320393405503,3.709110714077983]",0
,,,,,"[0.0,0.0,4.5,1.0]","[0.0,0.0,1.5511320393405503,3.709110714077983]",0
,,,,,"[0.0,0.0,4.5,1.0]","[0.0,0.0,1.5511320393405503,3.709110714077983]",0
,,,,,"[0.0,0.0,4.5,1.0]","[0.0,0.0,1.5511320393405503,3.709110714077983]",0
,,,,,"[0.0,0.0,4.5,1.0]","[0.0,0.0,1.5511320393405503,3.709110714077983]",0
,,,,,"[0.0,0.0,4.5,1.0]","[0.0,0.0,1.5511320393405503,3.709110714077983]",0
,,,,,"[0.0,0.0,4.5,1.0]","[0.0,0.0,1.5511320393405503,3.709110714077983]",0
,,,,,"[0.0,0.0,4.5,1.0]","[0.0,0.0,1.5511320393405503,3.709110714077983]",0
,,,,,"[0.0,0.0,4.5,1.0]","[0.0,0.0,1.5511320393405503,3.709110714077983]",0
,,,,,"[0.0,0.0,4.5,1.0]","[0.0,0.0,1.5511320393405503,3.709110714077983]",0
,,,,,"[0.0,0.0,4.5,1.0]","[0.0,0.0,1.5511320393405503,3.709110714077983]",0
,,,,,"[0.0,0.0,4.5,1.0]","[0.0,0.0,1.5511320393405503,3.709110714077983]",0
,,,,,"[0.0,0.0,4.5,1.0]","[0.0,0.0,1.5511320393405503,3.709110714077983]",0
,,,,,"[0.0,0.0,4.5,1.0]","[0.0,0.0,1.5511320393405503,3.709110714077983]",0
,,,,,"[0.0,0.0,4.5,1.0]","[0.0,0.0,1.5511320393405503,3.709110714077983]",0
,,,,,"[0.0,0.0,4.5,1.0]","[0.0,0.0,1.5511320393405503,3.709110714077983]",0
,,,,,"[0.0,0.0,4.5,1.0]","[0.0,0.0,1.5511320393405503,3.709110714077983]",0
,,,,,"[0.0,0.0,4.5,1.0]","[0.0,0.0,1.5511320393405503,3.709110714077983]",0
,,,,,"[0.0,0.0,4.5,1.0]","[0.0,0.0,1.5511320393405503,3.709110714077983]",0
,,,,,"[0.0,0.0,4.5,1.0]","[0.0,0.0,1.5511320393405503,3.709110714077983]",0
,,,,,"[0.0,0.0,4.5,1.0]","[0.0,0.0,1.5511320393405503,3.709110714077983]",0
,,,,,"[0.0,0.0,4.5,1.0]","[0.0,0.0,1.5511320393405503,3.709110714077983]",0
,,,,,"[0.0,0.0,4.5,1.0]","[0.0,0.0,1.5511320393405503,3.709110714077983]",0
,,,,,"[0.0,0.0,4.5,1.0]","[0.0,0.0,1.5511320393405503,3.709110714077983]",0
,,,,,"[0.0,0.0,4.5,1.0]","[0.0,0.0,1.5511320393405503,3.709110714077983]",0
,,,,,"[0.0,0.0,4.5,1.0]","[0.0,0.0,1.5511320393405503,3.709110714077983]",0
,,,,,"[0.0,0.0,4.5,1.0]","[0.0,0.0,1.5511320393405503,3.709110714077983]",0
,,,,,"[0.0,0.0,4.5,1.0]","[0.0,0.0,1.5511320393405503,3.709110714077983]",0
,,,,,"[0.0,0.0,4.5,1.0]","[0.0,0.0,1.5511320393405503,3.709110714077983]",0
,,,,,"[0.0,0.0,4.5,1.0]","[0.0,0.0,1.5511320393405503,3.709110714077983]",0
,,,,,"[0.0,0.0,4.5,1.0]","[0.0,0.0,1.5511320393405503,3.709110714077983]",0
,,,,,"[0.0,0.0,4.5,1.0]","[0.0,0.0,1.5511320393405503,3.709110714077983]",0
,,,,,"[0.0,0.0,4.5,1.0]","[0.0,0.0,1.5511320393405503,3.709110714077983]",0
,,,,,"[0.0,0.0,4.5,1.0]","[0.0,0.0,1.5511320393405503,3.709110714077983]",0
,,,,,"[0.0,0.0,4.5,1.0]","[0.0,0.0,1.5511320393405503,3.709110714077983]",0
,,,,,"[0.0,0.0,4.5,1.0]","[0.0,0.0,1.5511320393405503,3.709110714077983]",0
,,,,,"[0.0,0.0,4.5,1.0]","[0.0,0.0,1.5511320393405503,3.709110714077983]",0
,,,,,"[0.0,0.0,4.5,1.0]","[0.0,0.0,1.5511320393405503,3.709110714077983]",0
,,,,,"[0.0,0.0,4.5,1.0]","[0.0,0.0,1.5511320393405503,3.709110714077983]",0
,,,,,"[0.0,0.0,4.5,1.0]","[0.0,0.0,1.5511320393405503,3.709110714077983]",0
,,,,,"[0.0,0.0,4.5,1.0]","[0.0,0.0,1.5511320393405503,3.709110714077983]",0
,,,,,"[0.0,0.0,4.5,1.0]","[0.0,0.0,1.5511320393405503,3.709110714077983]",0
,,,,,"[0.0,0.0,4.5,1.0]","[0.0,0.0,1.5511320393405503,3.709110714077983]",0
,,,,,"[0.0,0.0,4.5,1.0]","[0.0,0.0,1.5511320393405503,3.709110714077983]",0
,,,,,"[0.0,0.0,4.5,1.0]","[0.0,0.0,1.5511320393405503,3.709110714077983]",0
,,,,,"[0.0,0.0,4.5,1.0]","[0.0,0.0,1.5511320393405503,3.709110714077983]",0
,,,,,"[0.0,0.0,4.5,1.0]","[0.0,0.0,1.5511320393405503,3.709110714077983]",0
,,,,,"[0.0,0.0,4.5,1.0]","[0.0,0.0,1.5511320393405503,3.709110714077983]",0
,,,,,"[0.0,0.0,4.5,1.0]","[0.0,0.0,1.5511320393405503,3.709110714077983]",0
,,,,,"[0.0,0.0,4.5,1.0]","[0.0,0.0,1.5511320393405503,3.709110714077983]",0
,,,,,"[0.0,0.0,4.5,1.0]","[0.0,0.0,1.5511320393405503,3.709110714077983]",0
,,,,,"[0.0,0.0,4.5,1.0]","[0.0,0.0,1.5511320393405503,3.709110714077983]",0
,,,,,"[0.0,0.0,4.5,1.0]","[0.0,0.0,1.5511320393405503,3.709110714077983]",0
,,,,,"[0.0,0.0,4.5,1.0]","[0.0,0.0,1.5511320393405503,3.709110714077983]",0
,,,,,"[0.0,0.0,4.5,1.0]","[0.0,0.0,1.5511320393405503,3.709110714077983]",0
,,,,,"[0.0,0.0,4.5,1.0]","[0.0,0.0,1.5511320393405503,3.709110714077983]",0
,,,,,"[0.0,0.0,4.5,1.0]","[0.0,0.0,1.5511320393405503,3.709110714077983]",0
,,,,,"[0.0,0.0,4.5,1.0]","[0.0,0.0,1.5511320393405503,3.709110714077983]",0
,,,,,"[0.0,0.0,4.5,1.0]","[0.0,0.0,1.5511320393405503,3.709110714077983]",0
,,,,,"[0.0,0.0,4.5,1.0]","[0.0,0.0,1.5511320393405503,3.709110714077983]",0
,,,,,"[0.0,0.0,4.5,1.0]","[0.0,0.0,1.5511320393405503,3.709110714077983]",0
,,,,,"[0.0,0.0,4.5,1.0]","[0.0,0.0,1.5511320393405503,3.709110714077983]",0
,,,,,"[0.0,0.0,4.5,1.0]","[0.0,0.0,1.5511320393405503,3.709110714077983]",0
,,,,,"[0.0,0.0,4.5,1.0]","[0.0,0.0,1.5511320393405503,3.709110714077983]",0
,,,,,"[0.0,0.0,4.5,1.0]","[0.0,0.0,1.5511320393405503,3.709110714077983]",0
,,,,,"[0.0,0.0,4.5,1.0]","[0.0,0.0,1.5511320393405503,3.709110714077983]",0
,,,,,"[0.0,0.0,4.5,1.0]","[0.0,0.0,1.5511320393405503,3.709110714077983]",0
,,,,,"[0.0,0.0,4.5,1.0]","[0.0,0.0,1.5511320393405503,3.709110714077983]",0
,,,,,"[0.0,0.0,4.5,1.0]","[0.0,0.0,1.5511320393405503,3.709110714077983]",0
,,,,,"[0.0,0.0,4.5,1.0]","[0.0,0.0,1.5511320393405503,3.709110714077983]",0
,,,,,"[0.0,0.0,4.5,1.0]","[0.0,0.0,1.5511320393405503,3.709110714077983]",0
,,,,,"[0.0,0.0,4.5,1.0]","[0.0,0.0,1.5511320393405503,3.709110714077983]",0
,,,,,"[0.0,0.0,4.5,1.0]","[0.0,0.0,1.5511320393405503,3.709110714077983]",0
,,,,,"[0.0,0.0,4.5,1.0]","[0.0,0.0,1.5511320393405503,3.709110714077983]",0
,,,,,"[0.0,0.0,4.5,1.0]","[0.0,0.0,1.5511320393405503,3.709110714077983]",0
,,,,,"[0.0,0.0,4.5,1.0]","[0.0,0.0,1.5511320393405503,3.709110714077983]",0
,,,,,"[0.0,0.0,4.5,1.0]","[0.0,0.0,1.5511320393405503,3.709110714077983]",0
,,,,,"[0.0,0.0,4.5,1.0]","[0.0,0.0,1.5511320393405503,3.709110714077983]",0
,,,,,"[0.0,0.0,4.5,1.0]","[0.0,0.0,1.5511320393405503,3.709110714077983]",0
,,,,,"[0.0,0.0,4.5,1.0]","[0.0,0.0,1.5511320393405503,3.709110714077983]",0
,,,,,"[0.0,0.0,4.5,1.0]","[0.0,0.0,1.5511320393405503,3.709110714077983]",0
,,,,,"[0.0,0.0,4.5,1.0]","[0.0,0.0,1.5511320393405503,3.709110714077983]",0
,,,,,"[0.0,0.0,4.5,1.0]","[0.0,0.0,1.5511320393405503,3.709110714077983]",0
,,,,,"[0.0,0.0,4.5,1.0]","[0.0,0.0,1.5511320393405503,3.709110714077983]",0
,,,,,"[0.0,0.0,4.5,1.0]","[0.0,0.0,1.5511320393405503,3.709110714077983]",0
,,,,,"[0.0,0.0,4.5,1.0]","[0.0,0.0,1.5511320393405503,3.709110714077983]",0
,,,,,"[0.0,0.0,4.5,1.0]","[0.0,0.0,1.5511320393405503,3.709110714077983]",0
,,,,,"[0.0,0.0,4.5,1.0]","[0.0,0.0,1.5511320393405503,3.709110714077983]",0
,,,,,"[0.0,0.0,4.5,1.0]","[0.0,0.0,1.5511320393405503,3.709110714077983]",0
,,,,,"[0.0,0.0,4.5,1.0]","[0.0,0.0,1.5511320393405503,3.709110714077983]",0
,,,,,"[0.0,0.0,4.5,1.0]","[0.0,0.0,1.5511320393405503,3.709110714077983]",0
,,,,,"[0.0,0.0,4.5,1.0]","[0.0,0.0,1.5511320393405503,3.709110714077983]",0
,,,,,"[0.0,0.0,4.5,1.0]","[0.0,0.0,1.5511320393405503,3.709110714077983]",0
,,,,,"[0.0,0.0,4.5,1.0]","[0.0,0.0,1.5511320393405503,3.709110714077983]",0
,,,,,"[0.0,0.0,4.5,1.0]","[0.0,0.0,1.5511320393405503,3.709110714077983]",0
,,,,,"[0.0,0.0,4.5,1.0]","[0.0,0.0,1.5511320393405503,3.709110714077983]",0
,,,,,"[0.0,0.0,4.5,1.0]","[0.0,0.0,1.5511320393405503,3.709110714077983]",0
,,,,,"[0.0,0.0,4.5,1.0]","[0.0,0.0,1.5511320393405503,3.709110714077983]",0
,,,,,"[0.0,0.0,4.5,1.0]","[0.0,0.0,1.5511320393405503,3.709110714077983]",0
,,,,,"[0.0,0.0,4.5,1.0]","[0.0,0.0,1.5511320393405503,3.709110714077983]",0
,,,,,"[0.0,0.0,4.5,1.0]","[0.0,0.0,1.5511320393405503,3.709110714077983]",0
,,,,,"[0.0,0.0,4.5,1.0]","[0.0,0.0,1.5511320393405503,3.709110714077983]",0
,,,,,"[0.0,0.0,4.5,1.0]","[0.0,0.0,1.5511320393405503,3.709110714077983]",0
,,,,,"[0.0,0.0,4.5,1.0]","[0.0,0.0,1.5511320393405503,3.709110714077983]",0
,,,,,"[0.0,0.0,4.5,1.0]","[0.0,0.0,1.5511320393405503,3.709110714077983]",0
,,,,,"[0.0,0.0,4.5,1.0]","[0.0,0.0,1.5511320393405503,3.709110714077983]",0
,,,,,"[0.0,0.0,4.5,1.0]","[0.0,0.0,1.5511320393405503,3.709110714077983]",0
,,,,,"[0.0,0.0,4.5,1.0]","[0.0,0.0,1.5511320393405503,3.709110714077983]",0
,,,,,"[0.0,0.0,4.5,1.0]","[0.0,0.0,1.5511320393405503,3.709110714077983]",0
,,,,,"[0.0,0.0,4.5,1.0]","[0.0,0.0,1.5511320393405503,3.709110714077983]",0
,,,,,"[0.0,0.0,4.5,1.0]","[0.0,0.0,1.5511320393405503,3.709110714077983]",0
,,,,,"[0.0,0.0,4.5,1.0]","[0.0,0.0,1.5511320393405503,3.709110714077983]",0
,,,,,"[0.0,0.0,4.5,1.0]","[0.0,0.0,1.5511320393405503,3.709110714077983]",0
,,,,,"[0.0,0.0,4.5,1.0]","[0.0,0.0,1.5511320393405503,3.709110714077983]",0
,,,,,"[0.0,0.0,4.5,1.0]","[0.0,0.0,1.5511320393405503,3.709110714077983]",0
,,,,,"[0.0,0.0,4.5,1.0]","[0.0,0.0,1.5511320393405503,3.709110714077983]",0
,,,,,"[0.0,0.0,4.5,1.0]","[0.0,0.0,1.5511320393405503,3.709110714077983]",0
,,,,,"[0.0,0.0,4.5,1.0]","[0.0,0.0,1.5511320393405503,3.709110714077983]",0
,,,,,"[0.0,0.0,4.5,1.0]","[0.0,0.0,1.5511320393405503,3.709110714077983]",0
,,,,,"[0.0,0.0,4.5,1.0]","[0.0,0.0,1.5511320393405503,3.709110714077983]",0
,,,,,"[0.0,0.0,4.5,1.0]","[0.0,0.0,1.5511320393405503,3.709110714077983]",0
,,,,,"[0.0,0.0,4.5,1.0]","[0.0,0.0,1.5511320393405503,3.709110714077983]",0
,,,,,"[0.0,0.0,4.5,1.0]","[0.0,0.0,1.5511320393405503,3.709110714077983]",0
,,,,,"[0.0,0.0,4.5,1.0]","[0.0,0.0,1.5511320393405503,3.709110714077983]",0
,,,,,"[0.0,0.0,4.5,1.0]","[0.0,0.0,1.5511320393405503,3.709110714077983]",0
,,,,,"[0.0,0.0,4.5,1.0]","[0.0,0.0,1.5511320393405503,3.709110714077983]",0
,,,,,"[0.0,0.0,4.5,1.0]","[0.0,0.0,1.5511320393405503,3.709110714077983]",0
,,,,,"[0.0,0.0,4.5,1.0]","[0.0,0.0,1.5511320393405503,3.709110714077983]",0
,,,,,"[0.0,0.0,4.5,1.0]","[0.0,0.0,1.5511320393405503,3.709110714077983]",0
,,,,,"[0.0,0.0,4.5,1.0]","[0.0,0.0,1.5511320393405503,3.709110714077983]",0
,,,,,"[0.0,0.0,4.5,1.0]","[0.0,0.0,1.5511320393405503,3.709110714077983]",0
,,,,,"[0.0,0.0,4.5,1.0]","[0.0,0.0,1.5511320393405503,3.709110714077983]",0
,,,,,"[0.0,0.0,4.5,1.0]","[0.0,0.0,1.5511320393405503,3.709110714077983]",0
,,,,,"[0.0,0.0,4.5,1.0]","[0.0,0.0,1.5511320393405503,3.709110714077983]",0
,,,,,"[0.0,0.0,4.5,1.0]","[0.0,0.0,1.5511320393405503,3.709110714077983]",0
,,,,,"[0.0,0.0,4.5,1.0]","[0.0,0.0,1.5511320393405503,3.709110714077983]",0
,,,,,"[0.0,0.0,4.5,1.0]","[0.0,0.0,1.5511320393405503,3.709110714077983]",0
,,,,,"[0.0,0.0,4.5,1.0]","[0.0,0.0,1.5511320393405503,3.709110714077983]",0
,,,,,"[0.0,0.0,4.5,1.0]","[0.0,0.0,1.5511320393405503,3.709110714077983]",0
,,,,,"[0.0,0.0,4.5,1.0]","[0.0,0.0,1.5511320393405503,3.709110714077983]",0
,,,,,"[0.0,0.0,4.5,1.0]","[0.0,0.0,1.5511320393405503,3.709110714077983]",0
,,,,,"[0.0,0.0,4.5,1.0]","[0.0,0.0,1.5511320393405503,3.709110714077983]",0
,,,,,"[0.0,0.0,4.5,1.0]","[0.0,0.0,1.5511320393405503,3.709110714077983]",0
,,,,,"[0.0,0.0,4.5,1.0]","[0.0,0.0,1.5511320393405503,3.709110714077983]",0
,,,,,"[0.0,0.0,4.5,1.0]","[0.0,0.0,1.5511320393405503,3.709110714077983]",0
,,,,,"[0.0,0.0,4.5,1.0]","[0.0,0.0,1.5511320393405503,3.709110714077983]",0
,,,,,"[0.0,0.0,4.5,1.0]","[0.0,0.0,1.5511320393405503,3.709110714077983]",0
,,,,,"[0.0,0.0,4.5,1.0]","[0.0,0.0,1.5511320393405503,3.709110714077983]",0
,,,,,"[0.0,0.0,4.5,1.0]","[0.0,0.0,1.5511320393405503,3.709110714077983]",0
,,,,,"[0.0,0.0,4.5,1.0]","[0.0,0.0,1.5511320393405503,3.709110714077983]",0
,,,,,"[0.0,0.0,4.5,1.0]","[0.0,0.0,1.5511320393405503,3.709110714077983]",0
,,,,,"[0.0,0.0,4.5,1.0]","[0.0,0.0,1.5511320393405503,3.709110714077983]",0
,,,,,"[0.0,0.0,4.5,1.0]","[0.0,0.0,1.5511320393405503,3.709110714077983]",0
,,,,,"[0.0,0.0,4.5,1.0]","[0.0,0.0,1.5511320393405503,3.709110714077983]",0
,,,,,"[0.0,0.0,4.5,1.0]","[0.0,0.0,1.5511320393405503,3.709110714077983]",0
,,,,,"[0.0,0.0,4.5,1.0]","[0.0,0.0,1.5511320393405503,3.709110714077983]",0
,,,,,"[0.0,0.0,4.5,1.0]","[0.0,0.0,1.5511320393405503,3.709110714077983]",0
,,,,,"[0.0,0.0,4.5,1.0]","[0.0,0.0,1.5511320393405503,3.709110714077983]",0
,,,,,"[0.0,0.0,4.5,1.0]","[0.0,0.0,1.5511320393405503,3.709110714077983]",0
,,,,,"[0.0,0.0,4.5,1.0]","[0.0,0.0,1.5511320393405503,3.709110714077983]",0
,,,,,"[0.0,0.0,4.5,1.0]","[0.0,0.0,1.5511320393405503,3.709110714077983]",0
,,,,,"[0.0,0.0,4.5,1.0]","[0.0,0.0,1.5511320393405503,3.709110714077983]",0
,,,,,"[0.0,0.0,4.5,1.0]","[0.0,0.0,1.5511320393405503,3.709110714077983]",0
,,,,,"[0.0,0.0,4.5,1.0]","[0.0,0.0,1.5511320393405503,3.709110714077983]",0
,,,,,"[0.0,0.0,4.5,1.0]","[0.0,0.0,1.5511320393405503,3.709110714077983]",0
,,,,,"[0.0,0.0,4.5,1.0]","[0.0,0.0,1.5511320393405503,3.709110714077983]",0
,,,,,"[0.0,0.0,4.5,1.0]","[0.0,0.0,1.5511320393405503,3.709110714077983]",0
,,,,,"[0.0,0.0,4.5,1.0]","[0.0,0.0,1.5511320393405503,3.709110714077983]",0
,,,,,"[0.0,0.0,4.5,1.0]","[0.0,0.0,1.5511320393405503,3.709110714077983]",0
,,,,,"[0.0,0.0,4.5,1.0]","[0.0,0.0,1.5511320393405503,3.709110714077983]",0
,,,,,"[0.0,0.0,4.5,1.0]","[0.0,0.0,1.5511320393405503,3.709110714077983]",0
,,,,,"[0.0,0.0,4.5,1.0]","[0.0,0.0,1.5511320393405503,3.709110714077983]",0
,,,,,"[0.0,0.0,4.5,1.0]","[0.0,0.0,1.5511320393405503,3.709110714077983]",0
,,,,,"[0.0,0.0,4.5,1.0]","[0.0,0.0,1.5511320393405503,3.709110714077983]",0
,,,,,"[0.0,0.0,4.5,1.0]","[0.0,0.0,1.5511320393405503,3.709110714077983]",0
,,,,,"[0.0,0.0,4.5,1.0]","[0.0,0.0,1.5511320393405503,3.709110714077983]",0
,,,,,"[0.0,0.0,4.5,1.0]","[0.0,0.0,1.5511320393405503,3.709110714077983]",0
,,,,,"[0.0,0.0,4.5,1.0]","[0.0,0.0,1.5511320393405503,3.709110714077983]",0
,,,,,"[0.0,0.0,4.5,1.0]","[0.0,0.0,1.5511320393405503,3.709110714077983]",0
,,,,,"[0.0,0.0,4.5,1.0]","[0.0,0.0,1.5511320393405503,3.709110714077983]",0
,,,,,"[0.0,0.0,4.5,1.0]","[0.0,0.0,1.5511320393405503,3.709110714077983]",0
,,,,,"[0.0,0.0,4.5,1.0]","[0.0,0.0,1.5511320393405503,3.709110714077983]",0
,,,,,"[0.0,0.0,4.5,1.0]","[0.0,0.0,1.5511320393405503,3.709110714077983]",0
,,,,,"[0.0,0.0,4.5,1.0]","[0.0,0.0,1.5511320393405503,3.709110714077983]",0
,,,,,"[0.0,0.0,4.5,1.0]","[0.0,0.0,1.5511320393405503,3.709110714077983]",0
,,,,,"[0.0,0.0,4.5,1.0]","[0.0,0.0,1.5511320393405503,3.709110714077983]",0
,,,,,"[0.0,0.0,4.5,1.0]","[0.0,0.0,1.5511320393405503,3.709110714077983]",0
,,,,,"[0.0,0.0,4.5,1.0]","[0.0,0.0,1.5511320393405503,3.709110714077983]",0
,,,,,"[0.0,0.0,4.5,1.0]","[0.0,0.0,1.5511320393405503,3.709110714077983]",0
,,,,,"[0.0,0.0,4.5,1.0]","[0.0,0.0,1.5511320393405503,3.709110714077983]",0
,,,,,"[0.0,0.0,4.5,1.0]","[0.0,0.0,1.5511320393405503,3.709110714077983]",0
,,,,,"[0.0,0.0,4.5,1.0]","[0.0,0.0,1.5511320393405503,3.709110714077983]",0
,,,,,"[0.0,0.0,4.5,1.0]","[0.0,0.0,1.5511320393405503,3.709110714077983]",0
,,,,,"[0.0,0.0,4.5,1.0]","[0.0,0.0,1.5511320393405503,3.709110714077983]",0
,,,,,"[0.0,0.0,4.5,1.0]","[0.0,0.0,1.5511320393405503,3.709110714077983]",0
,,,,,"[0.0,0.0,4.5,1.0]","[0.0,0.0,1.5511320393405503,3.709110714077983]",0
,,,,,"[0.0,0.0,4.5,1.0]","[0.0,0.0,1.5511320393405503,3.709110714077983]",0
,,,,,"[0.0,0.0,4.5,1.0]","[0.0,0.0,1.5511320393405503,3.709110714077983]",0
,,,,,"[0.0,0.0,4.5,1.0]","[0.0,0.0,1.5511320393405503,3.709110714077983]",0
,,,,,"[0.0,0.0,4.5,1.0]","[0.0,0.0,1.5511320393405503,3.709110714077983]",0
,,,,,"[0.0,0.0,4.5,1.0]","[0.0,0.0,1.5511320393405503,3.709110714077983]",0
,,,,,"[0.0,0.0,4.5,1.0]","[0.0,0.0,1.5511320393405503,3.709110714077983]",0
,,,,,"[0.0,0.0,4.5,1.0]","[0.0,0.0,1.5511320393405503,3.709110714077983]",0
,,,,,"[0.0,0.0,4.5,1.0]","[0.0,0.0,1.5511320393405503,3.709110714077983]",0
,,,,,"[0.0,0.0,4.5,1.0]","[0.0,0.0,1.5511320393405503,3.709110714077983]",0
,,,,,"[0.0,0.0,4.5,1.0]","[0.0,0.0,1.5511320393405503,3.709110714077983]",0
,,,,,"[0.0,0.0,4.5,1.0]","[0.0,0.0,1.5511320393405503,3.709110714077983]",0
,,,,,"[0.0,0.0,4.5,1.0]","[0.0,0.0,1.5511320393405503,3.709110714077983]",0
,,,,,"[0.0,0.0,4.5,1.0]","[0.0,0.0,1.5511320393405503,3.709110714077983]",0
,,,,,"[0.0,0.0,4.5,1.0]","[0.0,0.0,1.5511320393405503,3.709110714077983]",0
,,,,,"[0.0,0.0,4.5,1.0]","[0.0,0.0,1.5511320393405503,3.709110714077983]",0
,,,,,"[0.0,0.0,4.5,1.0]","[0.0,0.0,1.5511320393405503,3.709110714077983]",0
,,,,,"[0.0,0.0,4.5,1.0]","[0.0,0.0,1.5511320393405503,3.709110714077983]",0
,,,,,"[0.0,0.0,4.5,1.0]","[0.0,0.0,1.5511320393405503,3.709110714077983]",0
,,,,,"[0.0,0.0,4.5,1.0]","[0.0,0.0,1.5511320393405503,3.709110714077983]",0
,,,,,"[0.0,0.0,4.5,1.0]","[0.0,0.0,1.5511320393405503,3.709110714077983]",0
,,,,,"[0.0,0.0,4.5,1.0]","[0.0,0.0,1.5511320393405503,3.709110714077983]",0
,,,,,"[0.0,0.0,4.5,1.0]","[0.0,0.0,1.5511320393405503,3.709110714077983]",0
,,,,,"[0.0,0.0,4.5,1.0]","[0.0,0.0,1.5511320393405503,3.709110714077983]",0
,,,,,"[0.0,0.0,4.5,1.0]","[0.0,0.0,1.5511320393405503,3.709110714077983]",0
,,,,,"[0.0,0.0,4.5,1.0]","[0.0,0.0,1.5511320393405503,3.709110714077983]",0
,,,,,"[0.0,0.0,4.5,1.0]","[0.0,0.0,1.5511320393405503,3.709110714077983]",0
,,,,,"[0.0,0.0,4.5,1.0]","[0.0,0.0,1.5511320393405503,3.709110714077983]",0
,,,,,"[0.0,0.0,4.5,1.0]","[0.0,0.0,1.5511320393405503,3.709110714077983]",0
,,,,,"[0.0,0.0,4.5,1.0]","[0.0,0.0,1.5511320393405503,3.709110714077983]",0
,,,,,"[0.0,0.0,4.5,1.0]","[0.0,0.0,1.5511320393405503,3.709110714077983]",0
,,,,,"[0.0,0.0,4.5,1.0]","[0.0,0.0,1.5511320393405503,3.709110714077983]",0
,,,,,"[0.0,0.0,4.5,1.0]","[0.0,0.0,1.5511320393405503,3.709110714077983]",0
,,,,,"[0.0,0.0,4.5,1.0]","[0.0,0.0,1.5511320393405503,3.709110714077983]",0
,,,,,"[0.0,0.0,4.5,1.0]","[0.0,0.0,1.5511320393405503,3.709110714077983]",0
,,,,,"[0.0,0.0,4.5,1.0]","[0.0,0.0,1.5511320393405503,3.709110714077983]",0
,,,,,"[0.0,0.0,4.5,1.0]","[0.0,0.0,1.5511320393405503,3.709110714077983]",0
,,,,,"[0.0,0.0,4.5,1.0]","[0.0,0.0,1.5511320393405503,3.709110714077983]",0
,,,,,"[0.0,0.0,4.5,1.0]","[0.0,0.0,1.5511320393405503,3.709110714077983]",0
,,,,,"[0.0,0.0,4.5,1.0]","[0.0,0.0,1.5511320393405503,3.709110714077983]",0
,,,,,"[0.0,0.0,4.5,1.0]","[0.0,0.0,1.5511320393405503,3.709110714077983]",0
,,,,,"[0.0,0.0,4.5,1.0]","[0.0,0.0,1.5511320393405503,3.709110714077983]",0
,,,,,"[0.0,0.0,4.5,1.0]","[0.0,0.0,1.5511320393405503,3.709110714077983]",0
,,,,,"[0.0,0.0,4.5,1.0]","[0.0,0.0,1.5511320393405503,3.709110714077983]",0
,,,,,"[0.0,0.0,4.5,1.0]","[0.0,0.0,1.5511320393405503,3.709110714077983]",0
,,,,,"[0.0,0.0,4.5,1.0]","[0.0,0.0,1.5511320393405503,3.709110714077983]",0
,,,,,"[0.0,0.0,4.5,1.0]","[0.0,0.0,1.5511320393405503,3.709110714077983]",0
,,,,,"[0.0,0.0,4.5,1.0]","[0.0,0.0,1.5511320393405503,3.709110714077983]",0
,,,,,"[0.0,0.0,4.5,1.0]","[0.0,0.0,1.5511320393405503,3.709110714077983]",0
,,,,,"[0.0,0.0,4.5,1.0]","[0.0,0.0,1.5511320393405503,3.709110714077983]",0
,,,,,"[0.0,0.0,4.5,1.0]","[0.0,0.0,1.5511320393405503,3.709110714077983]",0
,,,,,"[0.0,0.0,4.5,1.0]","[0.0,0.0,1.5511320393405503,3.709110714077983]",0
,,,,,"[0.0,0.0,4.5,1.0]","[0.0,0.0,1.5511320393405503,3.709110714077983]",0
,,,,,"[0.0,0.0,4.5,1.0]","[0.0,0.0,1.5511320393405503,3.709110714077983]",0
,,,,,"[0.0,0.0,4.5,1.0]","[0.0,0.0,1.5511320393405503,3.709110714077983]",0
,,,,,"[0.0,0.0,4.5,1.0]","[0.0,0.0,1.5511320393405503,3.709110714077983]",0
,,,,,"[0.0,0.0,4.5,1.0]","[0.0,0.0,1.5511320393405503,3.709110714077983]",0
,,,,,"[0.0,0.0,4.5,1.0]","[0.0,0.0,1.5511320393405503,3.709110714077983]",0
,,,,,"[0.0,0.0,4.5,1.0]","[0.0,0.0,1.5511320393405503,3.709110714077983]",0
,,,,,"[0.0,0.0,4.5,1.0]","[0.0,0.0,1.5511320393405503,3.709110714077983]",0
,,,,,"[0.0,0.0,4.5,1.0]","[0.0,0.0,1.5511320393405503,3.709110714077983]",0
,,,,,"[0.0,0.0,4.5,1.0]","[0.0,0.0,1.5511320393405503,3.709110714077983]",0
,,,,,"[0.0,0.0,4.5,1.0]","[0.0,0.0,1.5511320393405503,3.709110714077983]",0
,,,,,"[0.0,0.0,4.5,1.0]","[0.0,0.0,1.5511320393405503,3.709110714077983]",0
,,,,,"[0.0,0.0,4.5,1.0]","[0.0,0.0,1.5511320393405503,3.709110714077983]",0
,,,,,"[0.0,0.0,4.5,1.0]","[0.0,0.0,1.5511320393405503,3.709110714077983]",0
,,,,,"[0.0,0.0,4.5,1.0]","[0.0,0.0,1.5511320393405503,3.709110714077983]",0
,,,,,"[0.0,0.0,4.5,1.0]","[0.0,0.0,1.5511320393405503,3.709110714077983]",0
,,,,,"[0.0,0.0,4.5,1.0]","[0.0,0.0,1.5511320393405503,3.709110714077983]",0
,,,,,"[0.0,0.0,4.5,1.0]","[0.0,0.0,1.5511320393405503,3.709110714077983]",0
,,,,,"[0.0,0.0,4.5,1.0]","[0.0,0.0,1.5511320393405503,3.709110714077983]",0
,,,,,"[0.0,0.0,4.5,1.0]","[0.0,0.0,1.5511320393405503,3.709110714077983]",0
,,,,,"[0.0,0.0,4.5,1.0]","[0.0,0.0,1.5511320393405503,3.709110714077983]",0
,,,,,"[0.0,0.0,4.5,1.0]","[0.0,0.0,1.5511320393405503,3.709110714077983]",0
,,,,,"[0.0,0.0,4.5,1.0]","[0.0,0.0,1.5511320393405503,3.709110714077983]",0
,,,,,"[0.0,0.0,4.5,1.0]","[0.0,0.0,1.5511320393405503,3.709110714077983]",0
,,,,,"[0.0,0.0,4.5,1.0]","[0.0,0.0,1.5511320393405503,3.709110714077983]",0
,,,,,"[0.0,0.0,4.5,1.0]","[0.0,0.0,1.5511320393405503,3.709110714077983]",0
,,,,,"[0.0,0.0,4.5,1.0]","[0.0,0.0,1.5511320393405503,3.709110714077983]",0
,,,,,"[0.0,0.0,4.5,1.0]","[0.0,0.0,1.5511320393405503,3.709110714077983]",0
,,,,,"[0.0,0.0,4.5,1.0]","[0.0,0.0,1.5511320393405503,3.709110714077983]",0
,,,,,"[0.0,0.0,4.5,1.0]","[0.0,0.0,1.5511320393405503,3.709110714077983]",0
,,,,,"[0.0,0.0,4.5,1.0]","[0.0,0.0,1.5511320393405503,3.709110714077983]",0
,,,,,"[0.0,0.0,4.5,1.0]","[0.0,0.0,1.5511320393405503,3.709110714077983]",0
,,,,,"[0.0,0.0,4.5,1.0]","[0.0,0.0,1.5511320393405503,3.709110714077983]",0
,,,,,"[0.0,0.0,4.5,1.0]","[0.0,0.0,1.5511320393405503,3.709110714077983]",0
,,,,,"[0.0,0.0,4.5,1.0]","[0.0,0.0,1.5511320393405503,3.709110714077983]",0
,,,,,"[0.0,0.0,4.5,1.0]","[0.0,0.0,1.5511320393405503,3.709110714077983]",0
,,,,,"[0.0,0.0,4.5,1.0]","[0.0,0.0,1.5511320393405503,3.709110714077983]",0
,,,,,"[0.0,0.0,4.5,1.0]","[0.0,0.0,1.5511320393405503,3.709110714077983]",0
,,,,,"[0.0,0.0,4.5,1.0]","[0.0,0.0,1.5511320393405503,3.709110714077983]",0
,,,,,"[0.0,0.0,4.5,1.0]","[0.0,0.0,1.5511320393405503,3.709110714077983]",0
,,,,,"[0.0,0.0,4.5,1.0]","[0.0,0.0,1.5511320393405503,3.709110714077983]",0
,,,,,"[0.0,0.0,4.5,1.0]","[0.0,0.0,1.5511320393405503,3.709110714077983]",0
,,,,,"[0.0,0.0,4.5,1.0]","[0.0,0.0,1.5511320393405503,3.709110714077983]",0
,,,,,"[0.0,0.0,4.5,1.0]","[0.0,0.0,1.5511320393405503,3.709110714077983]",0
,,,,,"[0.0,0.0,4.5,1.0]","[0.0,0.0,1.5511320393405503,3.709110714077983]",0
,,,,,"[0.0,0.0,4.5,1.0]","[0.0,0.0,1.5511320393405503,3.709110714077983]",0
,,,,,"[0.0,0.0,4.5,1.0]","[0.0,0.0,1.5511320393405503,3.709110714077983]",0
,,,,,"[0.0,0.0,4.5,1.0]","[0.0,0.0,1.5511320393405503,3.709110714077983]",0
,,,,,"[0.0,0.0,4.5,1.0]","[0.0,0.0,1.5511320393405503,3.709110714077983]",0
,,,,,"[0.0,0.0,4.5,1.0]","[0.0,0.0,1.5511320393405503,3.709110714077983]",0
,,,,,"[0.0,0.0,4.5,1.0]","[0.0,0.0,1.5511320393405503,3.709110714077983]",0
,,,,,"[0.0,0.0,4.5,1.0]","[0.0,0.0,1.5511320393405503,3.709110714077983]",0
,,,,,"[0.0,0.0,4.5,1.0]","[0.0,0.0,1.5511320393405503,3.709110714077983]",0
,,,,,"[0.0,0.0,4.5,1.0]","[0.0,0.0,1.5511320393405503,3.709110714077983]",0
,,,,,"[0.0,0.0,4.5,1.0]","[0.0,0.0,1.5511320393405503,3.709110714077983]",0
,,,,,"[0.0,0.0,4.5,1.0]","[0.0,0.0,1.5511320393405503,3.709110714077983]",0
,,,,,"[0.0,0.0,4.5,1.0]","[0.0,0.0,1.5511320393405503,3.709110714077983]",0
,,,,,"[0.0,0.0,4.5,1.0]","[0.0,0.0,1.5511320393405503,3.709110714077983]",0
,,,,,"[0.0,0.0,4.5,1.0]","[0.0,0.0,1.5511320393405503,3.709110714077983]",0
,,,,,"[0.0,0.0,4.5,1.0]","[0.0,0.0,1.5511320393405503,3.709110714077983]",0
,,,,,"[0.0,0.0,4.5,1.0]","[0.0,0.0,1.5511320393405503,3.709110714077983]",0
,,,,,"[0.0,0.0,4.5,1.0]","[0.0,0.0,1.5511320393405503,3.709110714077983]",0
,,,,,"[0.0,0.0,4.5,1.0]","[0.0,0.0,1.5511320393405503,3.709110714077983]",0
,,,,,"[0.0,0.0,4.5,1.0]","[0.0,0.0,1.5511320393405503,3.709110714077983]",0
,,,,,"[0.0,0.0,4.5,1.0]","[0.0,0.0,1.5511320393405503,3.709110714077983]",0
,,,,,"[0.0,0.0,4.5,1.0]","[0.0,0.0,1.5511320393405503,3.709110714077983]",0
,,,,,"[0.0,0.0,4.5,1.0]","[0.0,0.0,1.5511320393405503,3.709110714077983]",0
,,,,,"[0.0,0.0,4.5,1.0]","[0.0,0.0,1.5511320393405503,3.709110714077983]",0
,,,,,"[0.0,0.0,4.5,1.0]","[0.0,0.0,1.5511320393405503,3.709110714077983]",0
,,,,,"[0.0,0.0,4.5,1.0]","[0.0,0.0,1.5511320393405503,3.709110714077983]",0
,,,,,"[0.0,0.0,4.5,1.0]","[0.0,0.0,1.5511320393405503,3.709110714077983]",0
,,,,,"[0.0,0.0,4.5,1.0]","[0.0,0.0,1.5511320393405503,3.709110714077983]",0
,,,,,"[0.0,0.0,4.5,1.0]","[0.0,0.0,1.5511320393405503,3.709110714077983]",0
,,,,,"[0.0,0.0,4.5,1.0]","[0.0,0.0,1.5511320393405503,3.709110714077983]",0
,,,,,"[0.0,0.0,4.5,1.0]","[0.0,0.0,1.5511320393405503,3.709110714077983]",0
,,,,,"[0.0,0.0,4.5,1.0]","[0.0,0.0,1.5511320393405503,3.709110714077983]",0
,,,,,"[0.0,0.0,4.5,1.0]","[0.0,0.0,1.5511320393405503,3.709110714077983]",0
,,,,,"[0.0,0.0,4.5,1.0]","[0.0,0.0,1.5511320393405503,3.709110714077983]",0
,,,,,"[0.0,0.0,4.5,1.0]","[0.0,0.0,1.5511320393405503,3.709110714077983]",0
,,,,,"[0.0,0.0,4.5,1.0]","[0.0,0.0,1.5511320393405503,3.709110714077983]",0
,,,,,"[0.0,0.0,4.5,1.0]","[0.0,0.0,1.5511320393405503,3.709110714077983]",0
,,,,,"[0.0,0.0,4.5,1.0]","[0.0,0.0,1.5511320393405503,3.709110714077983]",0
,,,,,"[0.0,0.0,4.5,1.0]","[0.0,0.0,1.5511320393405503,3.709110714077983]",0
,,,,,"[0.0,0.0,4.5,1.0]","[0.0,0.0,1.5511320393405503,3.709110714077983]",0
,,,,,"[0.0,0.0,4.5,1.0]","[0.0,0.0,1.5511320393405503,3.709110714077983]",0
,,,,,"[0.0,0.0,4.5,1.0]","[0.0,0.0,1.5511320393405503,3.709110714077983]",0
,,,,,"[0.0,0.0,4.5,1.0]","[0.0,0.0,1.5511320393405503,3.709110714077983]",0
,,,,,"[0.0,0.0,4.5,1.0]","[0.0,0.0,1.5511320393405503,3.709110714077983]",0
,,,,,"[0.0,0.0,4.5,1.0]","[0.0,0.0,1.5511320393405503,3.709110714077983]",0
,,,,,"[0.0,0.0,4.5,1.0]","[0.0,0.0,1.5511320393405503,3.709110714077983]",0
,,,,,"[0.0,0.0,4.5,1.0]","[0.0,0.0,1.5511320393405503,3.709110714077983]",0
,,,,,"[0.0,0.0,4.5,1.0]","[0.0,0.0,1.5511320393405503,3.709110714077983]",0
,,,,,"[0.0,0.0,4.5,1.0]","[0.0,0.0,1.5511320393405503,3.709110714077983]",0
,,,,,"[0.0,0.0,4.5,1.0]","[0.0,0.0,1.5511320393405503,3.709110714077983]",0
,,,,,"[0.0,0.0,4.5,1.0]","[0.0,0.0,1.5511320393405503,3.709110714077983]",0
,,,,,"[0.0,0.0,4.5,1.0]","[0.0,0.0,1.5511320393405503,3.709110714077983]",0
,,,,,"[0.0,0.0,4.5,1.0]","[0.0,0.0,1.5511320393405503,3.709110714077983]",0
,,,,,"[0.0,0.0,4.5,1.0]","[0.0,0.0,1.5511320393405503,3.709110714077983]",0
,,,,,"[0.0,0.0,4.5,1.0]","[0.0,0.0,1.5511320393405503,3.709110714077983]",0
,,,,,"[0.0,0.0,4.5,1.0]","[0.0,0.0,1.5511320393405503,3.709110714077983]",0
,,,,,"[0.0,0.0,4.5,1.0]","[0.0,0.0,1.5511320393405503,3.709110714077983]",0
,,,,,"[0.0,0.0,4.5,1.0]","[0.0,0.0,1.5511320393405503,3.709110714077983]",0
,,,,,"[0.0,0.0,4.5,1.0]","[0.0,0.0,1.5511320393405503,3.709110714077983]",0
,,,,,"[0.0,0.0,4.5,1.0]","[0.0,0.0,1.5511320393405503,3.709110714077983]",0
,,,,,"[0.0,0.0,4.5,1.0]","[0.0,0.0,1.5511320393405503,3.709110714077983]",0
,,,,,"[0.0,0.0,4.5,1.0]","[0.0,0.0,1.5511320393405503,3.709110714077983]",0
,,,,,"[0.0,0.0,4.5,1.0]","[0.0,0.0,1.5511320393405503,3.709110714077983]",0
,,,,,"[0.0,0.0,4.5,1.0]","[0.0,0.0,1.5511320393405503,3.709110714077983]",0
,,,,,"[0.0,0.0,4.5,1.0]","[0.0,0.0,1.5511320393405503,3.709110714077983]",0
,,,,,"[0.0,0.0,4.5,1.0]","[0.0,0.0,1.5511320393405503,3.709110714077983]",0
,,,,,"[0.0,0.0,4.5,1.0]","[0.0,0.0,1.5511320393405503,3.709110714077983]",0
,,,,,"[0.0,0.0,4.5,1.0]","[0.0,0.0,1.5511320393405503,3.709110714077983]",0
,,,,,"[0.0,0.0,4.5,1.0]","[0.0,0.0,1.5511320393405503,3.709110714077983]",0
,,,,,"[0.0,0.0,4.5,1.0]","[0.0,0.0,1.5511320393405503,3.709110714077983]",0
,,,,,"[0.0,0.0,4.5,1.0]","[0.0,0.0,1.5511320393405503,3.709110714077983]",0
,,,,,"[0.0,0.0,4.5,1.0]","[0.0,0.0,1.5511320393405503,3.709110714077983]",0
,,,,,"[0.0,0.0,4.5,1.0]","[0.0,0.0,1.5511320393405503,3.709110714077983]",0
,,,,,"[0.0,0.0,4.5,1.0]","[0.0,0.0,1.5511320393405503,3.709110714077983]",0
,,,,,"[0.0,0.0,4.5,1.0]","[0.0,0.0,1.5511320393405503,3.709110714077983]",0
,,,,,"[0.0,0.0,4.5,1.0]","[0.0,0.0,1.5511320393405503,3.709110714077983]",0
,,,,,"[0.0,0.0,4.5,1.0]","[0.0,0.0,1.5511320393405503,3.709110714077983]",0
,,,,,"[0.0,0.0,4.5,1.0]","[0.0,0.0,1.5511320393405503,3.709110714077983]",0
,,,,,"[0.0,0.0,4.5,1.0]","[0.0,0.0,1.5511320393405503,3.709110714077983]",0
,,,,,"[0.0,0.0,4.5,1.0]","[0.0,0.0,1.5511320393405503,3.709110714077983]",0
,,,,,"[0.0,0.0,4.5,1.0]","[0.0,0.0,1.5511320393405503,3.709110714077983]",0
,,,,,"[0.0,0.0,4.5,1.0]","[0.0,0.0,1.5511320393405503,3.709110714077983]",0
,,,,,"[0.0,0.0,4.5,1.0]","[0.0,0.0,1.5511320393405503,3.709110714077983]",0
,,,,,"[0.0,0.0,4.5,1.0]","[0.0,0.0,1.5511320393405503,3.709110714077983]",0
,,,,,"[0.0,0.0,4.5,1.0]","[0.0,0.0,1.5511320393405503,3.709110714077983]",0
,,,,,"[0.0,0.0,4.5,1.0]","[0.0,0.0,1.5511320393405503,3.709110714077983]",0
,,,,,"[0.0,0.0,4.5,1.0]","[0.0,0.0,1.5511320393405503,3.709110714077983]",0
,,,,,"[0.0,0.0,4.5,1.0]","[0.0,0.0,1.5511320393405503,3.709110714077983]",0
,,,,,"[0.0,0.0,4.5,1.0]","[0.0,0.0,1.5511320393405503,3.709110714077983]",0
,,,,,"[0.0,0.0,4.5,1.0]","[0.0,0.0,1.5511320393405503,3.709110714077983]",0
,,,,,"[0.0,0.0,4.5,1.0]","[0.0,0.0,1.5511320393405503,3.709110714077983]",0
,,,,,"[0.0,0.0,4.5,1.0]","[0.0,0.0,1.5511320393405503,3.709110714077983]",0
,,,,,"[0.0,0.0,4.5,1.0]","[0.0,0.0,1.5511320393405503,3.709110714077983]",0
,,,,,"[0.0,0.0,4.5,1.0]","[0.0,0.0,1.5511320393405503,3.709110714077983]",0
,,,,,"[0.0,0.0,4.5,1.0]","[0.0,0.0,1.5511320393405503,3.709110714077983]",0
,,,,,"[0.0,0.0,4.5,1.0]","[0.0,0.0,1.5511320393405503,3.709110714077983]",0
,,,,,"[0.0,0.0,4.5,1.0]","[0.0,0.0,1.5511320393405503,3.709110714077983]",0
,,,,,"[0.0,0.0,4.5,1.0]","[0.0,0.0,1.5511320393405503,3.709110714077983]",0
,,,,,"[0.0,0.0,4.5,1.0]","[0.0,0.0,1.5511320393405503,3.709110714077983]",0
,,,,,"[0.0,0.0,4.5,1.0]","[0.0,0.0,1.5511320393405503,3.709110714077983]",0
,,,,,"[0.0,0.0,4.5,1.0]","[0.0,0.0,1.5511320393405503,3.709110714077983]",0
,,,,,"[0.0,0.0,4.5,1.0]","[0.0,0.0,1.5511320393405503,3.709110714077983]",0
,,,,,"[0.0,0.0,4.5,1.0]","[0.0,0.0,1.5511320393405503,3.709110714077983]",0
,,,,,"[0.0,0.0,4.5,1.0]","[0.0,0.0,1.5511320393405503,3.709110714077983]",0
,,,,,"[0.0,0.0,4.5,1.0]","[0.0,0.0,1.5511320393405503,3.709110714077983]",0
,,,,,"[0.0,0.0,4.5,1.0]","[0.0,0.0,1.5511320393405503,3.709110714077983]",0
,,,,,"[0.0,0.0,4.5,1.0]","[0.0,0.0,1.5511320393405503,3.709110714077983]",0
,,,,,"[0.0,0.0,4.5,1.0]","[0.0,0.0,1.5511320393405503,3.709110714077983]",0
,,,,,"[0.0,0.0,4.5,1.0]","[0.0,0.0,1.5511320393405503,3.709110714077983]",0
,,,,,"[0.0,0.0,4.5,1.0]","[0.0,0.0,1.5511320393405503,3.709110714077983]",0
,,,,,"[0.0,0.0,4.5,1.0]","[0.0,0.0,1.5511320393405503,3.709110714077983]",0
,,,,,"[0.0,0.0,4.5,1.0]","[0.0,0.0,1.5511320393405503,3.709110714077983]",0
,,,,,"[0.0,0.0,4.5,1.0]","[0.0,0.0,1.5511320393405503,3.709110714077983]",0
,,,,,"[0.0,0.0,4.5,1.0]","[0.0,0.0,1.5511320393405503,3.709110714077983]",0
,,,,,"[0.0,0.0,4.5,1.0]","[0.0,0.0,1.5511320393405503,3.709110714077983]",0
,,,,,"[0.0,0.0,4.5,1.0]","[0.0,0.0,1.5511320393405503,3.709110714077983]",0
,,,,,"[0.0,0.0,4.5,1.0]","[0.0,0.0,1.5511320393405503,3.709110714077983]",0
,,,,,"[0.0,0.0,4.5,1.0]","[0.0,0.0,1.5511320393405503,3.709110714077983]",0
,,,,,"[0.0,0.0,4.5,1.0]","[0.0,0.0,1.5511320393405503,3.709110714077983]",0
,,,,,"[0.0,0.0,4.5,1.0]","[0.0,0.0,1.5511320393405503,3.709110714077983]",0
,,,,,"[0.0,0.0,4.5,1.0]","[0.0,0.0,1.5511320393405503,3.709110714077983]",0
,,,,,"[0.0,0.0,4.5,1.0]","[0.0,0.0,1.5511320393405503,3.709110714077983]",0
,,,,,"[0.0,0.0,4.5,1.0]","[0.0,0.0,1.5511320393405503,3.709110714077983]",0
,,,,,"[0.0,0.0,4.5,1.0]","[0.0,0.0,1.5511320393405503,3.709110714077983]",0
,,,,,"[0.0,0.0,4.5,1.0]","[0.0,0.0,1.5511320393405503,3.709110714077983]",0
,,,,,"[0.0,0.0,4.5,1.0]","[0.0,0.0,1.5511320393405503,3.709110714077983]",0
,,,,,"[0.0,0.0,4.5,1.0]","[0.0,0.0,1.5511320393405503,3.709110714077983]",0
,,,,,"[0.0,0.0,4.5,1.0]","[0.0,0.0,1.5511320393405503,3.709110714077983]",0
,,,,,"[0.0,0.0,4.5,1.0]","[0.0,0.0,1.5511320393405503,3.709110714077983]",0
,,,,,"[0.0,0.0,4.5,1.0]","[0.0,0.0,1.5511320393405503,3.709110714077983]",0
,,,,,"[0.0,0.0,4.5,1.0]","[0.0,0.0,1.5511320393405503,3.709110714077983]",0
,,,,,"[0.0,0.0,4.5,1.0]","[0.0,0.0,1.5511320393405503,3.709110714077983]",0
,,,,,"[0.0,0.0,4.5,1.0]","[0.0,0.0,1.5511320393405503,3.709110714077983]",0
,,,,,"[0.0,0.0,4.5,1.0]","[0.0,0.0,1.5511320393405503,3.709110714077983]",0
,,,,,"[0.0,0.0,4.5,1.0]","[0.0,0.0,1.5511320393405503,3.709110714077983]",0
,,,,,"[0.0,0.0,4.5,1.0]","[0.0,0.0,1.5511320393405503,3.709110714077983]",0
,,,,,"[0.0,0.0,4.5,1.0]","[0.0,0.0,1.5511320393405503,3.709110714077983]",0
,,,,,"[0.0,0.0,4.5,1.0]","[0.0,0.0,1.5511320393405503,3.709110714077983]",0
,,,,,"[0.0,0.0,4.5,1.0]","[0.0,0.0,1.5511320393405503,3.709110714077983]",0
,,,,,"[0.0,0.0,4.5,1.0]","[0.0,0.0,1.5511320393405503,3.709110714077983]",0
,,,,,"[0.0,0.0,4.5,1.0]","[0.0,0.0,1.5511320393405503,3.709110714077983]",0
,,,,,"[0.0,0.0,4.5,1.0]","[0.0,0.0,1.5511320393405503,3.709110714077983]",0
,,,,,"[0.0,0.0,4.5,1.0]","[0.0,0.0,1.5511320393405503,3.709110714077983]",0
,,,,,"[0.0,0.0,4.5,1.0]","[0.0,0.0,1.5511320393405503,3.709110714077983]",0
,,,,,"[0.0,0.0,4.5,1.0]","[0.0,0.0,1.5511320393405503,3.709110714077983]",0
,,,,,"[0.0,0.0,4.5,1.0]","[0.0,0.0,1.5511320393405503,3.709110714077983]",0
,,,,,"[0.0,0.0,4.5,1.0]","[0.0,0.0,1.5511320393405503,3.709110714077983]",0
,,,,,"[0.0,0.0,4.5,1.0]","[0.0,0.0,1.5511320393405503,3.709110714077983]",0
,,,,,"[0.0,0.0,4.5,1.0]","[0.0,0.0,1.5511320393405503,3.709110714077983]",0
,,,,,"[0.0,0.0,4.5,1.0]","[0.0,0.0,1.5511320393405503,3.709110714077983]",0
,,,,,"[0.0,0.0,4.5,1.0]","[0.0,0.0,1.5511320393405503,3.709110714077983]",0
,,,,,"[0.0,0.0,4.5,1.0]","[0.0,0.0,1.5511320393405503,3.709110714077983]",0
,,,,,"[0.0,0.0,4.5,1.0]","[0.0,0.0,1.5511320393405503,3.709110714077983]",0
,,,,,"[0.0,0.0,4.5,1.0]","[0.0,0.0,1.5511320393405503,3.709110714077983]",0
,,,,,"[0.0,0.0,4.5,1.0]","[0.0,0.0,1.5511320393405503,3.709110714077983]",0
,,,,,"[0.0,0.0,4.5,1.0]","[0.0,0.0,1.5511320393405503,3.709110714077983]",0
,,,,,"[0.0,0.0,4.5,1.0]","[0.0,0.0,1.5511320393405503,3.709110714077983]",0
,,,,,"[0.0,0.0,4.5,1.0]","[0.0,0.0,1.5511320393405503,3.709110714077983]",0
,,,,,"[0.0,0.0,4.5,1.0]","[0.0,0.0,1.5511320393405503,3.709110714077983]",0
,,,,,"[0.0,0.0,4.5,1.0]","[0.0,0.0,1.5511320393405503,3.709110714077983]",0
,,,,,"[0.0,0.0,4.5,1.0]","[0.0,0.0,1.5511320393405503,3.709110714077983]",0
,,,,,"[0.0,0.0,4.5,1.0]","[0.0,0.0,1.5511320393405503,3.709110714077983]",0
,,,,,"[0.0,0.0,4.5,1.0]","[0.0,0.0,1.5511320393405503,3.709110714077983]",0
,,,,,"[0.0,0.0,4.5,1.0]","[0.0,0.0,1.5511320393405503,3.709110714077983]",0
,,,,,"[0.0,0.0,4.5,1.0]","[0.0,0.0,1.5511320393405503,3.709110714077983]",0
,,,,,"[0.0,0.0,4.5,1.0]","[0.0,0.0,1.5511320393405503,3.709110714077983]",0
,,,,,"[0.0,0.0,4.5,1.0]","[0.0,0.0,1.5511320393405503,3.709110714077983]",0
,,,,,"[0.0,0.0,4.5,1.0]","[0.0,0.0,1.5511320393405503,3.709110714077983]",0
,,,,,"[0.0,0.0,4.5,1.0]","[0.0,0.0,1.5511320393405503,3.709110714077983]",0
,,,,,"[0.0,0.0,4.5,1.0]","[0.0,0.0,1.5511320393405503,3.709110714077983]",0
,,,,,"[0.0,0.0,4.5,1.0]","[0.0,0.0,1.5511320393405503,3.709110714077983]",0
,,,,,"[0.0,0.0,4.5,1.0]","[0.0,0.0,1.5511320393405503,3.709110714077983]",0
,,,,,"[0.0,0.0,4.5,1.0]","[0.0,0.0,1.5511320393405503,3.709110714077983]",0
,,,,,"[0.0,0.0,4.5,1.0]","[0.0,0.0,1.5511320393405503,3.709110714077983]",0
,,,,,"[0.0,0.0,4.5,1.0]","[0.0,0.0,1.5511320393405503,3.709110714077983]",0
,,,,,"[0.0,0.0,4.5,1.0]","[0.0,0.0,1.5511320393405503,3.709110714077983]",0
,,,,,"[0.0,0.0,4.5,1.0]","[0.0,0.0,1.5511320393405503,3.709110714077983]",0
,,,,,"[0.0,0.0,4.5,1.0]","[0.0,0.0,1.5511320393405503,3.709110714077983]",0
,,,,,"[0.0,0.0,4.5,1.0]","[0.0,0.0,1.5511320393405503,3.709110714077983]",0
,,,,,"[0.0,0.0,4.5,1.0]","[0.0,0.0,1.5511320393405503,3.709110714077983]",0
,,,,,"[0.0,0.0,4.5,1.0]","[0.0,0.0,1.5511320393405503,3.709110714077983]",0
,,,,,"[0.0,0.0,4.5,1.0]","[0.0,0.0,1.5511320393405503,3.709110714077983]",0
,,,,,"[0.0,0.0,4.5,1.0]","[0.0,0.0,1.5511320393405503,3.709110714077983]",0
,,,,,"[0.0,0.0,4.5,1.0]","[0.0,0.0,1.5511320393405503,3.709110714077983]",0
,,,,,"[0.0,0.0,4.5,1.0]","[0.0,0.0,1.5511320393405503,3.709110714077983]",0
,,,,,"[0.0,0.0,4.5,1.0]","[0.0,0.0,1.5511320393405503,3.709110714077983]",0
,,,,,"[0.0,0.0,4.5,1.0]","[0.0,0.0,1.5511320393405503,3.709110714077983]",0
,,,,,"[0.0,0.0,4.5,1.0]","[0.0,0.0,1.5511320393405503,3.709110714077983]",0
,,,,,"[0.0,0.0,4.5,1.0]","[0.0,0.0,1.5511320393405503,3.709110714077983]",0
,,,,,"[0.0,0.0,4.5,1.0]","[0.0,0.0,1.5511320393405503,3.709110714077983]",0
,,,,,"[0.0,0.0,4.5,1.0]","[0.0,0.0,1.5511320393405503,3.709110714077983]",0
,,,,,"[0.0,0.0,4.5,1.0]","[0.0,0.0,1.5511320393405503,3.709110714077983]",0
,,,,,"[0.0,0.0,4.5,1.0]","[0.0,0.0,1.5511320393405503,3.709110714077983]",0
,,,,,"[0.0,0.0,4.5,1.0]","[0.0,0.0,1.5511320393405503,3.709110714077983]",0
,,,,,"[0.0,0.0,4.5,1.0]","[0.0,0.0,1.5511320393405503,3.709110714077983]",0
,,,,,"[0.0,0.0,4.5,1.0]","[0.0,0.0,1.5511320393405503,3.709110714077983]",0
,,,,,"[0.0,0.0,4.5,1.0]","[0.0,0.0,1.5511320393405503,3.709110714077983]",0
,,,,,"[0.0,0.0,4.5,1.0]","[0.0,0.0,1.5511320393405503,3.709110714077983]",0
,,,,,"[0.0,0.0,4.5,1.0]","[0.0,0.0,1.5511320393405503,3.709110714077983]",0
,,,,,"[0.0,0.0,4.5,1.0]","[0.0,0.0,1.5511320393405503,3.709110714077983]",0
,,,,,"[0.0,0.0,4.5,1.0]","[0.0,0.0,1.5511320393405503,3.709110714077983]",0
,,,,,"[0.0,0.0,4.5,1.0]","[0.0,0.0,1.5511320393405503,3.709110714077983]",0
,,,,,"[0.0,0.0,4.5,1.0]","[0.0,0.0,1.5511320393405503,3.709110714077983]",0
,,,,,"[0.0,0.0,4.5,1.0]","[0.0,0.0,1.5511320393405503,3.709110714077983]",0
,,,,,"[0.0,0.0,4.5,1.0]","[0.0,0.0,1.5511320393405503,3.709110714077983]",0
,,,,,"[0.0,0.0,4.5,1.0]","[0.0,0.0,1.5511320393405503,3.709110714077983]",0
,,,,,"[0.0,0.0,4.5,1.0]","[0.0,0.0,1.5511320393405503,3.709110714077983]",0
,,,,,"[0.0,0.0,4.5,1.0]","[0.0,0.0,1.5511320393405503,3.709110714077983]",0
,,,,,"[0.0,0.0,4.5,1.0]","[0.0,0.0,1.5511320393405503,3.709110714077983]",0
,,,,,"[0.0,0.0,4.5,1.0]","[0.0,0.0,1.5511320393405503,3.709110714077983]",0
,,,,,"[0.0,0.0,4.5,1.0]","[0.0,0.0,1.5511320393405503,3.709110714077983]",0
,,,,,"[0.0,0.0,4.5,1.0]","[0.0,0.0,1.5511320393405503,3.709110714077983]",0
,,,,,"[0.0,0.0,4.5,1.0]","[0.0,0.0,1.5511320393405503,3.709110714077983]",0
,,,,,"[0.0,0.0,4.5,1.0]","[0.0,0.0,1.5511320393405503,3.709110714077983]",0
,,,,,"[0.0,0.0,4.5,1.0]","[0.0,0.0,1.5511320393405503,3.709110714077983]",0
,,,,,"[0.0,0.0,4.5,1.0]","[0.0,0.0,1.5511320393405503,3.709110714077983]",0
,,,,,"[0.0,0.0,4.5,1.0]","[0.0,0.0,1.5511320393405503,3.709110714077983]",0
,,,,,"[0.0,0.0,4.5,1.0]","[0.0,0.0,1.5511320393405503,3.709110714077983]",0
,,,,,"[0.0,0.0,4.5,1.0]","[0.0,0.0,1.5511320393405503,3.709110714077983]",0
,,,,,"[0.0,0.0,4.5,1.0]","[0.0,0.0,1.5511320393405503,3.709110714077983]",0
,,,,,"[0.0,0.0,4.5,1.0]","[0.0,0.0,1.5511320393405503,3.709110714077983]",0
,,,,,"[0.0,0.0,4.5,1.0]","[0.0,0.0,1.5511320393405503,3.709110714077983]",0
,,,,,"[0.0,0.0,4.5,1.0]","[0.0,0.0,1.5511320393405503,3.709110714077983]",0
,,,,,"[0.0,0.0,4.5,1.0]","[0.0,0.0,1.5511320393405503,3.709110714077983]",0
,,,,,"[0.0,0.0,4.5,1.0]","[0.0,0.0,1.5511320393405503,3.709110714077983]",0
,,,,,"[0.0,0.0,4.5,1.0]","[0.0,0.0,1.5511320393405503,3.709110714077983]",0
,,,,,"[0.0,0.0,4.5,1.0]","[0.0,0.0,1.5511320393405503,3.709110714077983]",0
,,,,,"[0.0,0.0,4.5,1.0]","[0.0,0.0,1.5511320393405503,3.709110714077983]",0
,,,,,"[0.0,0.0,4.5,1.0]","[0.0,0.0,1.5511320393405503,3.709110714077983]",0
,,,,,"[0.0,0.0,4.5,1.0]","[0.0,0.0,1.5511320393405503,3.709110714077983]",0
,,,,,"[0.0,0.0,4.5,1.0]","[0.0,0.0,1.5511320393405503,3.709110714077983]",0
,,,,,"[0.0,0.0,4.5,1.0]","[0.0,0.0,1.5511320393405503,3.709110714077983]",0
,,,,,"[0.0,0.0,4.5,1.0]","[0.0,0.0,1.5511320393405503,3.709110714077983]",0
,,,,,"[0.0,0.0,4.5,1.0]","[0.0,0.0,1.5511320393405503,3.709110714077983]",0
,,,,,"[0.0,0.0,4.5,1.0]","[0.0,0.0,1.5511320393405503,3.709110714077983]",0
,,,,,"[0.0,0.0,4.5,1.0]","[0.0,0.0,1.5511320393405503,3.709110714077983]",0
,,,,,"[0.0,0.0,4.5,1.0]","[0.0,0.0,1.5511320393405503,3.709110714077983]",0
,,,,,"[0.0,0.0,4.5,1.0]","[0.0,0.0,1.5511320393405503,3.709110714077983]",0
,,,,,"[0.0,0.0,4.5,1.0]","[0.0,0.0,1.5511320393405503,3.709110714077983]",0
,,,,,"[0.0,0.0,4.5,1.0]","[0.0,0.0,1.5511320393405503,3.709110714077983]",0
,,,,,"[0.0,0.0,4.5,1.0]","[0.0,0.0,1.5511320393405503,3.709110714077983]",0
,,,,,"[0.0,0.0,4.5,1.0]","[0.0,0.0,1.5511320393405503,3.709110714077983]",0
,,,,,"[0.0,0.0,4.5,1.0]","[0.0,0.0,1.5511320393405503,3.709110714077983]",0
,,,,,"[0.0,0.0,4.5,1.0]","[0.0,0.0,1.5511320393405503,3.709110714077983]",0
,,,,,"[0.0,0.0,4.5,1.0]","[0.0,0.0,1.5511320393405503,3.709110714077983]",0
,,,,,"[0.0,0.0,4.5,1.0]","[0.0,0.0,1.5511320393405503,3.709110714077983]",0
,,,,,"[0.0,0.0,4.5,1.0]","[0.0,0.0,1.5511320393405503,3.709110714077983]",0
,,,,,"[0.0,0.0,4.5,1.0]","[0.0,0.0,1.5511320393405503,3.709110714077983]",0
,,,,,"[0.0,0.0,4.5,1.0]","[0.0,0.0,1.5511320393405503,3.709110714077983]",0
,,,,,"[0.0,0.0,4.5,1.0]","[0.0,0.0,1.5511320393405503,3.709110714077983]",0
,,,,,"[0.0,0.0,4.5,1.0]","[0.0,0.0,1.5511320393405503,3.709110714077983]",0
,,,,,"[0.0,0.0,4.5,1.0]","[0.0,0.0,1.5511320393405503,3.709110714077983]",0
,,,,,"[0.0,0.0,4.5,1.0]","[0.0,0.0,1.5511320393405503,3.709110714077983]",0
,,,,,"[0.0,0.0,4.5,1.0]","[0.0,0.0,1.5511320393405503,3.709110714077983]",0
,,,,,"[0.0,0.0,4.5,1.0]","[0.0,0.0,1.5511320393405503,3.709110714077983]",0
,,,,,"[0.0,0.0,4.5,1.0]","[0.0,0.0,1.5511320393405503,3.709110714077983]",0
,,,,,"[0.0,0.0,4.5,1.0]","[0.0,0.0,1.5511320393405503,3.709110714077983]",0
,,,,,"[0.0,0.0,4.5,1.0]","[0.0,0.0,1.5511320393405503,3.709110714077983]",0
,,,,,"[0.0,0.0,4.5,1.0]","[0.0,0.0,1.5511320393405503,3.709110714077983]",0
,,,,,"[0.0,0.0,4.5,1.0]","[0.0,0.0,1.5511320393405503,3.709110714077983]",0
,,,,,"[0.0,0.0,4.5,1.0]","[0.0,0.0,1.5511320393405503,3.709110714077983]",0
,,,,,"[0.0,0.0,4.5,1.0]","[0.0,0.0,1.5511320393405503,3.709110714077983]",0
,,,,,"[0.0,0.0,4.5,1.0]","[0.0,0.0,1.5511320393405503,3.709110714077983]",0
,,,,,"[0.0,0.0,4.5,1.0]","[0.0,0.0,1.5511320393405503,3.709110714077983]",0
,,,,,"[0.0,0.0,4.5,1.0]","[0.0,0.0,1.5511320393405503,3.709110714077983]",0
,,,,,"[0.0,0.0,4.5,1.0]","[0.0,0.0,1.5511320393405503,3.709110714077983]",0
,,,,,"[0.0,0.0,4.5,1.0]","[0.0,0.0,1.5511320393405503,3.709110714077983]",0
,,,,,"[0.0,0.0,4.5,1.0]","[0.0,0.0,1.5511320393405503,3.709110714077983]",0
,,,,,"[0.0,0.0,4.5,1.0]","[0.0,0.0,1.5511320393405503,3.709110714077983]",0
,,,,,"[0.0,0.0,4.5,1.0]","[0.0,0.0,1.5511320393405503,3.709110714077983]",0
,,,,,"[0.0,0.0,4.5,1.0]","[0.0,0.0,1.5511320393405503,3.709110714077983]",0
,,,,,"[0.0,0.0,4.5,1.0]","[0.0,0.0,1.5511320393405503,3.709110714077983]",0
,,,,,"[0.0,0.0,4.5,1.0]","[0.0,0.0,1.5511320393405503,3.709110714077983]",0
,,,,,"[0.0,0.0,4.5,1.0]","[0.0,0.0,1.5511320393405503,3.709110714077983]",0
,,,,,"[0.0,0.0,4.5,1.0]","[0.0,0.0,1.5511320393405503,3.709110714077983]",0
,,,,,"[0.0,0.0,4.5,1.0]","[0.0,0.0,1.5511320393405503,3.709110714077983]",0
,,,,,"[0.0,0.0,4.5,1.0]","[0.0,0.0,1.5511320393405503,3.709110714077983]",0
,,,,,"[0.0,0.0,4.5,1.0]","[0.0,0.0,1.5511320393405503,3.709110714077983]",0
,,,,,"[0.0,0.0,4.5,1.0]","[0.0,0.0,1.5511320393405503,3.709110714077983]",0
,,,,,"[0.0,0.0,4.5,1.0]","[0.0,0.0,1.5511320393405503,3.709110714077983]",0
,,,,,"[0.0,0.0,4.5,1.0]","[0.0,0.0,1.5511320393405503,3.709110714077983]",0
,,,,,"[0.0,0.0,4.5,1.0]","[0.0,0.0,1.5511320393405503,3.709110714077983]",0
,,,,,"[0.0,0.0,4.5,1.0]","[0.0,0.0,1.5511320393405503,3.709110714077983]",0
,,,,,"[0.0,0.0,4.5,1.0]","[0.0,0.0,1.5511320393405503,3.709110714077983]",0
,,,,,"[0.0,0.0,4.5,1.0]","[0.0,0.0,1.5511320393405503,3.709110714077983]",0
,,,,,"[0.0,0.0,4.5,1.0]","[0.0,0.0,1.5511320393405503,3.709110714077983]",0
,,,,,"[0.0,0.0,4.5,1.0]","[0.0,0.0,1.5511320393405503,3.709110714077983]",0
,,,,,"[0.0,0.0,4.5,1.0]","[0.0,0.0,1.5511320393405503,3.709110714077983]",0
,,,,,"[0.0,0.0,4.5,1.0]","[0.0,0.0,1.5511320393405503,3.709110714077983]",0
,,,,,"[0.0,0.0,4.5,1.0]","[0.0,0.0,1.5511320393405503,3.709110714077983]",0
,,,,,"[0.0,0.0,4.5,1.0]","[0.0,0.0,1.5511320393405503,3.709110714077983]",0
,,,,,"[0.0,0.0,4.5,1.0]","[0.0,0.0,1.5511320393405503,3.709110714077983]",0
,,,,,"[0.0,0.0,4.5,1.0]","[0.0,0.0,1.5511320393405503,3.709110714077983]",0
,,,,,"[0.0,0.0,4.5,1.0]","[0.0,0.0,1.5511320393405503,3.709110714077983]",0
,,,,,"[0.0,0.0,4.5,1.0]","[0.0,0.0,1.5511320393405503,3.709110714077983]",0
,,,,,"[0.0,0.0,4.5,1.0]","[0.0,0.0,1.5511320393405503,3.709110714077983]",0
,,,,,"[0.0,0.0,4.5,1.0]","[0.0,0.0,1.5511320393405503,3.709110714077983]",0
,,,,,"[0.0,0.0,4.5,1.0]","[0.0,0.0,1.5511320393405503,3.709110714077983]",0
,,,,,"[0.0,0.0,4.5,1.0]","[0.0,0.0,1.5511320393405503,3.709110714077983]",0
,,,,,"[0.0,0.0,4.5,1.0]","[0.0,0.0,1.5511320393405503,3.709110714077983]",0
,,,,,"[0.0,0.0,4.5,1.0]","[0.0,0.0,1.5511320393405503,3.709110714077983]",0
,,,,,"[0.0,0.0,4.5,1.0]","[0.0,0.0,1.5511320393405503,3.709110714077983]",0
,,,,,"[0.0,0.0,4.5,1.0]","[0.0,0.0,1.5511320393405503,3.709110714077983]",0
,,,,,"[0.0,0.0,4.5,1.0]","[0.0,0.0,1.5511320393405503,3.709110714077983]",0
,,,,,"[0.0,0.0,4.5,1.0]","[0.0,0.0,1.5511320393405503,3.709110714077983]",0
0.0,41.9900016784668,4.800000190734863,414.0,9.020000457763672,"[9.020000457763672,4.800000190734863,414.0,41.9900016784668]","[3.287798815729669,34.288506740713935,2.9308362707681033,2.6582141825064625]",1
1.0,30.190000534057617,4.699999809265137,100.0,6.860000133514404,"[6.860000133514404,4.699999809265137,100.0,30.190000534057617]","[2.500476626413156,33.57416015366229,0.7079314663691071,1.9112046768663025]",0
3.0,21.989999771118164,4.699999809265137,241.0,5.150000095367432,"[5.150000095367432,4.699999809265137,241.0,21.989999771118164]","[1.8771799728660674,33.57416015366229,1.706114833949548,1.3920963783832487]",0
1.0,28.59000015258789,4.699999809265137,155.0,5.349999904632568,"[5.349999904632568,4.699999809265137,155.0,28.59000015258789]","[1.950080095114077,33.57416015366229,1.097293772872116,1.8099152380468784]",0
0.0,19.290000915527344,4.800000190734863,341.0,7.639999866485596,"[7.639999866485596,4.800000190734863,341.0,19.290000915527344]","[2.7847872769879958,34.288506740713935,2.414046300318655,1.2211705635752128]",1
1.0,16.190000534057617,4.900000095367432,21.0,9.359999656677246,"[9.359999656677246,4.900000095367432,21.0,16.190000534057617]","[3.4117288497436844,35.002849921508606,0.1486656079375125,1.024922298502527]",0
3.0,19.989999771118164,4.800000190734863,129.0,4.670000076293945,"[4.670000076293945,4.800000190734863,129.0,19.989999771118164]","[1.7022195056632423,34.288506740713935,0.9132315916161481,1.2654846100455666]",0
0.0,55.689998626708984,4.800000190734863,673.0,7.510000228881836,"[7.510000228881836,4.800000190734863,673.0,55.689998626708984]","[2.73740228443059,34.288506740713935,4.76437876866409,3.525504602425359]",1
3.0,19.989999771118164,4.699999809265137,134.0,4.670000076293945,"[4.670000076293945,4.699999809265137,134.0,19.989999771118164]","[1.7022195056632423,33.57416015366229,0.9486281649346034,1.2654846100455666]",0
0.0,13.6899995803833,4.800000190734863,444.0,8.739999771118164,"[8.739999771118164,4.800000190734863,444.0,13.6899995803833]","[3.1857382969672527,34.288506740713935,3.1432157106788354,0.8666575277072285]",1
3.0,19.989999771118164,4.800000190734863,122.0,4.670000076293945,"[4.670000076293945,4.800000190734863,122.0,19.989999771118164]","[1.7022195056632423,34.288506740713935,0.8636763889703106,1.2654846100455666]",0
1.0,2.5899999141693115,4.699999809265137,26.0,16.579999923706055,"[16.579999923706055,4.699999809265137,26.0,2.5899999141693115]","[6.04342587001086,33.57416015366229,0.18406218125596785,0.16396223456371084]",2
0.0,19.989999771118164,4.800000190734863,100.0,7.800000190734863,"[7.800000190734863,4.800000190734863,100.0,19.989999771118164]","[2.843107548594005,34.288506740713935,0.7079314663691071,1.2654846100455666]",0
1.0,2.5899999141693115,5.0,11.0,16.579999923706055,"[16.579999923706055,5.0,11.0,2.5899999141693115]","[6.04342587001086,35.71719310230328,0.07787246130060177,0.16396223456371084]",2
3.0,19.989999771118164,4.699999809265137,92.0,4.670000076293945,"[4.670000076293945,4.699999809265137,92.0,19.989999771118164]","[1.7022195056632423,33.57416015366229,0.6512969490595785,1.2654846100455666]",0
0.0,24.290000915527344,4.800000190734863,630.0,6.860000133514404,"[6.860000133514404,4.800000190734863,630.0,24.290000915527344]","[2.500476626413156,34.288506740713935,4.4599682381253745,1.5376999844194184]",1
3.0,3.2899999618530273,4.699999809265137,73.0,5.510000228881836,"[5.510000228881836,4.699999809265137,73.0,3.2899999618530273]","[2.0084003667200863,33.57416015366229,0.5167899704494482,0.2082763565005594]",0
3.0,3.2899999618530273,4.699999809265137,69.0,5.510000228881836,"[5.510000228881836,4.699999809265137,69.0,3.2899999618530273]","[2.0084003667200863,33.57416015366229,0.4884727117946839,0.2082763565005594]",0
3.0,21.989999771118164,4.599999904632568,47.0,4.909999847412109,"[4.909999847412109,4.599999904632568,47.0,21.989999771118164]","[1.7896996523608542,32.85981697286762,0.33272778919348034,1.3920963783832487]",0
4.0,28.09000015258789,4.699999809265137,288.0,7.0,"[7.0,4.699999809265137,288.0,28.09000015258789]","[2.551506711986763,33.57416015366229,2.0388426231430286,1.7782622959624579]",1
0.0,17.489999771118164,4.800000190734863,268.0,6.900000095367432,"[6.900000095367432,4.800000190734863,268.0,17.489999771118164]","[2.515056650862758,34.288506740713935,1.897256329869207,1.107219899623464]",1
1.0,29.190000534057617,4.599999904632568,93.0,6.210000038146973,"[6.210000038146973,4.599999904632568,93.0,29.190000534057617]","[2.2635509683957222,32.85981697286762,0.6583762637232695,1.8478987926974615]",0
4.0,17.09000015258789,4.699999809265137,283.0,7.840000152587891,"[7.840000152587891,4.699999809265137,283.0,17.09000015258789]","[2.857687573043607,33.57416015366229,2.003446049824573,1.0818975701052058]",1
0.0,16.989999771118164,4.800000190734863,203.0,6.739999771118164,"[6.739999771118164,4.800000190734863,203.0,16.989999771118164]","[2.456736379256749,34.288506740713935,1.4371008767292874,1.0755669575390434]",0
4.0,56.9900016784668,4.800000190734863,200.0,6.329999923706055,"[6.329999923706055,4.800000190734863,200.0,56.9900016784668]","[2.307291041744528,34.288506740713935,1.4158629327382142,3.607802445039079]",1
4.0,23.989999771118164,4.599999904632568,216.0,10.109999656677246,"[10.109999656677246,4.599999904632568,216.0,23.989999771118164]","[3.6851045688851234,32.85981697286762,1.5291319673572712,1.518708146720931]",1
0.0,18.389999389648438,4.699999809265137,164.0,6.800000190734863,"[6.800000190734863,4.699999809265137,164.0,18.389999389648438]","[2.478606589738753,33.57416015366229,1.1610076048453355,1.1641951712261425]",0
0.0,2.5899999141693115,4.699999809265137,223.0,12.569999694824219,"[12.569999694824219,4.699999809265137,223.0,2.5899999141693115]","[4.581776941573651,33.57416015366229,1.5786871700031087,0.16396223456371084]",2
0.0,14.6899995803833,4.900000095367432,163.0,10.210000038146973,"[10.210000038146973,4.900000095367432,163.0,14.6899995803833]","[3.7215548038167294,35.002849921508606,1.1539282901816446,0.9299634118760696]",1
0.0,41.9900016784668,4.800000190734863,414.0,9.020000457763672,"[9.020000457763672,4.800000190734863,414.0,41.9900016784668]","[3.287798815729669,34.288506740713935,2.9308362707681033,2.6582141825064625]",1
1.0,30.190000534057617,4.699999809265137,100.0,6.860000133514404,"[6.860000133514404,4.699999809265137,100.0,30.190000534057617]","[2.500476626413156,33.57416015366229,0.7079314663691071,1.9112046768663025]",0
3.0,21.989999771118164,4.699999809265137,241.0,5.150000095367432,"[5.150000095367432,4.699999809265137,241.0,21.989999771118164]","[1.8771799728660674,33.57416015366229,1.706114833949548,1.3920963783832487]",0
1.0,28.59000015258789,4.699999809265137,155.0,5.349999904632568,"[5.349999904632568,4.699999809265137,155.0,28.59000015258789]","[1.950080095114077,33.57416015366229,1.097293772872116,1.8099152380468784]",0
0.0,19.290000915527344,4.800000190734863,341.0,7.639999866485596,"[7.639999866485596,4.800000190734863,341.0,19.290000915527344]","[2.7847872769879958,34.288506740713935,2.414046300318655,1.2211705635752128]",1
1.0,16.190000534057617,4.900000095367432,21.0,9.359999656677246,"[9.359999656677246,4.900000095367432,21.0,16.190000534057617]","[3.4117288497436844,35.002849921508606,0.1486656079375125,1.024922298502527]",0
3.0,19.989999771118164,4.800000190734863,129.0,4.670000076293945,"[4.670000076293945,4.800000190734863,129.0,19.989999771118164]","[1.7022195056632423,34.288506740713935,0.9132315916161481,1.2654846100455666]",0
0.0,55.689998626708984,4.800000190734863,673.0,7.510000228881836,"[7.510000228881836,4.800000190734863,673.0,55.689998626708984]","[2.73740228443059,34.288506740713935,4.76437876866409,3.525504602425359]",1
3.0,19.989999771118164,4.699999809265137,134.0,4.670000076293945,"[4.670000076293945,4.699999809265137,134.0,19.989999771118164]","[1.7022195056632423,33.57416015366229,0.9486281649346034,1.2654846100455666]",0
0.0,13.6899995803833,4.800000190734863,444.0,8.739999771118164,"[8.739999771118164,4.800000190734863,444.0,13.6899995803833]","[3.1857382969672527,34.288506740713935,3.1432157106788354,0.8666575277072285]",1
3.0,19.989999771118164,4.800000190734863,122.0,4.670000076293945,"[4.670000076293945,4.800000190734863,122.0,19.989999771118164]","[1.7022195056632423,34.288506740713935,0.8636763889703106,1.2654846100455666]",0
1.0,2.5899999141693115,4.699999809265137,26.0,16.579999923706055,"[16.579999923706055,4.699999809265137,26.0,2.5899999141693115]","[6.04342587001086,33.57416015366229,0.18406218125596785,0.16396223456371084]",2
0.0,19.989999771118164,4.800000190734863,100.0,7.800000190734863,"[7.800000190734863,4.800000190734863,100.0,19.989999771118164]","[2.843107548594005,34.288506740713935,0.7079314663691071,1.2654846100455666]",0
1.0,2.5899999141693115,5.0,11.0,16.579999923706055,"[16.579999923706055,5.0,11.0,2.5899999141693115]","[6.04342587001086,35.71719310230328,0.07787246130060177,0.16396223456371084]",2
3.0,19.989999771118164,4.699999809265137,92.0,4.670000076293945,"[4.670000076293945,4.699999809265137,92.0,19.989999771118164]","[1.7022195056632423,33.57416015366229,0.6512969490595785,1.2654846100455666]",0
0.0,24.290000915527344,4.800000190734863,630.0,6.860000133514404,"[6.860000133514404,4.800000190734863,630.0,24.290000915527344]","[2.500476626413156,34.288506740713935,4.4599682381253745,1.5376999844194184]",1
3.0,3.2899999618530273,4.699999809265137,73.0,5.510000228881836,"[5.510000228881836,4.699999809265137,73.0,3.2899999618530273]","[2.0084003667200863,33.57416015366229,0.5167899704494482,0.2082763565005594]",0
3.0,3.2899999618530273,4.699999809265137,69.0,5.510000228881836,"[5.510000228881836,4.699999809265137,69.0,3.2899999618530273]","[2.0084003667200863,33.57416015366229,0.4884727117946839,0.2082763565005594]",0
3.0,21.989999771118164,4.599999904632568,47.0,4.909999847412109,"[4.909999847412109,4.599999904632568,47.0,21.989999771118164]","[1.7896996523608542,32.85981697286762,0.33272778919348034,1.3920963783832487]",0
4.0,28.09000015258789,4.699999809265137,288.0,7.0,"[7.0,4.699999809265137,288.0,28.09000015258789]","[2.551506711986763,33.57416015366229,2.0388426231430286,1.7782622959624579]",1
0.0,17.489999771118164,4.800000190734863,268.0,6.900000095367432,"[6.900000095367432,4.800000190734863,268.0,17.489999771118164]","[2.515056650862758,34.288506740713935,1.897256329869207,1.107219899623464]",1
1.0,29.190000534057617,4.599999904632568,93.0,6.210000038146973,"[6.210000038146973,4.599999904632568,93.0,29.190000534057617]","[2.2635509683957222,32.85981697286762,0.6583762637232695,1.8478987926974615]",0
4.0,17.09000015258789,4.699999809265137,283.0,7.840000152587891,"[7.840000152587891,4.699999809265137,283.0,17.09000015258789]","[2.857687573043607,33.57416015366229,2.003446049824573,1.0818975701052058]",1
0.0,16.989999771118164,4.800000190734863,203.0,6.739999771118164,"[6.739999771118164,4.800000190734863,203.0,16.989999771118164]","[2.456736379256749,34.288506740713935,1.4371008767292874,1.0755669575390434]",0
4.0,56.9900016784668,4.800000190734863,200.0,6.329999923706055,"[6.329999923706055,4.800000190734863,200.0,56.9900016784668]","[2.307291041744528,34.288506740713935,1.4158629327382142,3.607802445039079]",1
4.0,23.989999771118164,4.599999904632568,216.0,10.109999656677246,"[10.109999656677246,4.599999904632568,216.0,23.989999771118164]","[3.6851045688851234,32.85981697286762,1.5291319673572712,1.518708146720931]",1
0.0,18.389999389648438,4.699999809265137,164.0,6.800000190734863,"[6.800000190734863,4.699999809265137,164.0,18.389999389648438]","[2.478606589738753,33.57416015366229,1.1610076048453355,1.1641951712261425]",0
0.0,2.5899999141693115,4.699999809265137,223.0,12.569999694824219,"[12.569999694824219,4.699999809265137,223.0,2.5899999141693115]","[4.581776941573651,33.57416015366229,1.5786871700031087,0.16396223456371084]",2
0.0,14.6899995803833,4.900000095367432,163.0,10.210000038146973,"[10.210000038146973,4.900000095367432,163.0,14.6899995803833]","[3.7215548038167294,35.002849921508606,1.1539282901816446,0.9299634118760696]",1
0.0,41.9900016784668,4.800000190734863,414.0,9.020000457763672,"[9.020000457763672,4.800000190734863,414.0,41.9900016784668]","[3.287798815729669,34.288506740713935,2.9308362707681033,2.6582141825064625]",1
1.0,30.190000534057617,4.699999809265137,100.0,6.860000133514404,"[6.860000133514404,4.699999809265137,100.0,30.190000534057617]","[2.500476626413156,33.57416015366229,0.7079314663691071,1.9112046768663025]",0
3.0,21.989999771118164,4.699999809265137,241.0,5.150000095367432,"[5.150000095367432,4.699999809265137,241.0,21.989999771118164]","[1.8771799728660674,33.57416015366229,1.706114833949548,1.3920963783832487]",0
1.0,28.59000015258789,4.699999809265137,155.0,5.349999904632568,"[5.349999904632568,4.699999809265137,155.0,28.59000015258789]","[1.950080095114077,33.57416015366229,1.097293772872116,1.8099152380468784]",0
0.0,19.290000915527344,4.800000190734863,341.0,7.639999866485596,"[7.639999866485596,4.800000190734863,341.0,19.290000915527344]","[2.7847872769879958,34.288506740713935,2.414046300318655,1.2211705635752128]",1
1.0,16.190000534057617,4.900000095367432,21.0,9.359999656677246,"[9.359999656677246,4.900000095367432,21.0,16.190000534057617]","[3.4117288497436844,35.002849921508606,0.1486656079375125,1.024922298502527]",0
3.0,19.989999771118164,4.800000190734863,129.0,4.670000076293945,"[4.670000076293945,4.800000190734863,129.0,19.989999771118164]","[1.7022195056632423,34.288506740713935,0.9132315916161481,1.2654846100455666]",0
0.0,55.689998626708984,4.800000190734863,673.0,7.510000228881836,"[7.510000228881836,4.800000190734863,673.0,55.689998626708984]","[2.73740228443059,34.288506740713935,4.76437876866409,3.525504602425359]",1
3.0,19.989999771118164,4.699999809265137,134.0,4.670000076293945,"[4.670000076293945,4.699999809265137,134.0,19.989999771118164]","[1.7022195056632423,33.57416015366229,0.9486281649346034,1.2654846100455666]",0
0.0,13.6899995803833,4.800000190734863,444.0,8.739999771118164,"[8.739999771118164,4.800000190734863,444.0,13.6899995803833]","[3.1857382969672527,34.288506740713935,3.1432157106788354,0.8666575277072285]",1
3.0,19.989999771118164,4.800000190734863,122.0,4.670000076293945,"[4.670000076293945,4.800000190734863,122.0,19.989999771118164]","[1.7022195056632423,34.288506740713935,0.8636763889703106,1.2654846100455666]",0
1.0,2.5899999141693115,4.699999809265137,26.0,16.579999923706055,"[16.579999923706055,4.699999809265137,26.0,2.5899999141693115]","[6.04342587001086,33.57416015366229,0.18406218125596785,0.16396223456371084]",2
0.0,19.989999771118164,4.800000190734863,100.0,7.800000190734863,"[7.800000190734863,4.800000190734863,100.0,19.989999771118164]","[2.843107548594005,34.288506740713935,0.7079314663691071,1.2654846100455666]",0
1.0,2.5899999141693115,5.0,11.0,16.579999923706055,"[16.579999923706055,5.0,11.0,2.5899999141693115]","[6.04342587001086,35.71719310230328,0.07787246130060177,0.16396223456371084]",2
3.0,19.989999771118164,4.699999809265137,92.0,4.670000076293945,"[4.670000076293945,4.699999809265137,92.0,19.989999771118164]","[1.7022195056632423,33.57416015366229,0.6512969490595785,1.2654846100455666]",0
0.0,24.290000915527344,4.800000190734863,630.0,6.860000133514404,"[6.860000133514404,4.800000190734863,630.0,24.290000915527344]","[2.500476626413156,34.288506740713935,4.4599682381253745,1.5376999844194184]",1
3.0,3.2899999618530273,4.699999809265137,73.0,5.510000228881836,"[5.510000228881836,4.699999809265137,73.0,3.2899999618530273]","[2.0084003667200863,33.57416015366229,0.5167899704494482,0.2082763565005594]",0
3.0,3.2899999618530273,4.699999809265137,69.0,5.510000228881836,"[5.510000228881836,4.699999809265137,69.0,3.2899999618530273]","[2.0084003667200863,33.57416015366229,0.4884727117946839,0.2082763565005594]",0
3.0,21.989999771118164,4.599999904632568,47.0,4.909999847412109,"[4.909999847412109,4.599999904632568,47.0,21.989999771118164]","[1.7896996523608542,32.85981697286762,0.33272778919348034,1.3920963783832487]",0
4.0,28.09000015258789,4.699999809265137,288.0,7.0,"[7.0,4.699999809265137,288.0,28.09000015258789]","[2.551506711986763,33.57416015366229,2.0388426231430286,1.7782622959624579]",1
0.0,17.489999771118164,4.800000190734863,268.0,6.900000095367432,"[6.900000095367432,4.800000190734863,268.0,17.489999771118164]","[2.515056650862758,34.288506740713935,1.897256329869207,1.107219899623464]",1
1.0,29.190000534057617,4.599999904632568,93.0,6.210000038146973,"[6.210000038146973,4.599999904632568,93.0,29.190000534057617]","[2.2635509683957222,32.85981697286762,0.6583762637232695,1.8478987926974615]",0
4.0,17.09000015258789,4.699999809265137,283.0,7.840000152587891,"[7.840000152587891,4.699999809265137,283.0,17.09000015258789]","[2.857687573043607,33.57416015366229,2.003446049824573,1.0818975701052058]",1
0.0,16.989999771118164,4.800000190734863,203.0,6.739999771118164,"[6.739999771118164,4.800000190734863,203.0,16.989999771118164]","[2.456736379256749,34.288506740713935,1.4371008767292874,1.0755669575390434]",0
4.0,56.9900016784668,4.800000190734863,200.0,6.329999923706055,"[6.329999923706055,4.800000190734863,200.0,56.9900016784668]","[2.307291041744528,34.288506740713935,1.4158629327382142,3.607802445039079]",1
4.0,23.989999771118164,4.599999904632568,216.0,10.109999656677246,"[10.109999656677246,4.599999904632568,216.0,23.989999771118164]","[3.6851045688851234,32.85981697286762,1.5291319673572712,1.518708146720931]",1
0.0,18.389999389648438,4.699999809265137,164.0,6.800000190734863,"[6.800000190734863,4.699999809265137,164.0,18.389999389648438]","[2.478606589738753,33.57416015366229,1.1610076048453355,1.1641951712261425]",0
0.0,2.5899999141693115,4.699999809265137,223.0,12.569999694824219,"[12.569999694824219,4.699999809265137,223.0,2.5899999141693115]","[4.581776941573651,33.57416015366229,1.5786871700031087,0.16396223456371084]",2
0.0,14.6899995803833,4.900000095367432,163.0,10.210000038146973,"[10.210000038146973,4.900000095367432,163.0,14.6899995803833]","[3.7215548038167294,35.002849921508606,1.1539282901816446,0.9299634118760696]",1
0.0,41.9900016784668,4.800000190734863,414.0,9.020000457763672,"[9.020000457763672,4.800000190734863,414.0,41.9900016784668]","[3.287798815729669,34.288506740713935,2.9308362707681033,2.6582141825064625]",1
1.0,30.190000534057617,4.699999809265137,100.0,6.860000133514404,"[6.860000133514404,4.699999809265137,100.0,30.190000534057617]","[2.500476626413156,33.57416015366229,0.7079314663691071,1.9112046768663025]",0
3.0,21.989999771118164,4.699999809265137,241.0,5.150000095367432,"[5.150000095367432,4.699999809265137,241.0,21.989999771118164]","[1.8771799728660674,33.57416015366229,1.706114833949548,1.3920963783832487]",0
1.0,28.59000015258789,4.699999809265137,155.0,5.349999904632568,"[5.349999904632568,4.699999809265137,155.0,28.59000015258789]","[1.950080095114077,33.57416015366229,1.097293772872116,1.8099152380468784]",0
0.0,19.290000915527344,4.800000190734863,341.0,7.639999866485596,"[7.639999866485596,4.800000190734863,341.0,19.290000915527344]","[2.7847872769879958,34.288506740713935,2.414046300318655,1.2211705635752128]",1
1.0,16.190000534057617,4.900000095367432,21.0,9.359999656677246,"[9.359999656677246,4.900000095367432,21.0,16.190000534057617]","[3.4117288497436844,35.002849921508606,0.1486656079375125,1.024922298502527]",0
3.0,19.989999771118164,4.800000190734863,129.0,4.670000076293945,"[4.670000076293945,4.800000190734863,129.0,19.989999771118164]","[1.7022195056632423,34.288506740713935,0.9132315916161481,1.2654846100455666]",0
0.0,55.689998626708984,4.800000190734863,673.0,7.510000228881836,"[7.510000228881836,4.800000190734863,673.0,55.689998626708984]","[2.73740228443059,34.288506740713935,4.76437876866409,3.525504602425359]",1
3.0,19.989999771118164,4.699999809265137,134.0,4.670000076293945,"[4.670000076293945,4.699999809265137,134.0,19.989999771118164]","[1.7022195056632423,33.57416015366229,0.9486281649346034,1.2654846100455666]",0
0.0,13.6899995803833,4.800000190734863,444.0,8.739999771118164,"[8.739999771118164,4.800000190734863,444.0,13.6899995803833]","[3.1857382969672527,34.288506740713935,3.1432157106788354,0.8666575277072285]",1
3.0,19.989999771118164,4.800000190734863,122.0,4.670000076293945,"[4.670000076293945,4.800000190734863,122.0,19.989999771118164]","[1.7022195056632423,34.288506740713935,0.8636763889703106,1.2654846100455666]",0
1.0,2.5899999141693115,4.699999809265137,26.0,16.579999923706055,"[16.579999923706055,4.699999809265137,26.0,2.5899999141693115]","[6.04342587001086,33.57416015366229,0.18406218125596785,0.16396223456371084]",2
0.0,19.989999771118164,4.800000190734863,100.0,7.800000190734863,"[7.800000190734863,4.800000190734863,100.0,19.989999771118164]","[2.843107548594005,34.288506740713935,0.7079314663691071,1.2654846100455666]",0
1.0,2.5899999141693115,5.0,11.0,16.579999923706055,"[16.579999923706055,5.0,11.0,2.5899999141693115]","[6.04342587001086,35.71719310230328,0.07787246130060177,0.16396223456371084]",2
3.0,19.989999771118164,4.699999809265137,92.0,4.670000076293945,"[4.670000076293945,4.699999809265137,92.0,19.989999771118164]","[1.7022195056632423,33.57416015366229,0.6512969490595785,1.2654846100455666]",0
0.0,24.290000915527344,4.800000190734863,630.0,6.860000133514404,"[6.860000133514404,4.800000190734863,630.0,24.290000915527344]","[2.500476626413156,34.288506740713935,4.4599682381253745,1.5376999844194184]",1
3.0,3.2899999618530273,4.699999809265137,73.0,5.510000228881836,"[5.510000228881836,4.699999809265137,73.0,3.2899999618530273]","[2.0084003667200863,33.57416015366229,0.5167899704494482,0.2082763565005594]",0
3.0,3.2899999618530273,4.699999809265137,69.0,5.510000228881836,"[5.510000228881836,4.699999809265137,69.0,3.2899999618530273]","[2.0084003667200863,33.57416015366229,0.4884727117946839,0.2082763565005594]",0
3.0,21.989999771118164,4.599999904632568,47.0,4.909999847412109,"[4.909999847412109,4.599999904632568,47.0,21.989999771118164]","[1.7896996523608542,32.85981697286762,0.33272778919348034,1.3920963783832487]",0
4.0,28.09000015258789,4.699999809265137,288.0,7.0,"[7.0,4.699999809265137,288.0,28.09000015258789]","[2.551506711986763,33.57416015366229,2.0388426231430286,1.7782622959624579]",1
0.0,17.489999771118164,4.800000190734863,268.0,6.900000095367432,"[6.900000095367432,4.800000190734863,268.0,17.489999771118164]","[2.515056650862758,34.288506740713935,1.897256329869207,1.107219899623464]",1
1.0,29.190000534057617,4.599999904632568,93.0,6.210000038146973,"[6.210000038146973,4.599999904632568,93.0,29.190000534057617]","[2.2635509683957222,32.85981697286762,0.6583762637232695,1.8478987926974615]",0
4.0,17.09000015258789,4.699999809265137,283.0,7.840000152587891,"[7.840000152587891,4.699999809265137,283.0,17.09000015258789]","[2.857687573043607,33.57416015366229,2.003446049824573,1.0818975701052058]",1
0.0,16.989999771118164,4.800000190734863,203.0,6.739999771118164,"[6.739999771118164,4.800000190734863,203.0,16.989999771118164]","[2.456736379256749,34.288506740713935,1.4371008767292874,1.0755669575390434]",0
4.0,56.9900016784668,4.800000190734863,200.0,6.329999923706055,"[6.329999923706055,4.800000190734863,200.0,56.9900016784668]","[2.307291041744528,34.288506740713935,1.4158629327382142,3.607802445039079]",1
4.0,23.989999771118164,4.599999904632568,216.0,10.109999656677246,"[10.109999656677246,4.599999904632568,216.0,23.989999771118164]","[3.6851045688851234,32.85981697286762,1.5291319673572712,1.518708146720931]",1
0.0,18.389999389648438,4.699999809265137,164.0,6.800000190734863,"[6.800000190734863,4.699999809265137,164.0,18.389999389648438]","[2.478606589738753,33.57416015366229,1.1610076048453355,1.1641951712261425]",0
0.0,2.5899999141693115,4.699999809265137,223.0,12.569999694824219,"[12.569999694824219,4.699999809265137,223.0,2.5899999141693115]","[4.581776941573651,33.57416015366229,1.5786871700031087,0.16396223456371084]",2
0.0,14.6899995803833,4.900000095367432,163.0,10.210000038146973,"[10.210000038146973,4.900000095367432,163.0,14.6899995803833]","[3.7215548038167294,35.002849921508606,1.1539282901816446,0.9299634118760696]",1
0.0,41.9900016784668,4.800000190734863,414.0,9.020000457763672,"[9.020000457763672,4.800000190734863,414.0,41.9900016784668]","[3.287798815729669,34.288506740713935,2.9308362707681033,2.6582141825064625]",1
1.0,30.190000534057617,4.699999809265137,100.0,6.860000133514404,"[6.860000133514404,4.699999809265137,100.0,30.190000534057617]","[2.500476626413156,33.57416015366229,0.7079314663691071,1.9112046768663025]",0
3.0,21.989999771118164,4.699999809265137,241.0,5.150000095367432,"[5.150000095367432,4.699999809265137,241.0,21.989999771118164]","[1.8771799728660674,33.57416015366229,1.706114833949548,1.3920963783832487]",0
1.0,28.59000015258789,4.699999809265137,155.0,5.349999904632568,"[5.349999904632568,4.699999809265137,155.0,28.59000015258789]","[1.950080095114077,33.57416015366229,1.097293772872116,1.8099152380468784]",0
0.0,19.290000915527344,4.800000190734863,341.0,7.639999866485596,"[7.639999866485596,4.800000190734863,341.0,19.290000915527344]","[2.7847872769879958,34.288506740713935,2.414046300318655,1.2211705635752128]",1
1.0,16.190000534057617,4.900000095367432,21.0,9.359999656677246,"[9.359999656677246,4.900000095367432,21.0,16.190000534057617]","[3.4117288497436844,35.002849921508606,0.1486656079375125,1.024922298502527]",0
3.0,19.989999771118164,4.800000190734863,129.0,4.670000076293945,"[4.670000076293945,4.800000190734863,129.0,19.989999771118164]","[1.7022195056632423,34.288506740713935,0.9132315916161481,1.2654846100455666]",0
0.0,55.689998626708984,4.800000190734863,673.0,7.510000228881836,"[7.510000228881836,4.800000190734863,673.0,55.689998626708984]","[2.73740228443059,34.288506740713935,4.76437876866409,3.525504602425359]",1
3.0,19.989999771118164,4.699999809265137,134.0,4.670000076293945,"[4.670000076293945,4.699999809265137,134.0,19.989999771118164]","[1.7022195056632423,33.57416015366229,0.9486281649346034,1.2654846100455666]",0
0.0,13.6899995803833,4.800000190734863,444.0,8.739999771118164,"[8.739999771118164,4.800000190734863,444.0,13.6899995803833]","[3.1857382969672527,34.288506740713935,3.1432157106788354,0.8666575277072285]",1
3.0,19.989999771118164,4.800000190734863,122.0,4.670000076293945,"[4.670000076293945,4.800000190734863,122.0,19.989999771118164]","[1.7022195056632423,34.288506740713935,0.8636763889703106,1.2654846100455666]",0
1.0,2.5899999141693115,4.699999809265137,26.0,16.579999923706055,"[16.579999923706055,4.699999809265137,26.0,2.5899999141693115]","[6.04342587001086,33.57416015366229,0.18406218125596785,0.16396223456371084]",2
0.0,19.989999771118164,4.800000190734863,100.0,7.800000190734863,"[7.800000190734863,4.800000190734863,100.0,19.989999771118164]","[2.843107548594005,34.288506740713935,0.7079314663691071,1.2654846100455666]",0
1.0,2.5899999141693115,5.0,11.0,16.579999923706055,"[16.579999923706055,5.0,11.0,2.5899999141693115]","[6.04342587001086,35.71719310230328,0.07787246130060177,0.16396223456371084]",2
3.0,19.989999771118164,4.699999809265137,92.0,4.670000076293945,"[4.670000076293945,4.699999809265137,92.0,19.989999771118164]","[1.7022195056632423,33.57416015366229,0.6512969490595785,1.2654846100455666]",0
0.0,24.290000915527344,4.800000190734863,630.0,6.860000133514404,"[6.860000133514404,4.800000190734863,630.0,24.290000915527344]","[2.500476626413156,34.288506740713935,4.4599682381253745,1.5376999844194184]",1
3.0,3.2899999618530273,4.699999809265137,73.0,5.510000228881836,"[5.510000228881836,4.699999809265137,73.0,3.2899999618530273]","[2.0084003667200863,33.57416015366229,0.5167899704494482,0.2082763565005594]",0
3.0,3.2899999618530273,4.699999809265137,69.0,5.510000228881836,"[5.510000228881836,4.699999809265137,69.0,3.2899999618530273]","[2.0084003667200863,33.57416015366229,0.4884727117946839,0.2082763565005594]",0
3.0,21.989999771118164,4.599999904632568,47.0,4.909999847412109,"[4.909999847412109,4.599999904632568,47.0,21.989999771118164]","[1.7896996523608542,32.85981697286762,0.33272778919348034,1.3920963783832487]",0
4.0,28.09000015258789,4.699999809265137,288.0,7.0,"[7.0,4.699999809265137,288.0,28.09000015258789]","[2.551506711986763,33.57416015366229,2.0388426231430286,1.7782622959624579]",1
0.0,17.489999771118164,4.800000190734863,268.0,6.900000095367432,"[6.900000095367432,4.800000190734863,268.0,17.489999771118164]","[2.515056650862758,34.288506740713935,1.897256329869207,1.107219899623464]",1
1.0,29.190000534057617,4.599999904632568,93.0,6.210000038146973,"[6.210000038146973,4.599999904632568,93.0,29.190000534057617]","[2.2635509683957222,32.85981697286762,0.6583762637232695,1.8478987926974615]",0
4.0,17.09000015258789,4.699999809265137,283.0,7.840000152587891,"[7.840000152587891,4.699999809265137,283.0,17.09000015258789]","[2.857687573043607,33.57416015366229,2.003446049824573,1.0818975701052058]",1
0.0,16.989999771118164,4.800000190734863,203.0,6.739999771118164,"[6.739999771118164,4.800000190734863,203.0,16.989999771118164]","[2.456736379256749,34.288506740713935,1.4371008767292874,1.0755669575390434]",0
4.0,56.9900016784668,4.800000190734863,200.0,6.329999923706055,"[6.329999923706055,4.800000190734863,200.0,56.9900016784668]","[2.307291041744528,34.288506740713935,1.4158629327382142,3.607802445039079]",1
4.0,23.989999771118164,4.599999904632568,216.0,10.109999656677246,"[10.109999656677246,4.599999904632568,216.0,23.989999771118164]","[3.6851045688851234,32.85981697286762,1.5291319673572712,1.518708146720931]",1
0.0,18.389999389648438,4.699999809265137,164.0,6.800000190734863,"[6.800000190734863,4.699999809265137,164.0,18.389999389648438]","[2.478606589738753,33.57416015366229,1.1610076048453355,1.1641951712261425]",0
0.0,2.5899999141693115,4.699999809265137,223.0,12.569999694824219,"[12.569999694824219,4.699999809265137,223.0,2.5899999141693115]","[4.581776941573651,33.57416015366229,1.5786871700031087,0.16396223456371084]",2
0.0,14.6899995803833,4.900000095367432,163.0,10.210000038146973,"[10.210000038146973,4.900000095367432,163.0,14.6899995803833]","[3.7215548038167294,35.002849921508606,1.1539282901816446,0.9299634118760696]",1
0.0,41.9900016784668,4.800000190734863,414.0,9.020000457763672,"[9.020000457763672,4.800000190734863,414.0,41.9900016784668]","[3.287798815729669,34.288506740713935,2.9308362707681033,2.6582141825064625]",1
1.0,30.190000534057617,4.699999809265137,100.0,6.860000133514404,"[6.860000133514404,4.699999809265137,100.0,30.190000534057617]","[2.500476626413156,33.57416015366229,0.7079314663691071,1.9112046768663025]",0
3.0,21.989999771118164,4.699999809265137,241.0,5.150000095367432,"[5.150000095367432,4.699999809265137,241.0,21.989999771118164]","[1.8771799728660674,33.57416015366229,1.706114833949548,1.3920963783832487]",0
1.0,28.59000015258789,4.699999809265137,155.0,5.349999904632568,"[5.349999904632568,4.699999809265137,155.0,28.59000015258789]","[1.950080095114077,33.57416015366229,1.097293772872116,1.8099152380468784]",0
0.0,19.290000915527344,4.800000190734863,341.0,7.639999866485596,"[7.639999866485596,4.800000190734863,341.0,19.290000915527344]","[2.7847872769879958,34.288506740713935,2.414046300318655,1.2211705635752128]",1
1.0,16.190000534057617,4.900000095367432,21.0,9.359999656677246,"[9.359999656677246,4.900000095367432,21.0,16.190000534057617]","[3.4117288497436844,35.002849921508606,0.1486656079375125,1.024922298502527]",0
3.0,19.989999771118164,4.800000190734863,129.0,4.670000076293945,"[4.670000076293945,4.800000190734863,129.0,19.989999771118164]","[1.7022195056632423,34.288506740713935,0.9132315916161481,1.2654846100455666]",0
0.0,55.689998626708984,4.800000190734863,673.0,7.510000228881836,"[7.510000228881836,4.800000190734863,673.0,55.689998626708984]","[2.73740228443059,34.288506740713935,4.76437876866409,3.525504602425359]",1
3.0,19.989999771118164,4.699999809265137,134.0,4.670000076293945,"[4.670000076293945,4.699999809265137,134.0,19.989999771118164]","[1.7022195056632423,33.57416015366229,0.9486281649346034,1.2654846100455666]",0
0.0,13.6899995803833,4.800000190734863,444.0,8.739999771118164,"[8.739999771118164,4.800000190734863,444.0,13.6899995803833]","[3.1857382969672527,34.288506740713935,3.1432157106788354,0.8666575277072285]",1
3.0,19.989999771118164,4.800000190734863,122.0,4.670000076293945,"[4.670000076293945,4.800000190734863,122.0,19.989999771118164]","[1.7022195056632423,34.288506740713935,0.8636763889703106,1.2654846100455666]",0
1.0,2.5899999141693115,4.699999809265137,26.0,16.579999923706055,"[16.579999923706055,4.699999809265137,26.0,2.5899999141693115]","[6.04342587001086,33.57416015366229,0.18406218125596785,0.16396223456371084]",2
0.0,19.989999771118164,4.800000190734863,100.0,7.800000190734863,"[7.800000190734863,4.800000190734863,100.0,19.989999771118164]","[2.843107548594005,34.288506740713935,0.7079314663691071,1.2654846100455666]",0
1.0,2.5899999141693115,5.0,11.0,16.579999923706055,"[16.579999923706055,5.0,11.0,2.5899999141693115]","[6.04342587001086,35.71719310230328,0.07787246130060177,0.16396223456371084]",2
3.0,19.989999771118164,4.699999809265137,92.0,4.670000076293945,"[4.670000076293945,4.699999809265137,92.0,19.989999771118164]","[1.7022195056632423,33.57416015366229,0.6512969490595785,1.2654846100455666]",0
0.0,24.290000915527344,4.800000190734863,630.0,6.860000133514404,"[6.860000133514404,4.800000190734863,630.0,24.290000915527344]","[2.500476626413156,34.288506740713935,4.4599682381253745,1.5376999844194184]",1
3.0,3.2899999618530273,4.699999809265137,73.0,5.510000228881836,"[5.510000228881836,4.699999809265137,73.0,3.2899999618530273]","[2.0084003667200863,33.57416015366229,0.5167899704494482,0.2082763565005594]",0
3.0,3.2899999618530273,4.699999809265137,69.0,5.510000228881836,"[5.510000228881836,4.699999809265137,69.0,3.2899999618530273]","[2.0084003667200863,33.57416015366229,0.4884727117946839,0.2082763565005594]",0
3.0,21.989999771118164,4.599999904632568,47.0,4.909999847412109,"[4.909999847412109,4.599999904632568,47.0,21.989999771118164]","[1.7896996523608542,32.85981697286762,0.33272778919348034,1.3920963783832487]",0
4.0,28.09000015258789,4.699999809265137,288.0,7.0,"[7.0,4.699999809265137,288.0,28.09000015258789]","[2.551506711986763,33.57416015366229,2.0388426231430286,1.7782622959624579]",1
0.0,17.489999771118164,4.800000190734863,268.0,6.900000095367432,"[6.900000095367432,4.800000190734863,268.0,17.489999771118164]","[2.515056650862758,34.288506740713935,1.897256329869207,1.107219899623464]",1
1.0,29.190000534057617,4.599999904632568,93.0,6.210000038146973,"[6.210000038146973,4.599999904632568,93.0,29.190000534057617]","[2.2635509683957222,32.85981697286762,0.6583762637232695,1.8478987926974615]",0
4.0,17.09000015258789,4.699999809265137,283.0,7.840000152587891,"[7.840000152587891,4.699999809265137,283.0,17.09000015258789]","[2.857687573043607,33.57416015366229,2.003446049824573,1.0818975701052058]",1
0.0,16.989999771118164,4.800000190734863,203.0,6.739999771118164,"[6.739999771118164,4.800000190734863,203.0,16.989999771118164]","[2.456736379256749,34.288506740713935,1.4371008767292874,1.0755669575390434]",0
4.0,56.9900016784668,4.800000190734863,200.0,6.329999923706055,"[6.329999923706055,4.800000190734863,200.0,56.9900016784668]","[2.307291041744528,34.288506740713935,1.4158629327382142,3.607802445039079]",1
4.0,23.989999771118164,4.599999904632568,216.0,10.109999656677246,"[10.109999656677246,4.599999904632568,216.0,23.989999771118164]","[3.6851045688851234,32.85981697286762,1.5291319673572712,1.518708146720931]",1
0.0,18.389999389648438,4.699999809265137,164.0,6.800000190734863,"[6.800000190734863,4.699999809265137,164.0,18.389999389648438]","[2.478606589738753,33.57416015366229,1.1610076048453355,1.1641951712261425]",0
0.0,2.5899999141693115,4.699999809265137,223.0,12.569999694824219,"[12.569999694824219,4.699999809265137,223.0,2.5899999141693115]","[4.581776941573651,33.57416015366229,1.5786871700031087,0.16396223456371084]",2
0.0,14.6899995803833,4.900000095367432,163.0,10.210000038146973,"[10.210000038146973,4.900000095367432,163.0,14.6899995803833]","[3.7215548038167294,35.002849921508606,1.1539282901816446,0.9299634118760696]",1
0.0,41.9900016784668,4.800000190734863,414.0,9.020000457763672,"[9.020000457763672,4.800000190734863,414.0,41.9900016784668]","[3.287798815729669,34.288506740713935,2.9308362707681033,2.6582141825064625]",1
1.0,30.190000534057617,4.699999809265137,100.0,6.860000133514404,"[6.860000133514404,4.699999809265137,100.0,30.190000534057617]","[2.500476626413156,33.57416015366229,0.7079314663691071,1.9112046768663025]",0
3.0,21.989999771118164,4.699999809265137,241.0,5.150000095367432,"[5.150000095367432,4.699999809265137,241.0,21.989999771118164]","[1.8771799728660674,33.57416015366229,1.706114833949548,1.3920963783832487]",0
1.0,28.59000015258789,4.699999809265137,155.0,5.349999904632568,"[5.349999904632568,4.699999809265137,155.0,28.59000015258789]","[1.950080095114077,33.57416015366229,1.097293772872116,1.8099152380468784]",0
0.0,19.290000915527344,4.800000190734863,341.0,7.639999866485596,"[7.639999866485596,4.800000190734863,341.0,19.290000915527344]","[2.7847872769879958,34.288506740713935,2.414046300318655,1.2211705635752128]",1
1.0,16.190000534057617,4.900000095367432,21.0,9.359999656677246,"[9.359999656677246,4.900000095367432,21.0,16.190000534057617]","[3.4117288497436844,35.002849921508606,0.1486656079375125,1.024922298502527]",0
3.0,19.989999771118164,4.800000190734863,129.0,4.670000076293945,"[4.670000076293945,4.800000190734863,129.0,19.989999771118164]","[1.7022195056632423,34.288506740713935,0.9132315916161481,1.2654846100455666]",0
0.0,55.689998626708984,4.800000190734863,673.0,7.510000228881836,"[7.510000228881836,4.800000190734863,673.0,55.689998626708984]","[2.73740228443059,34.288506740713935,4.76437876866409,3.525504602425359]",1
3.0,19.989999771118164,4.699999809265137,134.0,4.670000076293945,"[4.670000076293945,4.699999809265137,134.0,19.989999771118164]","[1.7022195056632423,33.57416015366229,0.9486281649346034,1.2654846100455666]",0
0.0,13.6899995803833,4.800000190734863,444.0,8.739999771118164,"[8.739999771118164,4.800000190734863,444.0,13.6899995803833]","[3.1857382969672527,34.288506740713935,3.1432157106788354,0.8666575277072285]",1
3.0,19.989999771118164,4.800000190734863,122.0,4.670000076293945,"[4.670000076293945,4.800000190734863,122.0,19.989999771118164]","[1.7022195056632423,34.288506740713935,0.8636763889703106,1.2654846100455666]",0
1.0,2.5899999141693115,4.699999809265137,26.0,16.579999923706055,"[16.579999923706055,4.699999809265137,26.0,2.5899999141693115]","[6.04342587001086,33.57416015366229,0.18406218125596785,0.16396223456371084]",2
0.0,19.989999771118164,4.800000190734863,100.0,7.800000190734863,"[7.800000190734863,4.800000190734863,100.0,19.989999771118164]","[2.843107548594005,34.288506740713935,0.7079314663691071,1.2654846100455666]",0
1.0,2.5899999141693115,5.0,11.0,16.579999923706055,"[16.579999923706055,5.0,11.0,2.5899999141693115]","[6.04342587001086,35.71719310230328,0.07787246130060177,0.16396223456371084]",2
3.0,19.989999771118164,4.699999809265137,92.0,4.670000076293945,"[4.670000076293945,4.699999809265137,92.0,19.989999771118164]","[1.7022195056632423,33.57416015366229,0.6512969490595785,1.2654846100455666]",0
0.0,24.290000915527344,4.800000190734863,630.0,6.860000133514404,"[6.860000133514404,4.800000190734863,630.0,24.290000915527344]","[2.500476626413156,34.288506740713935,4.4599682381253745,1.5376999844194184]",1
3.0,3.2899999618530273,4.699999809265137,73.0,5.510000228881836,"[5.510000228881836,4.699999809265137,73.0,3.2899999618530273]","[2.0084003667200863,33.57416015366229,0.5167899704494482,0.2082763565005594]",0
3.0,3.2899999618530273,4.699999809265137,69.0,5.510000228881836,"[5.510000228881836,4.699999809265137,69.0,3.2899999618530273]","[2.0084003667200863,33.57416015366229,0.4884727117946839,0.2082763565005594]",0
3.0,21.989999771118164,4.599999904632568,47.0,4.909999847412109,"[4.909999847412109,4.599999904632568,47.0,21.989999771118164]","[1.7896996523608542,32.85981697286762,0.33272778919348034,1.3920963783832487]",0
4.0,28.09000015258789,4.699999809265137,288.0,7.0,"[7.0,4.699999809265137,288.0,28.09000015258789]","[2.551506711986763,33.57416015366229,2.0388426231430286,1.7782622959624579]",1
0.0,17.489999771118164,4.800000190734863,268.0,6.900000095367432,"[6.900000095367432,4.800000190734863,268.0,17.489999771118164]","[2.515056650862758,34.288506740713935,1.897256329869207,1.107219899623464]",1
1.0,29.190000534057617,4.599999904632568,93.0,6.210000038146973,"[6.210000038146973,4.599999904632568,93.0,29.190000534057617]","[2.2635509683957222,32.85981697286762,0.6583762637232695,1.8478987926974615]",0
4.0,17.09000015258789,4.699999809265137,283.0,7.840000152587891,"[7.840000152587891,4.699999809265137,283.0,17.09000015258789]","[2.857687573043607,33.57416015366229,2.003446049824573,1.0818975701052058]",1
0.0,16.989999771118164,4.800000190734863,203.0,6.739999771118164,"[6.739999771118164,4.800000190734863,203.0,16.989999771118164]","[2.456736379256749,34.288506740713935,1.4371008767292874,1.0755669575390434]",0
4.0,56.9900016784668,4.800000190734863,200.0,6.329999923706055,"[6.329999923706055,4.800000190734863,200.0,56.9900016784668]","[2.307291041744528,34.288506740713935,1.4158629327382142,3.607802445039079]",1
4.0,23.989999771118164,4.599999904632568,216.0,10.109999656677246,"[10.109999656677246,4.599999904632568,216.0,23.989999771118164]","[3.6851045688851234,32.85981697286762,1.5291319673572712,1.518708146720931]",1
0.0,18.389999389648438,4.699999809265137,164.0,6.800000190734863,"[6.800000190734863,4.699999809265137,164.0,18.389999389648438]","[2.478606589738753,33.57416015366229,1.1610076048453355,1.1641951712261425]",0
0.0,2.5899999141693115,4.699999809265137,223.0,12.569999694824219,"[12.569999694824219,4.699999809265137,223.0,2.5899999141693115]","[4.581776941573651,33.57416015366229,1.5786871700031087,0.16396223456371084]",2
0.0,14.6899995803833,4.900000095367432,163.0,10.210000038146973,"[10.210000038146973,4.900000095367432,163.0,14.6899995803833]","[3.7215548038167294,35.002849921508606,1.1539282901816446,0.9299634118760696]",1
0.0,41.9900016784668,4.800000190734863,414.0,9.020000457763672,"[9.020000457763672,4.800000190734863,414.0,41.9900016784668]","[3.287798815729669,34.288506740713935,2.9308362707681033,2.6582141825064625]",1
1.0,30.190000534057617,4.699999809265137,100.0,6.860000133514404,"[6.860000133514404,4.699999809265137,100.0,30.190000534057617]","[2.500476626413156,33.57416015366229,0.7079314663691071,1.9112046768663025]",0
3.0,21.989999771118164,4.699999809265137,241.0,5.150000095367432,"[5.150000095367432,4.699999809265137,241.0,21.989999771118164]","[1.8771799728660674,33.57416015366229,1.706114833949548,1.3920963783832487]",0
1.0,28.59000015258789,4.699999809265137,155.0,5.349999904632568,"[5.349999904632568,4.699999809265137,155.0,28.59000015258789]","[1.950080095114077,33.57416015366229,1.097293772872116,1.8099152380468784]",0
0.0,19.290000915527344,4.800000190734863,341.0,7.639999866485596,"[7.639999866485596,4.800000190734863,341.0,19.290000915527344]","[2.7847872769879958,34.288506740713935,2.414046300318655,1.2211705635752128]",1
1.0,16.190000534057617,4.900000095367432,21.0,9.359999656677246,"[9.359999656677246,4.900000095367432,21.0,16.190000534057617]","[3.4117288497436844,35.002849921508606,0.1486656079375125,1.024922298502527]",0
3.0,19.989999771118164,4.800000190734863,129.0,4.670000076293945,"[4.670000076293945,4.800000190734863,129.0,19.989999771118164]","[1.7022195056632423,34.288506740713935,0.9132315916161481,1.2654846100455666]",0
0.0,55.689998626708984,4.800000190734863,673.0,7.510000228881836,"[7.510000228881836,4.800000190734863,673.0,55.689998626708984]","[2.73740228443059,34.288506740713935,4.76437876866409,3.525504602425359]",1
3.0,19.989999771118164,4.699999809265137,134.0,4.670000076293945,"[4.670000076293945,4.699999809265137,134.0,19.989999771118164]","[1.7022195056632423,33.57416015366229,0.9486281649346034,1.2654846100455666]",0
0.0,13.6899995803833,4.800000190734863,444.0,8.739999771118164,"[8.739999771118164,4.800000190734863,444.0,13.6899995803833]","[3.1857382969672527,34.288506740713935,3.1432157106788354,0.8666575277072285]",1
3.0,19.989999771118164,4.800000190734863,122.0,4.670000076293945,"[4.670000076293945,4.800000190734863,122.0,19.989999771118164]","[1.7022195056632423,34.288506740713935,0.8636763889703106,1.2654846100455666]",0
1.0,2.5899999141693115,4.699999809265137,26.0,16.579999923706055,"[16.579999923706055,4.699999809265137,26.0,2.5899999141693115]","[6.04342587001086,33.57416015366229,0.18406218125596785,0.16396223456371084]",2
0.0,19.989999771118164,4.800000190734863,100.0,7.800000190734863,"[7.800000190734863,4.800000190734863,100.0,19.989999771118164]","[2.843107548594005,34.288506740713935,0.7079314663691071,1.2654846100455666]",0
1.0,2.5899999141693115,5.0,11.0,16.579999923706055,"[16.579999923706055,5.0,11.0,2.5899999141693115]","[6.04342587001086,35.71719310230328,0.07787246130060177,0.16396223456371084]",2
3.0,19.989999771118164,4.699999809265137,92.0,4.670000076293945,"[4.670000076293945,4.699999809265137,92.0,19.989999771118164]","[1.7022195056632423,33.57416015366229,0.6512969490595785,1.2654846100455666]",0
0.0,24.290000915527344,4.800000190734863,630.0,6.860000133514404,"[6.860000133514404,4.800000190734863,630.0,24.290000915527344]","[2.500476626413156,34.288506740713935,4.4599682381253745,1.5376999844194184]",1
3.0,3.2899999618530273,4.699999809265137,73.0,5.510000228881836,"[5.510000228881836,4.699999809265137,73.0,3.2899999618530273]","[2.0084003667200863,33.57416015366229,0.5167899704494482,0.2082763565005594]",0
3.0,3.2899999618530273,4.699999809265137,69.0,5.510000228881836,"[5.510000228881836,4.699999809265137,69.0,3.2899999618530273]","[2.0084003667200863,33.57416015366229,0.4884727117946839,0.2082763565005594]",0
3.0,21.989999771118164,4.599999904632568,47.0,4.909999847412109,"[4.909999847412109,4.599999904632568,47.0,21.989999771118164]","[1.7896996523608542,32.85981697286762,0.33272778919348034,1.3920963783832487]",0
4.0,28.09000015258789,4.699999809265137,288.0,7.0,"[7.0,4.699999809265137,288.0,28.09000015258789]","[2.551506711986763,33.57416015366229,2.0388426231430286,1.7782622959624579]",1
0.0,17.489999771118164,4.800000190734863,268.0,6.900000095367432,"[6.900000095367432,4.800000190734863,268.0,17.489999771118164]","[2.515056650862758,34.288506740713935,1.897256329869207,1.107219899623464]",1
1.0,29.190000534057617,4.599999904632568,93.0,6.210000038146973,"[6.210000038146973,4.599999904632568,93.0,29.190000534057617]","[2.2635509683957222,32.85981697286762,0.6583762637232695,1.8478987926974615]",0
4.0,17.09000015258789,4.699999809265137,283.0,7.840000152587891,"[7.840000152587891,4.699999809265137,283.0,17.09000015258789]","[2.857687573043607,33.57416015366229,2.003446049824573,1.0818975701052058]",1
0.0,16.989999771118164,4.800000190734863,203.0,6.739999771118164,"[6.739999771118164,4.800000190734863,203.0,16.989999771118164]","[2.456736379256749,34.288506740713935,1.4371008767292874,1.0755669575390434]",0
4.0,56.9900016784668,4.800000190734863,200.0,6.329999923706055,"[6.329999923706055,4.800000190734863,200.0,56.9900016784668]","[2.307291041744528,34.288506740713935,1.4158629327382142,3.607802445039079]",1
4.0,23.989999771118164,4.599999904632568,216.0,10.109999656677246,"[10.109999656677246,4.599999904632568,216.0,23.989999771118164]","[3.6851045688851234,32.85981697286762,1.5291319673572712,1.518708146720931]",1
0.0,18.389999389648438,4.699999809265137,164.0,6.800000190734863,"[6.800000190734863,4.699999809265137,164.0,18.389999389648438]","[2.478606589738753,33.57416015366229,1.1610076048453355,1.1641951712261425]",0
0.0,2.5899999141693115,4.699999809265137,223.0,12.569999694824219,"[12.569999694824219,4.699999809265137,223.0,2.5899999141693115]","[4.581776941573651,33.57416015366229,1.5786871700031087,0.16396223456371084]",2
0.0,14.6899995803833,4.900000095367432,163.0,10.210000038146973,"[10.210000038146973,4.900000095367432,163.0,14.6899995803833]","[3.7215548038167294,35.002849921508606,1.1539282901816446,0.9299634118760696]",1
0.0,41.9900016784668,4.800000190734863,414.0,9.020000457763672,"[9.020000457763672,4.800000190734863,414.0,41.9900016784668]","[3.287798815729669,34.288506740713935,2.9308362707681033,2.6582141825064625]",1
1.0,30.190000534057617,4.699999809265137,100.0,6.860000133514404,"[6.860000133514404,4.699999809265137,100.0,30.190000534057617]","[2.500476626413156,33.57416015366229,0.7079314663691071,1.9112046768663025]",0
3.0,21.989999771118164,4.699999809265137,241.0,5.150000095367432,"[5.150000095367432,4.699999809265137,241.0,21.989999771118164]","[1.8771799728660674,33.57416015366229,1.706114833949548,1.3920963783832487]",0
1.0,28.59000015258789,4.699999809265137,155.0,5.349999904632568,"[5.349999904632568,4.699999809265137,155.0,28.59000015258789]","[1.950080095114077,33.57416015366229,1.097293772872116,1.8099152380468784]",0
0.0,19.290000915527344,4.800000190734863,341.0,7.639999866485596,"[7.639999866485596,4.800000190734863,341.0,19.290000915527344]","[2.7847872769879958,34.288506740713935,2.414046300318655,1.2211705635752128]",1
1.0,16.190000534057617,4.900000095367432,21.0,9.359999656677246,"[9.359999656677246,4.900000095367432,21.0,16.190000534057617]","[3.4117288497436844,35.002849921508606,0.1486656079375125,1.024922298502527]",0
3.0,19.989999771118164,4.800000190734863,129.0,4.670000076293945,"[4.670000076293945,4.800000190734863,129.0,19.989999771118164]","[1.7022195056632423,34.288506740713935,0.9132315916161481,1.2654846100455666]",0
0.0,55.689998626708984,4.800000190734863,673.0,7.510000228881836,"[7.510000228881836,4.800000190734863,673.0,55.689998626708984]","[2.73740228443059,34.288506740713935,4.76437876866409,3.525504602425359]",1
3.0,19.989999771118164,4.699999809265137,134.0,4.670000076293945,"[4.670000076293945,4.699999809265137,134.0,19.989999771118164]","[1.7022195056632423,33.57416015366229,0.9486281649346034,1.2654846100455666]",0
0.0,13.6899995803833,4.800000190734863,444.0,8.739999771118164,"[8.739999771118164,4.800000190734863,444.0,13.6899995803833]","[3.1857382969672527,34.288506740713935,3.1432157106788354,0.8666575277072285]",1
3.0,19.989999771118164,4.800000190734863,122.0,4.670000076293945,"[4.670000076293945,4.800000190734863,122.0,19.989999771118164]","[1.7022195056632423,34.288506740713935,0.8636763889703106,1.2654846100455666]",0
1.0,2.5899999141693115,4.699999809265137,26.0,16.579999923706055,"[16.579999923706055,4.699999809265137,26.0,2.5899999141693115]","[6.04342587001086,33.57416015366229,0.18406218125596785,0.16396223456371084]",2
0.0,19.989999771118164,4.800000190734863,100.0,7.800000190734863,"[7.800000190734863,4.800000190734863,100.0,19.989999771118164]","[2.843107548594005,34.288506740713935,0.7079314663691071,1.2654846100455666]",0
1.0,2.5899999141693115,5.0,11.0,16.579999923706055,"[16.579999923706055,5.0,11.0,2.5899999141693115]","[6.04342587001086,35.71719310230328,0.07787246130060177,0.16396223456371084]",2
3.0,19.989999771118164,4.699999809265137,92.0,4.670000076293945,"[4.670000076293945,4.699999809265137,92.0,19.989999771118164]","[1.7022195056632423,33.57416015366229,0.6512969490595785,1.2654846100455666]",0
0.0,24.290000915527344,4.800000190734863,630.0,6.860000133514404,"[6.860000133514404,4.800000190734863,630.0,24.290000915527344]","[2.500476626413156,34.288506740713935,4.4599682381253745,1.5376999844194184]",1
3.0,3.2899999618530273,4.699999809265137,73.0,5.510000228881836,"[5.510000228881836,4.699999809265137,73.0,3.2899999618530273]","[2.0084003667200863,33.57416015366229,0.5167899704494482,0.2082763565005594]",0
3.0,3.2899999618530273,4.699999809265137,69.0,5.510000228881836,"[5.510000228881836,4.699999809265137,69.0,3.2899999618530273]","[2.0084003667200863,33.57416015366229,0.4884727117946839,0.2082763565005594]",0
3.0,21.989999771118164,4.599999904632568,47.0,4.909999847412109,"[4.909999847412109,4.599999904632568,47.0,21.989999771118164]","[1.7896996523608542,32.85981697286762,0.33272778919348034,1.3920963783832487]",0
4.0,28.09000015258789,4.699999809265137,288.0,7.0,"[7.0,4.699999809265137,288.0,28.09000015258789]","[2.551506711986763,33.57416015366229,2.0388426231430286,1.7782622959624579]",1
0.0,17.489999771118164,4.800000190734863,268.0,6.900000095367432,"[6.900000095367432,4.800000190734863,268.0,17.489999771118164]","[2.515056650862758,34.288506740713935,1.897256329869207,1.107219899623464]",1
1.0,29.190000534057617,4.599999904632568,93.0,6.210000038146973,"[6.210000038146973,4.599999904632568,93.0,29.190000534057617]","[2.2635509683957222,32.85981697286762,0.6583762637232695,1.8478987926974615]",0
4.0,17.09000015258789,4.699999809265137,283.0,7.840000152587891,"[7.840000152587891,4.699999809265137,283.0,17.09000015258789]","[2.857687573043607,33.57416015366229,2.003446049824573,1.0818975701052058]",1
0.0,16.989999771118164,4.800000190734863,203.0,6.739999771118164,"[6.739999771118164,4.800000190734863,203.0,16.989999771118164]","[2.456736379256749,34.288506740713935,1.4371008767292874,1.0755669575390434]",0
4.0,56.9900016784668,4.800000190734863,200.0,6.329999923706055,"[6.329999923706055,4.800000190734863,200.0,56.9900016784668]","[2.307291041744528,34.288506740713935,1.4158629327382142,3.607802445039079]",1
4.0,23.989999771118164,4.599999904632568,216.0,10.109999656677246,"[10.109999656677246,4.599999904632568,216.0,23.989999771118164]","[3.6851045688851234,32.85981697286762,1.5291319673572712,1.518708146720931]",1
0.0,18.389999389648438,4.699999809265137,164.0,6.800000190734863,"[6.800000190734863,4.699999809265137,164.0,18.389999389648438]","[2.478606589738753,33.57416015366229,1.1610076048453355,1.1641951712261425]",0
0.0,2.5899999141693115,4.699999809265137,223.0,12.569999694824219,"[12.569999694824219,4.699999809265137,223.0,2.5899999141693115]","[4.581776941573651,33.57416015366229,1.5786871700031087,0.16396223456371084]",2
0.0,14.6899995803833,4.900000095367432,163.0,10.210000038146973,"[10.210000038146973,4.900000095367432,163.0,14.6899995803833]","[3.7215548038167294,35.002849921508606,1.1539282901816446,0.9299634118760696]",1
0.0,41.9900016784668,4.800000190734863,414.0,9.020000457763672,"[9.020000457763672,4.800000190734863,414.0,41.9900016784668]","[3.287798815729669,34.288506740713935,2.9308362707681033,2.6582141825064625]",1
1.0,30.190000534057617,4.699999809265137,100.0,6.860000133514404,"[6.860000133514404,4.699999809265137,100.0,30.190000534057617]","[2.500476626413156,33.57416015366229,0.7079314663691071,1.9112046768663025]",0
3.0,21.989999771118164,4.699999809265137,241.0,5.150000095367432,"[5.150000095367432,4.699999809265137,241.0,21.989999771118164]","[1.8771799728660674,33.57416015366229,1.706114833949548,1.3920963783832487]",0
1.0,28.59000015258789,4.699999809265137,155.0,5.349999904632568,"[5.349999904632568,4.699999809265137,155.0,28.59000015258789]","[1.950080095114077,33.57416015366229,1.097293772872116,1.8099152380468784]",0
0.0,19.290000915527344,4.800000190734863,341.0,7.639999866485596,"[7.639999866485596,4.800000190734863,341.0,19.290000915527344]","[2.7847872769879958,34.288506740713935,2.414046300318655,1.2211705635752128]",1
1.0,16.190000534057617,4.900000095367432,21.0,9.359999656677246,"[9.359999656677246,4.900000095367432,21.0,16.190000534057617]","[3.4117288497436844,35.002849921508606,0.1486656079375125,1.024922298502527]",0
3.0,19.989999771118164,4.800000190734863,129.0,4.670000076293945,"[4.670000076293945,4.800000190734863,129.0,19.989999771118164]","[1.7022195056632423,34.288506740713935,0.9132315916161481,1.2654846100455666]",0
0.0,55.689998626708984,4.800000190734863,673.0,7.510000228881836,"[7.510000228881836,4.800000190734863,673.0,55.689998626708984]","[2.73740228443059,34.288506740713935,4.76437876866409,3.525504602425359]",1
3.0,19.989999771118164,4.699999809265137,134.0,4.670000076293945,"[4.670000076293945,4.699999809265137,134.0,19.989999771118164]","[1.7022195056632423,33.57416015366229,0.9486281649346034,1.2654846100455666]",0
0.0,13.6899995803833,4.800000190734863,444.0,8.739999771118164,"[8.739999771118164,4.800000190734863,444.0,13.6899995803833]","[3.1857382969672527,34.288506740713935,3.1432157106788354,0.8666575277072285]",1
3.0,19.989999771118164,4.800000190734863,122.0,4.670000076293945,"[4.670000076293945,4.800000190734863,122.0,19.989999771118164]","[1.7022195056632423,34.288506740713935,0.8636763889703106,1.2654846100455666]",0
1.0,2.5899999141693115,4.699999809265137,26.0,16.579999923706055,"[16.579999923706055,4.699999809265137,26.0,2.5899999141693115]","[6.04342587001086,33.57416015366229,0.18406218125596785,0.16396223456371084]",2
0.0,19.989999771118164,4.800000190734863,100.0,7.800000190734863,"[7.800000190734863,4.800000190734863,100.0,19.989999771118164]","[2.843107548594005,34.288506740713935,0.7079314663691071,1.2654846100455666]",0
1.0,2.5899999141693115,5.0,11.0,16.579999923706055,"[16.579999923706055,5.0,11.0,2.5899999141693115]","[6.04342587001086,35.71719310230328,0.07787246130060177,0.16396223456371084]",2
3.0,19.989999771118164,4.699999809265137,92.0,4.670000076293945,"[4.670000076293945,4.699999809265137,92.0,19.989999771118164]","[1.7022195056632423,33.57416015366229,0.6512969490595785,1.2654846100455666]",0
0.0,24.290000915527344,4.800000190734863,630.0,6.860000133514404,"[6.860000133514404,4.800000190734863,630.0,24.290000915527344]","[2.500476626413156,34.288506740713935,4.4599682381253745,1.5376999844194184]",1
3.0,3.2899999618530273,4.699999809265137,73.0,5.510000228881836,"[5.510000228881836,4.699999809265137,73.0,3.2899999618530273]","[2.0084003667200863,33.57416015366229,0.5167899704494482,0.2082763565005594]",0
3.0,3.2899999618530273,4.699999809265137,69.0,5.510000228881836,"[5.510000228881836,4.699999809265137,69.0,3.2899999618530273]","[2.0084003667200863,33.57416015366229,0.4884727117946839,0.2082763565005594]",0
3.0,21.989999771118164,4.599999904632568,47.0,4.909999847412109,"[4.909999847412109,4.599999904632568,47.0,21.989999771118164]","[1.7896996523608542,32.85981697286762,0.33272778919348034,1.3920963783832487]",0
4.0,28.09000015258789,4.699999809265137,288.0,7.0,"[7.0,4.699999809265137,288.0,28.09000015258789]","[2.551506711986763,33.57416015366229,2.0388426231430286,1.7782622959624579]",1
0.0,17.489999771118164,4.800000190734863,268.0,6.900000095367432,"[6.900000095367432,4.800000190734863,268.0,17.489999771118164]","[2.515056650862758,34.288506740713935,1.897256329869207,1.107219899623464]",1
1.0,29.190000534057617,4.599999904632568,93.0,6.210000038146973,"[6.210000038146973,4.599999904632568,93.0,29.190000534057617]","[2.2635509683957222,32.85981697286762,0.6583762637232695,1.8478987926974615]",0
4.0,17.09000015258789,4.699999809265137,283.0,7.840000152587891,"[7.840000152587891,4.699999809265137,283.0,17.09000015258789]","[2.857687573043607,33.57416015366229,2.003446049824573,1.0818975701052058]",1
0.0,16.989999771118164,4.800000190734863,203.0,6.739999771118164,"[6.739999771118164,4.800000190734863,203.0,16.989999771118164]","[2.456736379256749,34.288506740713935,1.4371008767292874,1.0755669575390434]",0
4.0,56.9900016784668,4.800000190734863,200.0,6.329999923706055,"[6.329999923706055,4.800000190734863,200.0,56.9900016784668]","[2.307291041744528,34.288506740713935,1.4158629327382142,3.607802445039079]",1
4.0,23.989999771118164,4.599999904632568,216.0,10.109999656677246,"[10.109999656677246,4.599999904632568,216.0,23.989999771118164]","[3.6851045688851234,32.85981697286762,1.5291319673572712,1.518708146720931]",1
0.0,18.389999389648438,4.699999809265137,164.0,6.800000190734863,"[6.800000190734863,4.699999809265137,164.0,18.389999389648438]","[2.478606589738753,33.57416015366229,1.1610076048453355,1.1641951712261425]",0
0.0,2.5899999141693115,4.699999809265137,223.0,12.569999694824219,"[12.569999694824219,4.699999809265137,223.0,2.5899999141693115]","[4.581776941573651,33.57416015366229,1.5786871700031087,0.16396223456371084]",2
0.0,14.6899995803833,4.900000095367432,163.0,10.210000038146973,"[10.210000038146973,4.900000095367432,163.0,14.6899995803833]","[3.7215548038167294,35.002849921508606,1.1539282901816446,0.9299634118760696]",1
0.0,41.9900016784668,4.800000190734863,414.0,9.020000457763672,"[9.020000457763672,4.800000190734863,414.0,41.9900016784668]","[3.287798815729669,34.288506740713935,2.9308362707681033,2.6582141825064625]",1
1.0,30.190000534057617,4.699999809265137,100.0,6.860000133514404,"[6.860000133514404,4.699999809265137,100.0,30.190000534057617]","[2.500476626413156,33.57416015366229,0.7079314663691071,1.9112046768663025]",0
3.0,21.989999771118164,4.699999809265137,241.0,5.150000095367432,"[5.150000095367432,4.699999809265137,241.0,21.989999771118164]","[1.8771799728660674,33.57416015366229,1.706114833949548,1.3920963783832487]",0
1.0,28.59000015258789,4.699999809265137,155.0,5.349999904632568,"[5.349999904632568,4.699999809265137,155.0,28.59000015258789]","[1.950080095114077,33.57416015366229,1.097293772872116,1.8099152380468784]",0
0.0,19.290000915527344,4.800000190734863,341.0,7.639999866485596,"[7.639999866485596,4.800000190734863,341.0,19.290000915527344]","[2.7847872769879958,34.288506740713935,2.414046300318655,1.2211705635752128]",1
1.0,16.190000534057617,4.900000095367432,21.0,9.359999656677246,"[9.359999656677246,4.900000095367432,21.0,16.190000534057617]","[3.4117288497436844,35.002849921508606,0.1486656079375125,1.024922298502527]",0
3.0,19.989999771118164,4.800000190734863,129.0,4.670000076293945,"[4.670000076293945,4.800000190734863,129.0,19.989999771118164]","[1.7022195056632423,34.288506740713935,0.9132315916161481,1.2654846100455666]",0
0.0,55.689998626708984,4.800000190734863,673.0,7.510000228881836,"[7.510000228881836,4.800000190734863,673.0,55.689998626708984]","[2.73740228443059,34.288506740713935,4.76437876866409,3.525504602425359]",1
3.0,19.989999771118164,4.699999809265137,134.0,4.670000076293945,"[4.670000076293945,4.699999809265137,134.0,19.989999771118164]","[1.7022195056632423,33.57416015366229,0.9486281649346034,1.2654846100455666]",0
0.0,13.6899995803833,4.800000190734863,444.0,8.739999771118164,"[8.739999771118164,4.800000190734863,444.0,13.6899995803833]","[3.1857382969672527,34.288506740713935,3.1432157106788354,0.8666575277072285]",1
3.0,19.989999771118164,4.800000190734863,122.0,4.670000076293945,"[4.670000076293945,4.800000190734863,122.0,19.989999771118164]","[1.7022195056632423,34.288506740713935,0.8636763889703106,1.2654846100455666]",0
1.0,2.5899999141693115,4.699999809265137,26.0,16.579999923706055,"[16.579999923706055,4.699999809265137,26.0,2.5899999141693115]","[6.04342587001086,33.57416015366229,0.18406218125596785,0.16396223456371084]",2
0.0,19.989999771118164,4.800000190734863,100.0,7.800000190734863,"[7.800000190734863,4.800000190734863,100.0,19.989999771118164]","[2.843107548594005,34.288506740713935,0.7079314663691071,1.2654846100455666]",0
1.0,2.5899999141693115,5.0,11.0,16.579999923706055,"[16.579999923706055,5.0,11.0,2.5899999141693115]","[6.04342587001086,35.71719310230328,0.07787246130060177,0.16396223456371084]",2
3.0,19.989999771118164,4.699999809265137,92.0,4.670000076293945,"[4.670000076293945,4.699999809265137,92.0,19.989999771118164]","[1.7022195056632423,33.57416015366229,0.6512969490595785,1.2654846100455666]",0
0.0,24.290000915527344,4.800000190734863,630.0,6.860000133514404,"[6.860000133514404,4.800000190734863,630.0,24.290000915527344]","[2.500476626413156,34.288506740713935,4.4599682381253745,1.5376999844194184]",1
3.0,3.2899999618530273,4.699999809265137,73.0,5.510000228881836,"[5.510000228881836,4.699999809265137,73.0,3.2899999618530273]","[2.0084003667200863,33.57416015366229,0.5167899704494482,0.2082763565005594]",0
3.0,3.2899999618530273,4.699999809265137,69.0,5.510000228881836,"[5.510000228881836,4.699999809265137,69.0,3.2899999618530273]","[2.0084003667200863,33.57416015366229,0.4884727117946839,0.2082763565005594]",0
3.0,21.989999771118164,4.599999904632568,47.0,4.909999847412109,"[4.909999847412109,4.599999904632568,47.0,21.989999771118164]","[1.7896996523608542,32.85981697286762,0.33272778919348034,1.3920963783832487]",0
4.0,28.09000015258789,4.699999809265137,288.0,7.0,"[7.0,4.699999809265137,288.0,28.09000015258789]","[2.551506711986763,33.57416015366229,2.0388426231430286,1.7782622959624579]",1
0.0,17.489999771118164,4.800000190734863,268.0,6.900000095367432,"[6.900000095367432,4.800000190734863,268.0,17.489999771118164]","[2.515056650862758,34.288506740713935,1.897256329869207,1.107219899623464]",1
1.0,29.190000534057617,4.599999904632568,93.0,6.210000038146973,"[6.210000038146973,4.599999904632568,93.0,29.190000534057617]","[2.2635509683957222,32.85981697286762,0.6583762637232695,1.8478987926974615]",0
4.0,17.09000015258789,4.699999809265137,283.0,7.840000152587891,"[7.840000152587891,4.699999809265137,283.0,17.09000015258789]","[2.857687573043607,33.57416015366229,2.003446049824573,1.0818975701052058]",1
0.0,16.989999771118164,4.800000190734863,203.0,6.739999771118164,"[6.739999771118164,4.800000190734863,203.0,16.989999771118164]","[2.456736379256749,34.288506740713935,1.4371008767292874,1.0755669575390434]",0
4.0,56.9900016784668,4.800000190734863,200.0,6.329999923706055,"[6.329999923706055,4.800000190734863,200.0,56.9900016784668]","[2.307291041744528,34.288506740713935,1.4158629327382142,3.607802445039079]",1
4.0,23.989999771118164,4.599999904632568,216.0,10.109999656677246,"[10.109999656677246,4.599999904632568,216.0,23.989999771118164]","[3.6851045688851234,32.85981697286762,1.5291319673572712,1.518708146720931]",1
0.0,18.389999389648438,4.699999809265137,164.0,6.800000190734863,"[6.800000190734863,4.699999809265137,164.0,18.389999389648438]","[2.478606589738753,33.57416015366229,1.1610076048453355,1.1641951712261425]",0
0.0,2.5899999141693115,4.699999809265137,223.0,12.569999694824219,"[12.569999694824219,4.699999809265137,223.0,2.5899999141693115]","[4.581776941573651,33.57416015366229,1.5786871700031087,0.16396223456371084]",2
0.0,14.6899995803833,4.900000095367432,163.0,10.210000038146973,"[10.210000038146973,4.900000095367432,163.0,14.6899995803833]","[3.7215548038167294,35.002849921508606,1.1539282901816446,0.9299634118760696]",1
0.0,41.9900016784668,4.800000190734863,414.0,9.020000457763672,"[9.020000457763672,4.800000190734863,414.0,41.9900016784668]","[3.287798815729669,34.288506740713935,2.9308362707681033,2.6582141825064625]",1
1.0,30.190000534057617,4.699999809265137,100.0,6.860000133514404,"[6.860000133514404,4.699999809265137,100.0,30.190000534057617]","[2.500476626413156,33.57416015366229,0.7079314663691071,1.9112046768663025]",0
3.0,21.989999771118164,4.699999809265137,241.0,5.150000095367432,"[5.150000095367432,4.699999809265137,241.0,21.989999771118164]","[1.8771799728660674,33.57416015366229,1.706114833949548,1.3920963783832487]",0
1.0,28.59000015258789,4.699999809265137,155.0,5.349999904632568,"[5.349999904632568,4.699999809265137,155.0,28.59000015258789]","[1.950080095114077,33.57416015366229,1.097293772872116,1.8099152380468784]",0
0.0,19.290000915527344,4.800000190734863,341.0,7.639999866485596,"[7.639999866485596,4.800000190734863,341.0,19.290000915527344]","[2.7847872769879958,34.288506740713935,2.414046300318655,1.2211705635752128]",1
1.0,16.190000534057617,4.900000095367432,21.0,9.359999656677246,"[9.359999656677246,4.900000095367432,21.0,16.190000534057617]","[3.4117288497436844,35.002849921508606,0.1486656079375125,1.024922298502527]",0
3.0,19.989999771118164,4.800000190734863,129.0,4.670000076293945,"[4.670000076293945,4.800000190734863,129.0,19.989999771118164]","[1.7022195056632423,34.288506740713935,0.9132315916161481,1.2654846100455666]",0
0.0,55.689998626708984,4.800000190734863,673.0,7.510000228881836,"[7.510000228881836,4.800000190734863,673.0,55.689998626708984]","[2.73740228443059,34.288506740713935,4.76437876866409,3.525504602425359]",1
3.0,19.989999771118164,4.699999809265137,134.0,4.670000076293945,"[4.670000076293945,4.699999809265137,134.0,19.989999771118164]","[1.7022195056632423,33.57416015366229,0.9486281649346034,1.2654846100455666]",0
0.0,13.6899995803833,4.800000190734863,444.0,8.739999771118164,"[8.739999771118164,4.800000190734863,444.0,13.6899995803833]","[3.1857382969672527,34.288506740713935,3.1432157106788354,0.8666575277072285]",1
3.0,19.989999771118164,4.800000190734863,122.0,4.670000076293945,"[4.670000076293945,4.800000190734863,122.0,19.989999771118164]","[1.7022195056632423,34.288506740713935,0.8636763889703106,1.2654846100455666]",0
1.0,2.5899999141693115,4.699999809265137,26.0,16.579999923706055,"[16.579999923706055,4.699999809265137,26.0,2.5899999141693115]","[6.04342587001086,33.57416015366229,0.18406218125596785,0.16396223456371084]",2
0.0,19.989999771118164,4.800000190734863,100.0,7.800000190734863,"[7.800000190734863,4.800000190734863,100.0,19.989999771118164]","[2.843107548594005,34.288506740713935,0.7079314663691071,1.2654846100455666]",0
1.0,2.5899999141693115,5.0,11.0,16.579999923706055,"[16.579999923706055,5.0,11.0,2.5899999141693115]","[6.04342587001086,35.71719310230328,0.07787246130060177,0.16396223456371084]",2
3.0,19.989999771118164,4.699999809265137,92.0,4.670000076293945,"[4.670000076293945,4.699999809265137,92.0,19.989999771118164]","[1.7022195056632423,33.57416015366229,0.6512969490595785,1.2654846100455666]",0
0.0,24.290000915527344,4.800000190734863,630.0,6.860000133514404,"[6.860000133514404,4.800000190734863,630.0,24.290000915527344]","[2.500476626413156,34.288506740713935,4.4599682381253745,1.5376999844194184]",1
3.0,3.2899999618530273,4.699999809265137,73.0,5.510000228881836,"[5.510000228881836,4.699999809265137,73.0,3.2899999618530273]","[2.0084003667200863,33.57416015366229,0.5167899704494482,0.2082763565005594]",0
3.0,3.2899999618530273,4.699999809265137,69.0,5.510000228881836,"[5.510000228881836,4.699999809265137,69.0,3.2899999618530273]","[2.0084003667200863,33.57416015366229,0.4884727117946839,0.2082763565005594]",0
3.0,21.989999771118164,4.599999904632568,47.0,4.909999847412109,"[4.909999847412109,4.599999904632568,47.0,21.989999771118164]","[1.7896996523608542,32.85981697286762,0.33272778919348034,1.3920963783832487]",0
4.0,28.09000015258789,4.699999809265137,288.0,7.0,"[7.0,4.699999809265137,288.0,28.09000015258789]","[2.551506711986763,33.57416015366229,2.0388426231430286,1.7782622959624579]",1
0.0,17.489999771118164,4.800000190734863,268.0,6.900000095367432,"[6.900000095367432,4.800000190734863,268.0,17.489999771118164]","[2.515056650862758,34.288506740713935,1.897256329869207,1.107219899623464]",1
1.0,29.190000534057617,4.599999904632568,93.0,6.210000038146973,"[6.210000038146973,4.599999904632568,93.0,29.190000534057617]","[2.2635509683957222,32.85981697286762,0.6583762637232695,1.8478987926974615]",0
4.0,17.09000015258789,4.699999809265137,283.0,7.840000152587891,"[7.840000152587891,4.699999809265137,283.0,17.09000015258789]","[2.857687573043607,33.57416015366229,2.003446049824573,1.0818975701052058]",1
0.0,16.989999771118164,4.800000190734863,203.0,6.739999771118164,"[6.739999771118164,4.800000190734863,203.0,16.989999771118164]","[2.456736379256749,34.288506740713935,1.4371008767292874,1.0755669575390434]",0
4.0,56.9900016784668,4.800000190734863,200.0,6.329999923706055,"[6.329999923706055,4.800000190734863,200.0,56.9900016784668]","[2.307291041744528,34.288506740713935,1.4158629327382142,3.607802445039079]",1
4.0,23.989999771118164,4.599999904632568,216.0,10.109999656677246,"[10.109999656677246,4.599999904632568,216.0,23.989999771118164]","[3.6851045688851234,32.85981697286762,1.5291319673572712,1.518708146720931]",1
0.0,18.389999389648438,4.699999809265137,164.0,6.800000190734863,"[6.800000190734863,4.699999809265137,164.0,18.389999389648438]","[2.478606589738753,33.57416015366229,1.1610076048453355,1.1641951712261425]",0
0.0,2.5899999141693115,4.699999809265137,223.0,12.569999694824219,"[12.569999694824219,4.699999809265137,223.0,2.5899999141693115]","[4.581776941573651,33.57416015366229,1.5786871700031087,0.16396223456371084]",2
0.0,14.6899995803833,4.900000095367432,163.0,10.210000038146973,"[10.210000038146973,4.900000095367432,163.0,14.6899995803833]","[3.7215548038167294,35.002849921508606,1.1539282901816446,0.9299634118760696]",1
0.0,41.9900016784668,4.800000190734863,414.0,9.020000457763672,"[9.020000457763672,4.800000190734863,414.0,41.9900016784668]","[3.287798815729669,34.288506740713935,2.9308362707681033,2.6582141825064625]",1
1.0,30.190000534057617,4.699999809265137,100.0,6.860000133514404,"[6.860000133514404,4.699999809265137,100.0,30.190000534057617]","[2.500476626413156,33.57416015366229,0.7079314663691071,1.9112046768663025]",0
3.0,21.989999771118164,4.699999809265137,241.0,5.150000095367432,"[5.150000095367432,4.699999809265137,241.0,21.989999771118164]","[1.8771799728660674,33.57416015366229,1.706114833949548,1.3920963783832487]",0
1.0,28.59000015258789,4.699999809265137,155.0,5.349999904632568,"[5.349999904632568,4.699999809265137,155.0,28.59000015258789]","[1.950080095114077,33.57416015366229,1.097293772872116,1.8099152380468784]",0
0.0,19.290000915527344,4.800000190734863,341.0,7.639999866485596,"[7.639999866485596,4.800000190734863,341.0,19.290000915527344]","[2.7847872769879958,34.288506740713935,2.414046300318655,1.2211705635752128]",1
1.0,16.190000534057617,4.900000095367432,21.0,9.359999656677246,"[9.359999656677246,4.900000095367432,21.0,16.190000534057617]","[3.4117288497436844,35.002849921508606,0.1486656079375125,1.024922298502527]",0
3.0,19.989999771118164,4.800000190734863,129.0,4.670000076293945,"[4.670000076293945,4.800000190734863,129.0,19.989999771118164]","[1.7022195056632423,34.288506740713935,0.9132315916161481,1.2654846100455666]",0
0.0,55.689998626708984,4.800000190734863,673.0,7.510000228881836,"[7.510000228881836,4.800000190734863,673.0,55.689998626708984]","[2.73740228443059,34.288506740713935,4.76437876866409,3.525504602425359]",1
3.0,19.989999771118164,4.699999809265137,134.0,4.670000076293945,"[4.670000076293945,4.699999809265137,134.0,19.989999771118164]","[1.7022195056632423,33.57416015366229,0.9486281649346034,1.2654846100455666]",0
0.0,13.6899995803833,4.800000190734863,444.0,8.739999771118164,"[8.739999771118164,4.800000190734863,444.0,13.6899995803833]","[3.1857382969672527,34.288506740713935,3.1432157106788354,0.8666575277072285]",1
3.0,19.989999771118164,4.800000190734863,122.0,4.670000076293945,"[4.670000076293945,4.800000190734863,122.0,19.989999771118164]","[1.7022195056632423,34.288506740713935,0.8636763889703106,1.2654846100455666]",0
1.0,2.5899999141693115,4.699999809265137,26.0,16.579999923706055,"[16.579999923706055,4.699999809265137,26.0,2.5899999141693115]","[6.04342587001086,33.57416015366229,0.18406218125596785,0.16396223456371084]",2
0.0,19.989999771118164,4.800000190734863,100.0,7.800000190734863,"[7.800000190734863,4.800000190734863,100.0,19.989999771118164]","[2.843107548594005,34.288506740713935,0.7079314663691071,1.2654846100455666]",0
1.0,2.5899999141693115,5.0,11.0,16.579999923706055,"[16.579999923706055,5.0,11.0,2.5899999141693115]","[6.04342587001086,35.71719310230328,0.07787246130060177,0.16396223456371084]",2
3.0,19.989999771118164,4.699999809265137,92.0,4.670000076293945,"[4.670000076293945,4.699999809265137,92.0,19.989999771118164]","[1.7022195056632423,33.57416015366229,0.6512969490595785,1.2654846100455666]",0
0.0,24.290000915527344,4.800000190734863,630.0,6.860000133514404,"[6.860000133514404,4.800000190734863,630.0,24.290000915527344]","[2.500476626413156,34.288506740713935,4.4599682381253745,1.5376999844194184]",1
3.0,3.2899999618530273,4.699999809265137,73.0,5.510000228881836,"[5.510000228881836,4.699999809265137,73.0,3.2899999618530273]","[2.0084003667200863,33.57416015366229,0.5167899704494482,0.2082763565005594]",0
3.0,3.2899999618530273,4.699999809265137,69.0,5.510000228881836,"[5.510000228881836,4.699999809265137,69.0,3.2899999618530273]","[2.0084003667200863,33.57416015366229,0.4884727117946839,0.2082763565005594]",0
3.0,21.989999771118164,4.599999904632568,47.0,4.909999847412109,"[4.909999847412109,4.599999904632568,47.0,21.989999771118164]","[1.7896996523608542,32.85981697286762,0.33272778919348034,1.3920963783832487]",0
4.0,28.09000015258789,4.699999809265137,288.0,7.0,"[7.0,4.699999809265137,288.0,28.09000015258789]","[2.551506711986763,33.57416015366229,2.0388426231430286,1.7782622959624579]",1
0.0,17.489999771118164,4.800000190734863,268.0,6.900000095367432,"[6.900000095367432,4.800000190734863,268.0,17.489999771118164]","[2.515056650862758,34.288506740713935,1.897256329869207,1.107219899623464]",1
1.0,29.190000534057617,4.599999904632568,93.0,6.210000038146973,"[6.210000038146973,4.599999904632568,93.0,29.190000534057617]","[2.2635509683957222,32.85981697286762,0.6583762637232695,1.8478987926974615]",0
4.0,17.09000015258789,4.699999809265137,283.0,7.840000152587891,"[7.840000152587891,4.699999809265137,283.0,17.09000015258789]","[2.857687573043607,33.57416015366229,2.003446049824573,1.0818975701052058]",1
0.0,16.989999771118164,4.800000190734863,203.0,6.739999771118164,"[6.739999771118164,4.800000190734863,203.0,16.989999771118164]","[2.456736379256749,34.288506740713935,1.4371008767292874,1.0755669575390434]",0
4.0,56.9900016784668,4.800000190734863,200.0,6.329999923706055,"[6.329999923706055,4.800000190734863,200.0,56.9900016784668]","[2.307291041744528,34.288506740713935,1.4158629327382142,3.607802445039079]",1
4.0,23.989999771118164,4.599999904632568,216.0,10.109999656677246,"[10.109999656677246,4.599999904632568,216.0,23.989999771118164]","[3.6851045688851234,32.85981697286762,1.5291319673572712,1.518708146720931]",1
0.0,18.389999389648438,4.699999809265137,164.0,6.800000190734863,"[6.800000190734863,4.699999809265137,164.0,18.389999389648438]","[2.478606589738753,33.57416015366229,1.1610076048453355,1.1641951712261425]",0
0.0,2.5899999141693115,4.699999809265137,223.0,12.569999694824219,"[12.569999694824219,4.699999809265137,223.0,2.5899999141693115]","[4.581776941573651,33.57416015366229,1.5786871700031087,0.16396223456371084]",2
0.0,14.6899995803833,4.900000095367432,163.0,10.210000038146973,"[10.210000038146973,4.900000095367432,163.0,14.6899995803833]","[3.7215548038167294,35.002849921508606,1.1539282901816446,0.9299634118760696]",1
0.0,41.9900016784668,4.800000190734863,414.0,9.020000457763672,"[9.020000457763672,4.800000190734863,414.0,41.9900016784668]","[3.287798815729669,34.288506740713935,2.9308362707681033,2.6582141825064625]",1
1.0,30.190000534057617,4.699999809265137,100.0,6.860000133514404,"[6.860000133514404,4.699999809265137,100.0,30.190000534057617]","[2.500476626413156,33.57416015366229,0.7079314663691071,1.9112046768663025]",0
3.0,21.989999771118164,4.699999809265137,241.0,5.150000095367432,"[5.150000095367432,4.699999809265137,241.0,21.989999771118164]","[1.8771799728660674,33.57416015366229,1.706114833949548,1.3920963783832487]",0
1.0,28.59000015258789,4.699999809265137,155.0,5.349999904632568,"[5.349999904632568,4.699999809265137,155.0,28.59000015258789]","[1.950080095114077,33.57416015366229,1.097293772872116,1.8099152380468784]",0
0.0,19.290000915527344,4.800000190734863,341.0,7.639999866485596,"[7.639999866485596,4.800000190734863,341.0,19.290000915527344]","[2.7847872769879958,34.288506740713935,2.414046300318655,1.2211705635752128]",1
1.0,16.190000534057617,4.900000095367432,21.0,9.359999656677246,"[9.359999656677246,4.900000095367432,21.0,16.190000534057617]","[3.4117288497436844,35.002849921508606,0.1486656079375125,1.024922298502527]",0
3.0,19.989999771118164,4.800000190734863,129.0,4.670000076293945,"[4.670000076293945,4.800000190734863,129.0,19.989999771118164]","[1.7022195056632423,34.288506740713935,0.9132315916161481,1.2654846100455666]",0
0.0,55.689998626708984,4.800000190734863,673.0,7.510000228881836,"[7.510000228881836,4.800000190734863,673.0,55.689998626708984]","[2.73740228443059,34.288506740713935,4.76437876866409,3.525504602425359]",1
3.0,19.989999771118164,4.699999809265137,134.0,4.670000076293945,"[4.670000076293945,4.699999809265137,134.0,19.989999771118164]","[1.7022195056632423,33.57416015366229,0.9486281649346034,1.2654846100455666]",0
0.0,13.6899995803833,4.800000190734863,444.0,8.739999771118164,"[8.739999771118164,4.800000190734863,444.0,13.6899995803833]","[3.1857382969672527,34.288506740713935,3.1432157106788354,0.8666575277072285]",1
3.0,19.989999771118164,4.800000190734863,122.0,4.670000076293945,"[4.670000076293945,4.800000190734863,122.0,19.989999771118164]","[1.7022195056632423,34.288506740713935,0.8636763889703106,1.2654846100455666]",0
1.0,2.5899999141693115,4.699999809265137,26.0,16.579999923706055,"[16.579999923706055,4.699999809265137,26.0,2.5899999141693115]","[6.04342587001086,33.57416015366229,0.18406218125596785,0.16396223456371084]",2
0.0,19.989999771118164,4.800000190734863,100.0,7.800000190734863,"[7.800000190734863,4.800000190734863,100.0,19.989999771118164]","[2.843107548594005,34.288506740713935,0.7079314663691071,1.2654846100455666]",0
1.0,2.5899999141693115,5.0,11.0,16.579999923706055,"[16.579999923706055,5.0,11.0,2.5899999141693115]","[6.04342587001086,35.71719310230328,0.07787246130060177,0.16396223456371084]",2
3.0,19.989999771118164,4.699999809265137,92.0,4.670000076293945,"[4.670000076293945,4.699999809265137,92.0,19.989999771118164]","[1.7022195056632423,33.57416015366229,0.6512969490595785,1.2654846100455666]",0
0.0,24.290000915527344,4.800000190734863,630.0,6.860000133514404,"[6.860000133514404,4.800000190734863,630.0,24.290000915527344]","[2.500476626413156,34.288506740713935,4.4599682381253745,1.5376999844194184]",1
3.0,3.2899999618530273,4.699999809265137,73.0,5.510000228881836,"[5.510000228881836,4.699999809265137,73.0,3.2899999618530273]","[2.0084003667200863,33.57416015366229,0.5167899704494482,0.2082763565005594]",0
3.0,3.2899999618530273,4.699999809265137,69.0,5.510000228881836,"[5.510000228881836,4.699999809265137,69.0,3.2899999618530273]","[2.0084003667200863,33.57416015366229,0.4884727117946839,0.2082763565005594]",0
3.0,21.989999771118164,4.599999904632568,47.0,4.909999847412109,"[4.909999847412109,4.599999904632568,47.0,21.989999771118164]","[1.7896996523608542,32.85981697286762,0.33272778919348034,1.3920963783832487]",0
4.0,28.09000015258789,4.699999809265137,288.0,7.0,"[7.0,4.699999809265137,288.0,28.09000015258789]","[2.551506711986763,33.57416015366229,2.0388426231430286,1.7782622959624579]",1
0.0,17.489999771118164,4.800000190734863,268.0,6.900000095367432,"[6.900000095367432,4.800000190734863,268.0,17.489999771118164]","[2.515056650862758,34.288506740713935,1.897256329869207,1.107219899623464]",1
1.0,29.190000534057617,4.599999904632568,93.0,6.210000038146973,"[6.210000038146973,4.599999904632568,93.0,29.190000534057617]","[2.2635509683957222,32.85981697286762,0.6583762637232695,1.8478987926974615]",0
4.0,17.09000015258789,4.699999809265137,283.0,7.840000152587891,"[7.840000152587891,4.699999809265137,283.0,17.09000015258789]","[2.857687573043607,33.57416015366229,2.003446049824573,1.0818975701052058]",1
0.0,16.989999771118164,4.800000190734863,203.0,6.739999771118164,"[6.739999771118164,4.800000190734863,203.0,16.989999771118164]","[2.456736379256749,34.288506740713935,1.4371008767292874,1.0755669575390434]",0
4.0,56.9900016784668,4.800000190734863,200.0,6.329999923706055,"[6.329999923706055,4.800000190734863,200.0,56.9900016784668]","[2.307291041744528,34.288506740713935,1.4158629327382142,3.607802445039079]",1
4.0,23.989999771118164,4.599999904632568,216.0,10.109999656677246,"[10.109999656677246,4.599999904632568,216.0,23.989999771118164]","[3.6851045688851234,32.85981697286762,1.5291319673572712,1.518708146720931]",1
0.0,18.389999389648438,4.699999809265137,164.0,6.800000190734863,"[6.800000190734863,4.699999809265137,164.0,18.389999389648438]","[2.478606589738753,33.57416015366229,1.1610076048453355,1.1641951712261425]",0
0.0,2.5899999141693115,4.699999809265137,223.0,12.569999694824219,"[12.569999694824219,4.699999809265137,223.0,2.5899999141693115]","[4.581776941573651,33.57416015366229,1.5786871700031087,0.16396223456371084]",2
0.0,14.6899995803833,4.900000095367432,163.0,10.210000038146973,"[10.210000038146973,4.900000095367432,163.0,14.6899995803833]","[3.7215548038167294,35.002849921508606,1.1539282901816446,0.9299634118760696]",1
0.0,41.9900016784668,4.800000190734863,414.0,9.020000457763672,"[9.020000457763672,4.800000190734863,414.0,41.9900016784668]","[3.287798815729669,34.288506740713935,2.9308362707681033,2.6582141825064625]",1
1.0,30.190000534057617,4.699999809265137,100.0,6.860000133514404,"[6.860000133514404,4.699999809265137,100.0,30.190000534057617]","[2.500476626413156,33.57416015366229,0.7079314663691071,1.9112046768663025]",0
3.0,21.989999771118164,4.699999809265137,241.0,5.150000095367432,"[5.150000095367432,4.699999809265137,241.0,21.989999771118164]","[1.8771799728660674,33.57416015366229,1.706114833949548,1.3920963783832487]",0
1.0,28.59000015258789,4.699999809265137,155.0,5.349999904632568,"[5.349999904632568,4.699999809265137,155.0,28.59000015258789]","[1.950080095114077,33.57416015366229,1.097293772872116,1.8099152380468784]",0
0.0,19.290000915527344,4.800000190734863,341.0,7.639999866485596,"[7.639999866485596,4.800000190734863,341.0,19.290000915527344]","[2.7847872769879958,34.288506740713935,2.414046300318655,1.2211705635752128]",1
1.0,16.190000534057617,4.900000095367432,21.0,9.359999656677246,"[9.359999656677246,4.900000095367432,21.0,16.190000534057617]","[3.4117288497436844,35.002849921508606,0.1486656079375125,1.024922298502527]",0
3.0,19.989999771118164,4.800000190734863,129.0,4.670000076293945,"[4.670000076293945,4.800000190734863,129.0,19.989999771118164]","[1.7022195056632423,34.288506740713935,0.9132315916161481,1.2654846100455666]",0
0.0,55.689998626708984,4.800000190734863,673.0,7.510000228881836,"[7.510000228881836,4.800000190734863,673.0,55.689998626708984]","[2.73740228443059,34.288506740713935,4.76437876866409,3.525504602425359]",1
3.0,19.989999771118164,4.699999809265137,134.0,4.670000076293945,"[4.670000076293945,4.699999809265137,134.0,19.989999771118164]","[1.7022195056632423,33.57416015366229,0.9486281649346034,1.2654846100455666]",0
0.0,13.6899995803833,4.800000190734863,444.0,8.739999771118164,"[8.739999771118164,4.800000190734863,444.0,13.6899995803833]","[3.1857382969672527,34.288506740713935,3.1432157106788354,0.8666575277072285]",1
3.0,19.989999771118164,4.800000190734863,122.0,4.670000076293945,"[4.670000076293945,4.800000190734863,122.0,19.989999771118164]","[1.7022195056632423,34.288506740713935,0.8636763889703106,1.2654846100455666]",0
1.0,2.5899999141693115,4.699999809265137,26.0,16.579999923706055,"[16.579999923706055,4.699999809265137,26.0,2.5899999141693115]","[6.04342587001086,33.57416015366229,0.18406218125596785,0.16396223456371084]",2
0.0,19.989999771118164,4.800000190734863,100.0,7.800000190734863,"[7.800000190734863,4.800000190734863,100.0,19.989999771118164]","[2.843107548594005,34.288506740713935,0.7079314663691071,1.2654846100455666]",0
1.0,2.5899999141693115,5.0,11.0,16.579999923706055,"[16.579999923706055,5.0,11.0,2.5899999141693115]","[6.04342587001086,35.71719310230328,0.07787246130060177,0.16396223456371084]",2
3.0,19.989999771118164,4.699999809265137,92.0,4.670000076293945,"[4.670000076293945,4.699999809265137,92.0,19.989999771118164]","[1.7022195056632423,33.57416015366229,0.6512969490595785,1.2654846100455666]",0
0.0,24.290000915527344,4.800000190734863,630.0,6.860000133514404,"[6.860000133514404,4.800000190734863,630.0,24.290000915527344]","[2.500476626413156,34.288506740713935,4.4599682381253745,1.5376999844194184]",1
3.0,3.2899999618530273,4.699999809265137,73.0,5.510000228881836,"[5.510000228881836,4.699999809265137,73.0,3.2899999618530273]","[2.0084003667200863,33.57416015366229,0.5167899704494482,0.2082763565005594]",0
3.0,3.2899999618530273,4.699999809265137,69.0,5.510000228881836,"[5.510000228881836,4.699999809265137,69.0,3.2899999618530273]","[2.0084003667200863,33.57416015366229,0.4884727117946839,0.2082763565005594]",0
3.0,21.989999771118164,4.599999904632568,47.0,4.909999847412109,"[4.909999847412109,4.599999904632568,47.0,21.989999771118164]","[1.7896996523608542,32.85981697286762,0.33272778919348034,1.3920963783832487]",0
4.0,28.09000015258789,4.699999809265137,288.0,7.0,"[7.0,4.699999809265137,288.0,28.09000015258789]","[2.551506711986763,33.57416015366229,2.0388426231430286,1.7782622959624579]",1
0.0,17.489999771118164,4.800000190734863,268.0,6.900000095367432,"[6.900000095367432,4.800000190734863,268.0,17.489999771118164]","[2.515056650862758,34.288506740713935,1.897256329869207,1.107219899623464]",1
1.0,29.190000534057617,4.599999904632568,93.0,6.210000038146973,"[6.210000038146973,4.599999904632568,93.0,29.190000534057617]","[2.2635509683957222,32.85981697286762,0.6583762637232695,1.8478987926974615]",0
4.0,17.09000015258789,4.699999809265137,283.0,7.840000152587891,"[7.840000152587891,4.699999809265137,283.0,17.09000015258789]","[2.857687573043607,33.57416015366229,2.003446049824573,1.0818975701052058]",1
0.0,16.989999771118164,4.800000190734863,203.0,6.739999771118164,"[6.739999771118164,4.800000190734863,203.0,16.989999771118164]","[2.456736379256749,34.288506740713935,1.4371008767292874,1.0755669575390434]",0
4.0,56.9900016784668,4.800000190734863,200.0,6.329999923706055,"[6.329999923706055,4.800000190734863,200.0,56.9900016784668]","[2.307291041744528,34.288506740713935,1.4158629327382142,3.607802445039079]",1
4.0,23.989999771118164,4.599999904632568,216.0,10.109999656677246,"[10.109999656677246,4.599999904632568,216.0,23.989999771118164]","[3.6851045688851234,32.85981697286762,1.5291319673572712,1.518708146720931]",1
0.0,18.389999389648438,4.699999809265137,164.0,6.800000190734863,"[6.800000190734863,4.699999809265137,164.0,18.389999389648438]","[2.478606589738753,33.57416015366229,1.1610076048453355,1.1641951712261425]",0
0.0,2.5899999141693115,4.699999809265137,223.0,12.569999694824219,"[12.569999694824219,4.699999809265137,223.0,2.5899999141693115]","[4.581776941573651,33.57416015366229,1.5786871700031087,0.16396223456371084]",2
0.0,14.6899995803833,4.900000095367432,163.0,10.210000038146973,"[10.210000038146973,4.900000095367432,163.0,14.6899995803833]","[3.7215548038167294,35.002849921508606,1.1539282901816446,0.9299634118760696]",1
2.0,19.989999771118164,4.599999904632568,290.0,5.150000095367432,"[5.150000095367432,4.599999904632568,290.0,19.989999771118164]","[1.8771799728660674,32.85981697286762,2.0530012524704104,1.2654846100455666]",0
1.0,30.190000534057617,4.300000190734863,43.0,6.860000133514404,"[6.860000133514404,4.300000190734863,43.0,30.190000534057617]","[2.500476626413156,30.716787430483606,0.30441053053871603,1.9112046768663025]",0
2.0,18.989999771118164,4.599999904632568,237.0,4.429999828338623,"[4.429999828338623,4.599999904632568,237.0,18.989999771118164]","[1.6147391851580293,32.85981697286762,1.6777975752947838,1.2021787258767256]",0
1.0,30.190000534057617,4.800000190734863,45.0,5.550000190734863,"[5.550000190734863,4.800000190734863,45.0,30.190000534057617]","[2.022980391169688,34.288506740713935,0.3185691598660982,1.9112046768663025]",0
0.0,41.9900016784668,4.699999809265137,195.0,9.020000457763672,"[9.020000457763672,4.699999809265137,195.0,41.9900016784668]","[3.287798815729669,33.57416015366229,1.3804663594197588,2.6582141825064625]",1
1.0,30.190000534057617,4.699999809265137,28.0,6.369999885559082,"[6.369999885559082,4.699999809265137,28.0,30.190000534057617]","[2.32187106619413,33.57416015366229,0.19822081058334998,1.9112046768663025]",0
2.0,2.990000009536743,4.599999904632568,76.0,4.980000019073486,"[4.980000019073486,4.599999904632568,76.0,2.990000009536743]","[1.8152147820514584,32.85981697286762,0.5380279144405213,0.18928459426856684]",0
5.0,68.98999786376953,5.0,1.0,4.929999828338623,"[4.929999828338623,5.0,1.0,68.98999786376953]","[1.7969896645856551,35.71719310230328,0.007079314663691071,4.367472813572389]",1
0.0,55.689998626708984,4.800000190734863,370.0,7.510000228881836,"[7.510000228881836,4.800000190734863,370.0,55.689998626708984]","[2.73740228443059,34.288506740713935,2.619346425565696,3.525504602425359]",1
1.0,27.59000015258789,4.599999904632568,8.0,6.289999961853027,"[6.289999961853027,4.599999904632568,8.0,27.59000015258789]","[2.292711017294926,32.85981697286762,0.056634517309528565,1.7466093538780374]",0
2.0,2.990000009536743,4.699999809265137,81.0,4.980000019073486,"[4.980000019073486,4.699999809265137,81.0,2.990000009536743]","[1.8152147820514584,33.57416015366229,0.5734244877589767,0.18928459426856684]",0
1.0,25.690000534057617,4.900000095367432,16.0,5.679999828338623,"[5.679999828338623,4.900000095367432,16.0,25.690000534057617]","[2.070365383727094,35.002849921508606,0.11326903461905713,1.6263281981065176]",0
2.0,3.990000009536743,4.599999904632568,52.0,6.650000095367432,"[6.650000095367432,4.599999904632568,52.0,3.990000009536743]","[2.423931411148945,32.85981697286762,0.3681243625119357,0.25259047843740795]",0
1.0,28.09000015258789,4.800000190734863,38.0,5.71999979019165,"[5.71999979019165,4.800000190734863,38.0,28.09000015258789]","[2.084945408176696,34.288506740713935,0.26901395722026067,1.7782622959624579]",0
0.0,19.989999771118164,4.699999809265137,56.0,7.800000190734863,"[7.800000190734863,4.699999809265137,56.0,19.989999771118164]","[2.843107548594005,33.57416015366229,0.39644162116669995,1.2654846100455666]",0
1.0,29.190000534057617,4.699999809265137,27.0,6.210000038146973,"[6.210000038146973,4.699999809265137,27.0,29.190000534057617]","[2.2635509683957222,33.57416015366229,0.1911414959196589,1.8478987926974615]",0
0.0,73.48999786376953,4.900000095367432,50.0,6.0,"[6.0,4.900000095367432,50.0,73.48999786376953]","[2.187005753131511,35.002849921508606,0.35396573318455354,4.652349292332174]",1
2.0,2.990000009536743,4.300000190734863,33.0,4.980000019073486,"[4.980000019073486,4.300000190734863,33.0,2.990000009536743]","[1.8152147820514584,30.716787430483606,0.23361738390180534,0.18928459426856684]",0
2.0,18.989999771118164,4.699999809265137,106.0,4.429999828338623,"[4.429999828338623,4.699999809265137,106.0,18.989999771118164]","[1.6147391851580293,33.57416015366229,0.7504073543512535,1.2021787258767256]",0
0.0,19.290000915527344,4.800000190734863,171.0,7.639999866485596,"[7.639999866485596,4.800000190734863,171.0,19.290000915527344]","[2.7847872769879958,34.288506740713935,1.2105628074911732,1.2211705635752128]",1
0.0,2.5899999141693115,4.800000190734863,130.0,12.569999694824219,"[12.569999694824219,4.800000190734863,130.0,2.5899999141693115]","[4.581776941573651,34.288506740713935,0.9203109062798391,0.16396223456371084]",2
1.0,28.59000015258789,4.699999809265137,46.0,5.349999904632568,"[5.349999904632568,4.699999809265137,46.0,28.59000015258789]","[1.950080095114077,33.57416015366229,0.32564847452978923,1.8099152380468784]",0
2.0,2.990000009536743,4.699999809265137,17.0,4.980000019073486,"[4.980000019073486,4.699999809265137,17.0,2.990000009536743]","[1.8152147820514584,33.57416015366229,0.12034834928274821,0.18928459426856684]",0
2.0,18.989999771118164,4.699999809265137,109.0,4.429999828338623,"[4.429999828338623,4.699999809265137,109.0,18.989999771118164]","[1.6147391851580293,33.57416015366229,0.7716452983423266,1.2021787258767256]",0
2.0,2.990000009536743,4.400000095367432,22.0,4.980000019073486,"[4.980000019073486,4.400000095367432,22.0,2.990000009536743]","[1.8152147820514584,31.431130611278277,0.15574492260120354,0.18928459426856684]",0
0.0,24.290000915527344,4.800000190734863,232.0,6.860000133514404,"[6.860000133514404,4.800000190734863,232.0,24.290000915527344]","[2.500476626413156,34.288506740713935,1.6424010019763284,1.5376999844194184]",1
2.0,18.989999771118164,4.699999809265137,71.0,4.429999828338623,"[4.429999828338623,4.699999809265137,71.0,18.989999771118164]","[1.6147391851580293,33.57416015366229,0.502631341122066,1.2021787258767256]",0
2.0,2.990000009536743,4.300000190734863,7.0,4.980000019073486,"[4.980000019073486,4.300000190734863,7.0,2.990000009536743]","[1.8152147820514584,30.716787430483606,0.049555202645837494,0.18928459426856684]",0
2.0,18.989999771118164,4.599999904632568,82.0,4.429999828338623,"[4.429999828338623,4.599999904632568,82.0,18.989999771118164]","[1.6147391851580293,32.85981697286762,0.5805038024226677,1.2021787258767256]",0
1.0,2.5899999141693115,4.599999904632568,27.0,14.680000305175781,"[14.680000305175781,4.599999904632568,27.0,2.5899999141693115]","[5.3508741872319625,32.85981697286762,0.1911414959196589,0.16396223456371084]",2
4.0,28.09000015258789,4.599999904632568,118.0,7.0,"[7.0,4.599999904632568,118.0,28.09000015258789]","[2.551506711986763,32.85981697286762,0.8353591303155463,1.7782622959624579]",0
0.0,17.489999771118164,4.800000190734863,149.0,6.900000095367432,"[6.900000095367432,4.800000190734863,149.0,17.489999771118164]","[2.515056650862758,34.288506740713935,1.0548178848899694,1.107219899623464]",0
2.0,19.989999771118164,4.599999904632568,290.0,5.150000095367432,"[5.150000095367432,4.599999904632568,290.0,19.989999771118164]","[1.8771799728660674,32.85981697286762,2.0530012524704104,1.2654846100455666]",0
1.0,30.190000534057617,4.300000190734863,43.0,6.860000133514404,"[6.860000133514404,4.300000190734863,43.0,30.190000534057617]","[2.500476626413156,30.716787430483606,0.30441053053871603,1.9112046768663025]",0
2.0,18.989999771118164,4.599999904632568,237.0,4.429999828338623,"[4.429999828338623,4.599999904632568,237.0,18.989999771118164]","[1.6147391851580293,32.85981697286762,1.6777975752947838,1.2021787258767256]",0
1.0,30.190000534057617,4.800000190734863,45.0,5.550000190734863,"[5.550000190734863,4.800000190734863,45.0,30.190000534057617]","[2.022980391169688,34.288506740713935,0.3185691598660982,1.9112046768663025]",0
0.0,41.9900016784668,4.699999809265137,195.0,9.020000457763672,"[9.020000457763672,4.699999809265137,195.0,41.9900016784668]","[3.287798815729669,33.57416015366229,1.3804663594197588,2.6582141825064625]",1
1.0,30.190000534057617,4.699999809265137,28.0,6.369999885559082,"[6.369999885559082,4.699999809265137,28.0,30.190000534057617]","[2.32187106619413,33.57416015366229,0.19822081058334998,1.9112046768663025]",0
2.0,2.990000009536743,4.599999904632568,76.0,4.980000019073486,"[4.980000019073486,4.599999904632568,76.0,2.990000009536743]","[1.8152147820514584,32.85981697286762,0.5380279144405213,0.18928459426856684]",0
5.0,68.98999786376953,5.0,1.0,4.929999828338623,"[4.929999828338623,5.0,1.0,68.98999786376953]","[1.7969896645856551,35.71719310230328,0.007079314663691071,4.367472813572389]",1
0.0,55.689998626708984,4.800000190734863,370.0,7.510000228881836,"[7.510000228881836,4.800000190734863,370.0,55.689998626708984]","[2.73740228443059,34.288506740713935,2.619346425565696,3.525504602425359]",1
1.0,27.59000015258789,4.599999904632568,8.0,6.289999961853027,"[6.289999961853027,4.599999904632568,8.0,27.59000015258789]","[2.292711017294926,32.85981697286762,0.056634517309528565,1.7466093538780374]",0
2.0,2.990000009536743,4.699999809265137,81.0,4.980000019073486,"[4.980000019073486,4.699999809265137,81.0,2.990000009536743]","[1.8152147820514584,33.57416015366229,0.5734244877589767,0.18928459426856684]",0
1.0,25.690000534057617,4.900000095367432,16.0,5.679999828338623,"[5.679999828338623,4.900000095367432,16.0,25.690000534057617]","[2.070365383727094,35.002849921508606,0.11326903461905713,1.6263281981065176]",0
2.0,3.990000009536743,4.599999904632568,52.0,6.650000095367432,"[6.650000095367432,4.599999904632568,52.0,3.990000009536743]","[2.423931411148945,32.85981697286762,0.3681243625119357,0.25259047843740795]",0
1.0,28.09000015258789,4.800000190734863,38.0,5.71999979019165,"[5.71999979019165,4.800000190734863,38.0,28.09000015258789]","[2.084945408176696,34.288506740713935,0.26901395722026067,1.7782622959624579]",0
0.0,19.989999771118164,4.699999809265137,56.0,7.800000190734863,"[7.800000190734863,4.699999809265137,56.0,19.989999771118164]","[2.843107548594005,33.57416015366229,0.39644162116669995,1.2654846100455666]",0
1.0,29.190000534057617,4.699999809265137,27.0,6.210000038146973,"[6.210000038146973,4.699999809265137,27.0,29.190000534057617]","[2.2635509683957222,33.57416015366229,0.1911414959196589,1.8478987926974615]",0
0.0,73.48999786376953,4.900000095367432,50.0,6.0,"[6.0,4.900000095367432,50.0,73.48999786376953]","[2.187005753131511,35.002849921508606,0.35396573318455354,4.652349292332174]",1
2.0,2.990000009536743,4.300000190734863,33.0,4.980000019073486,"[4.980000019073486,4.300000190734863,33.0,2.990000009536743]","[1.8152147820514584,30.716787430483606,0.23361738390180534,0.18928459426856684]",0
2.0,18.989999771118164,4.699999809265137,106.0,4.429999828338623,"[4.429999828338623,4.699999809265137,106.0,18.989999771118164]","[1.6147391851580293,33.57416015366229,0.7504073543512535,1.2021787258767256]",0
0.0,19.290000915527344,4.800000190734863,171.0,7.639999866485596,"[7.639999866485596,4.800000190734863,171.0,19.290000915527344]","[2.7847872769879958,34.288506740713935,1.2105628074911732,1.2211705635752128]",1
0.0,2.5899999141693115,4.800000190734863,130.0,12.569999694824219,"[12.569999694824219,4.800000190734863,130.0,2.5899999141693115]","[4.581776941573651,34.288506740713935,0.9203109062798391,0.16396223456371084]",2
1.0,28.59000015258789,4.699999809265137,46.0,5.349999904632568,"[5.349999904632568,4.699999809265137,46.0,28.59000015258789]","[1.950080095114077,33.57416015366229,0.32564847452978923,1.8099152380468784]",0
2.0,2.990000009536743,4.699999809265137,17.0,4.980000019073486,"[4.980000019073486,4.699999809265137,17.0,2.990000009536743]","[1.8152147820514584,33.57416015366229,0.12034834928274821,0.18928459426856684]",0
2.0,18.989999771118164,4.699999809265137,109.0,4.429999828338623,"[4.429999828338623,4.699999809265137,109.0,18.989999771118164]","[1.6147391851580293,33.57416015366229,0.7716452983423266,1.2021787258767256]",0
2.0,2.990000009536743,4.400000095367432,22.0,4.980000019073486,"[4.980000019073486,4.400000095367432,22.0,2.990000009536743]","[1.8152147820514584,31.431130611278277,0.15574492260120354,0.18928459426856684]",0
0.0,24.290000915527344,4.800000190734863,232.0,6.860000133514404,"[6.860000133514404,4.800000190734863,232.0,24.290000915527344]","[2.500476626413156,34.288506740713935,1.6424010019763284,1.5376999844194184]",1
2.0,18.989999771118164,4.699999809265137,71.0,4.429999828338623,"[4.429999828338623,4.699999809265137,71.0,18.989999771118164]","[1.6147391851580293,33.57416015366229,0.502631341122066,1.2021787258767256]",0
2.0,2.990000009536743,4.300000190734863,7.0,4.980000019073486,"[4.980000019073486,4.300000190734863,7.0,2.990000009536743]","[1.8152147820514584,30.716787430483606,0.049555202645837494,0.18928459426856684]",0
2.0,18.989999771118164,4.599999904632568,82.0,4.429999828338623,"[4.429999828338623,4.599999904632568,82.0,18.989999771118164]","[1.6147391851580293,32.85981697286762,0.5805038024226677,1.2021787258767256]",0
1.0,2.5899999141693115,4.599999904632568,27.0,14.680000305175781,"[14.680000305175781,4.599999904632568,27.0,2.5899999141693115]","[5.3508741872319625,32.85981697286762,0.1911414959196589,0.16396223456371084]",2
4.0,28.09000015258789,4.599999904632568,118.0,7.0,"[7.0,4.599999904632568,118.0,28.09000015258789]","[2.551506711986763,32.85981697286762,0.8353591303155463,1.7782622959624579]",0
0.0,17.489999771118164,4.800000190734863,149.0,6.900000095367432,"[6.900000095367432,4.800000190734863,149.0,17.489999771118164]","[2.515056650862758,34.288506740713935,1.0548178848899694,1.107219899623464]",0
2.0,19.989999771118164,4.599999904632568,290.0,5.150000095367432,"[5.150000095367432,4.599999904632568,290.0,19.989999771118164]","[1.8771799728660674,32.85981697286762,2.0530012524704104,1.2654846100455666]",0
1.0,30.190000534057617,4.300000190734863,43.0,6.860000133514404,"[6.860000133514404,4.300000190734863,43.0,30.190000534057617]","[2.500476626413156,30.716787430483606,0.30441053053871603,1.9112046768663025]",0
2.0,18.989999771118164,4.599999904632568,237.0,4.429999828338623,"[4.429999828338623,4.599999904632568,237.0,18.989999771118164]","[1.6147391851580293,32.85981697286762,1.6777975752947838,1.2021787258767256]",0
1.0,30.190000534057617,4.800000190734863,45.0,5.550000190734863,"[5.550000190734863,4.800000190734863,45.0,30.190000534057617]","[2.022980391169688,34.288506740713935,0.3185691598660982,1.9112046768663025]",0
0.0,41.9900016784668,4.699999809265137,195.0,9.020000457763672,"[9.020000457763672,4.699999809265137,195.0,41.9900016784668]","[3.287798815729669,33.57416015366229,1.3804663594197588,2.6582141825064625]",1
1.0,30.190000534057617,4.699999809265137,28.0,6.369999885559082,"[6.369999885559082,4.699999809265137,28.0,30.190000534057617]","[2.32187106619413,33.57416015366229,0.19822081058334998,1.9112046768663025]",0
2.0,2.990000009536743,4.599999904632568,76.0,4.980000019073486,"[4.980000019073486,4.599999904632568,76.0,2.990000009536743]","[1.8152147820514584,32.85981697286762,0.5380279144405213,0.18928459426856684]",0
5.0,68.98999786376953,5.0,1.0,4.929999828338623,"[4.929999828338623,5.0,1.0,68.98999786376953]","[1.7969896645856551,35.71719310230328,0.007079314663691071,4.367472813572389]",1
0.0,55.689998626708984,4.800000190734863,370.0,7.510000228881836,"[7.510000228881836,4.800000190734863,370.0,55.689998626708984]","[2.73740228443059,34.288506740713935,2.619346425565696,3.525504602425359]",1
1.0,27.59000015258789,4.599999904632568,8.0,6.289999961853027,"[6.289999961853027,4.599999904632568,8.0,27.59000015258789]","[2.292711017294926,32.85981697286762,0.056634517309528565,1.7466093538780374]",0
2.0,2.990000009536743,4.699999809265137,81.0,4.980000019073486,"[4.980000019073486,4.699999809265137,81.0,2.990000009536743]","[1.8152147820514584,33.57416015366229,0.5734244877589767,0.18928459426856684]",0
1.0,25.690000534057617,4.900000095367432,16.0,5.679999828338623,"[5.679999828338623,4.900000095367432,16.0,25.690000534057617]","[2.070365383727094,35.002849921508606,0.11326903461905713,1.6263281981065176]",0
2.0,3.990000009536743,4.599999904632568,52.0,6.650000095367432,"[6.650000095367432,4.599999904632568,52.0,3.990000009536743]","[2.423931411148945,32.85981697286762,0.3681243625119357,0.25259047843740795]",0
1.0,28.09000015258789,4.800000190734863,38.0,5.71999979019165,"[5.71999979019165,4.800000190734863,38.0,28.09000015258789]","[2.084945408176696,34.288506740713935,0.26901395722026067,1.7782622959624579]",0
0.0,19.989999771118164,4.699999809265137,56.0,7.800000190734863,"[7.800000190734863,4.699999809265137,56.0,19.989999771118164]","[2.843107548594005,33.57416015366229,0.39644162116669995,1.2654846100455666]",0
1.0,29.190000534057617,4.699999809265137,27.0,6.210000038146973,"[6.210000038146973,4.699999809265137,27.0,29.190000534057617]","[2.2635509683957222,33.57416015366229,0.1911414959196589,1.8478987926974615]",0
0.0,73.48999786376953,4.900000095367432,50.0,6.0,"[6.0,4.900000095367432,50.0,73.48999786376953]","[2.187005753131511,35.002849921508606,0.35396573318455354,4.652349292332174]",1
2.0,2.990000009536743,4.300000190734863,33.0,4.980000019073486,"[4.980000019073486,4.300000190734863,33.0,2.990000009536743]","[1.8152147820514584,30.716787430483606,0.23361738390180534,0.18928459426856684]",0
2.0,18.989999771118164,4.699999809265137,106.0,4.429999828338623,"[4.429999828338623,4.699999809265137,106.0,18.989999771118164]","[1.6147391851580293,33.57416015366229,0.7504073543512535,1.2021787258767256]",0
0.0,19.290000915527344,4.800000190734863,171.0,7.639999866485596,"[7.639999866485596,4.800000190734863,171.0,19.290000915527344]","[2.7847872769879958,34.288506740713935,1.2105628074911732,1.2211705635752128]",1
0.0,2.5899999141693115,4.800000190734863,130.0,12.569999694824219,"[12.569999694824219,4.800000190734863,130.0,2.5899999141693115]","[4.581776941573651,34.288506740713935,0.9203109062798391,0.16396223456371084]",2
1.0,28.59000015258789,4.699999809265137,46.0,5.349999904632568,"[5.349999904632568,4.699999809265137,46.0,28.59000015258789]","[1.950080095114077,33.57416015366229,0.32564847452978923,1.8099152380468784]",0
2.0,2.990000009536743,4.699999809265137,17.0,4.980000019073486,"[4.980000019073486,4.699999809265137,17.0,2.990000009536743]","[1.8152147820514584,33.57416015366229,0.12034834928274821,0.18928459426856684]",0
2.0,18.989999771118164,4.699999809265137,109.0,4.429999828338623,"[4.429999828338623,4.699999809265137,109.0,18.989999771118164]","[1.6147391851580293,33.57416015366229,0.7716452983423266,1.2021787258767256]",0
2.0,2.990000009536743,4.400000095367432,22.0,4.980000019073486,"[4.980000019073486,4.400000095367432,22.0,2.990000009536743]","[1.8152147820514584,31.431130611278277,0.15574492260120354,0.18928459426856684]",0
0.0,24.290000915527344,4.800000190734863,232.0,6.860000133514404,"[6.860000133514404,4.800000190734863,232.0,24.290000915527344]","[2.500476626413156,34.288506740713935,1.6424010019763284,1.5376999844194184]",1
2.0,18.989999771118164,4.699999809265137,71.0,4.429999828338623,"[4.429999828338623,4.699999809265137,71.0,18.989999771118164]","[1.6147391851580293,33.57416015366229,0.502631341122066,1.2021787258767256]",0
2.0,2.990000009536743,4.300000190734863,7.0,4.980000019073486,"[4.980000019073486,4.300000190734863,7.0,2.990000009536743]","[1.8152147820514584,30.716787430483606,0.049555202645837494,0.18928459426856684]",0
2.0,18.989999771118164,4.599999904632568,82.0,4.429999828338623,"[4.429999828338623,4.599999904632568,82.0,18.989999771118164]","[1.6147391851580293,32.85981697286762,0.5805038024226677,1.2021787258767256]",0
1.0,2.5899999141693115,4.599999904632568,27.0,14.680000305175781,"[14.680000305175781,4.599999904632568,27.0,2.5899999141693115]","[5.3508741872319625,32.85981697286762,0.1911414959196589,0.16396223456371084]",2
4.0,28.09000015258789,4.599999904632568,118.0,7.0,"[7.0,4.599999904632568,118.0,28.09000015258789]","[2.551506711986763,32.85981697286762,0.8353591303155463,1.7782622959624579]",0
0.0,17.489999771118164,4.800000190734863,149.0,6.900000095367432,"[6.900000095367432,4.800000190734863,149.0,17.489999771118164]","[2.515056650862758,34.288506740713935,1.0548178848899694,1.107219899623464]",0
2.0,19.989999771118164,4.599999904632568,290.0,5.150000095367432,"[5.150000095367432,4.599999904632568,290.0,19.989999771118164]","[1.8771799728660674,32.85981697286762,2.0530012524704104,1.2654846100455666]",0
1.0,30.190000534057617,4.300000190734863,43.0,6.860000133514404,"[6.860000133514404,4.300000190734863,43.0,30.190000534057617]","[2.500476626413156,30.716787430483606,0.30441053053871603,1.9112046768663025]",0
2.0,18.989999771118164,4.599999904632568,237.0,4.429999828338623,"[4.429999828338623,4.599999904632568,237.0,18.989999771118164]","[1.6147391851580293,32.85981697286762,1.6777975752947838,1.2021787258767256]",0
1.0,30.190000534057617,4.800000190734863,45.0,5.550000190734863,"[5.550000190734863,4.800000190734863,45.0,30.190000534057617]","[2.022980391169688,34.288506740713935,0.3185691598660982,1.9112046768663025]",0
0.0,41.9900016784668,4.699999809265137,195.0,9.020000457763672,"[9.020000457763672,4.699999809265137,195.0,41.9900016784668]","[3.287798815729669,33.57416015366229,1.3804663594197588,2.6582141825064625]",1
1.0,30.190000534057617,4.699999809265137,28.0,6.369999885559082,"[6.369999885559082,4.699999809265137,28.0,30.190000534057617]","[2.32187106619413,33.57416015366229,0.19822081058334998,1.9112046768663025]",0
2.0,2.990000009536743,4.599999904632568,76.0,4.980000019073486,"[4.980000019073486,4.599999904632568,76.0,2.990000009536743]","[1.8152147820514584,32.85981697286762,0.5380279144405213,0.18928459426856684]",0
5.0,68.98999786376953,5.0,1.0,4.929999828338623,"[4.929999828338623,5.0,1.0,68.98999786376953]","[1.7969896645856551,35.71719310230328,0.007079314663691071,4.367472813572389]",1
0.0,55.689998626708984,4.800000190734863,370.0,7.510000228881836,"[7.510000228881836,4.800000190734863,370.0,55.689998626708984]","[2.73740228443059,34.288506740713935,2.619346425565696,3.525504602425359]",1
1.0,27.59000015258789,4.599999904632568,8.0,6.289999961853027,"[6.289999961853027,4.599999904632568,8.0,27.59000015258789]","[2.292711017294926,32.85981697286762,0.056634517309528565,1.7466093538780374]",0
2.0,2.990000009536743,4.699999809265137,81.0,4.980000019073486,"[4.980000019073486,4.699999809265137,81.0,2.990000009536743]","[1.8152147820514584,33.57416015366229,0.5734244877589767,0.18928459426856684]",0
1.0,25.690000534057617,4.900000095367432,16.0,5.679999828338623,"[5.679999828338623,4.900000095367432,16.0,25.690000534057617]","[2.070365383727094,35.002849921508606,0.11326903461905713,1.6263281981065176]",0
2.0,3.990000009536743,4.599999904632568,52.0,6.650000095367432,"[6.650000095367432,4.599999904632568,52.0,3.990000009536743]","[2.423931411148945,32.85981697286762,0.3681243625119357,0.25259047843740795]",0
1.0,28.09000015258789,4.800000190734863,38.0,5.71999979019165,"[5.71999979019165,4.800000190734863,38.0,28.09000015258789]","[2.084945408176696,34.288506740713935,0.26901395722026067,1.7782622959624579]",0
0.0,19.989999771118164,4.699999809265137,56.0,7.800000190734863,"[7.800000190734863,4.699999809265137,56.0,19.989999771118164]","[2.843107548594005,33.57416015366229,0.39644162116669995,1.2654846100455666]",0
1.0,29.190000534057617,4.699999809265137,27.0,6.210000038146973,"[6.210000038146973,4.699999809265137,27.0,29.190000534057617]","[2.2635509683957222,33.57416015366229,0.1911414959196589,1.8478987926974615]",0
0.0,73.48999786376953,4.900000095367432,50.0,6.0,"[6.0,4.900000095367432,50.0,73.48999786376953]","[2.187005753131511,35.002849921508606,0.35396573318455354,4.652349292332174]",1
2.0,2.990000009536743,4.300000190734863,33.0,4.980000019073486,"[4.980000019073486,4.300000190734863,33.0,2.990000009536743]","[1.8152147820514584,30.716787430483606,0.23361738390180534,0.18928459426856684]",0
2.0,18.989999771118164,4.699999809265137,106.0,4.429999828338623,"[4.429999828338623,4.699999809265137,106.0,18.989999771118164]","[1.6147391851580293,33.57416015366229,0.7504073543512535,1.2021787258767256]",0
0.0,19.290000915527344,4.800000190734863,171.0,7.639999866485596,"[7.639999866485596,4.800000190734863,171.0,19.290000915527344]","[2.7847872769879958,34.288506740713935,1.2105628074911732,1.2211705635752128]",1
0.0,2.5899999141693115,4.800000190734863,130.0,12.569999694824219,"[12.569999694824219,4.800000190734863,130.0,2.5899999141693115]","[4.581776941573651,34.288506740713935,0.9203109062798391,0.16396223456371084]",2
1.0,28.59000015258789,4.699999809265137,46.0,5.349999904632568,"[5.349999904632568,4.699999809265137,46.0,28.59000015258789]","[1.950080095114077,33.57416015366229,0.32564847452978923,1.8099152380468784]",0
2.0,2.990000009536743,4.699999809265137,17.0,4.980000019073486,"[4.980000019073486,4.699999809265137,17.0,2.990000009536743]","[1.8152147820514584,33.57416015366229,0.12034834928274821,0.18928459426856684]",0
2.0,18.989999771118164,4.699999809265137,109.0,4.429999828338623,"[4.429999828338623,4.699999809265137,109.0,18.989999771118164]","[1.6147391851580293,33.57416015366229,0.7716452983423266,1.2021787258767256]",0
2.0,2.990000009536743,4.400000095367432,22.0,4.980000019073486,"[4.980000019073486,4.400000095367432,22.0,2.990000009536743]","[1.8152147820514584,31.431130611278277,0.15574492260120354,0.18928459426856684]",0
0.0,24.290000915527344,4.800000190734863,232.0,6.860000133514404,"[6.860000133514404,4.800000190734863,232.0,24.290000915527344]","[2.500476626413156,34.288506740713935,1.6424010019763284,1.5376999844194184]",1
2.0,18.989999771118164,4.699999809265137,71.0,4.429999828338623,"[4.429999828338623,4.699999809265137,71.0,18.989999771118164]","[1.6147391851580293,33.57416015366229,0.502631341122066,1.2021787258767256]",0
2.0,2.990000009536743,4.300000190734863,7.0,4.980000019073486,"[4.980000019073486,4.300000190734863,7.0,2.990000009536743]","[1.8152147820514584,30.716787430483606,0.049555202645837494,0.18928459426856684]",0
2.0,18.989999771118164,4.599999904632568,82.0,4.429999828338623,"[4.429999828338623,4.599999904632568,82.0,18.989999771118164]","[1.6147391851580293,32.85981697286762,0.5805038024226677,1.2021787258767256]",0
1.0,2.5899999141693115,4.599999904632568,27.0,14.680000305175781,"[14.680000305175781,4.599999904632568,27.0,2.5899999141693115]","[5.3508741872319625,32.85981697286762,0.1911414959196589,0.16396223456371084]",2
4.0,28.09000015258789,4.599999904632568,118.0,7.0,"[7.0,4.599999904632568,118.0,28.09000015258789]","[2.551506711986763,32.85981697286762,0.8353591303155463,1.7782622959624579]",0
0.0,17.489999771118164,4.800000190734863,149.0,6.900000095367432,"[6.900000095367432,4.800000190734863,149.0,17.489999771118164]","[2.515056650862758,34.288506740713935,1.0548178848899694,1.107219899623464]",0
2.0,19.989999771118164,4.599999904632568,290.0,5.150000095367432,"[5.150000095367432,4.599999904632568,290.0,19.989999771118164]","[1.8771799728660674,32.85981697286762,2.0530012524704104,1.2654846100455666]",0
1.0,30.190000534057617,4.300000190734863,43.0,6.860000133514404,"[6.860000133514404,4.300000190734863,43.0,30.190000534057617]","[2.500476626413156,30.716787430483606,0.30441053053871603,1.9112046768663025]",0
2.0,18.989999771118164,4.599999904632568,237.0,4.429999828338623,"[4.429999828338623,4.599999904632568,237.0,18.989999771118164]","[1.6147391851580293,32.85981697286762,1.6777975752947838,1.2021787258767256]",0
1.0,30.190000534057617,4.800000190734863,45.0,5.550000190734863,"[5.550000190734863,4.800000190734863,45.0,30.190000534057617]","[2.022980391169688,34.288506740713935,0.3185691598660982,1.9112046768663025]",0
0.0,41.9900016784668,4.699999809265137,195.0,9.020000457763672,"[9.020000457763672,4.699999809265137,195.0,41.9900016784668]","[3.287798815729669,33.57416015366229,1.3804663594197588,2.6582141825064625]",1
1.0,30.190000534057617,4.699999809265137,28.0,6.369999885559082,"[6.369999885559082,4.699999809265137,28.0,30.190000534057617]","[2.32187106619413,33.57416015366229,0.19822081058334998,1.9112046768663025]",0
2.0,2.990000009536743,4.599999904632568,76.0,4.980000019073486,"[4.980000019073486,4.599999904632568,76.0,2.990000009536743]","[1.8152147820514584,32.85981697286762,0.5380279144405213,0.18928459426856684]",0
5.0,68.98999786376953,5.0,1.0,4.929999828338623,"[4.929999828338623,5.0,1.0,68.98999786376953]","[1.7969896645856551,35.71719310230328,0.007079314663691071,4.367472813572389]",1
0.0,55.689998626708984,4.800000190734863,370.0,7.510000228881836,"[7.510000228881836,4.800000190734863,370.0,55.689998626708984]","[2.73740228443059,34.288506740713935,2.619346425565696,3.525504602425359]",1
1.0,27.59000015258789,4.599999904632568,8.0,6.289999961853027,"[6.289999961853027,4.599999904632568,8.0,27.59000015258789]","[2.292711017294926,32.85981697286762,0.056634517309528565,1.7466093538780374]",0
2.0,2.990000009536743,4.699999809265137,81.0,4.980000019073486,"[4.980000019073486,4.699999809265137,81.0,2.990000009536743]","[1.8152147820514584,33.57416015366229,0.5734244877589767,0.18928459426856684]",0
1.0,25.690000534057617,4.900000095367432,16.0,5.679999828338623,"[5.679999828338623,4.900000095367432,16.0,25.690000534057617]","[2.070365383727094,35.002849921508606,0.11326903461905713,1.6263281981065176]",0
2.0,3.990000009536743,4.599999904632568,52.0,6.650000095367432,"[6.650000095367432,4.599999904632568,52.0,3.990000009536743]","[2.423931411148945,32.85981697286762,0.3681243625119357,0.25259047843740795]",0
1.0,28.09000015258789,4.800000190734863,38.0,5.71999979019165,"[5.71999979019165,4.800000190734863,38.0,28.09000015258789]","[2.084945408176696,34.288506740713935,0.26901395722026067,1.7782622959624579]",0
0.0,19.989999771118164,4.699999809265137,56.0,7.800000190734863,"[7.800000190734863,4.699999809265137,56.0,19.989999771118164]","[2.843107548594005,33.57416015366229,0.39644162116669995,1.2654846100455666]",0
1.0,29.190000534057617,4.699999809265137,27.0,6.210000038146973,"[6.210000038146973,4.699999809265137,27.0,29.190000534057617]","[2.2635509683957222,33.57416015366229,0.1911414959196589,1.8478987926974615]",0
0.0,73.48999786376953,4.900000095367432,50.0,6.0,"[6.0,4.900000095367432,50.0,73.48999786376953]","[2.187005753131511,35.002849921508606,0.35396573318455354,4.652349292332174]",1
2.0,2.990000009536743,4.300000190734863,33.0,4.980000019073486,"[4.980000019073486,4.300000190734863,33.0,2.990000009536743]","[1.8152147820514584,30.716787430483606,0.23361738390180534,0.18928459426856684]",0
2.0,18.989999771118164,4.699999809265137,106.0,4.429999828338623,"[4.429999828338623,4.699999809265137,106.0,18.989999771118164]","[1.6147391851580293,33.57416015366229,0.7504073543512535,1.2021787258767256]",0
0.0,19.290000915527344,4.800000190734863,171.0,7.639999866485596,"[7.639999866485596,4.800000190734863,171.0,19.290000915527344]","[2.7847872769879958,34.288506740713935,1.2105628074911732,1.2211705635752128]",1
0.0,2.5899999141693115,4.800000190734863,130.0,12.569999694824219,"[12.569999694824219,4.800000190734863,130.0,2.5899999141693115]","[4.581776941573651,34.288506740713935,0.9203109062798391,0.16396223456371084]",2
1.0,28.59000015258789,4.699999809265137,46.0,5.349999904632568,"[5.349999904632568,4.699999809265137,46.0,28.59000015258789]","[1.950080095114077,33.57416015366229,0.32564847452978923,1.8099152380468784]",0
2.0,2.990000009536743,4.699999809265137,17.0,4.980000019073486,"[4.980000019073486,4.699999809265137,17.0,2.990000009536743]","[1.8152147820514584,33.57416015366229,0.12034834928274821,0.18928459426856684]",0
2.0,18.989999771118164,4.699999809265137,109.0,4.429999828338623,"[4.429999828338623,4.699999809265137,109.0,18.989999771118164]","[1.6147391851580293,33.57416015366229,0.7716452983423266,1.2021787258767256]",0
2.0,2.990000009536743,4.400000095367432,22.0,4.980000019073486,"[4.980000019073486,4.400000095367432,22.0,2.990000009536743]","[1.8152147820514584,31.431130611278277,0.15574492260120354,0.18928459426856684]",0
0.0,24.290000915527344,4.800000190734863,232.0,6.860000133514404,"[6.860000133514404,4.800000190734863,232.0,24.290000915527344]","[2.500476626413156,34.288506740713935,1.6424010019763284,1.5376999844194184]",1
2.0,18.989999771118164,4.699999809265137,71.0,4.429999828338623,"[4.429999828338623,4.699999809265137,71.0,18.989999771118164]","[1.6147391851580293,33.57416015366229,0.502631341122066,1.2021787258767256]",0
2.0,2.990000009536743,4.300000190734863,7.0,4.980000019073486,"[4.980000019073486,4.300000190734863,7.0,2.990000009536743]","[1.8152147820514584,30.716787430483606,0.049555202645837494,0.18928459426856684]",0
2.0,18.989999771118164,4.599999904632568,82.0,4.429999828338623,"[4.429999828338623,4.599999904632568,82.0,18.989999771118164]","[1.6147391851580293,32.85981697286762,0.5805038024226677,1.2021787258767256]",0
1.0,2.5899999141693115,4.599999904632568,27.0,14.680000305175781,"[14.680000305175781,4.599999904632568,27.0,2.5899999141693115]","[5.3508741872319625,32.85981697286762,0.1911414959196589,0.16396223456371084]",2
4.0,28.09000015258789,4.599999904632568,118.0,7.0,"[7.0,4.599999904632568,118.0,28.09000015258789]","[2.551506711986763,32.85981697286762,0.8353591303155463,1.7782622959624579]",0
0.0,17.489999771118164,4.800000190734863,149.0,6.900000095367432,"[6.900000095367432,4.800000190734863,149.0,17.489999771118164]","[2.515056650862758,34.288506740713935,1.0548178848899694,1.107219899623464]",0
2.0,19.989999771118164,4.599999904632568,290.0,5.150000095367432,"[5.150000095367432,4.599999904632568,290.0,19.989999771118164]","[1.8771799728660674,32.85981697286762,2.0530012524704104,1.2654846100455666]",0
1.0,30.190000534057617,4.300000190734863,43.0,6.860000133514404,"[6.860000133514404,4.300000190734863,43.0,30.190000534057617]","[2.500476626413156,30.716787430483606,0.30441053053871603,1.9112046768663025]",0
2.0,18.989999771118164,4.599999904632568,237.0,4.429999828338623,"[4.429999828338623,4.599999904632568,237.0,18.989999771118164]","[1.6147391851580293,32.85981697286762,1.6777975752947838,1.2021787258767256]",0
1.0,30.190000534057617,4.800000190734863,45.0,5.550000190734863,"[5.550000190734863,4.800000190734863,45.0,30.190000534057617]","[2.022980391169688,34.288506740713935,0.3185691598660982,1.9112046768663025]",0
0.0,41.9900016784668,4.699999809265137,195.0,9.020000457763672,"[9.020000457763672,4.699999809265137,195.0,41.9900016784668]","[3.287798815729669,33.57416015366229,1.3804663594197588,2.6582141825064625]",1
1.0,30.190000534057617,4.699999809265137,28.0,6.369999885559082,"[6.369999885559082,4.699999809265137,28.0,30.190000534057617]","[2.32187106619413,33.57416015366229,0.19822081058334998,1.9112046768663025]",0
2.0,2.990000009536743,4.599999904632568,76.0,4.980000019073486,"[4.980000019073486,4.599999904632568,76.0,2.990000009536743]","[1.8152147820514584,32.85981697286762,0.5380279144405213,0.18928459426856684]",0
5.0,68.98999786376953,5.0,1.0,4.929999828338623,"[4.929999828338623,5.0,1.0,68.98999786376953]","[1.7969896645856551,35.71719310230328,0.007079314663691071,4.367472813572389]",1
0.0,55.689998626708984,4.800000190734863,370.0,7.510000228881836,"[7.510000228881836,4.800000190734863,370.0,55.689998626708984]","[2.73740228443059,34.288506740713935,2.619346425565696,3.525504602425359]",1
1.0,27.59000015258789,4.599999904632568,8.0,6.289999961853027,"[6.289999961853027,4.599999904632568,8.0,27.59000015258789]","[2.292711017294926,32.85981697286762,0.056634517309528565,1.7466093538780374]",0
2.0,2.990000009536743,4.699999809265137,81.0,4.980000019073486,"[4.980000019073486,4.699999809265137,81.0,2.990000009536743]","[1.8152147820514584,33.57416015366229,0.5734244877589767,0.18928459426856684]",0
1.0,25.690000534057617,4.900000095367432,16.0,5.679999828338623,"[5.679999828338623,4.900000095367432,16.0,25.690000534057617]","[2.070365383727094,35.002849921508606,0.11326903461905713,1.6263281981065176]",0
2.0,3.990000009536743,4.599999904632568,52.0,6.650000095367432,"[6.650000095367432,4.599999904632568,52.0,3.990000009536743]","[2.423931411148945,32.85981697286762,0.3681243625119357,0.25259047843740795]",0
1.0,28.09000015258789,4.800000190734863,38.0,5.71999979019165,"[5.71999979019165,4.800000190734863,38.0,28.09000015258789]","[2.084945408176696,34.288506740713935,0.26901395722026067,1.7782622959624579]",0
0.0,19.989999771118164,4.699999809265137,56.0,7.800000190734863,"[7.800000190734863,4.699999809265137,56.0,19.989999771118164]","[2.843107548594005,33.57416015366229,0.39644162116669995,1.2654846100455666]",0
1.0,29.190000534057617,4.699999809265137,27.0,6.210000038146973,"[6.210000038146973,4.699999809265137,27.0,29.190000534057617]","[2.2635509683957222,33.57416015366229,0.1911414959196589,1.8478987926974615]",0
0.0,73.48999786376953,4.900000095367432,50.0,6.0,"[6.0,4.900000095367432,50.0,73.48999786376953]","[2.187005753131511,35.002849921508606,0.35396573318455354,4.652349292332174]",1
2.0,2.990000009536743,4.300000190734863,33.0,4.980000019073486,"[4.980000019073486,4.300000190734863,33.0,2.990000009536743]","[1.8152147820514584,30.716787430483606,0.23361738390180534,0.18928459426856684]",0
2.0,18.989999771118164,4.699999809265137,106.0,4.429999828338623,"[4.429999828338623,4.699999809265137,106.0,18.989999771118164]","[1.6147391851580293,33.57416015366229,0.7504073543512535,1.2021787258767256]",0
0.0,19.290000915527344,4.800000190734863,171.0,7.639999866485596,"[7.639999866485596,4.800000190734863,171.0,19.290000915527344]","[2.7847872769879958,34.288506740713935,1.2105628074911732,1.2211705635752128]",1
0.0,2.5899999141693115,4.800000190734863,130.0,12.569999694824219,"[12.569999694824219,4.800000190734863,130.0,2.5899999141693115]","[4.581776941573651,34.288506740713935,0.9203109062798391,0.16396223456371084]",2
1.0,28.59000015258789,4.699999809265137,46.0,5.349999904632568,"[5.349999904632568,4.699999809265137,46.0,28.59000015258789]","[1.950080095114077,33.57416015366229,0.32564847452978923,1.8099152380468784]",0
2.0,2.990000009536743,4.699999809265137,17.0,4.980000019073486,"[4.980000019073486,4.699999809265137,17.0,2.990000009536743]","[1.8152147820514584,33.57416015366229,0.12034834928274821,0.18928459426856684]",0
2.0,18.989999771118164,4.699999809265137,109.0,4.429999828338623,"[4.429999828338623,4.699999809265137,109.0,18.989999771118164]","[1.6147391851580293,33.57416015366229,0.7716452983423266,1.2021787258767256]",0
2.0,2.990000009536743,4.400000095367432,22.0,4.980000019073486,"[4.980000019073486,4.400000095367432,22.0,2.990000009536743]","[1.8152147820514584,31.431130611278277,0.15574492260120354,0.18928459426856684]",0
0.0,24.290000915527344,4.800000190734863,232.0,6.860000133514404,"[6.860000133514404,4.800000190734863,232.0,24.290000915527344]","[2.500476626413156,34.288506740713935,1.6424010019763284,1.5376999844194184]",1
2.0,18.989999771118164,4.699999809265137,71.0,4.429999828338623,"[4.429999828338623,4.699999809265137,71.0,18.989999771118164]","[1.6147391851580293,33.57416015366229,0.502631341122066,1.2021787258767256]",0
2.0,2.990000009536743,4.300000190734863,7.0,4.980000019073486,"[4.980000019073486,4.300000190734863,7.0,2.990000009536743]","[1.8152147820514584,30.716787430483606,0.049555202645837494,0.18928459426856684]",0
2.0,18.989999771118164,4.599999904632568,82.0,4.429999828338623,"[4.429999828338623,4.599999904632568,82.0,18.989999771118164]","[1.6147391851580293,32.85981697286762,0.5805038024226677,1.2021787258767256]",0
1.0,2.5899999141693115,4.599999904632568,27.0,14.680000305175781,"[14.680000305175781,4.599999904632568,27.0,2.5899999141693115]","[5.3508741872319625,32.85981697286762,0.1911414959196589,0.16396223456371084]",2
4.0,28.09000015258789,4.599999904632568,118.0,7.0,"[7.0,4.599999904632568,118.0,28.09000015258789]","[2.551506711986763,32.85981697286762,0.8353591303155463,1.7782622959624579]",0
0.0,17.489999771118164,4.800000190734863,149.0,6.900000095367432,"[6.900000095367432,4.800000190734863,149.0,17.489999771118164]","[2.515056650862758,34.288506740713935,1.0548178848899694,1.107219899623464]",0
2.0,19.989999771118164,4.599999904632568,290.0,5.150000095367432,"[5.150000095367432,4.599999904632568,290.0,19.989999771118164]","[1.8771799728660674,32.85981697286762,2.0530012524704104,1.2654846100455666]",0
1.0,30.190000534057617,4.300000190734863,43.0,6.860000133514404,"[6.860000133514404,4.300000190734863,43.0,30.190000534057617]","[2.500476626413156,30.716787430483606,0.30441053053871603,1.9112046768663025]",0
2.0,18.989999771118164,4.599999904632568,237.0,4.429999828338623,"[4.429999828338623,4.599999904632568,237.0,18.989999771118164]","[1.6147391851580293,32.85981697286762,1.6777975752947838,1.2021787258767256]",0
1.0,30.190000534057617,4.800000190734863,45.0,5.550000190734863,"[5.550000190734863,4.800000190734863,45.0,30.190000534057617]","[2.022980391169688,34.288506740713935,0.3185691598660982,1.9112046768663025]",0
0.0,41.9900016784668,4.699999809265137,195.0,9.020000457763672,"[9.020000457763672,4.699999809265137,195.0,41.9900016784668]","[3.287798815729669,33.57416015366229,1.3804663594197588,2.6582141825064625]",1
1.0,30.190000534057617,4.699999809265137,28.0,6.369999885559082,"[6.369999885559082,4.699999809265137,28.0,30.190000534057617]","[2.32187106619413,33.57416015366229,0.19822081058334998,1.9112046768663025]",0
2.0,2.990000009536743,4.599999904632568,76.0,4.980000019073486,"[4.980000019073486,4.599999904632568,76.0,2.990000009536743]","[1.8152147820514584,32.85981697286762,0.5380279144405213,0.18928459426856684]",0
5.0,68.98999786376953,5.0,1.0,4.929999828338623,"[4.929999828338623,5.0,1.0,68.98999786376953]","[1.7969896645856551,35.71719310230328,0.007079314663691071,4.367472813572389]",1
0.0,55.689998626708984,4.800000190734863,370.0,7.510000228881836,"[7.510000228881836,4.800000190734863,370.0,55.689998626708984]","[2.73740228443059,34.288506740713935,2.619346425565696,3.525504602425359]",1
1.0,27.59000015258789,4.599999904632568,8.0,6.289999961853027,"[6.289999961853027,4.599999904632568,8.0,27.59000015258789]","[2.292711017294926,32.85981697286762,0.056634517309528565,1.7466093538780374]",0
2.0,2.990000009536743,4.699999809265137,81.0,4.980000019073486,"[4.980000019073486,4.699999809265137,81.0,2.990000009536743]","[1.8152147820514584,33.57416015366229,0.5734244877589767,0.18928459426856684]",0
1.0,25.690000534057617,4.900000095367432,16.0,5.679999828338623,"[5.679999828338623,4.900000095367432,16.0,25.690000534057617]","[2.070365383727094,35.002849921508606,0.11326903461905713,1.6263281981065176]",0
2.0,3.990000009536743,4.599999904632568,52.0,6.650000095367432,"[6.650000095367432,4.599999904632568,52.0,3.990000009536743]","[2.423931411148945,32.85981697286762,0.3681243625119357,0.25259047843740795]",0
1.0,28.09000015258789,4.800000190734863,38.0,5.71999979019165,"[5.71999979019165,4.800000190734863,38.0,28.09000015258789]","[2.084945408176696,34.288506740713935,0.26901395722026067,1.7782622959624579]",0
0.0,19.989999771118164,4.699999809265137,56.0,7.800000190734863,"[7.800000190734863,4.699999809265137,56.0,19.989999771118164]","[2.843107548594005,33.57416015366229,0.39644162116669995,1.2654846100455666]",0
1.0,29.190000534057617,4.699999809265137,27.0,6.210000038146973,"[6.210000038146973,4.699999809265137,27.0,29.190000534057617]","[2.2635509683957222,33.57416015366229,0.1911414959196589,1.8478987926974615]",0
0.0,73.48999786376953,4.900000095367432,50.0,6.0,"[6.0,4.900000095367432,50.0,73.48999786376953]","[2.187005753131511,35.002849921508606,0.35396573318455354,4.652349292332174]",1
2.0,2.990000009536743,4.300000190734863,33.0,4.980000019073486,"[4.980000019073486,4.300000190734863,33.0,2.990000009536743]","[1.8152147820514584,30.716787430483606,0.23361738390180534,0.18928459426856684]",0
2.0,18.989999771118164,4.699999809265137,106.0,4.429999828338623,"[4.429999828338623,4.699999809265137,106.0,18.989999771118164]","[1.6147391851580293,33.57416015366229,0.7504073543512535,1.2021787258767256]",0
0.0,19.290000915527344,4.800000190734863,171.0,7.639999866485596,"[7.639999866485596,4.800000190734863,171.0,19.290000915527344]","[2.7847872769879958,34.288506740713935,1.2105628074911732,1.2211705635752128]",1
0.0,2.5899999141693115,4.800000190734863,130.0,12.569999694824219,"[12.569999694824219,4.800000190734863,130.0,2.5899999141693115]","[4.581776941573651,34.288506740713935,0.9203109062798391,0.16396223456371084]",2
1.0,28.59000015258789,4.699999809265137,46.0,5.349999904632568,"[5.349999904632568,4.699999809265137,46.0,28.59000015258789]","[1.950080095114077,33.57416015366229,0.32564847452978923,1.8099152380468784]",0
2.0,2.990000009536743,4.699999809265137,17.0,4.980000019073486,"[4.980000019073486,4.699999809265137,17.0,2.990000009536743]","[1.8152147820514584,33.57416015366229,0.12034834928274821,0.18928459426856684]",0
2.0,18.989999771118164,4.699999809265137,109.0,4.429999828338623,"[4.429999828338623,4.699999809265137,109.0,18.989999771118164]","[1.6147391851580293,33.57416015366229,0.7716452983423266,1.2021787258767256]",0
2.0,2.990000009536743,4.400000095367432,22.0,4.980000019073486,"[4.980000019073486,4.400000095367432,22.0,2.990000009536743]","[1.8152147820514584,31.431130611278277,0.15574492260120354,0.18928459426856684]",0
0.0,24.290000915527344,4.800000190734863,232.0,6.860000133514404,"[6.860000133514404,4.800000190734863,232.0,24.290000915527344]","[2.500476626413156,34.288506740713935,1.6424010019763284,1.5376999844194184]",1
2.0,18.989999771118164,4.699999809265137,71.0,4.429999828338623,"[4.429999828338623,4.699999809265137,71.0,18.989999771118164]","[1.6147391851580293,33.57416015366229,0.502631341122066,1.2021787258767256]",0
2.0,2.990000009536743,4.300000190734863,7.0,4.980000019073486,"[4.980000019073486,4.300000190734863,7.0,2.990000009536743]","[1.8152147820514584,30.716787430483606,0.049555202645837494,0.18928459426856684]",0
2.0,18.989999771118164,4.599999904632568,82.0,4.429999828338623,"[4.429999828338623,4.599999904632568,82.0,18.989999771118164]","[1.6147391851580293,32.85981697286762,0.5805038024226677,1.2021787258767256]",0
1.0,2.5899999141693115,4.599999904632568,27.0,14.680000305175781,"[14.680000305175781,4.599999904632568,27.0,2.5899999141693115]","[5.3508741872319625,32.85981697286762,0.1911414959196589,0.16396223456371084]",2
4.0,28.09000015258789,4.599999904632568,118.0,7.0,"[7.0,4.599999904632568,118.0,28.09000015258789]","[2.551506711986763,32.85981697286762,0.8353591303155463,1.7782622959624579]",0
0.0,17.489999771118164,4.800000190734863,149.0,6.900000095367432,"[6.900000095367432,4.800000190734863,149.0,17.489999771118164]","[2.515056650862758,34.288506740713935,1.0548178848899694,1.107219899623464]",0
2.0,19.989999771118164,4.599999904632568,290.0,5.150000095367432,"[5.150000095367432,4.599999904632568,290.0,19.989999771118164]","[1.8771799728660674,32.85981697286762,2.0530012524704104,1.2654846100455666]",0
1.0,30.190000534057617,4.300000190734863,43.0,6.860000133514404,"[6.860000133514404,4.300000190734863,43.0,30.190000534057617]","[2.500476626413156,30.716787430483606,0.30441053053871603,1.9112046768663025]",0
2.0,18.989999771118164,4.599999904632568,237.0,4.429999828338623,"[4.429999828338623,4.599999904632568,237.0,18.989999771118164]","[1.6147391851580293,32.85981697286762,1.6777975752947838,1.2021787258767256]",0
1.0,30.190000534057617,4.800000190734863,45.0,5.550000190734863,"[5.550000190734863,4.800000190734863,45.0,30.190000534057617]","[2.022980391169688,34.288506740713935,0.3185691598660982,1.9112046768663025]",0
0.0,41.9900016784668,4.699999809265137,195.0,9.020000457763672,"[9.020000457763672,4.699999809265137,195.0,41.9900016784668]","[3.287798815729669,33.57416015366229,1.3804663594197588,2.6582141825064625]",1
1.0,30.190000534057617,4.699999809265137,28.0,6.369999885559082,"[6.369999885559082,4.699999809265137,28.0,30.190000534057617]","[2.32187106619413,33.57416015366229,0.19822081058334998,1.9112046768663025]",0
2.0,2.990000009536743,4.599999904632568,76.0,4.980000019073486,"[4.980000019073486,4.599999904632568,76.0,2.990000009536743]","[1.8152147820514584,32.85981697286762,0.5380279144405213,0.18928459426856684]",0
5.0,68.98999786376953,5.0,1.0,4.929999828338623,"[4.929999828338623,5.0,1.0,68.98999786376953]","[1.7969896645856551,35.71719310230328,0.007079314663691071,4.367472813572389]",1
0.0,55.689998626708984,4.800000190734863,370.0,7.510000228881836,"[7.510000228881836,4.800000190734863,370.0,55.689998626708984]","[2.73740228443059,34.288506740713935,2.619346425565696,3.525504602425359]",1
1.0,27.59000015258789,4.599999904632568,8.0,6.289999961853027,"[6.289999961853027,4.599999904632568,8.0,27.59000015258789]","[2.292711017294926,32.85981697286762,0.056634517309528565,1.7466093538780374]",0
2.0,2.990000009536743,4.699999809265137,81.0,4.980000019073486,"[4.980000019073486,4.699999809265137,81.0,2.990000009536743]","[1.8152147820514584,33.57416015366229,0.5734244877589767,0.18928459426856684]",0
1.0,25.690000534057617,4.900000095367432,16.0,5.679999828338623,"[5.679999828338623,4.900000095367432,16.0,25.690000534057617]","[2.070365383727094,35.002849921508606,0.11326903461905713,1.6263281981065176]",0
2.0,3.990000009536743,4.599999904632568,52.0,6.650000095367432,"[6.650000095367432,4.599999904632568,52.0,3.990000009536743]","[2.423931411148945,32.85981697286762,0.3681243625119357,0.25259047843740795]",0
1.0,28.09000015258789,4.800000190734863,38.0,5.71999979019165,"[5.71999979019165,4.800000190734863,38.0,28.09000015258789]","[2.084945408176696,34.288506740713935,0.26901395722026067,1.7782622959624579]",0
0.0,19.989999771118164,4.699999809265137,56.0,7.800000190734863,"[7.800000190734863,4.699999809265137,56.0,19.989999771118164]","[2.843107548594005,33.57416015366229,0.39644162116669995,1.2654846100455666]",0
1.0,29.190000534057617,4.699999809265137,27.0,6.210000038146973,"[6.210000038146973,4.699999809265137,27.0,29.190000534057617]","[2.2635509683957222,33.57416015366229,0.1911414959196589,1.8478987926974615]",0
0.0,73.48999786376953,4.900000095367432,50.0,6.0,"[6.0,4.900000095367432,50.0,73.48999786376953]","[2.187005753131511,35.002849921508606,0.35396573318455354,4.652349292332174]",1
2.0,2.990000009536743,4.300000190734863,33.0,4.980000019073486,"[4.980000019073486,4.300000190734863,33.0,2.990000009536743]","[1.8152147820514584,30.716787430483606,0.23361738390180534,0.18928459426856684]",0
2.0,18.989999771118164,4.699999809265137,106.0,4.429999828338623,"[4.429999828338623,4.699999809265137,106.0,18.989999771118164]","[1.6147391851580293,33.57416015366229,0.7504073543512535,1.2021787258767256]",0
0.0,19.290000915527344,4.800000190734863,171.0,7.639999866485596,"[7.639999866485596,4.800000190734863,171.0,19.290000915527344]","[2.7847872769879958,34.288506740713935,1.2105628074911732,1.2211705635752128]",1
0.0,2.5899999141693115,4.800000190734863,130.0,12.569999694824219,"[12.569999694824219,4.800000190734863,130.0,2.5899999141693115]","[4.581776941573651,34.288506740713935,0.9203109062798391,0.16396223456371084]",2
1.0,28.59000015258789,4.699999809265137,46.0,5.349999904632568,"[5.349999904632568,4.699999809265137,46.0,28.59000015258789]","[1.950080095114077,33.57416015366229,0.32564847452978923,1.8099152380468784]",0
2.0,2.990000009536743,4.699999809265137,17.0,4.980000019073486,"[4.980000019073486,4.699999809265137,17.0,2.990000009536743]","[1.8152147820514584,33.57416015366229,0.12034834928274821,0.18928459426856684]",0
2.0,18.989999771118164,4.699999809265137,109.0,4.429999828338623,"[4.429999828338623,4.699999809265137,109.0,18.989999771118164]","[1.6147391851580293,33.57416015366229,0.7716452983423266,1.2021787258767256]",0
2.0,2.990000009536743,4.400000095367432,22.0,4.980000019073486,"[4.980000019073486,4.400000095367432,22.0,2.990000009536743]","[1.8152147820514584,31.431130611278277,0.15574492260120354,0.18928459426856684]",0
0.0,24.290000915527344,4.800000190734863,232.0,6.860000133514404,"[6.860000133514404,4.800000190734863,232.0,24.290000915527344]","[2.500476626413156,34.288506740713935,1.6424010019763284,1.5376999844194184]",1
2.0,18.989999771118164,4.699999809265137,71.0,4.429999828338623,"[4.429999828338623,4.699999809265137,71.0,18.989999771118164]","[1.6147391851580293,33.57416015366229,0.502631341122066,1.2021787258767256]",0
2.0,2.990000009536743,4.300000190734863,7.0,4.980000019073486,"[4.980000019073486,4.300000190734863,7.0,2.990000009536743]","[1.8152147820514584,30.716787430483606,0.049555202645837494,0.18928459426856684]",0
2.0,18.989999771118164,4.599999904632568,82.0,4.429999828338623,"[4.429999828338623,4.599999904632568,82.0,18.989999771118164]","[1.6147391851580293,32.85981697286762,0.5805038024226677,1.2021787258767256]",0
1.0,2.5899999141693115,4.599999904632568,27.0,14.680000305175781,"[14.680000305175781,4.599999904632568,27.0,2.5899999141693115]","[5.3508741872319625,32.85981697286762,0.1911414959196589,0.16396223456371084]",2
4.0,28.09000015258789,4.599999904632568,118.0,7.0,"[7.0,4.599999904632568,118.0,28.09000015258789]","[2.551506711986763,32.85981697286762,0.8353591303155463,1.7782622959624579]",0
0.0,17.489999771118164,4.800000190734863,149.0,6.900000095367432,"[6.900000095367432,4.800000190734863,149.0,17.489999771118164]","[2.515056650862758,34.288506740713935,1.0548178848899694,1.107219899623464]",0
2.0,19.989999771118164,4.599999904632568,290.0,5.150000095367432,"[5.150000095367432,4.599999904632568,290.0,19.989999771118164]","[1.8771799728660674,32.85981697286762,2.0530012524704104,1.2654846100455666]",0
1.0,30.190000534057617,4.300000190734863,43.0,6.860000133514404,"[6.860000133514404,4.300000190734863,43.0,30.190000534057617]","[2.500476626413156,30.716787430483606,0.30441053053871603,1.9112046768663025]",0
2.0,18.989999771118164,4.599999904632568,237.0,4.429999828338623,"[4.429999828338623,4.599999904632568,237.0,18.989999771118164]","[1.6147391851580293,32.85981697286762,1.6777975752947838,1.2021787258767256]",0
1.0,30.190000534057617,4.800000190734863,45.0,5.550000190734863,"[5.550000190734863,4.800000190734863,45.0,30.190000534057617]","[2.022980391169688,34.288506740713935,0.3185691598660982,1.9112046768663025]",0
0.0,41.9900016784668,4.699999809265137,195.0,9.020000457763672,"[9.020000457763672,4.699999809265137,195.0,41.9900016784668]","[3.287798815729669,33.57416015366229,1.3804663594197588,2.6582141825064625]",1
1.0,30.190000534057617,4.699999809265137,28.0,6.369999885559082,"[6.369999885559082,4.699999809265137,28.0,30.190000534057617]","[2.32187106619413,33.57416015366229,0.19822081058334998,1.9112046768663025]",0
2.0,2.990000009536743,4.599999904632568,76.0,4.980000019073486,"[4.980000019073486,4.599999904632568,76.0,2.990000009536743]","[1.8152147820514584,32.85981697286762,0.5380279144405213,0.18928459426856684]",0
5.0,68.98999786376953,5.0,1.0,4.929999828338623,"[4.929999828338623,5.0,1.0,68.98999786376953]","[1.7969896645856551,35.71719310230328,0.007079314663691071,4.367472813572389]",1
0.0,55.689998626708984,4.800000190734863,370.0,7.510000228881836,"[7.510000228881836,4.800000190734863,370.0,55.689998626708984]","[2.73740228443059,34.288506740713935,2.619346425565696,3.525504602425359]",1
1.0,27.59000015258789,4.599999904632568,8.0,6.289999961853027,"[6.289999961853027,4.599999904632568,8.0,27.59000015258789]","[2.292711017294926,32.85981697286762,0.056634517309528565,1.7466093538780374]",0
2.0,2.990000009536743,4.699999809265137,81.0,4.980000019073486,"[4.980000019073486,4.699999809265137,81.0,2.990000009536743]","[1.8152147820514584,33.57416015366229,0.5734244877589767,0.18928459426856684]",0
1.0,25.690000534057617,4.900000095367432,16.0,5.679999828338623,"[5.679999828338623,4.900000095367432,16.0,25.690000534057617]","[2.070365383727094,35.002849921508606,0.11326903461905713,1.6263281981065176]",0
2.0,3.990000009536743,4.599999904632568,52.0,6.650000095367432,"[6.650000095367432,4.599999904632568,52.0,3.990000009536743]","[2.423931411148945,32.85981697286762,0.3681243625119357,0.25259047843740795]",0
1.0,28.09000015258789,4.800000190734863,38.0,5.71999979019165,"[5.71999979019165,4.800000190734863,38.0,28.09000015258789]","[2.084945408176696,34.288506740713935,0.26901395722026067,1.7782622959624579]",0
0.0,19.989999771118164,4.699999809265137,56.0,7.800000190734863,"[7.800000190734863,4.699999809265137,56.0,19.989999771118164]","[2.843107548594005,33.57416015366229,0.39644162116669995,1.2654846100455666]",0
1.0,29.190000534057617,4.699999809265137,27.0,6.210000038146973,"[6.210000038146973,4.699999809265137,27.0,29.190000534057617]","[2.2635509683957222,33.57416015366229,0.1911414959196589,1.8478987926974615]",0
0.0,73.48999786376953,4.900000095367432,50.0,6.0,"[6.0,4.900000095367432,50.0,73.48999786376953]","[2.187005753131511,35.002849921508606,0.35396573318455354,4.652349292332174]",1
2.0,2.990000009536743,4.300000190734863,33.0,4.980000019073486,"[4.980000019073486,4.300000190734863,33.0,2.990000009536743]","[1.8152147820514584,30.716787430483606,0.23361738390180534,0.18928459426856684]",0
2.0,18.989999771118164,4.699999809265137,106.0,4.429999828338623,"[4.429999828338623,4.699999809265137,106.0,18.989999771118164]","[1.6147391851580293,33.57416015366229,0.7504073543512535,1.2021787258767256]",0
0.0,19.290000915527344,4.800000190734863,171.0,7.639999866485596,"[7.639999866485596,4.800000190734863,171.0,19.290000915527344]","[2.7847872769879958,34.288506740713935,1.2105628074911732,1.2211705635752128]",1
0.0,2.5899999141693115,4.800000190734863,130.0,12.569999694824219,"[12.569999694824219,4.800000190734863,130.0,2.5899999141693115]","[4.581776941573651,34.288506740713935,0.9203109062798391,0.16396223456371084]",2
1.0,28.59000015258789,4.699999809265137,46.0,5.349999904632568,"[5.349999904632568,4.699999809265137,46.0,28.59000015258789]","[1.950080095114077,33.57416015366229,0.32564847452978923,1.8099152380468784]",0
2.0,2.990000009536743,4.699999809265137,17.0,4.980000019073486,"[4.980000019073486,4.699999809265137,17.0,2.990000009536743]","[1.8152147820514584,33.57416015366229,0.12034834928274821,0.18928459426856684]",0
2.0,18.989999771118164,4.699999809265137,109.0,4.429999828338623,"[4.429999828338623,4.699999809265137,109.0,18.989999771118164]","[1.6147391851580293,33.57416015366229,0.7716452983423266,1.2021787258767256]",0
2.0,2.990000009536743,4.400000095367432,22.0,4.980000019073486,"[4.980000019073486,4.400000095367432,22.0,2.990000009536743]","[1.8152147820514584,31.431130611278277,0.15574492260120354,0.18928459426856684]",0
0.0,24.290000915527344,4.800000190734863,232.0,6.860000133514404,"[6.860000133514404,4.800000190734863,232.0,24.290000915527344]","[2.500476626413156,34.288506740713935,1.6424010019763284,1.5376999844194184]",1
2.0,18.989999771118164,4.699999809265137,71.0,4.429999828338623,"[4.429999828338623,4.699999809265137,71.0,18.989999771118164]","[1.6147391851580293,33.57416015366229,0.502631341122066,1.2021787258767256]",0
2.0,2.990000009536743,4.300000190734863,7.0,4.980000019073486,"[4.980000019073486,4.300000190734863,7.0,2.990000009536743]","[1.8152147820514584,30.716787430483606,0.049555202645837494,0.18928459426856684]",0
2.0,18.989999771118164,4.599999904632568,82.0,4.429999828338623,"[4.429999828338623,4.599999904632568,82.0,18.989999771118164]","[1.6147391851580293,32.85981697286762,0.5805038024226677,1.2021787258767256]",0
1.0,2.5899999141693115,4.599999904632568,27.0,14.680000305175781,"[14.680000305175781,4.599999904632568,27.0,2.5899999141693115]","[5.3508741872319625,32.85981697286762,0.1911414959196589,0.16396223456371084]",2
4.0,28.09000015258789,4.599999904632568,118.0,7.0,"[7.0,4.599999904632568,118.0,28.09000015258789]","[2.551506711986763,32.85981697286762,0.8353591303155463,1.7782622959624579]",0
0.0,17.489999771118164,4.800000190734863,149.0,6.900000095367432,"[6.900000095367432,4.800000190734863,149.0,17.489999771118164]","[2.515056650862758,34.288506740713935,1.0548178848899694,1.107219899623464]",0
2.0,19.989999771118164,4.599999904632568,290.0,5.150000095367432,"[5.150000095367432,4.599999904632568,290.0,19.989999771118164]","[1.8771799728660674,32.85981697286762,2.0530012524704104,1.2654846100455666]",0
1.0,30.190000534057617,4.300000190734863,43.0,6.860000133514404,"[6.860000133514404,4.300000190734863,43.0,30.190000534057617]","[2.500476626413156,30.716787430483606,0.30441053053871603,1.9112046768663025]",0
2.0,18.989999771118164,4.599999904632568,237.0,4.429999828338623,"[4.429999828338623,4.599999904632568,237.0,18.989999771118164]","[1.6147391851580293,32.85981697286762,1.6777975752947838,1.2021787258767256]",0
1.0,30.190000534057617,4.800000190734863,45.0,5.550000190734863,"[5.550000190734863,4.800000190734863,45.0,30.190000534057617]","[2.022980391169688,34.288506740713935,0.3185691598660982,1.9112046768663025]",0
0.0,41.9900016784668,4.699999809265137,195.0,9.020000457763672,"[9.020000457763672,4.699999809265137,195.0,41.9900016784668]","[3.287798815729669,33.57416015366229,1.3804663594197588,2.6582141825064625]",1
1.0,30.190000534057617,4.699999809265137,28.0,6.369999885559082,"[6.369999885559082,4.699999809265137,28.0,30.190000534057617]","[2.32187106619413,33.57416015366229,0.19822081058334998,1.9112046768663025]",0
2.0,2.990000009536743,4.599999904632568,76.0,4.980000019073486,"[4.980000019073486,4.599999904632568,76.0,2.990000009536743]","[1.8152147820514584,32.85981697286762,0.5380279144405213,0.18928459426856684]",0
5.0,68.98999786376953,5.0,1.0,4.929999828338623,"[4.929999828338623,5.0,1.0,68.98999786376953]","[1.7969896645856551,35.71719310230328,0.007079314663691071,4.367472813572389]",1
0.0,55.689998626708984,4.800000190734863,370.0,7.510000228881836,"[7.510000228881836,4.800000190734863,370.0,55.689998626708984]","[2.73740228443059,34.288506740713935,2.619346425565696,3.525504602425359]",1
1.0,27.59000015258789,4.599999904632568,8.0,6.289999961853027,"[6.289999961853027,4.599999904632568,8.0,27.59000015258789]","[2.292711017294926,32.85981697286762,0.056634517309528565,1.7466093538780374]",0
2.0,2.990000009536743,4.699999809265137,81.0,4.980000019073486,"[4.980000019073486,4.699999809265137,81.0,2.990000009536743]","[1.8152147820514584,33.57416015366229,0.5734244877589767,0.18928459426856684]",0
1.0,25.690000534057617,4.900000095367432,16.0,5.679999828338623,"[5.679999828338623,4.900000095367432,16.0,25.690000534057617]","[2.070365383727094,35.002849921508606,0.11326903461905713,1.6263281981065176]",0
2.0,3.990000009536743,4.599999904632568,52.0,6.650000095367432,"[6.650000095367432,4.599999904632568,52.0,3.990000009536743]","[2.423931411148945,32.85981697286762,0.3681243625119357,0.25259047843740795]",0
1.0,28.09000015258789,4.800000190734863,38.0,5.71999979019165,"[5.71999979019165,4.800000190734863,38.0,28.09000015258789]","[2.084945408176696,34.288506740713935,0.26901395722026067,1.7782622959624579]",0
0.0,19.989999771118164,4.699999809265137,56.0,7.800000190734863,"[7.800000190734863,4.699999809265137,56.0,19.989999771118164]","[2.843107548594005,33.57416015366229,0.39644162116669995,1.2654846100455666]",0
1.0,29.190000534057617,4.699999809265137,27.0,6.210000038146973,"[6.210000038146973,4.699999809265137,27.0,29.190000534057617]","[2.2635509683957222,33.57416015366229,0.1911414959196589,1.8478987926974615]",0
0.0,73.48999786376953,4.900000095367432,50.0,6.0,"[6.0,4.900000095367432,50.0,73.48999786376953]","[2.187005753131511,35.002849921508606,0.35396573318455354,4.652349292332174]",1
2.0,2.990000009536743,4.300000190734863,33.0,4.980000019073486,"[4.980000019073486,4.300000190734863,33.0,2.990000009536743]","[1.8152147820514584,30.716787430483606,0.23361738390180534,0.18928459426856684]",0
2.0,18.989999771118164,4.699999809265137,106.0,4.429999828338623,"[4.429999828338623,4.699999809265137,106.0,18.989999771118164]","[1.6147391851580293,33.57416015366229,0.7504073543512535,1.2021787258767256]",0
0.0,19.290000915527344,4.800000190734863,171.0,7.639999866485596,"[7.639999866485596,4.800000190734863,171.0,19.290000915527344]","[2.7847872769879958,34.288506740713935,1.2105628074911732,1.2211705635752128]",1
0.0,2.5899999141693115,4.800000190734863,130.0,12.569999694824219,"[12.569999694824219,4.800000190734863,130.0,2.5899999141693115]","[4.581776941573651,34.288506740713935,0.9203109062798391,0.16396223456371084]",2
1.0,28.59000015258789,4.699999809265137,46.0,5.349999904632568,"[5.349999904632568,4.699999809265137,46.0,28.59000015258789]","[1.950080095114077,33.57416015366229,0.32564847452978923,1.8099152380468784]",0
2.0,2.990000009536743,4.699999809265137,17.0,4.980000019073486,"[4.980000019073486,4.699999809265137,17.0,2.990000009536743]","[1.8152147820514584,33.57416015366229,0.12034834928274821,0.18928459426856684]",0
2.0,18.989999771118164,4.699999809265137,109.0,4.429999828338623,"[4.429999828338623,4.699999809265137,109.0,18.989999771118164]","[1.6147391851580293,33.57416015366229,0.7716452983423266,1.2021787258767256]",0
2.0,2.990000009536743,4.400000095367432,22.0,4.980000019073486,"[4.980000019073486,4.400000095367432,22.0,2.990000009536743]","[1.8152147820514584,31.431130611278277,0.15574492260120354,0.18928459426856684]",0
0.0,24.290000915527344,4.800000190734863,232.0,6.860000133514404,"[6.860000133514404,4.800000190734863,232.0,24.290000915527344]","[2.500476626413156,34.288506740713935,1.6424010019763284,1.5376999844194184]",1
2.0,18.989999771118164,4.699999809265137,71.0,4.429999828338623,"[4.429999828338623,4.699999809265137,71.0,18.989999771118164]","[1.6147391851580293,33.57416015366229,0.502631341122066,1.2021787258767256]",0
2.0,2.990000009536743,4.300000190734863,7.0,4.980000019073486,"[4.980000019073486,4.300000190734863,7.0,2.990000009536743]","[1.8152147820514584,30.716787430483606,0.049555202645837494,0.18928459426856684]",0
2.0,18.989999771118164,4.599999904632568,82.0,4.429999828338623,"[4.429999828338623,4.599999904632568,82.0,18.989999771118164]","[1.6147391851580293,32.85981697286762,0.5805038024226677,1.2021787258767256]",0
1.0,2.5899999141693115,4.599999904632568,27.0,14.680000305175781,"[14.680000305175781,4.599999904632568,27.0,2.5899999141693115]","[5.3508741872319625,32.85981697286762,0.1911414959196589,0.16396223456371084]",2
4.0,28.09000015258789,4.599999904632568,118.0,7.0,"[7.0,4.599999904632568,118.0,28.09000015258789]","[2.551506711986763,32.85981697286762,0.8353591303155463,1.7782622959624579]",0
0.0,17.489999771118164,4.800000190734863,149.0,6.900000095367432,"[6.900000095367432,4.800000190734863,149.0,17.489999771118164]","[2.515056650862758,34.288506740713935,1.0548178848899694,1.107219899623464]",0
2.0,19.989999771118164,4.599999904632568,290.0,5.150000095367432,"[5.150000095367432,4.599999904632568,290.0,19.989999771118164]","[1.8771799728660674,32.85981697286762,2.0530012524704104,1.2654846100455666]",0
1.0,30.190000534057617,4.300000190734863,43.0,6.860000133514404,"[6.860000133514404,4.300000190734863,43.0,30.190000534057617]","[2.500476626413156,30.716787430483606,0.30441053053871603,1.9112046768663025]",0
2.0,18.989999771118164,4.599999904632568,237.0,4.429999828338623,"[4.429999828338623,4.599999904632568,237.0,18.989999771118164]","[1.6147391851580293,32.85981697286762,1.6777975752947838,1.2021787258767256]",0
1.0,30.190000534057617,4.800000190734863,45.0,5.550000190734863,"[5.550000190734863,4.800000190734863,45.0,30.190000534057617]","[2.022980391169688,34.288506740713935,0.3185691598660982,1.9112046768663025]",0
0.0,41.9900016784668,4.699999809265137,195.0,9.020000457763672,"[9.020000457763672,4.699999809265137,195.0,41.9900016784668]","[3.287798815729669,33.57416015366229,1.3804663594197588,2.6582141825064625]",1
1.0,30.190000534057617,4.699999809265137,28.0,6.369999885559082,"[6.369999885559082,4.699999809265137,28.0,30.190000534057617]","[2.32187106619413,33.57416015366229,0.19822081058334998,1.9112046768663025]",0
2.0,2.990000009536743,4.599999904632568,76.0,4.980000019073486,"[4.980000019073486,4.599999904632568,76.0,2.990000009536743]","[1.8152147820514584,32.85981697286762,0.5380279144405213,0.18928459426856684]",0
5.0,68.98999786376953,5.0,1.0,4.929999828338623,"[4.929999828338623,5.0,1.0,68.98999786376953]","[1.7969896645856551,35.71719310230328,0.007079314663691071,4.367472813572389]",1
0.0,55.689998626708984,4.800000190734863,370.0,7.510000228881836,"[7.510000228881836,4.800000190734863,370.0,55.689998626708984]","[2.73740228443059,34.288506740713935,2.619346425565696,3.525504602425359]",1
1.0,27.59000015258789,4.599999904632568,8.0,6.289999961853027,"[6.289999961853027,4.599999904632568,8.0,27.59000015258789]","[2.292711017294926,32.85981697286762,0.056634517309528565,1.7466093538780374]",0
2.0,2.990000009536743,4.699999809265137,81.0,4.980000019073486,"[4.980000019073486,4.699999809265137,81.0,2.990000009536743]","[1.8152147820514584,33.57416015366229,0.5734244877589767,0.18928459426856684]",0
1.0,25.690000534057617,4.900000095367432,16.0,5.679999828338623,"[5.679999828338623,4.900000095367432,16.0,25.690000534057617]","[2.070365383727094,35.002849921508606,0.11326903461905713,1.6263281981065176]",0
2.0,3.990000009536743,4.599999904632568,52.0,6.650000095367432,"[6.650000095367432,4.599999904632568,52.0,3.990000009536743]","[2.423931411148945,32.85981697286762,0.3681243625119357,0.25259047843740795]",0
1.0,28.09000015258789,4.800000190734863,38.0,5.71999979019165,"[5.71999979019165,4.800000190734863,38.0,28.09000015258789]","[2.084945408176696,34.288506740713935,0.26901395722026067,1.7782622959624579]",0
0.0,19.989999771118164,4.699999809265137,56.0,7.800000190734863,"[7.800000190734863,4.699999809265137,56.0,19.989999771118164]","[2.843107548594005,33.57416015366229,0.39644162116669995,1.2654846100455666]",0
1.0,29.190000534057617,4.699999809265137,27.0,6.210000038146973,"[6.210000038146973,4.699999809265137,27.0,29.190000534057617]","[2.2635509683957222,33.57416015366229,0.1911414959196589,1.8478987926974615]",0
0.0,73.48999786376953,4.900000095367432,50.0,6.0,"[6.0,4.900000095367432,50.0,73.48999786376953]","[2.187005753131511,35.002849921508606,0.35396573318455354,4.652349292332174]",1
2.0,2.990000009536743,4.300000190734863,33.0,4.980000019073486,"[4.980000019073486,4.300000190734863,33.0,2.990000009536743]","[1.8152147820514584,30.716787430483606,0.23361738390180534,0.18928459426856684]",0
2.0,18.989999771118164,4.699999809265137,106.0,4.429999828338623,"[4.429999828338623,4.699999809265137,106.0,18.989999771118164]","[1.6147391851580293,33.57416015366229,0.7504073543512535,1.2021787258767256]",0
0.0,19.290000915527344,4.800000190734863,171.0,7.639999866485596,"[7.639999866485596,4.800000190734863,171.0,19.290000915527344]","[2.7847872769879958,34.288506740713935,1.2105628074911732,1.2211705635752128]",1
0.0,2.5899999141693115,4.800000190734863,130.0,12.569999694824219,"[12.569999694824219,4.800000190734863,130.0,2.5899999141693115]","[4.581776941573651,34.288506740713935,0.9203109062798391,0.16396223456371084]",2
1.0,28.59000015258789,4.699999809265137,46.0,5.349999904632568,"[5.349999904632568,4.699999809265137,46.0,28.59000015258789]","[1.950080095114077,33.57416015366229,0.32564847452978923,1.8099152380468784]",0
2.0,2.990000009536743,4.699999809265137,17.0,4.980000019073486,"[4.980000019073486,4.699999809265137,17.0,2.990000009536743]","[1.8152147820514584,33.57416015366229,0.12034834928274821,0.18928459426856684]",0
2.0,18.989999771118164,4.699999809265137,109.0,4.429999828338623,"[4.429999828338623,4.699999809265137,109.0,18.989999771118164]","[1.6147391851580293,33.57416015366229,0.7716452983423266,1.2021787258767256]",0
2.0,2.990000009536743,4.400000095367432,22.0,4.980000019073486,"[4.980000019073486,4.400000095367432,22.0,2.990000009536743]","[1.8152147820514584,31.431130611278277,0.15574492260120354,0.18928459426856684]",0
0.0,24.290000915527344,4.800000190734863,232.0,6.860000133514404,"[6.860000133514404,4.800000190734863,232.0,24.290000915527344]","[2.500476626413156,34.288506740713935,1.6424010019763284,1.5376999844194184]",1
2.0,18.989999771118164,4.699999809265137,71.0,4.429999828338623,"[4.429999828338623,4.699999809265137,71.0,18.989999771118164]","[1.6147391851580293,33.57416015366229,0.502631341122066,1.2021787258767256]",0
2.0,2.990000009536743,4.300000190734863,7.0,4.980000019073486,"[4.980000019073486,4.300000190734863,7.0,2.990000009536743]","[1.8152147820514584,30.716787430483606,0.049555202645837494,0.18928459426856684]",0
2.0,18.989999771118164,4.599999904632568,82.0,4.429999828338623,"[4.429999828338623,4.599999904632568,82.0,18.989999771118164]","[1.6147391851580293,32.85981697286762,0.5805038024226677,1.2021787258767256]",0
1.0,2.5899999141693115,4.599999904632568,27.0,14.680000305175781,"[14.680000305175781,4.599999904632568,27.0,2.5899999141693115]","[5.3508741872319625,32.85981697286762,0.1911414959196589,0.16396223456371084]",2
4.0,28.09000015258789,4.599999904632568,118.0,7.0,"[7.0,4.599999904632568,118.0,28.09000015258789]","[2.551506711986763,32.85981697286762,0.8353591303155463,1.7782622959624579]",0
0.0,17.489999771118164,4.800000190734863,149.0,6.900000095367432,"[6.900000095367432,4.800000190734863,149.0,17.489999771118164]","[2.515056650862758,34.288506740713935,1.0548178848899694,1.107219899623464]",0
2.0,19.989999771118164,4.599999904632568,290.0,5.150000095367432,"[5.150000095367432,4.599999904632568,290.0,19.989999771118164]","[1.8771799728660674,32.85981697286762,2.0530012524704104,1.2654846100455666]",0
1.0,30.190000534057617,4.300000190734863,43.0,6.860000133514404,"[6.860000133514404,4.300000190734863,43.0,30.190000534057617]","[2.500476626413156,30.716787430483606,0.30441053053871603,1.9112046768663025]",0
2.0,18.989999771118164,4.599999904632568,237.0,4.429999828338623,"[4.429999828338623,4.599999904632568,237.0,18.989999771118164]","[1.6147391851580293,32.85981697286762,1.6777975752947838,1.2021787258767256]",0
1.0,30.190000534057617,4.800000190734863,45.0,5.550000190734863,"[5.550000190734863,4.800000190734863,45.0,30.190000534057617]","[2.022980391169688,34.288506740713935,0.3185691598660982,1.9112046768663025]",0
0.0,41.9900016784668,4.699999809265137,195.0,9.020000457763672,"[9.020000457763672,4.699999809265137,195.0,41.9900016784668]","[3.287798815729669,33.57416015366229,1.3804663594197588,2.6582141825064625]",1
1.0,30.190000534057617,4.699999809265137,28.0,6.369999885559082,"[6.369999885559082,4.699999809265137,28.0,30.190000534057617]","[2.32187106619413,33.57416015366229,0.19822081058334998,1.9112046768663025]",0
2.0,2.990000009536743,4.599999904632568,76.0,4.980000019073486,"[4.980000019073486,4.599999904632568,76.0,2.990000009536743]","[1.8152147820514584,32.85981697286762,0.5380279144405213,0.18928459426856684]",0
5.0,68.98999786376953,5.0,1.0,4.929999828338623,"[4.929999828338623,5.0,1.0,68.98999786376953]","[1.7969896645856551,35.71719310230328,0.007079314663691071,4.367472813572389]",1
0.0,55.689998626708984,4.800000190734863,370.0,7.510000228881836,"[7.510000228881836,4.800000190734863,370.0,55.689998626708984]","[2.73740228443059,34.288506740713935,2.619346425565696,3.525504602425359]",1
1.0,27.59000015258789,4.599999904632568,8.0,6.289999961853027,"[6.289999961853027,4.599999904632568,8.0,27.59000015258789]","[2.292711017294926,32.85981697286762,0.056634517309528565,1.7466093538780374]",0
2.0,2.990000009536743,4.699999809265137,81.0,4.980000019073486,"[4.980000019073486,4.699999809265137,81.0,2.990000009536743]","[1.8152147820514584,33.57416015366229,0.5734244877589767,0.18928459426856684]",0
1.0,25.690000534057617,4.900000095367432,16.0,5.679999828338623,"[5.679999828338623,4.900000095367432,16.0,25.690000534057617]","[2.070365383727094,35.002849921508606,0.11326903461905713,1.6263281981065176]",0
2.0,3.990000009536743,4.599999904632568,52.0,6.650000095367432,"[6.650000095367432,4.599999904632568,52.0,3.990000009536743]","[2.423931411148945,32.85981697286762,0.3681243625119357,0.25259047843740795]",0
1.0,28.09000015258789,4.800000190734863,38.0,5.71999979019165,"[5.71999979019165,4.800000190734863,38.0,28.09000015258789]","[2.084945408176696,34.288506740713935,0.26901395722026067,1.7782622959624579]",0
0.0,19.989999771118164,4.699999809265137,56.0,7.800000190734863,"[7.800000190734863,4.699999809265137,56.0,19.989999771118164]","[2.843107548594005,33.57416015366229,0.39644162116669995,1.2654846100455666]",0
1.0,29.190000534057617,4.699999809265137,27.0,6.210000038146973,"[6.210000038146973,4.699999809265137,27.0,29.190000534057617]","[2.2635509683957222,33.57416015366229,0.1911414959196589,1.8478987926974615]",0
0.0,73.48999786376953,4.900000095367432,50.0,6.0,"[6.0,4.900000095367432,50.0,73.48999786376953]","[2.187005753131511,35.002849921508606,0.35396573318455354,4.652349292332174]",1
2.0,2.990000009536743,4.300000190734863,33.0,4.980000019073486,"[4.980000019073486,4.300000190734863,33.0,2.990000009536743]","[1.8152147820514584,30.716787430483606,0.23361738390180534,0.18928459426856684]",0
2.0,18.989999771118164,4.699999809265137,106.0,4.429999828338623,"[4.429999828338623,4.699999809265137,106.0,18.989999771118164]","[1.6147391851580293,33.57416015366229,0.7504073543512535,1.2021787258767256]",0
0.0,19.290000915527344,4.800000190734863,171.0,7.639999866485596,"[7.639999866485596,4.800000190734863,171.0,19.290000915527344]","[2.7847872769879958,34.288506740713935,1.2105628074911732,1.2211705635752128]",1
0.0,2.5899999141693115,4.800000190734863,130.0,12.569999694824219,"[12.569999694824219,4.800000190734863,130.0,2.5899999141693115]","[4.581776941573651,34.288506740713935,0.9203109062798391,0.16396223456371084]",2
1.0,28.59000015258789,4.699999809265137,46.0,5.349999904632568,"[5.349999904632568,4.699999809265137,46.0,28.59000015258789]","[1.950080095114077,33.57416015366229,0.32564847452978923,1.8099152380468784]",0
2.0,2.990000009536743,4.699999809265137,17.0,4.980000019073486,"[4.980000019073486,4.699999809265137,17.0,2.990000009536743]","[1.8152147820514584,33.57416015366229,0.12034834928274821,0.18928459426856684]",0
2.0,18.989999771118164,4.699999809265137,109.0,4.429999828338623,"[4.429999828338623,4.699999809265137,109.0,18.989999771118164]","[1.6147391851580293,33.57416015366229,0.7716452983423266,1.2021787258767256]",0
2.0,2.990000009536743,4.400000095367432,22.0,4.980000019073486,"[4.980000019073486,4.400000095367432,22.0,2.990000009536743]","[1.8152147820514584,31.431130611278277,0.15574492260120354,0.18928459426856684]",0
0.0,24.290000915527344,4.800000190734863,232.0,6.860000133514404,"[6.860000133514404,4.800000190734863,232.0,24.290000915527344]","[2.500476626413156,34.288506740713935,1.6424010019763284,1.5376999844194184]",1
2.0,18.989999771118164,4.699999809265137,71.0,4.429999828338623,"[4.429999828338623,4.699999809265137,71.0,18.989999771118164]","[1.6147391851580293,33.57416015366229,0.502631341122066,1.2021787258767256]",0
2.0,2.990000009536743,4.300000190734863,7.0,4.980000019073486,"[4.980000019073486,4.300000190734863,7.0,2.990000009536743]","[1.8152147820514584,30.716787430483606,0.049555202645837494,0.18928459426856684]",0
2.0,18.989999771118164,4.599999904632568,82.0,4.429999828338623,"[4.429999828338623,4.599999904632568,82.0,18.989999771118164]","[1.6147391851580293,32.85981697286762,0.5805038024226677,1.2021787258767256]",0
1.0,2.5899999141693115,4.599999904632568,27.0,14.680000305175781,"[14.680000305175781,4.599999904632568,27.0,2.5899999141693115]","[5.3508741872319625,32.85981697286762,0.1911414959196589,0.16396223456371084]",2
4.0,28.09000015258789,4.599999904632568,118.0,7.0,"[7.0,4.599999904632568,118.0,28.09000015258789]","[2.551506711986763,32.85981697286762,0.8353591303155463,1.7782622959624579]",0
0.0,17.489999771118164,4.800000190734863,149.0,6.900000095367432,"[6.900000095367432,4.800000190734863,149.0,17.489999771118164]","[2.515056650862758,34.288506740713935,1.0548178848899694,1.107219899623464]",0
2.0,19.989999771118164,4.599999904632568,290.0,5.150000095367432,"[5.150000095367432,4.599999904632568,290.0,19.989999771118164]","[1.8771799728660674,32.85981697286762,2.0530012524704104,1.2654846100455666]",0
1.0,30.190000534057617,4.300000190734863,43.0,6.860000133514404,"[6.860000133514404,4.300000190734863,43.0,30.190000534057617]","[2.500476626413156,30.716787430483606,0.30441053053871603,1.9112046768663025]",0
2.0,18.989999771118164,4.599999904632568,237.0,4.429999828338623,"[4.429999828338623,4.599999904632568,237.0,18.989999771118164]","[1.6147391851580293,32.85981697286762,1.6777975752947838,1.2021787258767256]",0
1.0,30.190000534057617,4.800000190734863,45.0,5.550000190734863,"[5.550000190734863,4.800000190734863,45.0,30.190000534057617]","[2.022980391169688,34.288506740713935,0.3185691598660982,1.9112046768663025]",0
0.0,41.9900016784668,4.699999809265137,195.0,9.020000457763672,"[9.020000457763672,4.699999809265137,195.0,41.9900016784668]","[3.287798815729669,33.57416015366229,1.3804663594197588,2.6582141825064625]",1
1.0,30.190000534057617,4.699999809265137,28.0,6.369999885559082,"[6.369999885559082,4.699999809265137,28.0,30.190000534057617]","[2.32187106619413,33.57416015366229,0.19822081058334998,1.9112046768663025]",0
2.0,2.990000009536743,4.599999904632568,76.0,4.980000019073486,"[4.980000019073486,4.599999904632568,76.0,2.990000009536743]","[1.8152147820514584,32.85981697286762,0.5380279144405213,0.18928459426856684]",0
5.0,68.98999786376953,5.0,1.0,4.929999828338623,"[4.929999828338623,5.0,1.0,68.98999786376953]","[1.7969896645856551,35.71719310230328,0.007079314663691071,4.367472813572389]",1
0.0,55.689998626708984,4.800000190734863,370.0,7.510000228881836,"[7.510000228881836,4.800000190734863,370.0,55.689998626708984]","[2.73740228443059,34.288506740713935,2.619346425565696,3.525504602425359]",1
1.0,27.59000015258789,4.599999904632568,8.0,6.289999961853027,"[6.289999961853027,4.599999904632568,8.0,27.59000015258789]","[2.292711017294926,32.85981697286762,0.056634517309528565,1.7466093538780374]",0
2.0,2.990000009536743,4.699999809265137,81.0,4.980000019073486,"[4.980000019073486,4.699999809265137,81.0,2.990000009536743]","[1.8152147820514584,33.57416015366229,0.5734244877589767,0.18928459426856684]",0
1.0,25.690000534057617,4.900000095367432,16.0,5.679999828338623,"[5.679999828338623,4.900000095367432,16.0,25.690000534057617]","[2.070365383727094,35.002849921508606,0.11326903461905713,1.6263281981065176]",0
2.0,3.990000009536743,4.599999904632568,52.0,6.650000095367432,"[6.650000095367432,4.599999904632568,52.0,3.990000009536743]","[2.423931411148945,32.85981697286762,0.3681243625119357,0.25259047843740795]",0
1.0,28.09000015258789,4.800000190734863,38.0,5.71999979019165,"[5.71999979019165,4.800000190734863,38.0,28.09000015258789]","[2.084945408176696,34.288506740713935,0.26901395722026067,1.7782622959624579]",0
0.0,19.989999771118164,4.699999809265137,56.0,7.800000190734863,"[7.800000190734863,4.699999809265137,56.0,19.989999771118164]","[2.843107548594005,33.57416015366229,0.39644162116669995,1.2654846100455666]",0
1.0,29.190000534057617,4.699999809265137,27.0,6.210000038146973,"[6.210000038146973,4.699999809265137,27.0,29.190000534057617]","[2.2635509683957222,33.57416015366229,0.1911414959196589,1.8478987926974615]",0
0.0,73.48999786376953,4.900000095367432,50.0,6.0,"[6.0,4.900000095367432,50.0,73.48999786376953]","[2.187005753131511,35.002849921508606,0.35396573318455354,4.652349292332174]",1
2.0,2.990000009536743,4.300000190734863,33.0,4.980000019073486,"[4.980000019073486,4.300000190734863,33.0,2.990000009536743]","[1.8152147820514584,30.716787430483606,0.23361738390180534,0.18928459426856684]",0
2.0,18.989999771118164,4.699999809265137,106.0,4.429999828338623,"[4.429999828338623,4.699999809265137,106.0,18.989999771118164]","[1.6147391851580293,33.57416015366229,0.7504073543512535,1.2021787258767256]",0
0.0,19.290000915527344,4.800000190734863,171.0,7.639999866485596,"[7.639999866485596,4.800000190734863,171.0,19.290000915527344]","[2.7847872769879958,34.288506740713935,1.2105628074911732,1.2211705635752128]",1
0.0,2.5899999141693115,4.800000190734863,130.0,12.569999694824219,"[12.569999694824219,4.800000190734863,130.0,2.5899999141693115]","[4.581776941573651,34.288506740713935,0.9203109062798391,0.16396223456371084]",2
1.0,28.59000015258789,4.699999809265137,46.0,5.349999904632568,"[5.349999904632568,4.699999809265137,46.0,28.59000015258789]","[1.950080095114077,33.57416015366229,0.32564847452978923,1.8099152380468784]",0
2.0,2.990000009536743,4.699999809265137,17.0,4.980000019073486,"[4.980000019073486,4.699999809265137,17.0,2.990000009536743]","[1.8152147820514584,33.57416015366229,0.12034834928274821,0.18928459426856684]",0
2.0,18.989999771118164,4.699999809265137,109.0,4.429999828338623,"[4.429999828338623,4.699999809265137,109.0,18.989999771118164]","[1.6147391851580293,33.57416015366229,0.7716452983423266,1.2021787258767256]",0
2.0,2.990000009536743,4.400000095367432,22.0,4.980000019073486,"[4.980000019073486,4.400000095367432,22.0,2.990000009536743]","[1.8152147820514584,31.431130611278277,0.15574492260120354,0.18928459426856684]",0
0.0,24.290000915527344,4.800000190734863,232.0,6.860000133514404,"[6.860000133514404,4.800000190734863,232.0,24.290000915527344]","[2.500476626413156,34.288506740713935,1.6424010019763284,1.5376999844194184]",1
2.0,18.989999771118164,4.699999809265137,71.0,4.429999828338623,"[4.429999828338623,4.699999809265137,71.0,18.989999771118164]","[1.6147391851580293,33.57416015366229,0.502631341122066,1.2021787258767256]",0
2.0,2.990000009536743,4.300000190734863,7.0,4.980000019073486,"[4.980000019073486,4.300000190734863,7.0,2.990000009536743]","[1.8152147820514584,30.716787430483606,0.049555202645837494,0.18928459426856684]",0
2.0,18.989999771118164,4.599999904632568,82.0,4.429999828338623,"[4.429999828338623,4.599999904632568,82.0,18.989999771118164]","[1.6147391851580293,32.85981697286762,0.5805038024226677,1.2021787258767256]",0
1.0,2.5899999141693115,4.599999904632568,27.0,14.680000305175781,"[14.680000305175781,4.599999904632568,27.0,2.5899999141693115]","[5.3508741872319625,32.85981697286762,0.1911414959196589,0.16396223456371084]",2
4.0,28.09000015258789,4.599999904632568,118.0,7.0,"[7.0,4.599999904632568,118.0,28.09000015258789]","[2.551506711986763,32.85981697286762,0.8353591303155463,1.7782622959624579]",0
0.0,17.489999771118164,4.800000190734863,149.0,6.900000095367432,"[6.900000095367432,4.800000190734863,149.0,17.489999771118164]","[2.515056650862758,34.288506740713935,1.0548178848899694,1.107219899623464]",0
2.0,19.989999771118164,4.599999904632568,290.0,5.150000095367432,"[5.150000095367432,4.599999904632568,290.0,19.989999771118164]","[1.8771799728660674,32.85981697286762,2.0530012524704104,1.2654846100455666]",0
1.0,30.190000534057617,4.300000190734863,43.0,6.860000133514404,"[6.860000133514404,4.300000190734863,43.0,30.190000534057617]","[2.500476626413156,30.716787430483606,0.30441053053871603,1.9112046768663025]",0
2.0,18.989999771118164,4.599999904632568,237.0,4.429999828338623,"[4.429999828338623,4.599999904632568,237.0,18.989999771118164]","[1.6147391851580293,32.85981697286762,1.6777975752947838,1.2021787258767256]",0
1.0,30.190000534057617,4.800000190734863,45.0,5.550000190734863,"[5.550000190734863,4.800000190734863,45.0,30.190000534057617]","[2.022980391169688,34.288506740713935,0.3185691598660982,1.9112046768663025]",0
0.0,41.9900016784668,4.699999809265137,195.0,9.020000457763672,"[9.020000457763672,4.699999809265137,195.0,41.9900016784668]","[3.287798815729669,33.57416015366229,1.3804663594197588,2.6582141825064625]",1
1.0,30.190000534057617,4.699999809265137,28.0,6.369999885559082,"[6.369999885559082,4.699999809265137,28.0,30.190000534057617]","[2.32187106619413,33.57416015366229,0.19822081058334998,1.9112046768663025]",0
2.0,2.990000009536743,4.599999904632568,76.0,4.980000019073486,"[4.980000019073486,4.599999904632568,76.0,2.990000009536743]","[1.8152147820514584,32.85981697286762,0.5380279144405213,0.18928459426856684]",0
5.0,68.98999786376953,5.0,1.0,4.929999828338623,"[4.929999828338623,5.0,1.0,68.98999786376953]","[1.7969896645856551,35.71719310230328,0.007079314663691071,4.367472813572389]",1
0.0,55.689998626708984,4.800000190734863,370.0,7.510000228881836,"[7.510000228881836,4.800000190734863,370.0,55.689998626708984]","[2.73740228443059,34.288506740713935,2.619346425565696,3.525504602425359]",1
1.0,27.59000015258789,4.599999904632568,8.0,6.289999961853027,"[6.289999961853027,4.599999904632568,8.0,27.59000015258789]","[2.292711017294926,32.85981697286762,0.056634517309528565,1.7466093538780374]",0
2.0,2.990000009536743,4.699999809265137,81.0,4.980000019073486,"[4.980000019073486,4.699999809265137,81.0,2.990000009536743]","[1.8152147820514584,33.57416015366229,0.5734244877589767,0.18928459426856684]",0
1.0,25.690000534057617,4.900000095367432,16.0,5.679999828338623,"[5.679999828338623,4.900000095367432,16.0,25.690000534057617]","[2.070365383727094,35.002849921508606,0.11326903461905713,1.6263281981065176]",0
2.0,3.990000009536743,4.599999904632568,52.0,6.650000095367432,"[6.650000095367432,4.599999904632568,52.0,3.990000009536743]","[2.423931411148945,32.85981697286762,0.3681243625119357,0.25259047843740795]",0
1.0,28.09000015258789,4.800000190734863,38.0,5.71999979019165,"[5.71999979019165,4.800000190734863,38.0,28.09000015258789]","[2.084945408176696,34.288506740713935,0.26901395722026067,1.7782622959624579]",0
0.0,19.989999771118164,4.699999809265137,56.0,7.800000190734863,"[7.800000190734863,4.699999809265137,56.0,19.989999771118164]","[2.843107548594005,33.57416015366229,0.39644162116669995,1.2654846100455666]",0
1.0,29.190000534057617,4.699999809265137,27.0,6.210000038146973,"[6.210000038146973,4.699999809265137,27.0,29.190000534057617]","[2.2635509683957222,33.57416015366229,0.1911414959196589,1.8478987926974615]",0
0.0,73.48999786376953,4.900000095367432,50.0,6.0,"[6.0,4.900000095367432,50.0,73.48999786376953]","[2.187005753131511,35.002849921508606,0.35396573318455354,4.652349292332174]",1
2.0,2.990000009536743,4.300000190734863,33.0,4.980000019073486,"[4.980000019073486,4.300000190734863,33.0,2.990000009536743]","[1.8152147820514584,30.716787430483606,0.23361738390180534,0.18928459426856684]",0
2.0,18.989999771118164,4.699999809265137,106.0,4.429999828338623,"[4.429999828338623,4.699999809265137,106.0,18.989999771118164]","[1.6147391851580293,33.57416015366229,0.7504073543512535,1.2021787258767256]",0
0.0,19.290000915527344,4.800000190734863,171.0,7.639999866485596,"[7.639999866485596,4.800000190734863,171.0,19.290000915527344]","[2.7847872769879958,34.288506740713935,1.2105628074911732,1.2211705635752128]",1
0.0,2.5899999141693115,4.800000190734863,130.0,12.569999694824219,"[12.569999694824219,4.800000190734863,130.0,2.5899999141693115]","[4.581776941573651,34.288506740713935,0.9203109062798391,0.16396223456371084]",2
1.0,28.59000015258789,4.699999809265137,46.0,5.349999904632568,"[5.349999904632568,4.699999809265137,46.0,28.59000015258789]","[1.950080095114077,33.57416015366229,0.32564847452978923,1.8099152380468784]",0
2.0,2.990000009536743,4.699999809265137,17.0,4.980000019073486,"[4.980000019073486,4.699999809265137,17.0,2.990000009536743]","[1.8152147820514584,33.57416015366229,0.12034834928274821,0.18928459426856684]",0
2.0,18.989999771118164,4.699999809265137,109.0,4.429999828338623,"[4.429999828338623,4.699999809265137,109.0,18.989999771118164]","[1.6147391851580293,33.57416015366229,0.7716452983423266,1.2021787258767256]",0
2.0,2.990000009536743,4.400000095367432,22.0,4.980000019073486,"[4.980000019073486,4.400000095367432,22.0,2.990000009536743]","[1.8152147820514584,31.431130611278277,0.15574492260120354,0.18928459426856684]",0
0.0,24.290000915527344,4.800000190734863,232.0,6.860000133514404,"[6.860000133514404,4.800000190734863,232.0,24.290000915527344]","[2.500476626413156,34.288506740713935,1.6424010019763284,1.5376999844194184]",1
2.0,18.989999771118164,4.699999809265137,71.0,4.429999828338623,"[4.429999828338623,4.699999809265137,71.0,18.989999771118164]","[1.6147391851580293,33.57416015366229,0.502631341122066,1.2021787258767256]",0
2.0,2.990000009536743,4.300000190734863,7.0,4.980000019073486,"[4.980000019073486,4.300000190734863,7.0,2.990000009536743]","[1.8152147820514584,30.716787430483606,0.049555202645837494,0.18928459426856684]",0
2.0,18.989999771118164,4.599999904632568,82.0,4.429999828338623,"[4.429999828338623,4.599999904632568,82.0,18.989999771118164]","[1.6147391851580293,32.85981697286762,0.5805038024226677,1.2021787258767256]",0
1.0,2.5899999141693115,4.599999904632568,27.0,14.680000305175781,"[14.680000305175781,4.599999904632568,27.0,2.5899999141693115]","[5.3508741872319625,32.85981697286762,0.1911414959196589,0.16396223456371084]",2
4.0,28.09000015258789,4.599999904632568,118.0,7.0,"[7.0,4.599999904632568,118.0,28.09000015258789]","[2.551506711986763,32.85981697286762,0.8353591303155463,1.7782622959624579]",0
0.0,17.489999771118164,4.800000190734863,149.0,6.900000095367432,"[6.900000095367432,4.800000190734863,149.0,17.489999771118164]","[2.515056650862758,34.288506740713935,1.0548178848899694,1.107219899623464]",0
2.0,19.989999771118164,4.599999904632568,290.0,5.150000095367432,"[5.150000095367432,4.599999904632568,290.0,19.989999771118164]","[1.8771799728660674,32.85981697286762,2.0530012524704104,1.2654846100455666]",0
1.0,30.190000534057617,4.300000190734863,43.0,6.860000133514404,"[6.860000133514404,4.300000190734863,43.0,30.190000534057617]","[2.500476626413156,30.716787430483606,0.30441053053871603,1.9112046768663025]",0
2.0,18.989999771118164,4.599999904632568,237.0,4.429999828338623,"[4.429999828338623,4.599999904632568,237.0,18.989999771118164]","[1.6147391851580293,32.85981697286762,1.6777975752947838,1.2021787258767256]",0
1.0,30.190000534057617,4.800000190734863,45.0,5.550000190734863,"[5.550000190734863,4.800000190734863,45.0,30.190000534057617]","[2.022980391169688,34.288506740713935,0.3185691598660982,1.9112046768663025]",0
0.0,41.9900016784668,4.699999809265137,195.0,9.020000457763672,"[9.020000457763672,4.699999809265137,195.0,41.9900016784668]","[3.287798815729669,33.57416015366229,1.3804663594197588,2.6582141825064625]",1
1.0,30.190000534057617,4.699999809265137,28.0,6.369999885559082,"[6.369999885559082,4.699999809265137,28.0,30.190000534057617]","[2.32187106619413,33.57416015366229,0.19822081058334998,1.9112046768663025]",0
2.0,2.990000009536743,4.599999904632568,76.0,4.980000019073486,"[4.980000019073486,4.599999904632568,76.0,2.990000009536743]","[1.8152147820514584,32.85981697286762,0.5380279144405213,0.18928459426856684]",0
5.0,68.98999786376953,5.0,1.0,4.929999828338623,"[4.929999828338623,5.0,1.0,68.98999786376953]","[1.7969896645856551,35.71719310230328,0.007079314663691071,4.367472813572389]",1
0.0,55.689998626708984,4.800000190734863,370.0,7.510000228881836,"[7.510000228881836,4.800000190734863,370.0,55.689998626708984]","[2.73740228443059,34.288506740713935,2.619346425565696,3.525504602425359]",1
1.0,27.59000015258789,4.599999904632568,8.0,6.289999961853027,"[6.289999961853027,4.599999904632568,8.0,27.59000015258789]","[2.292711017294926,32.85981697286762,0.056634517309528565,1.7466093538780374]",0
2.0,2.990000009536743,4.699999809265137,81.0,4.980000019073486,"[4.980000019073486,4.699999809265137,81.0,2.990000009536743]","[1.8152147820514584,33.57416015366229,0.5734244877589767,0.18928459426856684]",0
1.0,25.690000534057617,4.900000095367432,16.0,5.679999828338623,"[5.679999828338623,4.900000095367432,16.0,25.690000534057617]","[2.070365383727094,35.002849921508606,0.11326903461905713,1.6263281981065176]",0
2.0,3.990000009536743,4.599999904632568,52.0,6.650000095367432,"[6.650000095367432,4.599999904632568,52.0,3.990000009536743]","[2.423931411148945,32.85981697286762,0.3681243625119357,0.25259047843740795]",0
1.0,28.09000015258789,4.800000190734863,38.0,5.71999979019165,"[5.71999979019165,4.800000190734863,38.0,28.09000015258789]","[2.084945408176696,34.288506740713935,0.26901395722026067,1.7782622959624579]",0
0.0,19.989999771118164,4.699999809265137,56.0,7.800000190734863,"[7.800000190734863,4.699999809265137,56.0,19.989999771118164]","[2.843107548594005,33.57416015366229,0.39644162116669995,1.2654846100455666]",0
1.0,29.190000534057617,4.699999809265137,27.0,6.210000038146973,"[6.210000038146973,4.699999809265137,27.0,29.190000534057617]","[2.2635509683957222,33.57416015366229,0.1911414959196589,1.8478987926974615]",0
0.0,73.48999786376953,4.900000095367432,50.0,6.0,"[6.0,4.900000095367432,50.0,73.48999786376953]","[2.187005753131511,35.002849921508606,0.35396573318455354,4.652349292332174]",1
2.0,2.990000009536743,4.300000190734863,33.0,4.980000019073486,"[4.980000019073486,4.300000190734863,33.0,2.990000009536743]","[1.8152147820514584,30.716787430483606,0.23361738390180534,0.18928459426856684]",0
2.0,18.989999771118164,4.699999809265137,106.0,4.429999828338623,"[4.429999828338623,4.699999809265137,106.0,18.989999771118164]","[1.6147391851580293,33.57416015366229,0.7504073543512535,1.2021787258767256]",0
0.0,19.290000915527344,4.800000190734863,171.0,7.639999866485596,"[7.639999866485596,4.800000190734863,171.0,19.290000915527344]","[2.7847872769879958,34.288506740713935,1.2105628074911732,1.2211705635752128]",1
0.0,2.5899999141693115,4.800000190734863,130.0,12.569999694824219,"[12.569999694824219,4.800000190734863,130.0,2.5899999141693115]","[4.581776941573651,34.288506740713935,0.9203109062798391,0.16396223456371084]",2
1.0,28.59000015258789,4.699999809265137,46.0,5.349999904632568,"[5.349999904632568,4.699999809265137,46.0,28.59000015258789]","[1.950080095114077,33.57416015366229,0.32564847452978923,1.8099152380468784]",0
2.0,2.990000009536743,4.699999809265137,17.0,4.980000019073486,"[4.980000019073486,4.699999809265137,17.0,2.990000009536743]","[1.8152147820514584,33.57416015366229,0.12034834928274821,0.18928459426856684]",0
2.0,18.989999771118164,4.699999809265137,109.0,4.429999828338623,"[4.429999828338623,4.699999809265137,109.0,18.989999771118164]","[1.6147391851580293,33.57416015366229,0.7716452983423266,1.2021787258767256]",0
2.0,2.990000009536743,4.400000095367432,22.0,4.980000019073486,"[4.980000019073486,4.400000095367432,22.0,2.990000009536743]","[1.8152147820514584,31.431130611278277,0.15574492260120354,0.18928459426856684]",0
0.0,24.290000915527344,4.800000190734863,232.0,6.860000133514404,"[6.860000133514404,4.800000190734863,232.0,24.290000915527344]","[2.500476626413156,34.288506740713935,1.6424010019763284,1.5376999844194184]",1
2.0,18.989999771118164,4.699999809265137,71.0,4.429999828338623,"[4.429999828338623,4.699999809265137,71.0,18.989999771118164]","[1.6147391851580293,33.57416015366229,0.502631341122066,1.2021787258767256]",0
2.0,2.990000009536743,4.300000190734863,7.0,4.980000019073486,"[4.980000019073486,4.300000190734863,7.0,2.990000009536743]","[1.8152147820514584,30.716787430483606,0.049555202645837494,0.18928459426856684]",0
2.0,18.989999771118164,4.599999904632568,82.0,4.429999828338623,"[4.429999828338623,4.599999904632568,82.0,18.989999771118164]","[1.6147391851580293,32.85981697286762,0.5805038024226677,1.2021787258767256]",0
1.0,2.5899999141693115,4.599999904632568,27.0,14.680000305175781,"[14.680000305175781,4.599999904632568,27.0,2.5899999141693115]","[5.3508741872319625,32.85981697286762,0.1911414959196589,0.16396223456371084]",2
4.0,28.09000015258789,4.599999904632568,118.0,7.0,"[7.0,4.599999904632568,118.0,28.09000015258789]","[2.551506711986763,32.85981697286762,0.8353591303155463,1.7782622959624579]",0
0.0,17.489999771118164,4.800000190734863,149.0,6.900000095367432,"[6.900000095367432,4.800000190734863,149.0,17.489999771118164]","[2.515056650862758,34.288506740713935,1.0548178848899694,1.107219899623464]",0
